debs_symbol,yahoo_ticker,exchange,status,shortName,longName,sector,industry,country,city,currency,quoteType,marketCap,fullTimeEmployees,website,isin_yf
157484.ETR,157484.DE,ETR,no_data,,,,,,,,,,,,
120471.ETR,120471.DE,ETR,no_data,,,,,,,,,,,,
252092.ETR,252092.DE,ETR,no_data,,,,,,,,,,,,
126215.ETR,126215.DE,ETR,no_data,,,,,,,,,,,,
164456.ETR,164456.DE,ETR,no_data,,,,,,,,,,,,
200417.ETR,200417.DE,ETR,no_data,,,,,,,,,,,,
120470.ETR,120470.DE,ETR,no_data,,,,,,,,,,,,
121806.ETR,121806.DE,ETR,no_data,,,,,,,,,,,,
120071.ETR,120071.DE,ETR,no_data,,,,,,,,,,,,
260555.ETR,260555.DE,ETR,no_data,,,,,,,,,,,,
2AMZ.NL,2AMZ.AS,NL,ok,Leverage Shares 2x Amazon ETP S,Leverage Shares 2x Amazon ETP Securities,,,,,EUR,ETF,,,,
2AAP.NL,2AAP.AS,NL,ok,Leverage Shares 2x Apple ETP Se,Leverage Shares 2x Apple ETP Scs,,,,,EUR,ETF,,,,
2BAB.NL,2BAB.AS,NL,ok,Leverage Shares 2x Alibaba ETP ,Leverage Shares 2x Alibaba ETP Scs,,,,,EUR,ETF,,,,
2CRSI.FR,2CRSI.PA,FR,no_data,,,,,,,,NONE,,,,
2FB.NL,2FB.AS,NL,ok,Leverage Shares 2x Facebook ETP,Leverage Shares 2x Facebook ETP Securities,,,,,EUR,ETF,,,,
2AMD.NL,2AMD.AS,NL,ok,Leverage Shares 2x Advanced Mic,Leverage Shares 2x Advanced Micro Devices ETC,,,,,EUR,ETF,,,,
2CRM.NL,2CRM.AS,NL,ok,Leverage Shares 2x Salesforce.c,Leverage Shrs 2x Salesforce.com ETP Securities,,,,,EUR,ETF,,,,
2CIT.NL,2CIT.AS,NL,ok,Leverage Shares 2x Citigroup ET,Leverage Shares 2x Citigroup ETP Securities,,,,,EUR,ETF,,,,
2MU.NL,2MU.AS,NL,ok,Leverage Shares 2x Micron Techn,Leverage Shares 2x Micron Tech ETP Scs,,,,,EUR,ETF,,,,
2MSF.NL,2MSF.AS,NL,ok,Leverage Shares 2x Microsoft ET,Leverage Shares 2x Microsoft ETP Securities,,,,,EUR,ETF,,,,
2GS.NL,2GS.AS,NL,ok,Leverage Shares 2x Goldman Sach,Leverage Shares 2x Goldman Sachs ETP Securities,,,,,EUR,ETF,,,,
2GOO.NL,2GOO.AS,NL,ok,Leverage Shares 2x Alphabet ETP,Leverage Shares 2x Alphabet ETP Securities,,,,,EUR,ETF,,,,
2JPM.NL,2JPM.AS,NL,ok,Leverage Shares 2x JPMorgan ETP,Leverage Shares 2x JPMorgan ETP Securities,,,,,EUR,ETF,,,,
2MX.FR,2MX.PA,FR,no_data,,,,,,,,NONE,,,,
2NVD.NL,2NVD.AS,NL,ok,Leverage Shares 2x NVIDIA ETP S,Leverage Shares 2x NVIDIA ETP Securities,,,,,EUR,ETF,,,,
2NFL.NL,2NFL.AS,NL,ok,Leverage Shares 2x Netflix ETP ,Leverage Shares 2x Netflix ETP Securities,,,,,EUR,ETF,,,,
2MXBS.FR,2MXBS.PA,FR,no_data,,,,,,,,,,,,
2TSL.NL,2TSL.AS,NL,ok,Leverage Shares 2x Tesla ETP Se,Leverage Shares 2x Tesla ETP Scs,,,,,EUR,ETF,,,,
2TWT.NL,2TWT.AS,NL,ok,Leverage Shares 2x Twitter ETP ,Leverage Shares 2x Twitter ETC,,,,,EUR,ETF,,,,
2STS.NL,2STS.AS,NL,ok,Leverage Shares -2x Short Tesla,Leverage Shares -2x Short Tesla ETP Securities,,,,,EUR,EQUITY,,,,
2VIS.NL,2VIS.AS,NL,ok,Leverage Shares 2x Visa ETP Sec,Leverage Shares 2x Visa ETP Securities,,,,,EUR,ETF,,,,
2UBR.NL,2UBR.AS,NL,ok,Leverage Shares 2x Uber ETP Sec,Leverage Shares 2x Uber ETP Scs,,,,,EUR,ETF,,,,
3BA.NL,3BA.AS,NL,no_data,,,,,,,,NONE,,,,
3AMZ.NL,3AMZ.AS,NL,ok,Leverage Shares 3x Amazon ETP S,Leverage Shares 3x Amazon ETC,,,,,EUR,ETF,,,,
3AAP.NL,3AAP.AS,NL,ok,Leverage Shares 3x Apple ETP Se,Leverage Shares 3x Apple ETP Scs,,,,,EUR,ETF,,,,
3BAC.NL,3BAC.AS,NL,no_data,,,,,,,,NONE,,,,
3BP.NL,3BP.AS,NL,ok,Leverage Shares 3x BP ETP Secur,Leverage Shares 3x BP ETP Securities,,,,,EUR,EQUITY,,,,
357818.ETR,357818.DE,ETR,no_data,,,,,,,,,,,,
3HSB.NL,3HSB.AS,NL,no_data,,,,,,,,NONE,,,,
3FB.NL,3FB.AS,NL,ok,Leverage Shares 3x Facebook ETP,Leverage Shares 3x Facebook ETP Scs,,,,,EUR,ETF,,,,
3CRM.NL,3CRM.AS,NL,ok,Leverage Shares 3x Salesforce.C,Leverage Shrs 3x Salesforce.Com ETP Scs,,,,,EUR,ETF,,,,
3GOO.NL,3GOO.AS,NL,ok,Leverage Shares 3x Alphabet ETP,Leverage Shares 3x Alphabet ETP Scs,,,,,EUR,ETF,,,,
3MSF.NL,3MSF.AS,NL,ok,Leverage Shares 3x Microsoft ET,Leverage Shares 3x Microsoft ETC,,,,,EUR,ETF,,,,
3NFL.NL,3NFL.AS,NL,ok,Leverage Shares 3x Netflix ETP ,Leverage Shares 3x Netflix ETC,,,,,EUR,EQUITY,,,,
3RDS.NL,3RDS.AS,NL,no_data,,,,,,,,NONE,,,,
3PYP.NL,3PYP.AS,NL,ok,Leverage Shares 3x PayPal ETP S,Leverage Shares 3x PayPal ETP Securities,,,,,EUR,EQUITY,,,,
3SHP.NL,3SHP.AS,NL,ok,Leverage Shares 3x Shopify ETP ,,,,,,EUR,ETF,,,,
3SQ.NL,3SQ.AS,NL,ok,Leverage Shares 3x Square ETP S,Leverage Shares 3x Square ETP Securities,,,,,EUR,EQUITY,,,,
3NVD.NL,3NVD.AS,NL,ok,Leverage Shares 3x NVIDIA ETP S,Leverage Shares 3x NVIDIA ETC,,,,,EUR,ETF,,,,
3TSL.NL,3TSL.AS,NL,ok,Leverage Shares 3x Tesla ETP Se,Leverage Shares 3x Tesla ETP Securities,,,,,EUR,EQUITY,,,,
3VOD.NL,3VOD.AS,NL,no_data,,,,,,,,NONE,,,,
3ZM.NL,3ZM.AS,NL,ok,Leverage Shares 3x Zoom ETP Sec,,,,,,EUR,ETF,,,,
500800.ETR,500800.DE,ETR,no_data,,,,,,,,,,,,
501451.ETR,501451.DE,ETR,no_data,,,,,,,,,,,,
508810.ETR,508810.DE,ETR,no_data,,,,,,,,,,,,
502665.ETR,502665.DE,ETR,no_data,,,,,,,,,,,,
509310.ETR,509310.DE,ETR,no_data,,,,,,,,,,,,
502391.ETR,502391.DE,ETR,no_data,,,,,,,,,,,,
508903.ETR,508903.DE,ETR,no_data,,,,,,,,,,,,
510200.ETR,510200.DE,ETR,no_data,,,,,,,,,,,,
510440.ETR,510440.DE,ETR,no_data,,,,,,,,,,,,
510300.ETR,510300.DE,ETR,no_data,,,,,,,,,,,,
511170.ETR,511170.DE,ETR,no_data,,,,,,,,,,,,
510480.ETR,510480.DE,ETR,no_data,,,,,,,,,,,,
515600.ETR,515600.DE,ETR,no_data,,,,,,,,,,,,
511880.ETR,511880.DE,ETR,no_data,,,,,,,,,,,,
513700.ETR,513700.DE,ETR,no_data,,,,,,,,,,,,
514680.ETR,514680.DE,ETR,no_data,,,,,,,,,,,,
511000.ETR,511000.DE,ETR,no_data,,,,,,,,,,,,
515623.ETR,515623.DE,ETR,no_data,,,,,,,,,,,,
514000.ETR,514000.DE,ETR,no_data,,,,,,,,,,,,
516790.ETR,516790.DE,ETR,no_data,,,,,,,,,,,,
515870.ETR,515870.DE,ETR,no_data,,,,,,,,,,,,
517800.ETR,517800.DE,ETR,no_data,,,,,,,,,,,,
515710.ETR,515710.DE,ETR,no_data,,,,,,,,,,,,
516810.ETR,516810.DE,ETR,no_data,,,,,,,,,,,,
518160.ETR,518160.DE,ETR,no_data,,,,,,,,,,,,
519000.ETR,519000.DE,ETR,no_data,,,,,,,,,,,,
517690.ETR,517690.DE,ETR,no_data,,,,,,,,,,,,
519003.ETR,519003.DE,ETR,no_data,,,,,,,,,,,,
519406.ETR,519406.DE,ETR,no_data,,,,,,,,,,,,
519400.ETR,519400.DE,ETR,no_data,,,,,,,,,,,,
520230.ETR,520230.DE,ETR,no_data,,,,,,,,,,,,
520160.ETR,520160.DE,ETR,no_data,,,,,,,,,,,,
519990.ETR,519990.DE,ETR,no_data,,,,,,,,,,,,
521830.ETR,521830.DE,ETR,no_data,,,,,,,,,,,,
520000.ETR,520000.DE,ETR,no_data,,,,,,,,,,,,
520394.ETR,520394.DE,ETR,no_data,,,,,,,,,,,,
522000.ETR,522000.DE,ETR,no_data,,,,,,,,,,,,
520958.ETR,520958.DE,ETR,no_data,,,,,,,,,,,,
522090.ETR,522090.DE,ETR,no_data,,,,,,,,,,,,
522723.ETR,522723.DE,ETR,no_data,,,,,,,,,,,,
522877.ETR,522877.DE,ETR,no_data,,,,,,,,,,,,
522720.ETR,522720.DE,ETR,no_data,,,,,,,,,,,,
522950.ETR,522950.DE,ETR,no_data,,,,,,,,,,,,
523280.ETR,523280.DE,ETR,no_data,,,,,,,,,,,,
529498.ETR,529498.DE,ETR,no_data,,,,,,,,,,,,
531350.ETR,531350.DE,ETR,no_data,,,,,,,,,,,,
540710.ETR,540710.DE,ETR,no_data,,,,,,,,,,,,
531370.ETR,531370.DE,ETR,no_data,,,,,,,,,,,,
540390.ETR,540390.DE,ETR,no_data,,,,,,,,,,,,
540811.ETR,540811.DE,ETR,no_data,,,,,,,,,,,,
540888.ETR,540888.DE,ETR,no_data,,,,,,,,,,,,
540868.ETR,540868.DE,ETR,no_data,,,,,,,,,,,,
540740.ETR,540740.DE,ETR,no_data,,,,,,,,,,,,
541561.ETR,541561.DE,ETR,no_data,,,,,,,,,,,,
541867.ETR,541867.DE,ETR,no_data,,,,,,,,,,,,
543900.ETR,543900.DE,ETR,no_data,,,,,,,,,,,,
547030.ETR,547030.DE,ETR,no_data,,,,,,,,,,,,
549227.ETR,549227.DE,ETR,no_data,,,,,,,,,,,,
547040.ETR,547040.DE,ETR,no_data,,,,,,,,,,,,
541910.ETR,541910.DE,ETR,no_data,,,,,,,,,,,,
549309.ETR,549309.DE,ETR,no_data,,,,,,,,,,,,
547930.ETR,547930.DE,ETR,no_data,,,,,,,,,,,,
548956.ETR,548956.DE,ETR,no_data,,,,,,,,,,,,
549293.ETR,549293.DE,ETR,no_data,,,,,,,,,,,,
549336.ETR,549336.DE,ETR,no_data,,,,,,,,,,,,
549532.ETR,549532.DE,ETR,no_data,,,,,,,,,,,,
549890.ETR,549890.DE,ETR,no_data,,,,,,,,,,,,
549562.ETR,549562.DE,ETR,no_data,,,,,,,,,,,,
552484.ETR,552484.DE,ETR,no_data,,,,,,,,,,,,
549416.ETR,549416.DE,ETR,no_data,,,,,,,,,,,,
553860.ETR,553860.DE,ETR,no_data,,,,,,,,,,,,
553340.ETR,553340.DE,ETR,no_data,,,,,,,,,,,,
554550.ETR,554550.DE,ETR,no_data,,,,,,,,,,,,
555060.ETR,555060.DE,ETR,no_data,,,,,,,,,,,,
555063.ETR,555063.DE,ETR,no_data,,,,,,,,,,,,
555750.ETR,555750.DE,ETR,no_data,,,,,,,,,,,,
555200.ETR,555200.DE,ETR,no_data,,,,,,,,,,,,
555869.ETR,555869.DE,ETR,no_data,,,,,,,,,,,,
557080.ETR,557080.DE,ETR,no_data,,,,,,,,,,,,
564950.ETR,564950.DE,ETR,no_data,,,,,,,,,,,,
558000.ETR,558000.DE,ETR,no_data,,,,,,,,,,,,
556520.ETR,556520.DE,ETR,no_data,,,,,,,,,,,,
565493.ETR,565493.DE,ETR,no_data,,,,,,,,,,,,
565970.ETR,565970.DE,ETR,no_data,,,,,,,,,,,,
575302.ETR,575302.DE,ETR,no_data,,,,,,,,,,,,
566480.ETR,566480.DE,ETR,no_data,,,,,,,,,,,,
575198.ETR,575198.DE,ETR,no_data,,,,,,,,,,,,
575440.ETR,575440.DE,ETR,no_data,,,,,,,,,,,,
575980.ETR,575980.DE,ETR,no_data,,,,,,,,,,,,
577220.ETR,577220.DE,ETR,no_data,,,,,,,,,,,,
567710.ETR,567710.DE,ETR,no_data,,,,,,,,,,,,
576002.ETR,576002.DE,ETR,no_data,,,,,,,,,,,,
576550.ETR,576550.DE,ETR,no_data,,,,,,,,,,,,
577330.ETR,577330.DE,ETR,no_data,,,,,,,,,,,,
577410.ETR,577410.DE,ETR,no_data,,,,,,,,,,,,
577580.ETR,577580.DE,ETR,no_data,,,,,,,,,,,,
578580.ETR,578580.DE,ETR,no_data,,,,,,,,,,,,
580060.ETR,580060.DE,ETR,no_data,,,,,,,,,,,,
578560.ETR,578560.DE,ETR,no_data,,,,,,,,,,,,
581005.ETR,581005.DE,ETR,no_data,,,,,,,,,,,,
585434.ETR,585434.DE,ETR,no_data,,,,,,,,,,,,
587484.ETR,587484.DE,ETR,no_data,,,,,,,,,,,,
585969.ETR,585969.DE,ETR,no_data,,,,,,,,,,,,
587800.ETR,587800.DE,ETR,no_data,,,,,,,,,,,,
585518.ETR,585518.DE,ETR,no_data,,,,,,,,,,,,
590375.ETR,590375.DE,ETR,no_data,,,,,,,,,,,,
588811.ETR,588811.DE,ETR,no_data,,,,,,,,,,,,
589540.ETR,589540.DE,ETR,no_data,,,,,,,,,,,,
591068.ETR,591068.DE,ETR,no_data,,,,,,,,,,,,
590900.ETR,590900.DE,ETR,no_data,,,,,,,,,,,,
593612.ETR,593612.DE,ETR,no_data,,,,,,,,,,,,
603111.ETR,603111.DE,ETR,no_data,,,,,,,,,,,,
593273.ETR,593273.DE,ETR,no_data,,,,,,,,,,,,
593700.ETR,593700.DE,ETR,no_data,,,,,,,,,,,,
604270.ETR,604270.DE,ETR,no_data,,,,,,,,,,,,
593703.ETR,593703.DE,ETR,no_data,,,,,,,,,,,,
604700.ETR,604700.DE,ETR,no_data,,,,,,,,,,,,
604611.ETR,604611.DE,ETR,no_data,,,,,,,,,,,,
604400.ETR,604400.DE,ETR,no_data,,,,,,,,,,,,
604840.ETR,604840.DE,ETR,no_data,,,,,,,,,,,,
606110.ETR,606110.DE,ETR,no_data,,,,,,,,,,,,
607000.ETR,607000.DE,ETR,no_data,,,,,,,,,,,,
604843.ETR,604843.DE,ETR,no_data,,,,,,,,,,,,
606214.ETR,606214.DE,ETR,no_data,,,,,,,,,,,,
608440.ETR,608440.DE,ETR,no_data,,,,,,,,,,,,
609500.ETR,609500.DE,ETR,no_data,,,,,,,,,,,,
620110.ETR,620110.DE,ETR,no_data,,,,,,,,,,,,
620010.ETR,620010.DE,ETR,no_data,,,,,,,,,,,,
620840.ETR,620840.DE,ETR,no_data,,,,,,,,,,,,
620458.ETR,620458.DE,ETR,no_data,,,,,,,,,,,,
620440.ETR,620440.DE,ETR,no_data,,,,,,,,,,,,
620200.ETR,620200.DE,ETR,no_data,,,,,,,,,,,,
622340.ETR,622340.DE,ETR,no_data,,,,,,,,NONE,,,,
621993.ETR,621993.DE,ETR,no_data,,,,,,,,,,,,
621468.ETR,621468.DE,ETR,no_data,,,,,,,,,,,,
628656.ETR,628656.DE,ETR,no_data,,,,,,,,,,,,
608340.ETR,608340.DE,ETR,no_data,,,,,,,,,,,,
623100.ETR,623100.DE,ETR,no_data,,,,,,,,,,,,
633500.ETR,633500.DE,ETR,no_data,,,,,,,,,,,,
622360.ETR,622360.DE,ETR,no_data,,,,,,,,,,,,
629200.ETR,629200.DE,ETR,no_data,,,,,,,,,,,,
632305.ETR,632305.DE,ETR,no_data,,,,,,,,,,,,
630500.ETR,630500.DE,ETR,no_data,,,,,,,,,,,,
629203.ETR,629203.DE,ETR,no_data,,,,,,,,,,,,
633835.ETR,633835.DE,ETR,no_data,,,,,,,,,,,,
645290.ETR,645290.DE,ETR,no_data,,,,,,,,,,,,
645000.ETR,645000.DE,ETR,no_data,,,,,,,,,,,,
646450.ETR,646450.DE,ETR,no_data,,,,,,,,,,,,
645932.ETR,645932.DE,ETR,no_data,,,,,,,,,,,,
656990.ETR,656990.DE,ETR,no_data,,,,,,,,,,,,
656940.ETR,656940.DE,ETR,no_data,,,,,,,,,,,,
657710.ETR,657710.DE,ETR,no_data,,,,,,,,,,,,
659510.ETR,659510.DE,ETR,no_data,,,,,,,,,,,,
658080.ETR,658080.DE,ETR,no_data,,,,,,,,,,,,
657800.ETR,657800.DE,ETR,no_data,,,,,,,,,,,,
660200.ETR,660200.DE,ETR,no_data,,,,,,,,,,,,
659990.ETR,659990.DE,ETR,no_data,,,,,,,,,,,,
660500.ETR,660500.DE,ETR,no_data,,,,,,,,,,,,
662720.ETR,662720.DE,ETR,no_data,,,,,,,,,,,,
661830.ETR,661830.DE,ETR,no_data,,,,,,,,,,,,
662541.ETR,662541.DE,ETR,no_data,,,,,,,,,,,,
663200.ETR,663200.DE,ETR,no_data,,,,,,,,,,,,
665610.ETR,665610.DE,ETR,no_data,,,,,,,,,,,,
663244.ETR,663244.DE,ETR,no_data,,,,,,,,,,,,
692650.ETR,692650.DE,ETR,no_data,,,,,,,,,,,,
676650.ETR,676650.DE,ETR,no_data,,,,,,,,,,,,
691660.ETR,691660.DE,ETR,no_data,,,,,,,,,,,,
696780.ETR,696780.DE,ETR,no_data,,,,,,,,,,,,
694280.ETR,694280.DE,ETR,no_data,,,,,,,,,,,,
696960.ETR,696960.DE,ETR,no_data,,,,,,,,,,,,
696800.ETR,696800.DE,ETR,no_data,,,,,,,,,,,,
703000.ETR,703000.DE,ETR,no_data,,,,,,,,,,,,
697250.ETR,697250.DE,ETR,no_data,,,,,,,,,,,,
663668.ETR,663668.DE,ETR,no_data,,,,,,,,,,,,
701080.ETR,701080.DE,ETR,no_data,,,,,,,,,,,,
700890.ETR,700890.DE,ETR,no_data,,,,,,,,,,,,
704230.ETR,704230.DE,ETR,no_data,,,,,,,,,,,,
703712.ETR,703712.DE,ETR,no_data,,,,,,,,,,,,
716460.ETR,716460.DE,ETR,no_data,,,,,,,,,,,,
710000.ETR,710000.DE,ETR,no_data,,,,,,,,,,,,
707400.ETR,707400.DE,ETR,no_data,,,,,,,,,,,,
720190.ETR,720190.DE,ETR,no_data,,,,,,,,,,,,
716560.ETR,716560.DE,ETR,no_data,,,,,,,,,,,,
716563.ETR,716563.DE,ETR,no_data,,,,,,,,,,,,
723132.ETR,723132.DE,ETR,no_data,,,,,,,,,,,,
719350.ETR,719350.DE,ETR,no_data,,,,,,,,,,,,
720370.ETR,720370.DE,ETR,no_data,,,,,,,,,,,,
722900.ETR,722900.DE,ETR,no_data,,,,,,,,,,,,
723530.ETR,723530.DE,ETR,no_data,,,,,,,,,,,,
725753.ETR,725753.DE,ETR,no_data,,,,,,,,,,,,
723133.ETR,723133.DE,ETR,no_data,,,,,,,,,,,,
723610.ETR,723610.DE,ETR,no_data,,,,,,,,,,,,
725750.ETR,725750.DE,ETR,no_data,,,,,,,,,,,,
727650.ETR,727650.DE,ETR,no_data,,,,,,,,,,,,
731400.ETR,731400.DE,ETR,no_data,,,,,,,,,,,,
727950.ETR,727950.DE,ETR,no_data,,,,,,,,,,,,
729700.ETR,729700.DE,ETR,no_data,,,,,,,,,,,,
727413.ETR,727413.DE,ETR,no_data,,,,,,,,,,,,
744600.ETR,744600.DE,ETR,no_data,,,,,,,,,,,,
749399.ETR,749399.DE,ETR,no_data,,,,,,,,,,,,
750000.ETR,750000.DE,ETR,no_data,,,,,,,,,,,,
748020.ETR,748020.DE,ETR,no_data,,,,,,,,,,,,
750750.ETR,750750.DE,ETR,no_data,,,,,,,,,,,,
746100.ETR,746100.DE,ETR,no_data,,,,,,,,,,,,
744850.ETR,744850.DE,ETR,no_data,,,,,,,,,,,,
750100.ETR,750100.DE,ETR,no_data,,,,,,,,,,,,
755150.ETR,755150.DE,ETR,no_data,,,,,,,,,,,,
753718.ETR,753718.DE,ETR,no_data,,,,,,,,,,,,
756857.ETR,756857.DE,ETR,no_data,,,,,,,,,,,,
761210.ETR,761210.DE,ETR,no_data,,,,,,,,,,,,
766149.ETR,766149.DE,ETR,no_data,,,,,,,,,,,,
757142.ETR,757142.DE,ETR,no_data,,,,,,,,,,,,
766400.ETR,766400.DE,ETR,no_data,,,,,,,,,,,,
764959.ETR,764959.DE,ETR,no_data,,,,,,,,,,,,
783057.ETR,783057.DE,ETR,no_data,,,,,,,,,,,,
766403.ETR,766403.DE,ETR,no_data,,,,,,,,,,,,
765723.ETR,765723.DE,ETR,no_data,,,,,,,,,,,,
783078.ETR,783078.DE,ETR,no_data,,,,,,,,,,,,
766710.ETR,766710.DE,ETR,no_data,,,,,,,,,,,,
784686.ETR,784686.DE,ETR,no_data,,,,,,,,,,,,
785602.ETR,785602.DE,ETR,no_data,,,,,,,,,,,,
789617.ETR,789617.DE,ETR,no_data,,,,,,,,,,,,
785747.ETR,785747.DE,ETR,no_data,,,,,,,,,,,,
794796.ETR,794796.DE,ETR,no_data,,,,,,,,,,,,
823212.ETR,823212.DE,ETR,no_data,,,,,,,,,,,,
805100.ETR,805100.DE,ETR,no_data,,,,,,,,,,,,
801900.ETR,801900.DE,ETR,no_data,,,,,,,,,,,,
813135.ETR,813135.DE,ETR,no_data,,,,,,,,,,,,
804100.ETR,804100.DE,ETR,no_data,,,,,,,,,,,,
814820.ETR,814820.DE,ETR,no_data,,,,,,,,,,,,
813516.ETR,813516.DE,ETR,no_data,,,,,,,,,,,,
812861.ETR,812861.DE,ETR,no_data,,,,,,,,,,,,
830350.ETR,830350.DE,ETR,no_data,,,,,,,,,,,,
840221.ETR,840221.DE,ETR,no_data,,,,,,,,,,,,
843002.ETR,843002.DE,ETR,no_data,,,,,,,,,,,,
843596.ETR,843596.DE,ETR,no_data,,,,,,,,,,,,
850103.ETR,850103.DE,ETR,no_data,,,,,,,,,,,,
850222.ETR,850222.DE,ETR,no_data,,,,,,,,,,,,
850001.ETR,850001.DE,ETR,no_data,,,,,,,,,,,,
850133.ETR,850133.DE,ETR,no_data,,,,,,,,,,,,
840400.ETR,840400.DE,ETR,no_data,,,,,,,,,,,,
850185.ETR,850185.DE,ETR,no_data,,,,,,,,,,,,
850226.ETR,850226.DE,ETR,no_data,,,,,,,,,,,,
850312.ETR,850312.DE,ETR,no_data,,,,,,,,,,,,
850471.ETR,850471.DE,ETR,no_data,,,,,,,,,,,,
850354.ETR,850354.DE,ETR,no_data,,,,,,,,,,,,
850403.ETR,850403.DE,ETR,no_data,,,,,,,,,,,,
850517.ETR,850517.DE,ETR,no_data,,,,,,,,,,,,
850347.ETR,850347.DE,ETR,no_data,,,,,,,,,,,,
850501.ETR,850501.DE,ETR,no_data,,,,,,,,,,,,
850605.ETR,850605.DE,ETR,no_data,,,,,,,,,,,,
850628.ETR,850628.DE,ETR,no_data,,,,,,,,,,,,
850598.ETR,850598.DE,ETR,no_data,,,,,,,,,,,,
850561.ETR,850561.DE,ETR,no_data,,,,,,,,,,,,
850663.ETR,850663.DE,ETR,no_data,,,,,,,,,,,,
850727.ETR,850727.DE,ETR,no_data,,,,,,,,,,,,
850775.ETR,850775.DE,ETR,no_data,,,,,,,,,,,,
850866.ETR,850866.DE,ETR,no_data,,,,,,,,,,,,
850795.ETR,850795.DE,ETR,no_data,,,,,,,,,,,,
850667.ETR,850667.DE,ETR,no_data,,,,,,,,,,,,
850808.ETR,850808.DE,ETR,no_data,,,,,,,,,,,,
851143.ETR,851143.DE,ETR,no_data,,,,,,,,,,,,
851194.ETR,851194.DE,ETR,no_data,,,,,,,,,,,,
850875.ETR,850875.DE,ETR,no_data,,,,,,,,,,,,
850981.ETR,850981.DE,ETR,no_data,,,,,,,,,,,,
851247.ETR,851247.DE,ETR,no_data,,,,,,,,,,,,
851223.ETR,851223.DE,ETR,no_data,,,,,,,,,,,,
851204.ETR,851204.DE,ETR,no_data,,,,,,,,,,,,
851297.ETR,851297.DE,ETR,no_data,,,,,,,,,,,,
851704.ETR,851704.DE,ETR,no_data,,,,,,,,,,,,
851544.ETR,851544.DE,ETR,no_data,,,,,,,,,,,,
851413.ETR,851413.DE,ETR,no_data,,,,,,,,,,,,
851399.ETR,851399.DE,ETR,no_data,,,,,,,,,,,,
851915.ETR,851915.DE,ETR,no_data,,,,,,,,,,,,
851745.ETR,851745.DE,ETR,no_data,,,,,,,,,,,,
851781.ETR,851781.DE,ETR,no_data,,,,,,,,,,,,
851962.ETR,851962.DE,ETR,no_data,,,,,,,,,,,,
851936.ETR,851936.DE,ETR,no_data,,,,,,,,,,,,
852009.ETR,852009.DE,ETR,no_data,,,,,,,,,,,,
851921.ETR,851921.DE,ETR,no_data,,,,,,,,,,,,
852011.ETR,852011.DE,ETR,no_data,,,,,,,,,,,,
851995.ETR,851995.DE,ETR,no_data,,,,,,,,,,,,
852026.ETR,852026.DE,ETR,no_data,,,,,,,,,,,,
852062.ETR,852062.DE,ETR,no_data,,,,,,,,,,,,
852147.ETR,852147.DE,ETR,no_data,,,,,,,,,,,,
852362.ETR,852362.DE,ETR,no_data,,,,,,,,,,,,
852523.ETR,852523.DE,ETR,no_data,,,,,,,,,,,,
852654.ETR,852654.DE,ETR,no_data,,,,,,,,,,,,
852069.ETR,852069.DE,ETR,no_data,,,,,,,,,,,,
852549.ETR,852549.DE,ETR,no_data,,,,,,,,,,,,
852070.ETR,852070.DE,ETR,no_data,,,,,,,,,,,,
852552.ETR,852552.DE,ETR,no_data,,,,,,,,,,,,
852927.ETR,852927.DE,ETR,no_data,,,,,,,,,,,,
852789.ETR,852789.DE,ETR,no_data,,,,,,,,,,,,
852894.ETR,852894.DE,ETR,no_data,,,,,,,,,,,,
853260.ETR,853260.DE,ETR,no_data,,,,,,,,,,,,
853121.ETR,853121.DE,ETR,no_data,,,,,,,,,,,,
853265.ETR,853265.DE,ETR,no_data,,,,,,,,,,,,
853707.ETR,853707.DE,ETR,no_data,,,,,,,,,,,,
853292.ETR,853292.DE,ETR,no_data,,,,,,,,,,,,
853081.ETR,853081.DE,ETR,no_data,,,,,,,,,,,,
853373.ETR,853373.DE,ETR,no_data,,,,,,,,,,,,
853815.ETR,853815.DE,ETR,no_data,,,,,,,,,,,,
853823.ETR,853823.DE,ETR,no_data,,,,,,,,,,,,
853881.ETR,853881.DE,ETR,no_data,,,,,,,,,,,,
853862.ETR,853862.DE,ETR,no_data,,,,,,,,,,,,
853887.ETR,853887.DE,ETR,no_data,,,,,,,,,,,,
853888.ETR,853888.DE,ETR,no_data,,,,,,,,,,,,
853986.ETR,853986.DE,ETR,no_data,,,,,,,,,,,,
854075.ETR,854075.DE,ETR,no_data,,,,,,,,,,,,
854566.ETR,854566.DE,ETR,no_data,,,,,,,,,,,,
853915.ETR,853915.DE,ETR,no_data,,,,,,,,,,,,
854013.ETR,854013.DE,ETR,no_data,,,,,,,,,,,,
854545.ETR,854545.DE,ETR,no_data,,,,,,,,,,,,
854161.ETR,854161.DE,ETR,no_data,,,,,,,,,,,,
855178.ETR,855178.DE,ETR,no_data,,,,,,,,,,,,
854618.ETR,854618.DE,ETR,no_data,,,,,,,,,,,,
854693.ETR,854693.DE,ETR,no_data,,,,,,,,,,,,
854912.ETR,854912.DE,ETR,no_data,,,,,,,,,,,,
854854.ETR,854854.DE,ETR,no_data,,,,,,,,,,,,
855009.ETR,855009.DE,ETR,no_data,,,,,,,,,,,,
855225.ETR,855225.DE,ETR,no_data,,,,,,,,,,,,
855705.ETR,855705.DE,ETR,no_data,,,,,,,,,,,,
855451.ETR,855451.DE,ETR,no_data,,,,,,,,,,,,
855786.ETR,855786.DE,ETR,no_data,,,,,,,,,,,,
855853.ETR,855853.DE,ETR,no_data,,,,,,,,,,,,
856243.ETR,856243.DE,ETR,no_data,,,,,,,,,,,,
855950.ETR,855950.DE,ETR,no_data,,,,,,,,,,,,
855686.ETR,855686.DE,ETR,no_data,,,,,,,,,,,,
855681.ETR,855681.DE,ETR,no_data,,,,,,,,,,,,
856050.ETR,856050.DE,ETR,no_data,,,,,,,,,,,,
856331.ETR,856331.DE,ETR,no_data,,,,,,,,,,,,
856244.ETR,856244.DE,ETR,no_data,,,,,,,,,,,,
857621.ETR,857621.DE,ETR,no_data,,,,,,,,,,,,
857498.ETR,857498.DE,ETR,no_data,,,,,,,,,,,,
857463.ETR,857463.DE,ETR,no_data,,,,,,,,,,,,
857209.ETR,857209.DE,ETR,no_data,,,,,,,,,,,,
856958.ETR,856958.DE,ETR,no_data,,,,,,,,,,,,
856678.ETR,856678.DE,ETR,no_data,,,,,,,,,,,,
856632.ETR,856632.DE,ETR,no_data,,,,,,,,,,,,
857760.ETR,857760.DE,ETR,no_data,,,,,,,,,,,,
857675.ETR,857675.DE,ETR,no_data,,,,,,,,,,,,
857949.ETR,857949.DE,ETR,no_data,,,,,,,,,,,,
858388.ETR,858388.DE,ETR,no_data,,,,,,,,,,,,
858560.ETR,858560.DE,ETR,no_data,,,,,,,,,,,,
858415.ETR,858415.DE,ETR,no_data,,,,,,,,,,,,
858144.ETR,858144.DE,ETR,no_data,,,,,,,,,,,,
858266.ETR,858266.DE,ETR,no_data,,,,,,,,,,,,
858406.ETR,858406.DE,ETR,no_data,,,,,,,,,,,,
859034.ETR,859034.DE,ETR,no_data,,,,,,,,,,,,
858872.ETR,858872.DE,ETR,no_data,,,,,,,,,,,,
859121.ETR,859121.DE,ETR,no_data,,,,,,,,,,,,
860180.ETR,860180.DE,ETR,no_data,,,,,,,,,,,,
859892.ETR,859892.DE,ETR,no_data,,,,,,,,,,,,
861114.ETR,861114.DE,ETR,no_data,,,,,,,,,,,,
861149.ETR,861149.DE,ETR,no_data,,,,,,,,,,,,
860408.ETR,860408.DE,ETR,no_data,,,,,,,,,,,,
861219.ETR,861219.DE,ETR,no_data,,,,,,,,,,,,
859888.ETR,859888.DE,ETR,no_data,,,,,,,,,,,,
860853.ETR,860853.DE,ETR,no_data,,,,,,,,,,,,
862837.ETR,862837.DE,ETR,no_data,,,,,,,,,,,,
862485.ETR,862485.DE,ETR,no_data,,,,,,,,,,,,
863186.ETR,863186.DE,ETR,no_data,,,,,,,,,,,,
863060.ETR,863060.DE,ETR,no_data,,,,,,,,,,,,
863582.ETR,863582.DE,ETR,no_data,,,,,,,,,,,,
864330.ETR,864330.DE,ETR,no_data,,,,,,,,,,,,
864371.ETR,864371.DE,ETR,no_data,,,,,,,,,,,,
863533.ETR,863533.DE,ETR,no_data,,,,,,,,,,,,
864777.ETR,864777.DE,ETR,no_data,,,,,,,,,,,,
865177.ETR,865177.DE,ETR,no_data,,,,,,,,,,,,
865985.ETR,865985.DE,ETR,no_data,,,,,,,,,,,,
866131.ETR,866131.DE,ETR,no_data,,,,,,,,,,,,
864952.ETR,864952.DE,ETR,no_data,,,,,,,,,,,,
865406.ETR,865406.DE,ETR,no_data,,,,,,,,,,,,
865857.ETR,865857.DE,ETR,no_data,,,,,,,,,,,,
865884.ETR,865884.DE,ETR,no_data,,,,,,,,,,,,
867028.ETR,867028.DE,ETR,no_data,,,,,,,,,,,,
867475.ETR,867475.DE,ETR,no_data,,,,,,,,,,,,
866197.ETR,866197.DE,ETR,no_data,,,,,,,,,,,,
866671.ETR,866671.DE,ETR,no_data,,,,,,,,,,,,
866993.ETR,866993.DE,ETR,no_data,,,,,,,,,,,,
866953.ETR,866953.DE,ETR,no_data,,,,,,,,,,,,
867622.ETR,867622.DE,ETR,no_data,,,,,,,,,,,,
867679.ETR,867679.DE,ETR,no_data,,,,,,,,,,,,
868284.ETR,868284.DE,ETR,no_data,,,,,,,,,,,,
867900.ETR,867900.DE,ETR,no_data,,,,,,,,,,,,
868746.ETR,868746.DE,ETR,no_data,,,,,,,,,,,,
868402.ETR,868402.DE,ETR,no_data,,,,,,,,,,,,
869020.ETR,869020.DE,ETR,no_data,,,,,,,,,,,,
868891.ETR,868891.DE,ETR,no_data,,,,,,,,,,,,
869964.ETR,869964.DE,ETR,no_data,,,,,,,,,,,,
869686.ETR,869686.DE,ETR,no_data,,,,,,,,,,,,
869561.ETR,869561.DE,ETR,no_data,,,,,,,,,,,,
869353.ETR,869353.DE,ETR,no_data,,,,,,,,,,,,
870053.ETR,870053.DE,ETR,no_data,,,,,,,,,,,,
870153.ETR,870153.DE,ETR,no_data,,,,,,,,,,,,
870315.ETR,870315.DE,ETR,no_data,,,,,,,,,,,,
870625.ETR,870625.DE,ETR,no_data,,,,,,,,,,,,
870737.ETR,870737.DE,ETR,no_data,,,,,,,,,,,,
870450.ETR,870450.DE,ETR,no_data,,,,,,,,,,,,
870967.ETR,870967.DE,ETR,no_data,,,,,,,,,,,,
871004.ETR,871004.DE,ETR,no_data,,,,,,,,,,,,
871394.ETR,871394.DE,ETR,no_data,,,,,,,,,,,,
870747.ETR,870747.DE,ETR,no_data,,,,,,,,,,,,
871784.ETR,871784.DE,ETR,no_data,,,,,,,,,,,,
871706.ETR,871706.DE,ETR,no_data,,,,,,,,,,,,
871460.ETR,871460.DE,ETR,no_data,,,,,,,,,,,,
871918.ETR,871918.DE,ETR,no_data,,,,,,,,,,,,
871981.ETR,871981.DE,ETR,no_data,,,,,,,,,,,,
874171.ETR,874171.DE,ETR,no_data,,,,,,,,,,,,
872087.ETR,872087.DE,ETR,no_data,,,,,,,,,,,,
873131.ETR,873131.DE,ETR,no_data,,,,,,,,,,,,
872318.ETR,872318.DE,ETR,no_data,,,,,,,,,,,,
873567.ETR,873567.DE,ETR,no_data,,,,,,,,,,,,
875272.ETR,875272.DE,ETR,no_data,,,,,,,,,,,,
873403.ETR,873403.DE,ETR,no_data,,,,,,,,,,,,
876845.ETR,876845.DE,ETR,no_data,,,,,,,,,,,,
874341.ETR,874341.DE,ETR,no_data,,,,,,,,,,,,
875773.ETR,875773.DE,ETR,no_data,,,,,,,,,,,,
876872.ETR,876872.DE,ETR,no_data,,,,,,,,,,,,
877738.ETR,877738.DE,ETR,no_data,,,,,,,,,,,,
880135.ETR,880135.DE,ETR,no_data,,,,,,,,,,,,
878279.ETR,878279.DE,ETR,no_data,,,,,,,,,,,,
878613.ETR,878613.DE,ETR,no_data,,,,,,,,,,,,
877961.ETR,877961.DE,ETR,no_data,,,,,,,,,,,,
878372.ETR,878372.DE,ETR,no_data,,,,,,,,,,,,
879100.ETR,879100.DE,ETR,no_data,,,,,,,,,,,,
878841.ETR,878841.DE,ETR,no_data,,,,,,,,,,,,
880205.ETR,880205.DE,ETR,no_data,,,,,,,,,,,,
881535.ETR,881535.DE,ETR,no_data,,,,,,,,,,,,
881793.ETR,881793.DE,ETR,no_data,,,,,,,,,,,,
882578.ETR,882578.DE,ETR,no_data,,,,,,,,,,,,
880883.ETR,880883.DE,ETR,no_data,,,,,,,,,,,,
881646.ETR,881646.DE,ETR,no_data,,,,,,,,,,,,
881905.ETR,881905.DE,ETR,no_data,,,,,,,,,,,,
883121.ETR,883121.DE,ETR,no_data,,,,,,,,,,,,
882749.ETR,882749.DE,ETR,no_data,,,,,,,,,,,,
882177.ETR,882177.DE,ETR,no_data,,,,,,,,,,,,
882807.ETR,882807.DE,ETR,no_data,,,,,,,,,,,,
883703.ETR,883703.DE,ETR,no_data,,,,,,,,,,,,
884304.ETR,884304.DE,ETR,no_data,,,,,,,,,,,,
885823.ETR,885823.DE,ETR,no_data,,,,,,,,,,,,
884113.ETR,884113.DE,ETR,no_data,,,,,,,,,,,,
886053.ETR,886053.DE,ETR,no_data,,,,,,,,,,,,
885069.ETR,885069.DE,ETR,no_data,,,,,,,,,,,,
885836.ETR,885836.DE,ETR,no_data,,,,,,,,,,,,
884437.ETR,884437.DE,ETR,no_data,,,,,,,,,,,,
886105.ETR,886105.DE,ETR,no_data,,,,,,,,,,,,
886429.ETR,886429.DE,ETR,no_data,,,,,,,,,,,,
886455.ETR,886455.DE,ETR,no_data,,,,,,,,,,,,
886670.ETR,886670.DE,ETR,no_data,,,,,,,,,,,,
887771.ETR,887771.DE,ETR,no_data,,,,,,,,,,,,
887891.ETR,887891.DE,ETR,no_data,,,,,,,,,,,,
888210.ETR,888210.DE,ETR,no_data,,,,,,,,,,,,
887629.ETR,887629.DE,ETR,no_data,,,,,,,,,,,,
887320.ETR,887320.DE,ETR,no_data,,,,,,,,,,,,
888024.ETR,888024.DE,ETR,no_data,,,,,,,,,,,,
888346.ETR,888346.DE,ETR,no_data,,,,,,,,,,,,
888282.ETR,888282.DE,ETR,no_data,,,,,,,,,,,,
888903.ETR,888903.DE,ETR,no_data,,,,,,,,,,,,
888351.ETR,888351.DE,ETR,no_data,,,,,,,,,,,,
890167.ETR,890167.DE,ETR,no_data,,,,,,,,,,,,
889290.ETR,889290.DE,ETR,no_data,,,,,,,,,,,,
891466.ETR,891466.DE,ETR,no_data,,,,,,,,,,,,
889826.ETR,889826.DE,ETR,no_data,,,,,,,,,,,,
890963.ETR,890963.DE,ETR,no_data,,,,,,,,,,,,
892502.ETR,892502.DE,ETR,no_data,,,,,,,,,,,,
893579.ETR,893579.DE,ETR,no_data,,,,,,,,,,,,
894298.ETR,894298.DE,ETR,no_data,,,,,,,,,,,,
893413.ETR,893413.DE,ETR,no_data,,,,,,,,,,,,
893113.ETR,893113.DE,ETR,no_data,,,,,,,,,,,,
893438.ETR,893438.DE,ETR,no_data,,,,,,,,,,,,
896022.ETR,896022.DE,ETR,no_data,,,,,,,,,,,,
895738.ETR,895738.DE,ETR,no_data,,,,,,,,,,,,
895250.ETR,895250.DE,ETR,no_data,,,,,,,,,,,,
894648.ETR,894648.DE,ETR,no_data,,,,,,,,,,,,
896040.ETR,896040.DE,ETR,no_data,,,,,,,,,,,,
896007.ETR,896007.DE,ETR,no_data,,,,,,,,,,,,
896476.ETR,896476.DE,ETR,no_data,,,,,,,,,,,,
897200.ETR,897200.DE,ETR,no_data,,,,,,,,,,,,
897518.ETR,897518.DE,ETR,no_data,,,,,,,,,,,,
897791.ETR,897791.DE,ETR,no_data,,,,,,,,,,,,
897961.ETR,897961.DE,ETR,no_data,,,,,,,,,,,,
898521.ETR,898521.DE,ETR,no_data,,,,,,,,,,,,
899676.ETR,899676.DE,ETR,no_data,,,,,,,,,,,,
897933.ETR,897933.DE,ETR,no_data,,,,,,,,,,,,
901492.ETR,901492.DE,ETR,no_data,,,,,,,,,,,,
898407.ETR,898407.DE,ETR,no_data,,,,,,,,,,,,
903276.ETR,903276.DE,ETR,no_data,,,,,,,,,,,,
903978.ETR,903978.DE,ETR,no_data,,,,,,,,,,,,
903000.ETR,903000.DE,ETR,no_data,,,,,,,,,,,,
903016.ETR,903016.DE,ETR,no_data,,,,,,,,,,,,
906849.ETR,906849.DE,ETR,no_data,,,,,,,,,,,,
905249.ETR,905249.DE,ETR,no_data,,,,,,,,,,,,
902388.ETR,902388.DE,ETR,no_data,,,,,,,,,,,,
904533.ETR,904533.DE,ETR,no_data,,,,,,,,,,,,
906866.ETR,906866.DE,ETR,no_data,,,,,,,,,,,,
906870.ETR,906870.DE,ETR,no_data,,,,,,,,,,,,
909190.ETR,909190.DE,ETR,no_data,,,,,,,,,,,,
910509.ETR,910509.DE,ETR,no_data,,,,,,,,,,,,
908668.ETR,908668.DE,ETR,no_data,,,,,,,,,,,,
908683.ETR,908683.DE,ETR,no_data,,,,,,,,,,,,
907466.ETR,907466.DE,ETR,no_data,,,,,,,,,,,,
907391.ETR,907391.DE,ETR,no_data,,,,,,,,,,,,
909943.ETR,909943.DE,ETR,no_data,,,,,,,,,,,,
910553.ETR,910553.DE,ETR,no_data,,,,,,,,,,,,
911090.ETR,911090.DE,ETR,no_data,,,,,,,,,,,,
911060.ETR,911060.DE,ETR,no_data,,,,,,,,,,,,
911443.ETR,911443.DE,ETR,no_data,,,,,,,,,,,,
911535.ETR,911535.DE,ETR,no_data,,,,,,,,,,,,
914076.ETR,914076.DE,ETR,no_data,,,,,,,,,,,,
911563.ETR,911563.DE,ETR,no_data,,,,,,,,,,,,
913070.ETR,913070.DE,ETR,no_data,,,,,,,,,,,,
912029.ETR,912029.DE,ETR,no_data,,,,,,,,,,,,
914508.ETR,914508.DE,ETR,no_data,,,,,,,,,,,,
915272.ETR,915272.DE,ETR,no_data,,,,,,,,,,,,
916018.ETR,916018.DE,ETR,no_data,,,,,,,,,,,,
915266.ETR,915266.DE,ETR,no_data,,,,,,,,,,,,
915210.ETR,915210.DE,ETR,no_data,,,,,,,,,,,,
916529.ETR,916529.DE,ETR,no_data,,,,,,,,,,,,
920657.ETR,920657.DE,ETR,no_data,,,,,,,,,,,,
917523.ETR,917523.DE,ETR,no_data,,,,,,,,,,,,
920299.ETR,920299.DE,ETR,no_data,,,,,,,,,,,,
918422.ETR,918422.DE,ETR,no_data,,,,,,,,,,,,
923889.ETR,923889.DE,ETR,no_data,,,,,,,,,,,,
923893.ETR,923893.DE,ETR,no_data,,,,,,,,,,,,
922985.ETR,922985.DE,ETR,no_data,,,,,,,,,,,,
920332.ETR,920332.DE,ETR,no_data,,,,,,,,,,,,
924801.ETR,924801.DE,ETR,no_data,,,,,,,,,,,,
922977.ETR,922977.DE,ETR,no_data,,,,,,,,,,,,
922230.ETR,922230.DE,ETR,no_data,,,,,,,,,,,,
928193.ETR,928193.DE,ETR,no_data,,,,,,,,,,,,
924838.ETR,924838.DE,ETR,no_data,,,,,,,,,,,,
927079.ETR,927079.DE,ETR,no_data,,,,,,,,,,,,
925345.ETR,925345.DE,ETR,no_data,,,,,,,,,,,,
928624.ETR,928624.DE,ETR,no_data,,,,,,,,,,,,
930124.ETR,930124.DE,ETR,no_data,,,,,,,,,,,,
928906.ETR,928906.DE,ETR,no_data,,,,,,,,,,,,
931083.ETR,931083.DE,ETR,no_data,,,,,,,,,,,,
929198.ETR,929198.DE,ETR,no_data,,,,,,,,,,,,
928900.ETR,928900.DE,ETR,no_data,,,,,,,,,,,,
934623.ETR,934623.DE,ETR,no_data,,,,,,,,,,,,
932798.ETR,932798.DE,ETR,no_data,,,,,,,,,,,,
936386.ETR,936386.DE,ETR,no_data,,,,,,,,,,,,
936718.ETR,936718.DE,ETR,no_data,,,,,,,,,,,,
939391.ETR,939391.DE,ETR,no_data,,,,,,,,,,,,
938914.ETR,938914.DE,ETR,no_data,,,,,,,,,,,,
940883.ETR,940883.DE,ETR,no_data,,,,,,,,,,,,
940561.ETR,940561.DE,ETR,no_data,,,,,,,,,,,,
A0B5Z8.ETR,A0B5Z8.DE,ETR,no_data,,,,,,,,,,,,
A0B57L.ETR,A0B57L.DE,ETR,no_data,,,,,,,,,,,,
940602.ETR,940602.DE,ETR,no_data,,,,,,,,,,,,
940936.ETR,940936.DE,ETR,no_data,,,,,,,,,,,,
936853.ETR,936853.DE,ETR,no_data,,,,,,,,,,,,
A0B6XA.ETR,A0B6XA.DE,ETR,no_data,,,,,,,,,,,,
A0B65S.ETR,A0B65S.DE,ETR,no_data,,,,,,,,,,,,
A0B87V.ETR,A0B87V.DE,ETR,no_data,,,,,,,,,,,,
A0B6VB.ETR,A0B6VB.DE,ETR,no_data,,,,,,,,,,,,
A0B9N3.ETR,A0B9N3.DE,ETR,no_data,,,,,,,,,,,,
A0B8S2.ETR,A0B8S2.DE,ETR,no_data,,,,,,,,,,,,
A0B897.ETR,A0B897.DE,ETR,no_data,,,,,,,,,,,,
A0BVU2.ETR,A0BVU2.DE,ETR,no_data,,,,,,,,,,,,
A0CA0G.ETR,A0CA0G.DE,ETR,no_data,,,,,,,,,,,,
A0BLR4.ETR,A0BLR4.DE,ETR,no_data,,,,,,,,,,,,
A0B9VV.ETR,A0B9VV.DE,ETR,no_data,,,,,,,,,,,,
A0BL84.ETR,A0BL84.DE,ETR,no_data,,,,,,,,,,,,
A0BLMY.ETR,A0BLMY.DE,ETR,no_data,,,,,,,,,,,,
A0D655.ETR,A0D655.DE,ETR,no_data,,,,,,,,,,,,
A0CBCK.ETR,A0CBCK.DE,ETR,no_data,,,,,,,,,,,,
A0D9PT.ETR,A0D9PT.DE,ETR,no_data,,,,,,,,,,,,
A0D9SU.ETR,A0D9SU.DE,ETR,no_data,,,,,,,,,,,,
A0D9U6.ETR,A0D9U6.DE,ETR,no_data,,,,,,,,,,,,
A0D94M.ETR,A0D94M.DE,ETR,no_data,,,,,,,,,,,,
A0D9T1.ETR,A0D9T1.DE,ETR,no_data,,,,,,,,,,,,
A0DK9X.ETR,A0DK9X.DE,ETR,no_data,,,,,,,,,,,,
A0DJ6J.ETR,A0DJ6J.DE,ETR,no_data,,,,,,,,,,,,
A0DNAY.ETR,A0DNAY.DE,ETR,no_data,,,,,,,,,,,,
A0DNCY.ETR,A0DNCY.DE,ETR,no_data,,,,,,,,,,,,
A0DM94.ETR,A0DM94.DE,ETR,no_data,,,,,,,,,,,,
A0ETBQ.ETR,A0ETBQ.DE,ETR,no_data,,,,,,,,,,,,
A0ET46.ETR,A0ET46.DE,ETR,no_data,,,,,,,,,,,,
A0ET4X.ETR,A0ET4X.DE,ETR,no_data,,,,,,,,,,,,
A0ESP5.ETR,A0ESP5.DE,ETR,no_data,,,,,,,,,,,,
A0ER6S.ETR,A0ER6S.DE,ETR,no_data,,,,,,,,,,,,
A0DPTB.ETR,A0DPTB.DE,ETR,no_data,,,,,,,,,,,,
A0DPRE.ETR,A0DPRE.DE,ETR,no_data,,,,,,,,,,,,
A0EQ57.ETR,A0EQ57.DE,ETR,no_data,,,,,,,,,,,,
A0EAT9.ETR,A0EAT9.DE,ETR,no_data,,,,,,,,,,,,
A0ER6Q.ETR,A0ER6Q.DE,ETR,no_data,,,,,,,,,,,,
A0F55S.ETR,A0F55S.DE,ETR,no_data,,,,,,,,,,,,
A0F5CC.ETR,A0F5CC.DE,ETR,no_data,,,,,,,,,,,,
A0F602.ETR,A0F602.DE,ETR,no_data,,,,,,,,,,,,
A0F5UQ.ETR,A0F5UQ.DE,ETR,no_data,,,,,,,,,,,,
A0F7BK.ETR,A0F7BK.DE,ETR,no_data,,,,,,,,,,,,
A0H52F.ETR,A0H52F.DE,ETR,no_data,,,,,,,,,,,,
A0HGDX.ETR,A0HGDX.DE,ETR,no_data,,,,,,,,,,,,
A0HG6A.ETR,A0HG6A.DE,ETR,no_data,,,,,,,,,,,,
A0HGQF.ETR,A0HGQF.DE,ETR,no_data,,,,,,,,,,,,
A0HGF5.ETR,A0HGF5.DE,ETR,no_data,,,,,,,,,,,,
A0G9JK.ETR,A0G9JK.DE,ETR,no_data,,,,,,,,INDEX,,,,
A0H0VZ.ETR,A0H0VZ.DE,ETR,no_data,,,,,,,,,,,,
A0H1FP.ETR,A0H1FP.DE,ETR,no_data,,,,,,,,,,,,
A0HHJR.ETR,A0HHJR.DE,ETR,no_data,,,,,,,,,,,,
A0HL9Z.ETR,A0HL9Z.DE,ETR,no_data,,,,,,,,,,,,
A0HL4V.ETR,A0HL4V.DE,ETR,no_data,,,,,,,,,,,,
A0HL8N.ETR,A0HL8N.DE,ETR,no_data,,,,,,,,,,,,
A0HGQS.ETR,A0HGQS.DE,ETR,no_data,,,,,,,,,,,,
A0HGWX.ETR,A0HGWX.DE,ETR,no_data,,,,,,,,,,,,
A0JC0V.ETR,A0JC0V.DE,ETR,no_data,,,,,,,,,,,,
A0HN5C.ETR,A0HN5C.DE,ETR,no_data,,,,,,,,,,,,
A0HNF9.ETR,A0HNF9.DE,ETR,no_data,,,,,,,,,,,,
A0HNLY.ETR,A0HNLY.DE,ETR,no_data,,,,,,,,,,,,
A0JBPG.ETR,A0JBPG.DE,ETR,no_data,,,,,,,,,,,,
A0JCY1.ETR,A0JCY1.DE,ETR,no_data,,,,,,,,,,,,
A0JDBC.ETR,A0JDBC.DE,ETR,no_data,,,,,,,,,,,,
A0JC8S.ETR,A0JC8S.DE,ETR,no_data,,,,,,,,,,,,
A0JJTG.ETR,A0JJTG.DE,ETR,no_data,,,,,,,,,,,,
A0JEJF.ETR,A0JEJF.DE,ETR,no_data,,,,,,,,,,,,
A0JDRR.ETR,A0JDRR.DE,ETR,no_data,,,,,,,,,,,,
A0JK2A.ETR,A0JK2A.DE,ETR,no_data,,,,,,,,,,,,
A0JKWU.ETR,A0JKWU.DE,ETR,no_data,,,,,,,,,,,,
A0JL9W.ETR,A0JL9W.DE,ETR,no_data,,,,,,,,,,,,
A0JL2Y.ETR,A0JL2Y.DE,ETR,no_data,,,,,,,,,,,,
A0JL4D.ETR,A0JL4D.DE,ETR,no_data,,,,,,,,,,,,
A0JLPR.ETR,A0JLPR.DE,ETR,no_data,,,,,,,,,,,,
A0JM2M.ETR,A0JM2M.DE,ETR,no_data,,,,,,,,,,,,
A0JMVJ.ETR,A0JMVJ.DE,ETR,no_data,,,,,,,,,,,,
A0JMQL.ETR,A0JMQL.DE,ETR,no_data,,,,,,,,,,,,
A0JLZ7.ETR,A0JLZ7.DE,ETR,no_data,,,,,,,,,,,,
A0JML5.ETR,A0JML5.DE,ETR,no_data,,,,,,,,,,,,
A0JNE2.ETR,A0JNE2.DE,ETR,no_data,,,,,,,,,,,,
A0KEXC.ETR,A0KEXC.DE,ETR,no_data,,,,,,,,,,,,
A0KF6M.ETR,A0KF6M.DE,ETR,no_data,,,,,,,,,,,,
A0JQ5U.ETR,A0JQ5U.DE,ETR,no_data,,,,,,,,,,,,
A0KD0F.ETR,A0KD0F.DE,ETR,no_data,,,,,,,,,,,,
A0KEQF.ETR,A0KEQF.DE,ETR,no_data,,,,,,,,,,,,
A0KFKB.ETR,A0KFKB.DE,ETR,no_data,,,,,,,,,,,,
A0LA17.ETR,A0LA17.DE,ETR,no_data,,,,,,,,,,,,
A0L1NN.ETR,A0L1NN.DE,ETR,no_data,,,,,,,,,,,,
A0LAUP.ETR,A0LAUP.DE,ETR,no_data,,,,,,,,,,,,
A0KPPR.ETR,A0KPPR.DE,ETR,no_data,,,,,,,,,,,,
A0KFKH.ETR,A0KFKH.DE,ETR,no_data,,,,,,,,,,,,
A0KFRJ.ETR,A0KFRJ.DE,ETR,no_data,,,,,,,,,,,,
A0KFUJ.ETR,A0KFUJ.DE,ETR,no_data,,,,,,,,,,,,
A0LBKW.ETR,A0LBKW.DE,ETR,no_data,,,,,,,,,,,,
A0LD2U.ETR,A0LD2U.DE,ETR,no_data,,,,,,,,,,,,
A0LCTL.ETR,A0LCTL.DE,ETR,no_data,,,,,,,,,,,,
A0LD6E.ETR,A0LD6E.DE,ETR,no_data,,,,,,,,,,,,
A0LBFE.ETR,A0LBFE.DE,ETR,no_data,,,,,,,,,,,,
A0LBCR.ETR,A0LBCR.DE,ETR,no_data,,,,,,,,,,,,
A0LCN9.ETR,A0LCN9.DE,ETR,no_data,,,,,,,,,,,,
A0LGD8.ETR,A0LGD8.DE,ETR,no_data,,,,,,,,,,,,
A0LEKM.ETR,A0LEKM.DE,ETR,no_data,,,,,,,,,,,,
A0LGV4.ETR,A0LGV4.DE,ETR,no_data,,,,,,,,,,,,
A0LHKJ.ETR,A0LHKJ.DE,ETR,no_data,,,,,,,,,,,,
A0LF18.ETR,A0LF18.DE,ETR,no_data,,,,,,,,,,,,
A0LDA7.ETR,A0LDA7.DE,ETR,no_data,,,,,,,,,,,,
A0M1W6.ETR,A0M1W6.DE,ETR,no_data,,,,,,,,,,,,
A0M46B.ETR,A0M46B.DE,ETR,no_data,,,,,,,,,,,,
A0M530.ETR,A0M530.DE,ETR,no_data,,,,,,,,,,,,
A0LR4P.ETR,A0LR4P.DE,ETR,no_data,,,,,,,,,,,,
A0LR9G.ETR,A0LR9G.DE,ETR,no_data,,,,,,,,,,,,
A0LR93.ETR,A0LR93.DE,ETR,no_data,,,,,,,,,,,,
A0M63R.ETR,A0M63R.DE,ETR,no_data,,,,,,,,,,,,
A0MEK9.ETR,A0MEK9.DE,ETR,no_data,,,,,,,,INDEX,,,,
A0M93V.ETR,A0M93V.DE,ETR,no_data,,,,,,,,,,,,
A0M95J.ETR,A0M95J.DE,ETR,no_data,,,,,,,,,,,,
A0M9BA.ETR,A0M9BA.DE,ETR,no_data,,,,,,,,,,,,
A0MEKV.ETR,A0MEKV.DE,ETR,no_data,,,,,,,,INDEX,,,,
A0MEKW.ETR,A0MEKW.DE,ETR,no_data,,,,,,,,INDEX,,,,
A0MELK.ETR,A0MELK.DE,ETR,no_data,,,,,,,,INDEX,,,,
A0MEP1.ETR,A0MEP1.DE,ETR,no_data,,,,,,,,INDEX,,,,
A0MEKX.ETR,A0MEKX.DE,ETR,no_data,,,,,,,,INDEX,,,,
A0MEP0.ETR,A0MEP0.DE,ETR,no_data,,,,,,,,INDEX,,,,
A0MEKY.ETR,A0MEKY.DE,ETR,no_data,,,,,,,,INDEX,,,,
A0MEKZ.ETR,A0MEKZ.DE,ETR,no_data,,,,,,,,INDEX,,,,
A0MEP4.ETR,A0MEP4.DE,ETR,no_data,,,,,,,,INDEX,,,,
A0MEP8.ETR,A0MEP8.DE,ETR,no_data,,,,,,,,INDEX,,,,
A0MEP5.ETR,A0MEP5.DE,ETR,no_data,,,,,,,,INDEX,,,,
A0MEP9.ETR,A0MEP9.DE,ETR,no_data,,,,,,,,INDEX,,,,
A0MEP2.ETR,A0MEP2.DE,ETR,no_data,,,,,,,,INDEX,,,,
A0MEP3.ETR,A0MEP3.DE,ETR,no_data,,,,,,,,INDEX,,,,
A0MEP6.ETR,A0MEP6.DE,ETR,no_data,,,,,,,,INDEX,,,,
A0MEPL.ETR,A0MEPL.DE,ETR,no_data,,,,,,,,INDEX,,,,
A0MEPQ.ETR,A0MEPQ.DE,ETR,no_data,,,,,,,,INDEX,,,,
A0MEPP.ETR,A0MEPP.DE,ETR,no_data,,,,,,,,INDEX,,,,
A0MEPM.ETR,A0MEPM.DE,ETR,no_data,,,,,,,,INDEX,,,,
A0MEPN.ETR,A0MEPN.DE,ETR,no_data,,,,,,,,INDEX,,,,
A0MEPR.ETR,A0MEPR.DE,ETR,no_data,,,,,,,,INDEX,,,,
A0MEPV.ETR,A0MEPV.DE,ETR,no_data,,,,,,,,INDEX,,,,
A0MEPX.ETR,A0MEPX.DE,ETR,no_data,,,,,,,,INDEX,,,,
A0MEPW.ETR,A0MEPW.DE,ETR,no_data,,,,,,,,INDEX,,,,
A0MEPY.ETR,A0MEPY.DE,ETR,no_data,,,,,,,,INDEX,,,,
A0MEPS.ETR,A0MEPS.DE,ETR,no_data,,,,,,,,INDEX,,,,
A0MEPT.ETR,A0MEPT.DE,ETR,no_data,,,,,,,,INDEX,,,,
A0MEPU.ETR,A0MEPU.DE,ETR,no_data,,,,,,,,INDEX,,,,
A0MEQB.ETR,A0MEQB.DE,ETR,no_data,,,,,,,,INDEX,,,,
A0MEQE.ETR,A0MEQE.DE,ETR,no_data,,,,,,,,INDEX,,,,
A0MEQP.ETR,A0MEQP.DE,ETR,no_data,,,,,,,,INDEX,,,,
A0MEQC.ETR,A0MEQC.DE,ETR,no_data,,,,,,,,INDEX,,,,
A0MEQQ.ETR,A0MEQQ.DE,ETR,no_data,,,,,,,,INDEX,,,,
A0MEQA.ETR,A0MEQA.DE,ETR,no_data,,,,,,,,INDEX,,,,
A0MEPZ.ETR,A0MEPZ.DE,ETR,no_data,,,,,,,,INDEX,,,,
A0MEQR.ETR,A0MEQR.DE,ETR,no_data,,,,,,,,INDEX,,,,
A0MEX2.ETR,A0MEX2.DE,ETR,no_data,,,,,,,,INDEX,,,,
A0MEX0.ETR,A0MEX0.DE,ETR,no_data,,,,,,,,INDEX,,,,
A0MEQW.ETR,A0MEQW.DE,ETR,no_data,,,,,,,,INDEX,,,,
A0MEX3.ETR,A0MEX3.DE,ETR,no_data,,,,,,,,INDEX,,,,
A0MEX1.ETR,A0MEX1.DE,ETR,no_data,,,,,,,,INDEX,,,,
A0MEQV.ETR,A0MEQV.DE,ETR,no_data,,,,,,,,INDEX,,,,
A0MEQS.ETR,A0MEQS.DE,ETR,no_data,,,,,,,,INDEX,,,,
A0MEX6.ETR,A0MEX6.DE,ETR,no_data,,,,,,,,INDEX,,,,
A0MEX8.ETR,A0MEX8.DE,ETR,no_data,,,,,,,,INDEX,,,,
A0MEX9.ETR,A0MEX9.DE,ETR,no_data,,,,,,,,INDEX,,,,
A0MEX7.ETR,A0MEX7.DE,ETR,no_data,,,,,,,,INDEX,,,,
A0MEXM.ETR,A0MEXM.DE,ETR,no_data,,,,,,,,INDEX,,,,
A0MEX5.ETR,A0MEX5.DE,ETR,no_data,,,,,,,,INDEX,,,,
A0MEX4.ETR,A0MEX4.DE,ETR,no_data,,,,,,,,INDEX,,,,
A0MEXR.ETR,A0MEXR.DE,ETR,no_data,,,,,,,,INDEX,,,,
A0MEXS.ETR,A0MEXS.DE,ETR,no_data,,,,,,,,INDEX,,,,
A0MEXT.ETR,A0MEXT.DE,ETR,no_data,,,,,,,,INDEX,,,,
A0MEXU.ETR,A0MEXU.DE,ETR,no_data,,,,,,,,INDEX,,,,
A0MEXN.ETR,A0MEXN.DE,ETR,no_data,,,,,,,,INDEX,,,,
A0MEXP.ETR,A0MEXP.DE,ETR,no_data,,,,,,,,INDEX,,,,
A0MEXQ.ETR,A0MEXQ.DE,ETR,no_data,,,,,,,,INDEX,,,,
A0MEXV.ETR,A0MEXV.DE,ETR,no_data,,,,,,,,INDEX,,,,
A0MEYA.ETR,A0MEYA.DE,ETR,no_data,,,,,,,,INDEX,,,,
A0MEXZ.ETR,A0MEXZ.DE,ETR,no_data,,,,,,,,INDEX,,,,
A0MEYB.ETR,A0MEYB.DE,ETR,no_data,,,,,,,,INDEX,,,,
A0MEXY.ETR,A0MEXY.DE,ETR,no_data,,,,,,,,INDEX,,,,
A0MEXW.ETR,A0MEXW.DE,ETR,no_data,,,,,,,,INDEX,,,,
A0MEXX.ETR,A0MEXX.DE,ETR,no_data,,,,,,,,INDEX,,,,
A0MEYG.ETR,A0MEYG.DE,ETR,no_data,,,,,,,,INDEX,,,,
A0MEYD.ETR,A0MEYD.DE,ETR,no_data,,,,,,,,INDEX,,,,
A0MEYH.ETR,A0MEYH.DE,ETR,no_data,,,,,,,,INDEX,,,,
A0MEYE.ETR,A0MEYE.DE,ETR,no_data,,,,,,,,INDEX,,,,
A0MEYF.ETR,A0MEYF.DE,ETR,no_data,,,,,,,,INDEX,,,,
A0MEYM.ETR,A0MEYM.DE,ETR,no_data,,,,,,,,INDEX,,,,
A0MK44.ETR,A0MK44.DE,ETR,no_data,,,,,,,,,,,,
A0MEYN.ETR,A0MEYN.DE,ETR,no_data,,,,,,,,INDEX,,,,
A0MEYP.ETR,A0MEYP.DE,ETR,no_data,,,,,,,,INDEX,,,,
A0MEYQ.ETR,A0MEYQ.DE,ETR,no_data,,,,,,,,INDEX,,,,
A0MEYS.ETR,A0MEYS.DE,ETR,no_data,,,,,,,,INDEX,,,,
A0MQV8.ETR,A0MQV8.DE,ETR,no_data,,,,,,,,,,,,
A0MSY7.ETR,A0MSY7.DE,ETR,no_data,,,,,,,,,,,,
A0MUES.ETR,A0MUES.DE,ETR,no_data,,,,,,,,,,,,
A0MS7Y.ETR,A0MS7Y.DE,ETR,no_data,,,,,,,,,,,,
A0MSN1.ETR,A0MSN1.DE,ETR,no_data,,,,,,,,,,,,
A0MLX4.ETR,A0MLX4.DE,ETR,no_data,,,,,,,,,,,,
A0MUKL.ETR,A0MUKL.DE,ETR,no_data,,,,,,,,,,,,
A0MW32.ETR,A0MW32.DE,ETR,no_data,,,,,,,,,,,,
A0MVJZ.ETR,A0MVJZ.DE,ETR,no_data,,,,,,,,,,,,
A0MVKA.ETR,A0MVKA.DE,ETR,no_data,,,,,,,,,,,,
A0MVLS.ETR,A0MVLS.DE,ETR,no_data,,,,,,,,,,,,
A0MXBY.ETR,A0MXBY.DE,ETR,no_data,,,,,,,,,,,,
A0NBN0.ETR,A0NBN0.DE,ETR,no_data,,,,,,,,,,,,
A0MYC8.ETR,A0MYC8.DE,ETR,no_data,,,,,,,,,,,,
A0MZ4B.ETR,A0MZ4B.DE,ETR,no_data,,,,,,,,,,,,
A0N4N5.ETR,A0N4N5.DE,ETR,no_data,,,,,,,,,,,,
A0MYNP.ETR,A0MYNP.DE,ETR,no_data,,,,,,,,,,,,
A0NHKR.ETR,A0NHKR.DE,ETR,no_data,,,,,,,,,,,,
A0NC7B.ETR,A0NC7B.DE,ETR,no_data,,,,,,,,,,,,
A0NDBJ.ETR,A0NDBJ.DE,ETR,no_data,,,,,,,,,,,,
A0NFQC.ETR,A0NFQC.DE,ETR,no_data,,,,,,,,,,,,
A0NFN3.ETR,A0NFN3.DE,ETR,no_data,,,,,,,,,,,,
A0NJ38.ETR,A0NJ38.DE,ETR,no_data,,,,,,,,,,,,
A0Q90H.ETR,A0Q90H.DE,ETR,no_data,,,,,,,,,,,,
A0Q4K4.ETR,A0Q4K4.DE,ETR,no_data,,,,,,,,,,,,
A0QY6X.ETR,A0QY6X.DE,ETR,no_data,,,,,,,,INDEX,,,,
A0Q90J.ETR,A0Q90J.DE,ETR,no_data,,,,,,,,,,,,
A0Q90G.ETR,A0Q90G.DE,ETR,no_data,,,,,,,,,,,,
A0QY70.ETR,A0QY70.DE,ETR,no_data,,,,,,,,INDEX,,,,
A0QY7P.ETR,A0QY7P.DE,ETR,no_data,,,,,,,,INDEX,,,,
A0QY7R.ETR,A0QY7R.DE,ETR,no_data,,,,,,,,INDEX,,,,
A0QY71.ETR,A0QY71.DE,ETR,no_data,,,,,,,,INDEX,,,,
A0QY7C.ETR,A0QY7C.DE,ETR,no_data,,,,,,,,INDEX,,,,
A0QY7B.ETR,A0QY7B.DE,ETR,no_data,,,,,,,,INDEX,,,,
A0QY7X.ETR,A0QY7X.DE,ETR,no_data,,,,,,,,INDEX,,,,
A0RENB.ETR,A0RENB.DE,ETR,no_data,,,,,,,,,,,,
A0QY7Y.ETR,A0QY7Y.DE,ETR,no_data,,,,,,,,INDEX,,,,
A0QY9K.ETR,A0QY9K.DE,ETR,no_data,,,,,,,,INDEX,,,,
A0QY7Z.ETR,A0QY7Z.DE,ETR,no_data,,,,,,,,INDEX,,,,
A0RFZL.ETR,A0RFZL.DE,ETR,no_data,,,,,,,,,,,,
A0RNL2.ETR,A0RNL2.DE,ETR,no_data,,,,,,,,,,,,
A0S3K3.ETR,A0S3K3.DE,ETR,no_data,,,,,,,,INDEX,,,,
A0S3K0.ETR,A0S3K0.DE,ETR,no_data,,,,,,,,INDEX,,,,
A0S3K4.ETR,A0S3K4.DE,ETR,no_data,,,,,,,,INDEX,,,,
A0S3K1.ETR,A0S3K1.DE,ETR,no_data,,,,,,,,INDEX,,,,
A0S3K2.ETR,A0S3K2.DE,ETR,no_data,,,,,,,,INDEX,,,,
A0S3K5.ETR,A0S3K5.DE,ETR,no_data,,,,,,,,INDEX,,,,
A0S3K8.ETR,A0S3K8.DE,ETR,no_data,,,,,,,,INDEX,,,,
A0S3K9.ETR,A0S3K9.DE,ETR,no_data,,,,,,,,INDEX,,,,
A0S3K7.ETR,A0S3K7.DE,ETR,no_data,,,,,,,,INDEX,,,,
A0S3KU.ETR,A0S3KU.DE,ETR,no_data,,,,,,,,INDEX,,,,
A0S3KW.ETR,A0S3KW.DE,ETR,no_data,,,,,,,,INDEX,,,,
A0S3LB.ETR,A0S3LB.DE,ETR,no_data,,,,,,,,INDEX,,,,
A0S3LE.ETR,A0S3LE.DE,ETR,no_data,,,,,,,,INDEX,,,,
A0S3KV.ETR,A0S3KV.DE,ETR,no_data,,,,,,,,INDEX,,,,
A0S3KZ.ETR,A0S3KZ.DE,ETR,no_data,,,,,,,,INDEX,,,,
A0S3KX.ETR,A0S3KX.DE,ETR,no_data,,,,,,,,INDEX,,,,
A0S3LK.ETR,A0S3LK.DE,ETR,no_data,,,,,,,,INDEX,,,,
A0S3LF.ETR,A0S3LF.DE,ETR,no_data,,,,,,,,INDEX,,,,
A0S3K6.ETR,A0S3K6.DE,ETR,no_data,,,,,,,,INDEX,,,,
A0S3LG.ETR,A0S3LG.DE,ETR,no_data,,,,,,,,INDEX,,,,
A0S3MB.ETR,A0S3MB.DE,ETR,no_data,,,,,,,,INDEX,,,,
A0S3MA.ETR,A0S3MA.DE,ETR,no_data,,,,,,,,INDEX,,,,
A0SMU8.ETR,A0SMU8.DE,ETR,no_data,,,,,,,,,,,,
A0S9R3.ETR,A0S9R3.DE,ETR,no_data,,,,,,,,,,,,
A0S3MC.ETR,A0S3MC.DE,ETR,no_data,,,,,,,,INDEX,,,,
A0S848.ETR,A0S848.DE,ETR,no_data,,,,,,,,,,,,
A0S3MD.ETR,A0S3MD.DE,ETR,no_data,,,,,,,,INDEX,,,,
A0S3ME.ETR,A0S3ME.DE,ETR,no_data,,,,,,,,INDEX,,,,
A0SYTW.ETR,A0SYTW.DE,ETR,no_data,,,,,,,,INDEX,,,,
A0STSQ.ETR,A0STSQ.DE,ETR,no_data,,,,,,,,,,,,
A0SYTQ.ETR,A0SYTQ.DE,ETR,no_data,,,,,,,,INDEX,,,,
A0V8CD.ETR,A0V8CD.DE,ETR,no_data,,,,,,,,INDEX,,,,
A0V8DE.ETR,A0V8DE.DE,ETR,no_data,,,,,,,,INDEX,,,,
A0TGJ5.ETR,A0TGJ5.DE,ETR,no_data,,,,,,,,,,,,
A0V8CN.ETR,A0V8CN.DE,ETR,no_data,,,,,,,,INDEX,,,,
A0SYTY.ETR,A0SYTY.DE,ETR,no_data,,,,,,,,INDEX,,,,
A0V8CY.ETR,A0V8CY.DE,ETR,no_data,,,,,,,,INDEX,,,,
A0V8D0.ETR,A0V8D0.DE,ETR,no_data,,,,,,,,INDEX,,,,
A0V8CX.ETR,A0V8CX.DE,ETR,no_data,,,,,,,,INDEX,,,,
A0V8DH.ETR,A0V8DH.DE,ETR,no_data,,,,,,,,INDEX,,,,
A0V8DN.ETR,A0V8DN.DE,ETR,no_data,,,,,,,,INDEX,,,,
A0V8DM.ETR,A0V8DM.DE,ETR,no_data,,,,,,,,INDEX,,,,
A0V8DL.ETR,A0V8DL.DE,ETR,no_data,,,,,,,,INDEX,,,,
A0V8DK.ETR,A0V8DK.DE,ETR,no_data,,,,,,,,INDEX,,,,
A0V8DG.ETR,A0V8DG.DE,ETR,no_data,,,,,,,,INDEX,,,,
A0V8DF.ETR,A0V8DF.DE,ETR,no_data,,,,,,,,INDEX,,,,
A0V8DW.ETR,A0V8DW.DE,ETR,no_data,,,,,,,,INDEX,,,,
A0V8DX.ETR,A0V8DX.DE,ETR,no_data,,,,,,,,INDEX,,,,
A0V8DY.ETR,A0V8DY.DE,ETR,no_data,,,,,,,,INDEX,,,,
A0V8DP.ETR,A0V8DP.DE,ETR,no_data,,,,,,,,INDEX,,,,
A0V8DQ.ETR,A0V8DQ.DE,ETR,no_data,,,,,,,,INDEX,,,,
A0V8DV.ETR,A0V8DV.DE,ETR,no_data,,,,,,,,INDEX,,,,
A0V8DZ.ETR,A0V8DZ.DE,ETR,no_data,,,,,,,,INDEX,,,,
A0V8F1.ETR,A0V8F1.DE,ETR,no_data,,,,,,,,INDEX,,,,
A0V8FE.ETR,A0V8FE.DE,ETR,no_data,,,,,,,,INDEX,,,,
A0V8FC.ETR,A0V8FC.DE,ETR,no_data,,,,,,,,INDEX,,,,
A0V8FD.ETR,A0V8FD.DE,ETR,no_data,,,,,,,,INDEX,,,,
A0V8FZ.ETR,A0V8FZ.DE,ETR,no_data,,,,,,,,INDEX,,,,
A0V8FF.ETR,A0V8FF.DE,ETR,no_data,,,,,,,,INDEX,,,,
A0V8FG.ETR,A0V8FG.DE,ETR,no_data,,,,,,,,INDEX,,,,
A0V8G2.ETR,A0V8G2.DE,ETR,no_data,,,,,,,,INDEX,,,,
A0V8FH.ETR,A0V8FH.DE,ETR,no_data,,,,,,,,INDEX,,,,
A0V8FX.ETR,A0V8FX.DE,ETR,no_data,,,,,,,,INDEX,,,,
A0V8FY.ETR,A0V8FY.DE,ETR,no_data,,,,,,,,INDEX,,,,
A0V8G5.ETR,A0V8G5.DE,ETR,no_data,,,,,,,,INDEX,,,,
A0V8GJ.ETR,A0V8GJ.DE,ETR,no_data,,,,,,,,INDEX,,,,
A0V8GE.ETR,A0V8GE.DE,ETR,no_data,,,,,,,,INDEX,,,,
A0V8GC.ETR,A0V8GC.DE,ETR,no_data,,,,,,,,INDEX,,,,
A0V8G8.ETR,A0V8G8.DE,ETR,no_data,,,,,,,,INDEX,,,,
A0V8GK.ETR,A0V8GK.DE,ETR,no_data,,,,,,,,INDEX,,,,
A0V8GL.ETR,A0V8GL.DE,ETR,no_data,,,,,,,,INDEX,,,,
A0V8J1.ETR,A0V8J1.DE,ETR,no_data,,,,,,,,INDEX,,,,
A0V8GZ.ETR,A0V8GZ.DE,ETR,no_data,,,,,,,,INDEX,,,,
A0V8J0.ETR,A0V8J0.DE,ETR,no_data,,,,,,,,INDEX,,,,
A0V8HG.ETR,A0V8HG.DE,ETR,no_data,,,,,,,,INDEX,,,,
A0V8J2.ETR,A0V8J2.DE,ETR,no_data,,,,,,,,,,,,
A0V8J7.ETR,A0V8J7.DE,ETR,no_data,,,,,,,,,,,,
A0V8J6.ETR,A0V8J6.DE,ETR,no_data,,,,,,,,,,,,
A0V8J5.ETR,A0V8J5.DE,ETR,no_data,,,,,,,,,,,,
A0V8J3.ETR,A0V8J3.DE,ETR,no_data,,,,,,,,,,,,
A0V8J4.ETR,A0V8J4.DE,ETR,no_data,,,,,,,,,,,,
A0V8J8.ETR,A0V8J8.DE,ETR,no_data,,,,,,,,,,,,
A0V8JK.ETR,A0V8JK.DE,ETR,no_data,,,,,,,,,,,,
A0V8J9.ETR,A0V8J9.DE,ETR,no_data,,,,,,,,,,,,
A0V8JH.ETR,A0V8JH.DE,ETR,no_data,,,,,,,,,,,,
A0V8JG.ETR,A0V8JG.DE,ETR,no_data,,,,,,,,INDEX,,,,
A0V8JL.ETR,A0V8JL.DE,ETR,no_data,,,,,,,,,,,,
A0V8JP.ETR,A0V8JP.DE,ETR,no_data,,,,,,,,,,,,
A0V8JM.ETR,A0V8JM.DE,ETR,no_data,,,,,,,,,,,,
A0V8JR.ETR,A0V8JR.DE,ETR,no_data,,,,,,,,,,,,
A0V8JQ.ETR,A0V8JQ.DE,ETR,no_data,,,,,,,,,,,,
A0V8JN.ETR,A0V8JN.DE,ETR,no_data,,,,,,,,,,,,
A0V8JW.ETR,A0V8JW.DE,ETR,no_data,,,,,,,,INDEX,,,,
A0V8JS.ETR,A0V8JS.DE,ETR,no_data,,,,,,,,INDEX,,,,
A0V8JX.ETR,A0V8JX.DE,ETR,no_data,,,,,,,,INDEX,,,,
A0V8JT.ETR,A0V8JT.DE,ETR,no_data,,,,,,,,INDEX,,,,
A0V8JU.ETR,A0V8JU.DE,ETR,no_data,,,,,,,,INDEX,,,,
A0V8JV.ETR,A0V8JV.DE,ETR,no_data,,,,,,,,INDEX,,,,
A0V8JY.ETR,A0V8JY.DE,ETR,no_data,,,,,,,,INDEX,,,,
A0V8JZ.ETR,A0V8JZ.DE,ETR,no_data,,,,,,,,INDEX,,,,
A0V8KC.ETR,A0V8KC.DE,ETR,no_data,,,,,,,,,,,,
A0V8KB.ETR,A0V8KB.DE,ETR,no_data,,,,,,,,,,,,
A0V8KA.ETR,A0V8KA.DE,ETR,no_data,,,,,,,,,,,,
A0V8KE.ETR,A0V8KE.DE,ETR,no_data,,,,,,,,,,,,
A0V8KD.ETR,A0V8KD.DE,ETR,no_data,,,,,,,,,,,,
A0V8KJ.ETR,A0V8KJ.DE,ETR,no_data,,,,,,,,,,,,
A0V8KF.ETR,A0V8KF.DE,ETR,no_data,,,,,,,,,,,,
A0V8KH.ETR,A0V8KH.DE,ETR,no_data,,,,,,,,,,,,
A0V8KL.ETR,A0V8KL.DE,ETR,no_data,,,,,,,,,,,,
A0V8KG.ETR,A0V8KG.DE,ETR,no_data,,,,,,,,,,,,
A0V9L9.ETR,A0V9L9.DE,ETR,no_data,,,,,,,,,,,,
A0V8KK.ETR,A0V8KK.DE,ETR,no_data,,,,,,,,,,,,
A0V8KM.ETR,A0V8KM.DE,ETR,no_data,,,,,,,,,,,,
A0V8KN.ETR,A0V8KN.DE,ETR,no_data,,,,,,,,,,,,
A0V9LA.ETR,A0V9LA.DE,ETR,no_data,,,,,,,,,,,,
A0X9LC.ETR,A0X9LC.DE,ETR,no_data,,,,,,,,,,,,
A0WMPJ.ETR,A0WMPJ.DE,ETR,no_data,,,,,,,,,,,,
A0XFWK.ETR,A0XFWK.DE,ETR,no_data,,,,,,,,,,,,
A0X88Z.ETR,A0X88Z.DE,ETR,no_data,,,,,,,,,,,,
A0X9EJ.ETR,A0X9EJ.DE,ETR,no_data,,,,,,,,,,,,
A0XFSF.ETR,A0XFSF.DE,ETR,no_data,,,,,,,,,,,,
A0YD8Q.ETR,A0YD8Q.DE,ETR,no_data,,,,,,,,,,,,
A0XYG7.ETR,A0XYG7.DE,ETR,no_data,,,,,,,,,,,,
A0YEES.ETR,A0YEES.DE,ETR,no_data,,,,,,,,,,,,
A0YCM4.ETR,A0YCM4.DE,ETR,no_data,,,,,,,,,,,,
A0XYGA.ETR,A0XYGA.DE,ETR,no_data,,,,,,,,,,,,
A0XYHT.ETR,A0XYHT.DE,ETR,no_data,,,,,,,,,,,,
A0YF5P.ETR,A0YF5P.DE,ETR,no_data,,,,,,,,,,,,
A0Z23Q.ETR,A0Z23Q.DE,ETR,no_data,,,,,,,,,,,,
A0Z25L.ETR,A0Z25L.DE,ETR,no_data,,,,,,,,,,,,
A0YHMA.ETR,A0YHMA.DE,ETR,no_data,,,,,,,,,,,,
A0YJQ2.ETR,A0YJQ2.DE,ETR,no_data,,,,,,,,,,,,
A0Z1JH.ETR,A0Z1JH.DE,ETR,no_data,,,,,,,,,,,,
A0Z26C.ETR,A0Z26C.DE,ETR,no_data,,,,,,,,,,,,
A0Z268.ETR,A0Z268.DE,ETR,no_data,,,,,,,,INDEX,,,,
A0Z3P0.ETR,A0Z3P0.DE,ETR,no_data,,,,,,,,INDEX,,,,
A0Z2Y4.ETR,A0Z2Y4.DE,ETR,no_data,,,,,,,,,,,,
A0Z2ZZ.ETR,A0Z2ZZ.DE,ETR,no_data,,,,,,,,,,,,
A0Z3P2.ETR,A0Z3P2.DE,ETR,no_data,,,,,,,,INDEX,,,,
A0Z3P1.ETR,A0Z3P1.DE,ETR,no_data,,,,,,,,INDEX,,,,
A113Q5.ETR,A113Q5.DE,ETR,no_data,,,,,,,,,,,,
A11133.ETR,A11133.DE,ETR,no_data,,,,,,,,,,,,
A0Z3P3.ETR,A0Z3P3.DE,ETR,no_data,,,,,,,,INDEX,,,,
A0Z3P4.ETR,A0Z3P4.DE,ETR,no_data,,,,,,,,INDEX,,,,
A0Z3PZ.ETR,A0Z3PZ.DE,ETR,no_data,,,,,,,,INDEX,,,,
A1147K.ETR,A1147K.DE,ETR,no_data,,,,,,,,,,,,
A117UJ.ETR,A117UJ.DE,ETR,no_data,,,,,,,,,,,,
A117XM.ETR,A117XM.DE,ETR,no_data,,,,,,,,,,,,
A115FG.ETR,A115FG.DE,ETR,no_data,,,,,,,,,,,,
A117ME.ETR,A117ME.DE,ETR,no_data,,,,,,,,,,,,
A118Z8.ETR,A118Z8.DE,ETR,no_data,,,,,,,,,,,,
A11873.ETR,A11873.DE,ETR,no_data,,,,,,,,,,,,
A11QW6.ETR,A11QW6.DE,ETR,no_data,,,,,,,,,,,,
A11Q05.ETR,A11Q05.DE,ETR,no_data,,,,,,,,,,,,
A11QLU.ETR,A11QLU.DE,ETR,no_data,,,,,,,,,,,,
A11QVV.ETR,A11QVV.DE,ETR,no_data,,,,,,,,,,,,
A12DM8.ETR,A12DM8.DE,ETR,no_data,,,,,,,,,,,,
A12B6J.ETR,A12B6J.DE,ETR,no_data,,,,,,,,,,,,
A12B8Z.ETR,A12B8Z.DE,ETR,no_data,,,,,,,,,,,,
A12CY9.ETR,A12CY9.DE,ETR,no_data,,,,,,,,,,,,
A12CWQ.ETR,A12CWQ.DE,ETR,no_data,,,,,,,,,,,,
A12EA8.ETR,A12EA8.DE,ETR,no_data,,,,,,,,,,,,
A12DQC.ETR,A12DQC.DE,ETR,no_data,,,,,,,,,,,,
A12UK0.ETR,A12UK0.DE,ETR,no_data,,,,,,,,,,,,
A12FMV.ETR,A12FMV.DE,ETR,no_data,,,,,,,,,,,,
A12HJF.ETR,A12HJF.DE,ETR,no_data,,,,,,,,,,,,
A12HU0.ETR,A12HU0.DE,ETR,no_data,,,,,,,,,,,,
A12ULL.ETR,A12ULL.DE,ETR,no_data,,,,,,,,,,,,
A12UP2.ETR,A12UP2.DE,ETR,no_data,,,,,,,,,,,,
A13N90.ETR,A13N90.DE,ETR,no_data,,,,,,,,INDEX,,,,
A12UP3.ETR,A12UP3.DE,ETR,no_data,,,,,,,,,,,,
A12UPJ.ETR,A12UPJ.DE,ETR,no_data,,,,,,,,,,,,
A13N94.ETR,A13N94.DE,ETR,no_data,,,,,,,,INDEX,,,,
A13PAJ.ETR,A13PAJ.DE,ETR,no_data,,,,,,,,INDEX,,,,
A13N92.ETR,A13N92.DE,ETR,no_data,,,,,,,,INDEX,,,,
A13PAX.ETR,A13PAX.DE,ETR,no_data,,,,,,,,INDEX,,,,
A13N9X.ETR,A13N9X.DE,ETR,no_data,,,,,,,,INDEX,,,,
A13N9Y.ETR,A13N9Y.DE,ETR,no_data,,,,,,,,INDEX,,,,
A13PA0.ETR,A13PA0.DE,ETR,no_data,,,,,,,,INDEX,,,,
A13PAY.ETR,A13PAY.DE,ETR,no_data,,,,,,,,INDEX,,,,
A13PH4.ETR,A13PH4.DE,ETR,no_data,,,,,,,,INDEX,,,,
A13PH5.ETR,A13PH5.DE,ETR,no_data,,,,,,,,INDEX,,,,
A13PH6.ETR,A13PH6.DE,ETR,no_data,,,,,,,,INDEX,,,,
A13PHF.ETR,A13PHF.DE,ETR,no_data,,,,,,,,INDEX,,,,
A13PAZ.ETR,A13PAZ.DE,ETR,no_data,,,,,,,,INDEX,,,,
A13PGG.ETR,A13PGG.DE,ETR,no_data,,,,,,,,INDEX,,,,
A13PHK.ETR,A13PHK.DE,ETR,no_data,,,,,,,,INDEX,,,,
A13PHN.ETR,A13PHN.DE,ETR,no_data,,,,,,,,INDEX,,,,
A13PHM.ETR,A13PHM.DE,ETR,no_data,,,,,,,,INDEX,,,,
A13PHL.ETR,A13PHL.DE,ETR,no_data,,,,,,,,INDEX,,,,
A13PHH.ETR,A13PHH.DE,ETR,no_data,,,,,,,,INDEX,,,,
A13PHJ.ETR,A13PHJ.DE,ETR,no_data,,,,,,,,INDEX,,,,
A13PHU.ETR,A13PHU.DE,ETR,no_data,,,,,,,,INDEX,,,,
A13PHP.ETR,A13PHP.DE,ETR,no_data,,,,,,,,INDEX,,,,
A13PHS.ETR,A13PHS.DE,ETR,no_data,,,,,,,,INDEX,,,,
A13SUL.ETR,A13SUL.DE,ETR,no_data,,,,,,,,,,,,
A13PHV.ETR,A13PHV.DE,ETR,no_data,,,,,,,,INDEX,,,,
A13SX2.ETR,A13SX2.DE,ETR,no_data,,,,,,,,,,,,
A13PHT.ETR,A13PHT.DE,ETR,no_data,,,,,,,,INDEX,,,,
A1401Z.ETR,A1401Z.DE,ETR,no_data,,,,,,,,,,,,
A141J3.ETR,A141J3.DE,ETR,no_data,,,,,,,,,,,,
A142VP.ETR,A142VP.DE,ETR,no_data,,,,,,,,,,,,
A143D6.ETR,A143D6.DE,ETR,no_data,,,,,,,,,,,,
A140KD.ETR,A140KD.DE,ETR,no_data,,,,,,,,,,,,
A13PHG.ETR,A13PHG.DE,ETR,no_data,,,,,,,,INDEX,,,,
A143NB.ETR,A143NB.DE,ETR,no_data,,,,,,,,,,,,
A14KEB.ETR,A14KEB.DE,ETR,no_data,,,,,,,,,,,,
A14P98.ETR,A14P98.DE,ETR,no_data,,,,,,,,,,,,
A14KR2.ETR,A14KR2.DE,ETR,no_data,,,,,,,,,,,,
A14KRD.ETR,A14KRD.DE,ETR,no_data,,,,,,,,,,,,
A14M2J.ETR,A14M2J.DE,ETR,no_data,,,,,,,,,,,,
A14NE5.ETR,A14NE5.DE,ETR,no_data,,,,,,,,,,,,
A14TUX.ETR,A14TUX.DE,ETR,no_data,,,,,,,,,,,,
A14U78.ETR,A14U78.DE,ETR,no_data,,,,,,,,,,,,
A14V1T.ETR,A14V1T.DE,ETR,no_data,,,,,,,,,,,,
A14UQQ.ETR,A14UQQ.DE,ETR,no_data,,,,,,,,,,,,
A14RPH.ETR,A14RPH.DE,ETR,no_data,,,,,,,,,,,,
A14R7U.ETR,A14R7U.DE,ETR,no_data,,,,,,,,,,,,
A14TU4.ETR,A14TU4.DE,ETR,no_data,,,,,,,,,,,,
A14XB9.ETR,A14XB9.DE,ETR,no_data,,,,,,,,,,,,
A14XLZ.ETR,A14XLZ.DE,ETR,no_data,,,,,,,,,,,,
A14WK0.ETR,A14WK0.DE,ETR,no_data,,,,,,,,,,,,
A14V41.ETR,A14V41.DE,ETR,no_data,,,,,,,,,,,,
A14YJM.ETR,A14YJM.DE,ETR,no_data,,,,,,,,,,,,
A14Y6F.ETR,A14Y6F.DE,ETR,no_data,,,,,,,,,,,,
A161N1.ETR,A161N1.DE,ETR,no_data,,,,,,,,,,,,
A14Y6H.ETR,A14Y6H.DE,ETR,no_data,,,,,,,,,,,,
A16123.ETR,A16123.DE,ETR,no_data,,,,,,,,,,,,
A16140.ETR,A16140.DE,ETR,no_data,,,,,,,,,,,,
A161N2.ETR,A161N2.DE,ETR,no_data,,,,,,,,,,,,
A16107.ETR,A16107.DE,ETR,no_data,,,,,,,,,,,,
A16811.ETR,A16811.DE,ETR,no_data,,,,,,,,,,,,
A161N3.ETR,A161N3.DE,ETR,no_data,,,,,,,,,,,,
A161NR.ETR,A161NR.DE,ETR,no_data,,,,,,,,,,,,
A1A4BJ.ETR,A1A4BJ.DE,ETR,no_data,,,,,,,,INDEX,,,,
A16820.ETR,A16820.DE,ETR,no_data,,,,,,,,,,,,
A1681X.ETR,A1681X.DE,ETR,no_data,,,,,,,,,,,,
A1A4F7.ETR,A1A4F7.DE,ETR,no_data,,,,,,,,INDEX,,,,
A1A4DP.ETR,A1A4DP.DE,ETR,no_data,,,,,,,,INDEX,,,,
A1A4E4.ETR,A1A4E4.DE,ETR,no_data,,,,,,,,INDEX,,,,
A1A4FV.ETR,A1A4FV.DE,ETR,no_data,,,,,,,,INDEX,,,,
A1A4F8.ETR,A1A4F8.DE,ETR,no_data,,,,,,,,INDEX,,,,
A1A4J1.ETR,A1A4J1.DE,ETR,no_data,,,,,,,,INDEX,,,,
A1A4J2.ETR,A1A4J2.DE,ETR,no_data,,,,,,,,INDEX,,,,
A1A4FW.ETR,A1A4FW.DE,ETR,no_data,,,,,,,,INDEX,,,,
A1A4GR.ETR,A1A4GR.DE,ETR,no_data,,,,,,,,INDEX,,,,
A1A4J3.ETR,A1A4J3.DE,ETR,no_data,,,,,,,,INDEX,,,,
A1A4J4.ETR,A1A4J4.DE,ETR,no_data,,,,,,,,INDEX,,,,
A1A4J9.ETR,A1A4J9.DE,ETR,no_data,,,,,,,,INDEX,,,,
A1A4J5.ETR,A1A4J5.DE,ETR,no_data,,,,,,,,INDEX,,,,
A1A4J8.ETR,A1A4J8.DE,ETR,no_data,,,,,,,,INDEX,,,,
A1A4JE.ETR,A1A4JE.DE,ETR,no_data,,,,,,,,INDEX,,,,
A1A4J6.ETR,A1A4J6.DE,ETR,no_data,,,,,,,,INDEX,,,,
A1A4J7.ETR,A1A4J7.DE,ETR,no_data,,,,,,,,INDEX,,,,
A1A4JJ.ETR,A1A4JJ.DE,ETR,no_data,,,,,,,,INDEX,,,,
A1A4JM.ETR,A1A4JM.DE,ETR,no_data,,,,,,,,INDEX,,,,
A1A4JF.ETR,A1A4JF.DE,ETR,no_data,,,,,,,,INDEX,,,,
A1A4JH.ETR,A1A4JH.DE,ETR,no_data,,,,,,,,INDEX,,,,
A1A4JN.ETR,A1A4JN.DE,ETR,no_data,,,,,,,,INDEX,,,,
A1A4JX.ETR,A1A4JX.DE,ETR,no_data,,,,,,,,INDEX,,,,
A1A4K2.ETR,A1A4K2.DE,ETR,no_data,,,,,,,,INDEX,,,,
A1A4KA.ETR,A1A4KA.DE,ETR,no_data,,,,,,,,INDEX,,,,
A1A4JR.ETR,A1A4JR.DE,ETR,no_data,,,,,,,,INDEX,,,,
A1A4JQ.ETR,A1A4JQ.DE,ETR,no_data,,,,,,,,INDEX,,,,
A1A4KC.ETR,A1A4KC.DE,ETR,no_data,,,,,,,,INDEX,,,,
A1A4JY.ETR,A1A4JY.DE,ETR,no_data,,,,,,,,INDEX,,,,
A1A4KF.ETR,A1A4KF.DE,ETR,no_data,,,,,,,,INDEX,,,,
A1A4KE.ETR,A1A4KE.DE,ETR,no_data,,,,,,,,INDEX,,,,
A1A4KD.ETR,A1A4KD.DE,ETR,no_data,,,,,,,,INDEX,,,,
A1A4KJ.ETR,A1A4KJ.DE,ETR,no_data,,,,,,,,INDEX,,,,
A1A4KG.ETR,A1A4KG.DE,ETR,no_data,,,,,,,,INDEX,,,,
A1A4KM.ETR,A1A4KM.DE,ETR,no_data,,,,,,,,INDEX,,,,
A1A4KH.ETR,A1A4KH.DE,ETR,no_data,,,,,,,,INDEX,,,,
A1A4KL.ETR,A1A4KL.DE,ETR,no_data,,,,,,,,INDEX,,,,
A1A4KK.ETR,A1A4KK.DE,ETR,no_data,,,,,,,,INDEX,,,,
A1A4KN.ETR,A1A4KN.DE,ETR,no_data,,,,,,,,INDEX,,,,
A1A4KP.ETR,A1A4KP.DE,ETR,no_data,,,,,,,,INDEX,,,,
A1A4KX.ETR,A1A4KX.DE,ETR,no_data,,,,,,,,INDEX,,,,
A1A4KY.ETR,A1A4KY.DE,ETR,no_data,,,,,,,,INDEX,,,,
A1A4KR.ETR,A1A4KR.DE,ETR,no_data,,,,,,,,INDEX,,,,
A1A4KS.ETR,A1A4KS.DE,ETR,no_data,,,,,,,,INDEX,,,,
A1A4KZ.ETR,A1A4KZ.DE,ETR,no_data,,,,,,,,INDEX,,,,
A1A6V4.ETR,A1A6V4.DE,ETR,no_data,,,,,,,,,,,,
A1A6WE.ETR,A1A6WE.DE,ETR,no_data,,,,,,,,,,,,
A1A4LE.ETR,A1A4LE.DE,ETR,no_data,,,,,,,,INDEX,,,,
A1A4M6.ETR,A1A4M6.DE,ETR,no_data,,,,,,,,INDEX,,,,
A1A4NH.ETR,A1A4NH.DE,ETR,no_data,,,,,,,,INDEX,,,,
A1A4LG.ETR,A1A4LG.DE,ETR,no_data,,,,,,,,INDEX,,,,
A1C3R3.ETR,A1C3R3.DE,ETR,no_data,,,,,,,,,,,,
A1C7VF.ETR,A1C7VF.DE,ETR,no_data,,,,,,,,,,,,
A1C8XS.ETR,A1C8XS.DE,ETR,no_data,,,,,,,,,,,,
A1C9CM.ETR,A1C9CM.DE,ETR,no_data,,,,,,,,,,,,
A1C5WJ.ETR,A1C5WJ.DE,ETR,no_data,,,,,,,,,,,,
A1C6TV.ETR,A1C6TV.DE,ETR,no_data,,,,,,,,,,,,
A1CTQA.ETR,A1CTQA.DE,ETR,no_data,,,,,,,,,,,,
A1CX36.ETR,A1CX36.DE,ETR,no_data,,,,,,,,,,,,
A1DAHH.ETR,A1DAHH.DE,ETR,no_data,,,,,,,,,,,,
A1EWVR.ETR,A1EWVR.DE,ETR,no_data,,,,,,,,,,,,
A1EMHE.ETR,A1EMHE.DE,ETR,no_data,,,,,,,,,,,,
A1CX3T.ETR,A1CX3T.DE,ETR,no_data,,,,,,,,,,,,
A1CUXD.ETR,A1CUXD.DE,ETR,no_data,,,,,,,,,,,,
A1EWXA.ETR,A1EWXA.DE,ETR,no_data,,,,,,,,,,,,
A1EX0A.ETR,A1EX0A.DE,ETR,no_data,,,,,,,,INDEX,,,,
A1EWWW.ETR,A1EWWW.DE,ETR,no_data,,,,,,,,,,,,
A1EWVY.ETR,A1EWVY.DE,ETR,no_data,,,,,,,,,,,,
A1EX0B.ETR,A1EX0B.DE,ETR,no_data,,,,,,,,INDEX,,,,
A1EX0C.ETR,A1EX0C.DE,ETR,no_data,,,,,,,,INDEX,,,,
A1EX0F.ETR,A1EX0F.DE,ETR,no_data,,,,,,,,INDEX,,,,
A1EX0G.ETR,A1EX0G.DE,ETR,no_data,,,,,,,,INDEX,,,,
A1EX10.ETR,A1EX10.DE,ETR,no_data,,,,,,,,INDEX,,,,
A1EX11.ETR,A1EX11.DE,ETR,no_data,,,,,,,,INDEX,,,,
A1EMG5.ETR,A1EMG5.DE,ETR,no_data,,,,,,,,,,,,
A1EX12.ETR,A1EX12.DE,ETR,no_data,,,,,,,,INDEX,,,,
A1EX15.ETR,A1EX15.DE,ETR,no_data,,,,,,,,INDEX,,,,
A1EX1W.ETR,A1EX1W.DE,ETR,no_data,,,,,,,,INDEX,,,,
A1EX1X.ETR,A1EX1X.DE,ETR,no_data,,,,,,,,INDEX,,,,
A1EX1Y.ETR,A1EX1Y.DE,ETR,no_data,,,,,,,,INDEX,,,,
A1EX1Z.ETR,A1EX1Z.DE,ETR,no_data,,,,,,,,INDEX,,,,
A1EXB4.ETR,A1EXB4.DE,ETR,no_data,,,,,,,,INDEX,,,,
A1EXB5.ETR,A1EXB5.DE,ETR,no_data,,,,,,,,INDEX,,,,
A1EX2B.ETR,A1EX2B.DE,ETR,no_data,,,,,,,,INDEX,,,,
A1EXB1.ETR,A1EXB1.DE,ETR,no_data,,,,,,,,INDEX,,,,
A1EXCG.ETR,A1EXCG.DE,ETR,no_data,,,,,,,,INDEX,,,,
A1EXCM.ETR,A1EXCM.DE,ETR,no_data,,,,,,,,INDEX,,,,
A1EXCN.ETR,A1EXCN.DE,ETR,no_data,,,,,,,,INDEX,,,,
A1EXCK.ETR,A1EXCK.DE,ETR,no_data,,,,,,,,INDEX,,,,
A1EXB6.ETR,A1EXB6.DE,ETR,no_data,,,,,,,,INDEX,,,,
A1EXCB.ETR,A1EXCB.DE,ETR,no_data,,,,,,,,INDEX,,,,
A1EXB7.ETR,A1EXB7.DE,ETR,no_data,,,,,,,,INDEX,,,,
A1EXEU.ETR,A1EXEU.DE,ETR,no_data,,,,,,,,INDEX,,,,
A1EXCQ.ETR,A1EXCQ.DE,ETR,no_data,,,,,,,,INDEX,,,,
A1EXET.ETR,A1EXET.DE,ETR,no_data,,,,,,,,INDEX,,,,
A1EXCR.ETR,A1EXCR.DE,ETR,no_data,,,,,,,,INDEX,,,,
A1EXH5.ETR,A1EXH5.DE,ETR,no_data,,,,,,,,INDEX,,,,
A1EXH4.ETR,A1EXH4.DE,ETR,no_data,,,,,,,,INDEX,,,,
A1EXL6.ETR,A1EXL6.DE,ETR,no_data,,,,,,,,INDEX,,,,
A1EXJA.ETR,A1EXJA.DE,ETR,no_data,,,,,,,,INDEX,,,,
A1EXFX.ETR,A1EXFX.DE,ETR,no_data,,,,,,,,INDEX,,,,
A1EXK5.ETR,A1EXK5.DE,ETR,no_data,,,,,,,,INDEX,,,,
A1EXLF.ETR,A1EXLF.DE,ETR,no_data,,,,,,,,INDEX,,,,
A1EXK6.ETR,A1EXK6.DE,ETR,no_data,,,,,,,,INDEX,,,,
A1EXNR.ETR,A1EXNR.DE,ETR,no_data,,,,,,,,INDEX,,,,
A1EXNQ.ETR,A1EXNQ.DE,ETR,no_data,,,,,,,,INDEX,,,,
A1EXLD.ETR,A1EXLD.DE,ETR,no_data,,,,,,,,INDEX,,,,
A1EXLC.ETR,A1EXLC.DE,ETR,no_data,,,,,,,,INDEX,,,,
A1EXK7.ETR,A1EXK7.DE,ETR,no_data,,,,,,,,INDEX,,,,
A1EXQ1.ETR,A1EXQ1.DE,ETR,no_data,,,,,,,,INDEX,,,,
A1EXQ8.ETR,A1EXQ8.DE,ETR,no_data,,,,,,,,INDEX,,,,
A1EXQW.ETR,A1EXQW.DE,ETR,no_data,,,,,,,,INDEX,,,,
A1EXQU.ETR,A1EXQU.DE,ETR,no_data,,,,,,,,INDEX,,,,
A1EXNS.ETR,A1EXNS.DE,ETR,no_data,,,,,,,,INDEX,,,,
A1EXQP.ETR,A1EXQP.DE,ETR,no_data,,,,,,,,INDEX,,,,
A1EXQ6.ETR,A1EXQ6.DE,ETR,no_data,,,,,,,,INDEX,,,,
A1EXUG.ETR,A1EXUG.DE,ETR,no_data,,,,,,,,INDEX,,,,
A1EXUJ.ETR,A1EXUJ.DE,ETR,no_data,,,,,,,,INDEX,,,,
A1EXUL.ETR,A1EXUL.DE,ETR,no_data,,,,,,,,INDEX,,,,
A1EXUE.ETR,A1EXUE.DE,ETR,no_data,,,,,,,,INDEX,,,,
A1EXUF.ETR,A1EXUF.DE,ETR,no_data,,,,,,,,INDEX,,,,
A1EXW5.ETR,A1EXW5.DE,ETR,no_data,,,,,,,,INDEX,,,,
A1EXW6.ETR,A1EXW6.DE,ETR,no_data,,,,,,,,INDEX,,,,
A1EXZW.ETR,A1EXZW.DE,ETR,no_data,,,,,,,,INDEX,,,,
A1EXWH.ETR,A1EXWH.DE,ETR,no_data,,,,,,,,INDEX,,,,
A1EXZV.ETR,A1EXZV.DE,ETR,no_data,,,,,,,,INDEX,,,,
A1EXZS.ETR,A1EXZS.DE,ETR,no_data,,,,,,,,INDEX,,,,
A1H6AJ.ETR,A1H6AJ.DE,ETR,no_data,,,,,,,,,,,,
A1H81M.ETR,A1H81M.DE,ETR,no_data,,,,,,,,,,,,
A1EXZX.ETR,A1EXZX.DE,ETR,no_data,,,,,,,,INDEX,,,,
A1H92V.ETR,A1H92V.DE,ETR,no_data,,,,,,,,,,,,
A1H8BV.ETR,A1H8BV.DE,ETR,no_data,,,,,,,,,,,,
A1H6GK.ETR,A1H6GK.DE,ETR,no_data,,,,,,,,,,,,
A1H81L.ETR,A1H81L.DE,ETR,no_data,,,,,,,,,,,,
A1J4U4.ETR,A1J4U4.DE,ETR,no_data,,,,,,,,,,,,
A1J5RX.ETR,A1J5RX.DE,ETR,no_data,,,,,,,,,,,,
A1J6Y4.ETR,A1J6Y4.DE,ETR,no_data,,,,,,,,,,,,
A1H9GN.ETR,A1H9GN.DE,ETR,no_data,,,,,,,,,,,,
A1J84E.ETR,A1J84E.DE,ETR,no_data,,,,,,,,,,,,
A1J0EV.ETR,A1J0EV.DE,ETR,no_data,,,,,,,,,,,,
A1J4U0.ETR,A1J4U0.DE,ETR,no_data,,,,,,,,,,,,
A1JC82.ETR,A1JC82.DE,ETR,no_data,,,,,,,,,,,,
A1J85V.ETR,A1J85V.DE,ETR,no_data,,,,,,,,,,,,
A1JE0N.ETR,A1JE0N.DE,ETR,no_data,,,,,,,,,,,,
A1JD3A.ETR,A1JD3A.DE,ETR,no_data,,,,,,,,,,,,
A1JA81.ETR,A1JA81.DE,ETR,no_data,,,,,,,,,,,,
A1JADL.ETR,A1JADL.DE,ETR,no_data,,,,,,,,,,,,
A1JFWK.ETR,A1JFWK.DE,ETR,no_data,,,,,,,,,,,,
A1JMBU.ETR,A1JMBU.DE,ETR,no_data,,,,,,,,,,,,
A1JEXK.ETR,A1JEXK.DE,ETR,no_data,,,,,,,,,,,,
A1JGT0.ETR,A1JGT0.DE,ETR,no_data,,,,,,,,,,,,
A1JJQC.ETR,A1JJQC.DE,ETR,no_data,,,,,,,,,,,,
A1JMFQ.ETR,A1JMFQ.DE,ETR,no_data,,,,,,,,,,,,
A1JNDJ.ETR,A1JNDJ.DE,ETR,no_data,,,,,,,,,,,,
A1JPJY.ETR,A1JPJY.DE,ETR,no_data,,,,,,,,,,,,
A1JS25.ETR,A1JS25.DE,ETR,no_data,,,,,,,,,,,,
A1JRLK.ETR,A1JRLK.DE,ETR,no_data,,,,,,,,,,,,
A1JRLJ.ETR,A1JRLJ.DE,ETR,no_data,,,,,,,,,,,,
A1JS7T.ETR,A1JS7T.DE,ETR,no_data,,,,,,,,,,,,
A1JUDY.ETR,A1JUDY.DE,ETR,no_data,,,,,,,,,,,,
A1JSSD.ETR,A1JSSD.DE,ETR,no_data,,,,,,,,,,,,
A1JTC1.ETR,A1JTC1.DE,ETR,no_data,,,,,,,,,,,,
A1JU1D.ETR,A1JU1D.DE,ETR,no_data,,,,,,,,,,,,
A1JWVX.ETR,A1JWVX.DE,ETR,no_data,,,,,,,,,,,,
A1JV4H.ETR,A1JV4H.DE,ETR,no_data,,,,,,,,,,,,
A1JWQU.ETR,A1JWQU.DE,ETR,no_data,,,,,,,,,,,,
A1JXTD.ETR,A1JXTD.DE,ETR,no_data,,,,,,,,,,,,
A1JYVT.ETR,A1JYVT.DE,ETR,no_data,,,,,,,,,,,,
A1JX4P.ETR,A1JX4P.DE,ETR,no_data,,,,,,,,,,,,
A1JXCV.ETR,A1JXCV.DE,ETR,no_data,,,,,,,,,,,,
A1K037.ETR,A1K037.DE,ETR,no_data,,,,,,,,,,,,
A1K03W.ETR,A1K03W.DE,ETR,no_data,,,,,,,,,,,,
A1JZ0Q.ETR,A1JZ0Q.DE,ETR,no_data,,,,,,,,,,,,
A1K023.ETR,A1K023.DE,ETR,no_data,,,,,,,,,,,,
A1K020.ETR,A1K020.DE,ETR,no_data,,,,,,,,,,,,
A1KAGC.ETR,A1KAGC.DE,ETR,no_data,,,,,,,,,,,,
A1KBYX.ETR,A1KBYX.DE,ETR,no_data,,,,,,,,,,,,
A1ML7J.ETR,A1ML7J.DE,ETR,no_data,,,,,,,,,,,,
A1MME7.ETR,A1MME7.DE,ETR,no_data,,,,,,,,,,,,
A1MMEV.ETR,A1MMEV.DE,ETR,no_data,,,,,,,,,,,,
A1RFMZ.ETR,A1RFMZ.DE,ETR,no_data,,,,,,,,,,,,
A1MMCC.ETR,A1MMCC.DE,ETR,no_data,,,,,,,,,,,,
A1TNNN.ETR,A1TNNN.DE,ETR,no_data,,,,,,,,,,,,
A1T7LU.ETR,A1T7LU.DE,ETR,no_data,,,,,,,,,,,,
A1PG50.ETR,A1PG50.DE,ETR,no_data,,,,,,,,,,,,
A1PHBB.ETR,A1PHBB.DE,ETR,no_data,,,,,,,,,,,,
A1PHFF.ETR,A1PHFF.DE,ETR,no_data,,,,,,,,,,,,
A1RFMY.ETR,A1RFMY.DE,ETR,no_data,,,,,,,,,,,,
A1TNV9.ETR,A1TNV9.DE,ETR,no_data,,,,,,,,,,,,
A1W2MF.ETR,A1W2MF.DE,ETR,no_data,,,,,,,,,,,,
A1TNU6.ETR,A1TNU6.DE,ETR,no_data,,,,,,,,,,,,
A1W4ER.ETR,A1W4ER.DE,ETR,no_data,,,,,,,,,,,,
A1W2YK.ETR,A1W2YK.DE,ETR,no_data,,,,,,,,,,,,
A1W5SA.ETR,A1W5SA.DE,ETR,no_data,,,,,,,,,,,,
A1W58K.ETR,A1W58K.DE,ETR,no_data,,,,,,,,,,,,
A1W6XZ.ETR,A1W6XZ.DE,ETR,no_data,,,,,,,,,,,,
A1W8XE.ETR,A1W8XE.DE,ETR,no_data,,,,,,,,,,,,
A1W5H0.ETR,A1W5H0.DE,ETR,no_data,,,,,,,,,,,,
A1W5CT.ETR,A1W5CT.DE,ETR,no_data,,,,,,,,,,,,
A1TNUT.ETR,A1TNUT.DE,ETR,no_data,,,,,,,,,,,,
A1W6RN.ETR,A1W6RN.DE,ETR,no_data,,,,,,,,,,,,
A1TNWJ.ETR,A1TNWJ.DE,ETR,no_data,,,,,,,,,,,,
A1W90H.ETR,A1W90H.DE,ETR,no_data,,,,,,,,,,,,
A1X214.ETR,A1X214.DE,ETR,no_data,,,,,,,,INDEX,,,,
A1W97M.ETR,A1W97M.DE,ETR,no_data,,,,,,,,,,,,
A1W9NS.ETR,A1W9NS.DE,ETR,no_data,,,,,,,,,,,,
A1WY6X.ETR,A1WY6X.DE,ETR,no_data,,,,,,,,,,,,
A1X215.ETR,A1X215.DE,ETR,no_data,,,,,,,,INDEX,,,,
A1X225.ETR,A1X225.DE,ETR,no_data,,,,,,,,INDEX,,,,
A1X226.ETR,A1X226.DE,ETR,no_data,,,,,,,,INDEX,,,,
A1X2V6.ETR,A1X2V6.DE,ETR,no_data,,,,,,,,INDEX,,,,
A1X227.ETR,A1X227.DE,ETR,no_data,,,,,,,,INDEX,,,,
A1X22A.ETR,A1X22A.DE,ETR,no_data,,,,,,,,INDEX,,,,
A1X2V7.ETR,A1X2V7.DE,ETR,no_data,,,,,,,,INDEX,,,,
A1X2VP.ETR,A1X2VP.DE,ETR,no_data,,,,,,,,INDEX,,,,
A1X2VQ.ETR,A1X2VQ.DE,ETR,no_data,,,,,,,,INDEX,,,,
A1X2VS.ETR,A1X2VS.DE,ETR,no_data,,,,,,,,INDEX,,,,
A1X2W6.ETR,A1X2W6.DE,ETR,no_data,,,,,,,,INDEX,,,,
A1X2VR.ETR,A1X2VR.DE,ETR,no_data,,,,,,,,INDEX,,,,
A1X2VU.ETR,A1X2VU.DE,ETR,no_data,,,,,,,,INDEX,,,,
A1X2WD.ETR,A1X2WD.DE,ETR,no_data,,,,,,,,INDEX,,,,
A1X2XJ.ETR,A1X2XJ.DE,ETR,no_data,,,,,,,,INDEX,,,,
A1X2XK.ETR,A1X2XK.DE,ETR,no_data,,,,,,,,INDEX,,,,
A1X2WE.ETR,A1X2WE.DE,ETR,no_data,,,,,,,,INDEX,,,,
A1X2XH.ETR,A1X2XH.DE,ETR,no_data,,,,,,,,INDEX,,,,
A1X2YV.ETR,A1X2YV.DE,ETR,no_data,,,,,,,,INDEX,,,,
A1X2YJ.ETR,A1X2YJ.DE,ETR,no_data,,,,,,,,INDEX,,,,
A1X2XP.ETR,A1X2XP.DE,ETR,no_data,,,,,,,,INDEX,,,,
A1X2YK.ETR,A1X2YK.DE,ETR,no_data,,,,,,,,INDEX,,,,
A1X2XQ.ETR,A1X2XQ.DE,ETR,no_data,,,,,,,,INDEX,,,,
A1X2YL.ETR,A1X2YL.DE,ETR,no_data,,,,,,,,INDEX,,,,
A1X3W0.ETR,A1X3W0.DE,ETR,no_data,,,,,,,,,,,,
A1X3WX.ETR,A1X3WX.DE,ETR,no_data,,,,,,,,,,,,
A1X3YY.ETR,A1X3YY.DE,ETR,no_data,,,,,,,,,,,,
A1X3X3.ETR,A1X3X3.DE,ETR,no_data,,,,,,,,,,,,
A1X3XX.ETR,A1X3XX.DE,ETR,no_data,,,,,,,,,,,,
A1XFVG.ETR,A1XFVG.DE,ETR,no_data,,,,,,,,,,,,
A1XA83.ETR,A1XA83.DE,ETR,no_data,,,,,,,,,,,,
A1YC99.ETR,A1YC99.DE,ETR,no_data,,,,,,,,,,,,
A1YC91.ETR,A1YC91.DE,ETR,no_data,,,,,,,,,,,,
A1XE7G.ETR,A1XE7G.DE,ETR,no_data,,,,,,,,,,,,
A1XFG9.ETR,A1XFG9.DE,ETR,no_data,,,,,,,,,,,,
A1XDTV.ETR,A1XDTV.DE,ETR,no_data,,,,,,,,,,,,
A1YDAZ.ETR,A1YDAZ.DE,ETR,no_data,,,,,,,,,,,,
A1XA8R.ETR,A1XA8R.DE,ETR,no_data,,,,,,,,,,,,
A25429.ETR,A25429.DE,ETR,no_data,,,,,,,,,,,,
A254W5.ETR,A254W5.DE,ETR,no_data,,,,,,,,,,,,
A25421.ETR,A25421.DE,ETR,no_data,,,,,,,,,,,,
A255F1.ETR,A255F1.DE,ETR,no_data,,,,,,,,,,,,
A255G0.ETR,A255G0.DE,ETR,no_data,,,,,,,,,,,,
A289V0.ETR,A289V0.DE,ETR,no_data,,,,,,,,,,,,
A255G3.ETR,A255G3.DE,ETR,no_data,,,,,,,,,,,,
A289B0.ETR,A289B0.DE,ETR,no_data,,,,,,,,,,,,
A28890.ETR,A28890.DE,ETR,no_data,,,,,,,,,,,,
A2AA20.ETR,A2AA20.DE,ETR,no_data,,,,,,,,,,,,
A289VV.ETR,A289VV.DE,ETR,no_data,,,,,,,,,,,,
A2ACKK.ETR,A2ACKK.DE,ETR,no_data,,,,,,,,,,,,
A2AAA7.ETR,A2AAA7.DE,ETR,no_data,,,,,,,,,,,,
A2AF0E.ETR,A2AF0E.DE,ETR,no_data,,,,,,,,,,,,
A2AAE2.ETR,A2AAE2.DE,ETR,no_data,,,,,,,,,,,,
A2AF8T.ETR,A2AF8T.DE,ETR,no_data,,,,,,,,,,,,
A2AJX9.ETR,A2AJX9.DE,ETR,no_data,,,,,,,,,,,,
A2AJ68.ETR,A2AJ68.DE,ETR,no_data,,,,,,,,,,,,
A2AJ0F.ETR,A2AJ0F.DE,ETR,no_data,,,,,,,,,,,,
A2AHZ7.ETR,A2AHZ7.DE,ETR,no_data,,,,,,,,,,,,
A2AHZA.ETR,A2AHZA.DE,ETR,no_data,,,,,,,,,,,,
A2AJTS.ETR,A2AJTS.DE,ETR,no_data,,,,,,,,,,,,
A2ANT0.ETR,A2ANT0.DE,ETR,no_data,,,,,,,,,,,,
A2ANV3.ETR,A2ANV3.DE,ETR,no_data,,,,,,,,,,,,
A2AR94.ETR,A2AR94.DE,ETR,no_data,,,,,,,,,,,,
A2ARCV.ETR,A2ARCV.DE,ETR,no_data,,,,,,,,,,,,
A2AQCA.ETR,A2AQCA.DE,ETR,no_data,,,,,,,,,,,,
A2AT0H.ETR,A2AT0H.DE,ETR,no_data,,,,,,,,,,,,
A2ARTP.ETR,A2ARTP.DE,ETR,no_data,,,,,,,,,,,,
A2ASZ7.ETR,A2ASZ7.DE,ETR,no_data,,,,,,,,,,,,
A2ASF5.ETR,A2ASF5.DE,ETR,no_data,,,,,,,,,,,,
A2ASUV.ETR,A2ASUV.DE,ETR,no_data,,,,,,,,,,,,
A2ASAC.ETR,A2ASAC.DE,ETR,no_data,,,,,,,,,,,,
A2BPK3.ETR,A2BPK3.DE,ETR,no_data,,,,,,,,,,,,
A2BPNB.ETR,A2BPNB.DE,ETR,no_data,,,,,,,,,,,,
A2DA41.ETR,A2DA41.DE,ETR,no_data,,,,,,,,,,,,
A2DA58.ETR,A2DA58.DE,ETR,no_data,,,,,,,,,,,,
A2DAM0.ETR,A2DAM0.DE,ETR,no_data,,,,,,,,,,,,
A2DLMS.ETR,A2DLMS.DE,ETR,no_data,,,,,,,,,,,,
A2DME9.ETR,A2DME9.DE,ETR,no_data,,,,,,,,,,,,
A2DM8U.ETR,A2DM8U.DE,ETR,no_data,,,,,,,,,,,,
A2DAN1.ETR,A2DAN1.DE,ETR,no_data,,,,,,,,,,,,
A2DJTU.ETR,A2DJTU.DE,ETR,no_data,,,,,,,,,,,,
A2DH1A.ETR,A2DH1A.DE,ETR,no_data,,,,,,,,,,,,
A2DJV6.ETR,A2DJV6.DE,ETR,no_data,,,,,,,,,,,,
A2DKCH.ETR,A2DKCH.DE,ETR,no_data,,,,,,,,,,,,
A2DQWX.ETR,A2DQWX.DE,ETR,no_data,,,,,,,,,,,,
A2DR6L.ETR,A2DR6L.DE,ETR,no_data,,,,,,,,,,,,
A2DR54.ETR,A2DR54.DE,ETR,no_data,,,,,,,,,,,,
A2DR6K.ETR,A2DR6K.DE,ETR,no_data,,,,,,,,,,,,
A2DPEL.ETR,A2DPEL.DE,ETR,no_data,,,,,,,,,,,,
A2DVLE.ETR,A2DVLE.DE,ETR,no_data,,,,,,,,,,,,
A2DRBP.ETR,A2DRBP.DE,ETR,no_data,,,,,,,,,,,,
A2DSYC.ETR,A2DSYC.DE,ETR,no_data,,,,,,,,,,,,
A2DRTZ.ETR,A2DRTZ.DE,ETR,no_data,,,,,,,,,,,,
A2DUAY.ETR,A2DUAY.DE,ETR,no_data,,,,,,,,,,,,
A2DUDM.ETR,A2DUDM.DE,ETR,no_data,,,,,,,,,,,,
A2DVSM.ETR,A2DVSM.DE,ETR,no_data,,,,,,,,,,,,
A2DW84.ETR,A2DW84.DE,ETR,no_data,,,,,,,,,,,,
A2DW4X.ETR,A2DW4X.DE,ETR,no_data,,,,,,,,,,,,
A2DWB8.ETR,A2DWB8.DE,ETR,no_data,,,,,,,,,,,,
A2DW8Z.ETR,A2DW8Z.DE,ETR,no_data,,,,,,,,,,,,
A2E370.ETR,A2E370.DE,ETR,no_data,,,,,,,,,,,,
A2E4T7.ETR,A2E4T7.DE,ETR,no_data,,,,,,,,,,,,
A2G833.ETR,A2G833.DE,ETR,no_data,,,,,,,,,,,,
A2E4SV.ETR,A2E4SV.DE,ETR,no_data,,,,,,,,,,,,
A2E377.ETR,A2E377.DE,ETR,no_data,,,,,,,,,,,,
A2E4MK.ETR,A2E4MK.DE,ETR,no_data,,,,,,,,,,,,
A2E4LE.ETR,A2E4LE.DE,ETR,no_data,,,,,,,,,,,,
A2E4K4.ETR,A2E4K4.DE,ETR,no_data,,,,,,,,,,,,
A2G8X3.ETR,A2G8X3.DE,ETR,no_data,,,,,,,,,,,,
A2G9MZ.ETR,A2G9MZ.DE,ETR,no_data,,,,,,,,,,,,
A2G9M1.ETR,A2G9M1.DE,ETR,no_data,,,,,,,,,,,,
A2G9LL.ETR,A2G9LL.DE,ETR,no_data,,,,,,,,,,,,
A2G8XP.ETR,A2G8XP.DE,ETR,no_data,,,,,,,,,,,,
A2GS40.ETR,A2GS40.DE,ETR,no_data,,,,,,,,,,,,
A2GS63.ETR,A2GS63.DE,ETR,no_data,,,,,,,,,,,,
A2GS5D.ETR,A2GS5D.DE,ETR,no_data,,,,,,,,,,,,
A2GS5M.ETR,A2GS5M.DE,ETR,no_data,,,,,,,,,,,,
A2GS62.ETR,A2GS62.DE,ETR,no_data,,,,,,,,,,,,
A2GS60.ETR,A2GS60.DE,ETR,no_data,,,,,,,,,,,,
A2GSU4.ETR,A2GSU4.DE,ETR,no_data,,,,,,,,,,,,
A2GSVV.ETR,A2GSVV.DE,ETR,no_data,,,,,,,,,,,,
A2H7A5.ETR,A2H7A5.DE,ETR,no_data,,,,,,,,,,,,
A2H5A3.ETR,A2H5A3.DE,ETR,no_data,,,,,,,,,,,,
A2H5Z1.ETR,A2H5Z1.DE,ETR,no_data,,,,,,,,,,,,
A2H7JF.ETR,A2H7JF.DE,ETR,no_data,,,,,,,,,,,,
A2JEXP.ETR,A2JEXP.DE,ETR,no_data,,,,,,,,,,,,
A2JF28.ETR,A2JF28.DE,ETR,no_data,,,,,,,,,,,,
A2JDGJ.ETR,A2JDGJ.DE,ETR,no_data,,,,,,,,,,,,
A2JE3W.ETR,A2JE3W.DE,ETR,no_data,,,,,,,,,,,,
A2JEGN.ETR,A2JEGN.DE,ETR,no_data,,,,,,,,,,,,
A2JE48.ETR,A2JE48.DE,ETR,no_data,,,,,,,,,,,,
A2JG9Z.ETR,A2JG9Z.DE,ETR,no_data,,,,,,,,,,,,
A2JHXV.ETR,A2JHXV.DE,ETR,no_data,,,,,,,,,,,,
A2JKHY.ETR,A2JKHY.DE,ETR,no_data,,,,,,,,,,,,
A2JGMQ.ETR,A2JGMQ.DE,ETR,no_data,,,,,,,,,,,,
A2JH5S.ETR,A2JH5S.DE,ETR,no_data,,,,,,,,,,,,
A2JM2W.ETR,A2JM2W.DE,ETR,no_data,,,,,,,,,,,,
A2JNF4.ETR,A2JNF4.DE,ETR,no_data,,,,,,,,,,,,
A2JSPM.ETR,A2JSPM.DE,ETR,no_data,,,,,,,,,,,,
A2JQTG.ETR,A2JQTG.DE,ETR,no_data,,,,,,,,,,,,
A2JQSC.ETR,A2JQSC.DE,ETR,no_data,,,,,,,,,,,,
A2LQ85.ETR,A2LQ85.DE,ETR,no_data,,,,,,,,,,,,
A2JNWZ.ETR,A2JNWZ.DE,ETR,no_data,,,,,,,,,,,,
A2LQUA.ETR,A2LQUA.DE,ETR,no_data,,,,,,,,,,,,
A2JSR1.ETR,A2JSR1.DE,ETR,no_data,,,,,,,,,,,,
A2LQ88.ETR,A2LQ88.DE,ETR,no_data,,,,,,,,,,,,
A2N6BH.ETR,A2N6BH.DE,ETR,no_data,,,,,,,,,,,,
A2N7XQ.ETR,A2N7XQ.DE,ETR,no_data,,,,,,,,,,,,
A2N4H0.ETR,A2N4H0.DE,ETR,no_data,,,,,,,,,,,,
A2N5RS.ETR,A2N5RS.DE,ETR,no_data,,,,,,,,,,,,
A2N9D9.ETR,A2N9D9.DE,ETR,no_data,,,,,,,,,,,,
A2JR3A.ETR,A2JR3A.DE,ETR,no_data,,,,,,,,,,,,
A2N64R.ETR,A2N64R.DE,ETR,no_data,,,,,,,,,,,,
A2N6WP.ETR,A2N6WP.DE,ETR,no_data,,,,,,,,,,,,
A2N5RY.ETR,A2N5RY.DE,ETR,no_data,,,,,,,,,,,,
A2NB37.ETR,A2NB37.DE,ETR,no_data,,,,,,,,,,,,
A2NB60.ETR,A2NB60.DE,ETR,no_data,,,,,,,,,,,,
A2N9WV.ETR,A2N9WV.DE,ETR,no_data,,,,,,,,,,,,
A2NB7S.ETR,A2NB7S.DE,ETR,no_data,,,,,,,,,,,,
A2P1UZ.ETR,A2P1UZ.DE,ETR,no_data,,,,,,,,,,,,
A2NBTL.ETR,A2NBTL.DE,ETR,no_data,,,,,,,,,,,,
A2P0E9.ETR,A2P0E9.DE,ETR,no_data,,,,,,,,,,,,
A2NB65.ETR,A2NB65.DE,ETR,no_data,,,,,,,,,,,,
A2P1UY.ETR,A2P1UY.DE,ETR,no_data,,,,,,,,,,,,
A2NBX8.ETR,A2NBX8.DE,ETR,no_data,,,,,,,,,,,,
A2P205.ETR,A2P205.DE,ETR,no_data,,,,,,,,,,,,
A2P4HL.ETR,A2P4HL.DE,ETR,no_data,,,,,,,,,,,,
A2P4A9.ETR,A2P4A9.DE,ETR,no_data,,,,,,,,,,,,
A2P4LJ.ETR,A2P4LJ.DE,ETR,no_data,,,,,,,,,,,,
A2PA9L.ETR,A2PA9L.DE,ETR,no_data,,,,,,,,,,,,
A2P6UE.ETR,A2P6UE.DE,ETR,no_data,,,,,,,,,,,,
A2P739.ETR,A2P739.DE,ETR,no_data,,,,,,,,,,,,
A2P71U.ETR,A2P71U.DE,ETR,no_data,,,,,,,,,,,,
A2P9T5.ETR,A2P9T5.DE,ETR,no_data,,,,,,,,,,,,
A2NBVD.ETR,A2NBVD.DE,ETR,no_data,,,,,,,,,,,,
A2P75D.ETR,A2P75D.DE,ETR,no_data,,,,,,,,,,,,
A2PBVH.ETR,A2PBVH.DE,ETR,no_data,,,,,,,,,,,,
A2PBX0.ETR,A2PBX0.DE,ETR,no_data,,,,,,,,,,,,
A2PAA5.ETR,A2PAA5.DE,ETR,no_data,,,,,,,,,,,,
A2PBHR.ETR,A2PBHR.DE,ETR,no_data,,,,,,,,,,,,
A2PE38.ETR,A2PE38.DE,ETR,no_data,,,,,,,,,,,,
A2PHG5.ETR,A2PHG5.DE,ETR,no_data,,,,,,,,,,,,
A2PG8A.ETR,A2PG8A.DE,ETR,no_data,,,,,,,,,,,,
A2PF3K.ETR,A2PF3K.DE,ETR,no_data,,,,,,,,,,,,
A2PGJ2.ETR,A2PGJ2.DE,ETR,no_data,,,,,,,,,,,,
A2PFRC.ETR,A2PFRC.DE,ETR,no_data,,,,,,,,,,,,
A2PFHR.ETR,A2PFHR.DE,ETR,no_data,,,,,,,,,,,,
A2PHHG.ETR,A2PHHG.DE,ETR,no_data,,,,,,,,,,,,
A2PJSK.ETR,A2PJSK.DE,ETR,no_data,,,,,,,,,,,,
A2PKHA.ETR,A2PKHA.DE,ETR,no_data,,,,,,,,,,,,
A2PK6Z.ETR,A2PK6Z.DE,ETR,no_data,,,,,,,,,,,,
A2PN69.ETR,A2PN69.DE,ETR,no_data,,,,,,,,,,,,
A2PPE1.ETR,A2PPE1.DE,ETR,no_data,,,,,,,,,,,,
A2PKRR.ETR,A2PKRR.DE,ETR,no_data,,,,,,,,,,,,
A2PLC7.ETR,A2PLC7.DE,ETR,no_data,,,,,,,,,,,,
A2PLC1.ETR,A2PLC1.DE,ETR,no_data,,,,,,,,,,,,
A2PLR5.ETR,A2PLR5.DE,ETR,no_data,,,,,,,,,,,,
A2PLUG.ETR,A2PLUG.DE,ETR,no_data,,,,,,,,,,,,
A2PM3H.ETR,A2PM3H.DE,ETR,no_data,,,,,,,,,,,,
A2PPTN.ETR,A2PPTN.DE,ETR,no_data,,,,,,,,,,,,
A2PRCJ.ETR,A2PRCJ.DE,ETR,no_data,,,,,,,,,,,,
A2PRDK.ETR,A2PRDK.DE,ETR,no_data,,,,,,,,,,,,
A2PR0M.ETR,A2PR0M.DE,ETR,no_data,,,,,,,,,,,,
A2PRLS.ETR,A2PRLS.DE,ETR,no_data,,,,,,,,,,,,
A2PWMZ.ETR,A2PWMZ.DE,ETR,no_data,,,,,,,,,,,,
A2PSR2.ETR,A2PSR2.DE,ETR,no_data,,,,,,,,,,,,
A2PX9L.ETR,A2PX9L.DE,ETR,no_data,,,,,,,,,,,,
A2PSFR.ETR,A2PSFR.DE,ETR,no_data,,,,,,,,,,,,
A2PUZ3.ETR,A2PUZ3.DE,ETR,no_data,,,,,,,,,,,,
A2PUXE.ETR,A2PUXE.DE,ETR,no_data,,,,,,,,,,,,
A2PUCU.ETR,A2PUCU.DE,ETR,no_data,,,,,,,,,,,,
A2PXQD.ETR,A2PXQD.DE,ETR,no_data,,,,,,,,,,,,
A2PZ2D.ETR,A2PZ2D.DE,ETR,no_data,,,,,,,,,,,,
A2PZZV.ETR,A2PZZV.DE,ETR,no_data,,,,,,,,,,,,
A2PZ0R.ETR,A2PZ0R.DE,ETR,no_data,,,,,,,,,,,,
A2QA4J.ETR,A2QA4J.DE,ETR,no_data,,,,,,,,,,,,
A2QA6Q.ETR,A2QA6Q.DE,ETR,no_data,,,,,,,,,,,,
A2QDNX.ETR,A2QDNX.DE,ETR,no_data,,,,,,,,,,,,
A2QAME.ETR,A2QAME.DE,ETR,no_data,,,,,,,,,,,,
A2QB38.ETR,A2QB38.DE,ETR,no_data,,,,,,,,,,,,
A2QAZJ.ETR,A2QAZJ.DE,ETR,no_data,,,,,,,,,,,,
A2QCEQ.ETR,A2QCEQ.DE,ETR,no_data,,,,,,,,,,,,
A2QEFA.ETR,A2QEFA.DE,ETR,no_data,,,,,,,,,,,,
A2QG35.ETR,A2QG35.DE,ETR,no_data,,,,,,,,,,,,
A2QJV6.ETR,A2QJV6.DE,ETR,no_data,,,,,,,,,,,,
A2QL01.ETR,A2QL01.DE,ETR,no_data,,,,,,,,,,,,
A2QJVE.ETR,A2QJVE.DE,ETR,no_data,,,,,,,,,,,,
A2QH97.ETR,A2QH97.DE,ETR,no_data,,,,,,,,,,,,
A2QQMK.ETR,A2QQMK.DE,ETR,no_data,,,,,,,,,,,,
A2QRHL.ETR,A2QRHL.DE,ETR,no_data,,,,,,,,,,,,
A2QQQU.ETR,A2QQQU.DE,ETR,no_data,,,,,,,,,,,,
A2TR91.ETR,A2TR91.DE,ETR,no_data,,,,,,,,,,,,
A2QQVE.ETR,A2QQVE.DE,ETR,no_data,,,,,,,,,,,,
A2QM3K.ETR,A2QM3K.DE,ETR,no_data,,,,,,,,,,,,
A2QN3E.ETR,A2QN3E.DE,ETR,no_data,,,,,,,,,,,,
A2QP7J.ETR,A2QP7J.DE,ETR,no_data,,,,,,,,,,,,
A2QMYN.ETR,A2QMYN.DE,ETR,no_data,,,,,,,,,,,,
A2TSQH.ETR,A2TSQH.DE,ETR,no_data,,,,,,,,,,,,
A2TSL7.ETR,A2TSL7.DE,ETR,no_data,,,,,,,,,,,,
A2YN70.ETR,A2YN70.DE,ETR,no_data,,,,,,,,,,,,
A2YN37.ETR,A2YN37.DE,ETR,no_data,,,,,,,,,,,,
A2YN50.ETR,A2YN50.DE,ETR,no_data,,,,,,,,,,,,
A2YPDD.ETR,A2YPDD.DE,ETR,no_data,,,,,,,,,,,,
A2YN77.ETR,A2YN77.DE,ETR,no_data,,,,,,,,,,,,
A2TSU2.ETR,A2TSU2.DE,ETR,no_data,,,,,,,,,,,,
A2YN90.ETR,A2YN90.DE,ETR,no_data,,,,,,,,,,,,
A2YNT3.ETR,A2YNT3.DE,ETR,no_data,,,,,,,,,,,,
A2YN99.ETR,A2YN99.DE,ETR,no_data,,,,,,,,,,,,
A3CM9E.ETR,A3CM9E.DE,ETR,no_data,,,,,,,,,,,,
A3CN9R.ETR,A3CN9R.DE,ETR,no_data,,,,,,,,,,,,
A3CMGM.ETR,A3CMGM.DE,ETR,no_data,,,,,,,,,,,,
A3CM2W.ETR,A3CM2W.DE,ETR,no_data,,,,,,,,,,,,
A3CMGN.ETR,A3CMGN.DE,ETR,no_data,,,,,,,,,,,,
A3CMNS.ETR,A3CMNS.DE,ETR,no_data,,,,,,,,,,,,
A3C4QG.ETR,A3C4QG.DE,ETR,no_data,,,,,,,,,,,,
A3CQ7F.ETR,A3CQ7F.DE,ETR,no_data,,,,,,,,,,,,
A3CRRN.ETR,A3CRRN.DE,ETR,no_data,,,,,,,,,,,,
A3CSML.ETR,A3CSML.DE,ETR,no_data,,,,,,,,,,,,
A3CS4Z.ETR,A3CS4Z.DE,ETR,no_data,,,,,,,,,,,,
A3CSAE.ETR,A3CSAE.DE,ETR,no_data,,,,,,,,,,,,
A3CPKP.ETR,A3CPKP.DE,ETR,no_data,,,,,,,,,,,,
A3CNK4.ETR,A3CNK4.DE,ETR,no_data,,,,,,,,,,,,
A3CNLD.ETR,A3CNLD.DE,ETR,no_data,,,,,,,,,,,,
A3CSWZ.ETR,A3CSWZ.DE,ETR,no_data,,,,,,,,,,,,
A3E5A5.ETR,A3E5A5.DE,ETR,no_data,,,,,,,,,,,,
A3E5B5.ETR,A3E5B5.DE,ETR,no_data,,,,,,,,,,,,
A3E5C0.ETR,A3E5C0.DE,ETR,no_data,,,,,,,,,,,,
A3E5C4.ETR,A3E5C4.DE,ETR,no_data,,,,,,,,,,,,
A3CWHH.ETR,A3CWHH.DE,ETR,no_data,,,,,,,,,,,,
A3E5CC.ETR,A3E5CC.DE,ETR,no_data,,,,,,,,,,,,
A3E5DP.ETR,A3E5DP.DE,ETR,no_data,,,,,,,,,,,,
A3E5DK.ETR,A3E5DK.DE,ETR,no_data,,,,,,,,,,,,
A3E5DT.ETR,A3E5DT.DE,ETR,no_data,,,,,,,,,,,,
A3E5D6.ETR,A3E5D6.DE,ETR,no_data,,,,,,,,,,,,
A3E5D5.ETR,A3E5D5.DE,ETR,no_data,,,,,,,,,,,,
A3E5DF.ETR,A3E5DF.DE,ETR,no_data,,,,,,,,,,,,
A3E5D0.ETR,A3E5D0.DE,ETR,no_data,,,,,,,,,,,,
A3E5E4.ETR,A3E5E4.DE,ETR,no_data,,,,,,,,,,,,
A3E5ES.ETR,A3E5ES.DE,ETR,no_data,,,,,,,,,,,,
A3E5E6.ETR,A3E5E6.DE,ETR,no_data,,,,,,,,,,,,
A3E5ED.ETR,A3E5ED.DE,ETR,no_data,,,,,,,,,,,,
A3E5ET.ETR,A3E5ET.DE,ETR,no_data,,,,,,,,,,,,
A3E5E5.ETR,A3E5E5.DE,ETR,no_data,,,,,,,,,,,,
A3E5EU.ETR,A3E5EU.DE,ETR,no_data,,,,,,,,,,,,
A3H213.ETR,A3H213.DE,ETR,no_data,,,,,,,,,,,,
A3E5C5.ETR,A3E5C5.DE,ETR,no_data,,,,,,,,,,,,
A3H222.ETR,A3H222.DE,ETR,no_data,,,,,,,,,,,,
A3H233.ETR,A3H233.DE,ETR,no_data,,,,,,,,,,,,
A3H210.ETR,A3H210.DE,ETR,no_data,,,,,,,,,,,,
A3H218.ETR,A3H218.DE,ETR,no_data,,,,,,,,,,,,
A3H220.ETR,A3H220.DE,ETR,no_data,,,,,,,,,,,,
A3H3L4.ETR,A3H3L4.DE,ETR,no_data,,,,,,,,,,,,
AACW.FR,AACW.PA,FR,no_data,,,,,,,,,,,,
AALB.NL,AALB.AS,NL,ok,AALBERTS N.V.,Aalberts N.V.,Industrials,Specialty Industrial Machinery,Netherlands,Utrecht,EUR,EQUITY,4420777472,13000,https://www.aalberts.com,
A3H3LL.ETR,A3H3LL.DE,ETR,no_data,,,,,,,,,,,,
A3H3LB.ETR,A3H3LB.DE,ETR,no_data,,,,,,,,,,,,
AAC.FR,AAC.PA,FR,no_data,,,,,,,,NONE,,,,
AAA.FR,AAA.PA,FR,ok,ALAN ALLMAN ASSOCIATES,Alan Allman Associates,Industrials,Consulting Services,France,Issy-les-Moulineaux,EUR,EQUITY,81772864,2239,https://www.alan-allman.com,
AAP2.FR,AAP2.PA,FR,ok,Leverage Shares 2x Apple ETP Se,Leverage Shares 2x Apple ETP Securities A,,,,,EUR,ETF,,,,
AB.FR,AB.PA,FR,ok,AB SCIENCE,AB Science S.A.,Healthcare,Drug Manufacturers - Specialty & Generic,France,Paris,EUR,EQUITY,46075504,26,https://www.ab-science.com,
ABCA.FR,ABCA.PA,FR,ok,ABC ARBITRAGE,ABC arbitrage SA,Financial Services,Asset Management,France,Paris,EUR,EQUITY,304052128,108,https://www.abc-arbitrage.com,
AAP3.FR,AAP3.PA,FR,ok,Leverage Shares 3x Apple ETP Se,Leverage Shares 3x Apple ETP Securities,,,,,EUR,ETF,,,,
ABCH.FR,ABCH.PA,FR,ok,21Shares Bitcoin Cash ETP,21Shares Bitcoin Cash ETP,,,,,USD,ETF,,,,
ABEO.FR,ABEO.PA,FR,ok,ABEO,Abéo SA,Consumer Cyclical,Leisure,France,Rioz,EUR,EQUITY,73128648,,https://www.groupe-abeo.fr,
AC.FR,AC.PA,FR,ok,ACCOR,Accor SA,Consumer Cyclical,Lodging,France,Issy-les-Moulineaux,EUR,EQUITY,11116981248,17337,https://group.accor.com/en,
ACA.FR,ACA.PA,FR,ok,CREDIT AGRICOLE,Crédit Agricole S.A.,Financial Services,Banks - Regional,France,Montrouge,EUR,EQUITY,56637079552,79848,https://www.credit-agricole.com,
ABIO.FR,ABIO.PA,FR,no_data,,,,,,,,NONE,,,,
ABVX.FR,ABVX.PA,FR,ok,ABIVAX,ABIVAX Société Anonyme,Healthcare,Biotechnology,France,Paris,EUR,EQUITY,9709699072,80,https://www.abivax.com,
ABN.NL,ABN.AS,NL,ok,ABN AMRO BANK N.V.,ABN AMRO Bank N.V.,Financial Services,Banks - Diversified,Netherlands,Amsterdam,EUR,EQUITY,30845317120,23140,https://www.abnamro.com,
ABNX.FR,ABNX.PA,FR,ok,ABIONYX PHARMA,ABIONYX Pharma SA,Healthcare,Biotechnology,France,Balma,EUR,EQUITY,80865408,49,https://abionyx.com,
ACNV.FR,ACNV.PA,FR,no_data,,,,,,,,NONE,,,,
ADOC.FR,ADOC.PA,FR,ok,ADOCIA,Adocia SA,Healthcare,Biotechnology,France,Lyon,EUR,EQUITY,78949032,73,https://www.adocia.com,
ACOMO.NL,ACOMO.AS,NL,ok,ACOMO N.V.,Acomo N.V.,Consumer Defensive,Food Distribution,Netherlands,Rotterdam,EUR,EQUITY,693971392,840,https://www.acomo.nl,
AD.NL,AD.AS,NL,ok,KONINKLIJKE AHOLD DELHAIZE N.V.,Koninklijke Ahold Delhaize N.V.,Consumer Defensive,Grocery Stores,Netherlands,Zaandam,EUR,EQUITY,30734669824,384000,https://www.aholddelhaize.com,
ACAN.FR,ACAN.PA,FR,ok,ACANTHE DEV.,Acanthe Développement,Real Estate,REIT - Office,France,Paris,EUR,EQUITY,36378072,8,https://www.acanthedeveloppement.fr,
ACCEL.NL,ACCEL.AS,NL,no_data,,,,,,,,NONE,,,,
ADVIC.FR,ADVIC.PA,FR,no_data,,,,,,,,NONE,,,,
AF.FR,AF.PA,FR,ok,AIR FRANCE -KLM,Air France-KLM SA,Industrials,Airlines,France,Paris,EUR,EQUITY,3195207168,79755,https://www.airfranceklm.com,
ADYEN.NL,ADYEN.AS,NL,ok,ADYEN,Adyen N.V.,Technology,Software - Infrastructure,Netherlands,Amsterdam,EUR,EQUITY,26509742080,4771,https://www.adyen.com,
ADVI.FR,ADVI.PA,FR,no_data,,,,,,,,NONE,,,,
ADP.FR,ADP.PA,FR,ok,ADP,Aeroports de Paris SA,Industrials,Airports & Air Services,France,Tremblay-en-France,EUR,EQUITY,10933347328,26055,https://www.parisaeroport.fr,
ADUX.FR,ADUX.PA,FR,no_data,,,,,,,,NONE,,,,
ADOT.FR,ADOT.PA,FR,ok,21Shares Polkadot ETP,21Shares Polkadot ETP,,,,,USD,ETF,,,,
AGHY.NL,AGHY.AS,NL,ok,AEAM Global High Yield Fund (EU,AEAM Global High Yield Fund (EUR) Inc,,,,,EUR,MUTUALFUND,,,,
AFME.FR,AFME.PA,FR,no_data,,,,,,,,,,,,
AIR.FR,AIR.PA,FR,ok,AIRBUS SE,Airbus SE,Industrials,Aerospace & Defense,Netherlands,Leiden,EUR,EQUITY,167167885312,166876,https://www.airbus.com,
AI.FR,AI.PA,FR,ok,AIR LIQUIDE,L'Air Liquide S.A.,Basic Materials,Specialty Chemicals,France,Paris,EUR,EQUITY,110361411584,63126,https://www.airliquide.com,
AGN.NL,AGN.AS,NL,ok,AEGON,Aegon Ltd.,Financial Services,Insurance - Diversified,Netherlands,Schiphol,EUR,EQUITY,11864414208,15304,https://www.aegon.com,
AJAX.NL,AJAX.AS,NL,ok,AJAX,AFC Ajax NV,Communication Services,Entertainment,Netherlands,Amsterdam,EUR,EQUITY,159133328,483,https://www.ajax.nl,
AKA.FR,AKA.PA,FR,no_data,,,,,,,,NONE,,,,
ALADA.FR,ALADA.PA,FR,no_data,,,,,,,,NONE,,,,
ALACT.FR,ALACT.PA,FR,no_data,,,,,,,,NONE,,,,
AKE.FR,AKE.PA,FR,ok,ARKEMA,Arkema S.A.,Basic Materials,Specialty Chemicals,France,Puteaux,EUR,EQUITY,4268292608,20700,https://www.arkema.com,
AKOM.FR,AKOM.PA,FR,ok,AERKOMM INC,Aerkomm Inc.,Technology,Communication Equipment,United States,Fremont,EUR,EQUITY,55030880,,https://www.aerkomm.com,
AKW.FR,AKW.PA,FR,ok,AKWEL,Akwel SA,Consumer Cyclical,Auto Parts,France,Champfromier,EUR,EQUITY,168290208,7862,https://akwel-automotive.com,
ALADM.FR,ALADM.PA,FR,no_data,,,,,,,,NONE,,,,
ALADV.FR,ALADV.PA,FR,no_data,,,,,,,,NONE,,,,
ALADO.FR,ALADO.PA,FR,ok,ADOMOS,Adomos S.A.,Real Estate,Real Estate Services,France,Paris,EUR,EQUITY,25829,,https://www.adomos.com,
ALAFY.FR,ALAFY.PA,FR,ok,AFYREN,AFYREN SAS,Basic Materials,Specialty Chemicals,France,Clermont-Ferrand,EUR,EQUITY,109096064,121,https://afyren.com,
AKZA.NL,AKZA.AS,NL,ok,AKZO NOBEL,Akzo Nobel N.V.,Basic Materials,Specialty Chemicals,Netherlands,Amsterdam,EUR,EQUITY,10325963776,30900,https://www.akzonobel.com,
ALAGP.FR,ALAGP.PA,FR,ok,AGRIPOWER,Agripower France Société Anonyme,Utilities,Utilities - Renewable,France,Carquefou,EUR,EQUITY,11084311,21,https://www.agripower-france.com,
ALAGO.FR,ALAGO.PA,FR,ok,E-PANGO,E-Pango SA,Utilities,Utilities - Renewable,France,Paris,EUR,EQUITY,5703453,5,https://www.e-pango.com,
ALAMA.FR,ALAMA.PA,FR,ok,AMA CORPORATION PLC,AMA Corporation Plc,Healthcare,Health Information Services,France,Rennes,EUR,EQUITY,7762885,27,https://www.amaxperteye.com,
ALAMG.FR,ALAMG.PA,FR,no_data,,,,,,,,,,,,
ALALO.FR,ALALO.PA,FR,ok,ACHETER-LOUER.FR,Acheter-Louer.Fr SA,Communication Services,Advertising Agencies,France,Paris,EUR,EQUITY,179406,,https://www.acheter-louer.fr,
ALAIR.FR,ALAIR.PA,FR,ok,GROUPE AIRWELL,Groupe Airwell Société anonyme,Consumer Cyclical,"Furnishings, Fixtures & Appliances",France,Montigny-le-Bretonneux,EUR,EQUITY,8185062,82,https://www.airwell.com,
ALAGR.FR,ALAGR.PA,FR,ok,AgroGeneration,AgroGeneration SA,Consumer Defensive,Farm Products,France,Paris,EUR,EQUITY,10769098,352,https://agrogeneration.com,
ALAQU.FR,ALAQU.PA,FR,ok,AQUILA,Aquila SA,Industrials,Security & Protection Services,France,Avignon,EUR,EQUITY,6041271,49,https://www.reseau-aquila.fr,
ALATF.FR,ALATF.PA,FR,no_data,,,,,,,,NONE,,,,
ALAUD.FR,ALAUD.PA,FR,ok,AUDACIA,Audacia SA,Financial Services,Asset Management,France,Paris,EUR,EQUITY,30286402,50,https://www.audacia.fr,
ALARF.FR,ALARF.PA,FR,ok,ADEUNIS,Adeunis Société anonyme,Technology,Communication Equipment,France,Crolles,EUR,EQUITY,4020333,24,https://www.adeunis.com,
ALAVY.FR,ALAVY.PA,FR,no_data,,,,,,,,NONE,,,,
ALANT.FR,ALANT.PA,FR,no_data,,,,,,,,NONE,,,,
ALBDM.FR,ALBDM.PA,FR,no_data,,,,,,,,,,,,
ALBFR.FR,ALBFR.PA,FR,ok,SIDETRADE,Sidetrade SA,Technology,Software - Application,France,Boulogne-Billancourt,EUR,EQUITY,305544064,404,https://www.sidetrade.com,
ALBIO.FR,ALBIO.PA,FR,ok,BIOSYNEX,Biosynex SA,Healthcare,Medical Devices,France,Illkirch-Graffenstaden,EUR,EQUITY,16957360,397,https://www.biosynex.com,
ALBI.FR,ALBI.PA,FR,ok,GASCOGNE,Gascogne SA,Consumer Cyclical,Packaging & Containers,France,Mimizan,EUR,EQUITY,82059720,1432,https://www.groupe-gascogne.com,
ALBLD.FR,ALBLD.PA,FR,ok,BILENDI,Bilendi SA,Communication Services,Advertising Agencies,France,Paris,EUR,EQUITY,62534740,621,https://www.bilendi.fr,
ALBIZ.FR,ALBIZ.PA,FR,ok,OBIZ S.A.,Obiz S.A.,Communication Services,Advertising Agencies,France,Lyon,EUR,EQUITY,16317151,127,https://www.obiz-concept.fr,
ALBOU.FR,ALBOU.PA,FR,ok,BOURRELIER GROUP,Bourrelier Group SA,Consumer Cyclical,Home Improvement Retail,France,Nogent-sur-Marne,EUR,EQUITY,425135392,12,https://www.bourrelier-group.com,
ALBKK.FR,ALBKK.PA,FR,ok,BAIKOWSKI,Baikowski SA,Basic Materials,Chemicals,France,Poisy,EUR,EQUITY,94293200,161,https://www.baikowski.com,
ALBOA.FR,ALBOA.PA,FR,ok,BOA CONCEPT,BOA Concept SAS,Industrials,Specialty Industrial Machinery,France,Saint-Étienne,EUR,EQUITY,14035130,133,https://www.boa-concept.com,
ALBOO.FR,ALBOO.PA,FR,ok,BOOSTHEAT,Boostheat SA,Technology,Consumer Electronics,France,Suresnes,EUR,EQUITY,108278,3,https://www.boostheat-group.com,
ALBLU.FR,ALBLU.PA,FR,ok,BLUELINEA,Bluelinea Société Anonyme,Healthcare,Medical Devices,France,Versailles,EUR,EQUITY,4962717,89,https://www.bluelinea.com,
ALCBI.FR,ALCBI.PA,FR,ok,CRYPTO BLOCKCHAIN INDUSTRIES,Crypto Blockchain Industries,Financial Services,Asset Management,France,Paris,EUR,EQUITY,26323248,6,https://www.cbicorp.io,
ALCES.FR,ALCES.PA,FR,no_data,,,,,,,,NONE,,,,
ALCHI.FR,ALCHI.PA,FR,no_data,,,,,,,,,,,,
ALCJ.FR,ALCJ.PA,FR,ok,CROSSJECT,Crossject Société Anonyme,Healthcare,Medical Instruments & Supplies,France,Dijon,EUR,EQUITY,89552056,99,https://www.crossject.com,
ALCG.FR,ALCG.PA,FR,no_data,,,,,,,,NONE,,,,
ALBPS.FR,ALBPS.PA,FR,ok,BIOPHYTIS,Biophytis S.A.,Healthcare,Biotechnology,France,Paris,EUR,EQUITY,1832396,19,https://www.biophytis.com,
ALCAR.FR,ALCAR.PA,FR,no_data,,,,,,,,,,,,
ALBUD.FR,ALBUD.PA,FR,no_data,,,,,,,,NONE,,,,
ALCOF.FR,ALCOF.PA,FR,ok,COFIDUR S.A.,Cofidur S.A.,Technology,Electronic Components,France,Laval,EUR,EQUITY,11119760,469,https://www.cofidur-groupe.com,
ALCOG.FR,ALCOG.PA,FR,ok,COGRA,Cogra 48 Société Anonyme,Basic Materials,Lumber & Wood Production,France,Mende,EUR,EQUITY,23371044,74,https://www.cogra.fr,
ALCOI.FR,ALCOI.PA,FR,ok,COIL,Coil S.A./N.V.,Basic Materials,Aluminum,Belgium,Landen,EUR,EQUITY,6362080,91,https://www.aloxide.com,
ALCOR.FR,ALCOR.PA,FR,no_data,,,,,,,,NONE,,,,
ALCLS.FR,ALCLS.PA,FR,ok,CELLECTIS,Cellectis S.A.,Healthcare,Biotechnology,France,Paris,EUR,EQUITY,253759360,224,https://www.cellectis.com,
ALCRB.FR,ALCRB.PA,FR,ok,CARBIOS,Carbios SAS,Basic Materials,Specialty Chemicals,France,Clermont-Ferrand,EUR,EQUITY,113882384,91,https://www.carbios.com,
ALCLA.FR,ALCLA.PA,FR,ok,CLARANOVA,,Technology,Software - Application,France,Courbevoie,EUR,EQUITY,35904220,717,https://www.claranova.com,
ALCYB.FR,ALCYB.PA,FR,no_data,,,,,,,,,,,,
ALCUR.FR,ALCUR.PA,FR,ok,ARCURE,Arcure S.A.,Industrials,Specialty Industrial Machinery,France,Savigny-sur-Orge,EUR,EQUITY,14134064,54,https://blaxtair.com,
ALD.FR,ALD.PA,FR,no_data,,,,,,,,NONE,,,,
ALDAR.FR,ALDAR.PA,FR,ok,DAMARTEX,Damartex,Consumer Cyclical,Apparel Retail,France,Roubaix,EUR,EQUITY,28081650,2547,https://www.damartex.com,
ALDBL.FR,ALDBL.PA,FR,ok,BERNARD LOISEAU,Bernard Loiseau S.A.,Consumer Cyclical,Restaurants,France,Saulieu,EUR,EQUITY,6856195,68,https://www.bernard-loiseau.com,
ALDEL.FR,ALDEL.PA,FR,ok,DELFINGEN,Delfingen Société Anonyme,Consumer Cyclical,Auto Parts,France,Anteuil,EUR,EQUITY,76701120,3850,https://delfingen.com,
ALDBT.FR,ALDBT.PA,FR,ok,DBT,DBT SA,Industrials,Specialty Industrial Machinery,France,Brebières,EUR,EQUITY,662195,74,https://www.dbt.fr,
ALDBY.FR,ALDBY.PA,FR,no_data,,,,,,,,,,,,
ALDEI.FR,ALDEI.PA,FR,no_data,,,,,,,,NONE,,,,
ALDLS.FR,ALDLS.PA,FR,ok,D.L.S.I.,DLSI,Industrials,Staffing & Employment Services,France,Forbach,EUR,EQUITY,27781392,252,https://www.groupedlsi.com,
ALDNE.FR,ALDNE.PA,FR,ok,DONTNOD Entertainment,Don't Nod Entertainment S.A.,Communication Services,Electronic Gaming & Multimedia,France,Paris,EUR,EQUITY,5560487,217,https://dontnod-bourse.com,
ALDNX.FR,ALDNX.PA,FR,ok,DNXCORP,DNXCorp SE,Communication Services,Internet Content & Information,Luxembourg,Luxembourg,EUR,EQUITY,37311124,22,https://www.dnxcorp.com,
ALDEV.FR,ALDEV.PA,FR,ok,DEVERNOIS,Devernois S.A.,Consumer Cyclical,Apparel Manufacturing,France,Le Coteau,EUR,EQUITY,3050391,150,https://www.devernois.com,
ALDOL.FR,ALDOL.PA,FR,ok,DOLFINES,Dolfines SA,Energy,Oil & Gas Equipment & Services,France,Montigny-Le-Bretonneux,EUR,EQUITY,3011176,,https://www.dolfines.com,
ALDUB.FR,ALDUB.PA,FR,ok,ENCRES DUBUIT,Encres Dubuit,Basic Materials,Specialty Chemicals,France,Mitry-Mory,EUR,EQUITY,6078846,172,https://www.encresdubuit.com,
ALDRV.FR,ALDRV.PA,FR,ok,DRONE VOLT,Drone Volt SA,Technology,Computer Hardware,France,Villepinte,EUR,EQUITY,28217518,60,https://www.dronevolt.com,
ALDR.FR,ALDR.PA,FR,no_data,,,,,,,,NONE,,,,
ALDV.FR,ALDV.PA,FR,ok,ADC SIIC,Alliance Developpement Capital SIIC,Real Estate,REIT - Residential,Belgium,Saint-Josse-Ten-Noode,EUR,EQUITY,10202882,2,https://www.adcsiic.eu,
ALENE.FR,ALENE.PA,FR,no_data,,,,,,,,NONE,,,,
ALEAC.FR,ALEAC.PA,FR,ok,EDILIZIACROBATICA,EdiliziAcrobatica S.p.A.,Industrials,Specialty Business Services,Italy,Genoa,EUR,EQUITY,24347516,3000,https://www.ediliziacrobatica.com,
ALEMG.FR,ALEMG.PA,FR,ok,LABORATOIRES EUROMEDIS,Laboratoires Euromedis Société anonyme,Healthcare,Medical Distribution,France,Mouy,EUR,EQUITY,14708349,38,https://www.laboratoires-euromedis.fr,
ALECO.FR,ALECO.PA,FR,ok,ECOMIAM SA,écomiam SA,Consumer Defensive,Food Distribution,France,Quimper,EUR,EQUITY,10988180,42,https://www.ecomiam.com,
ALECR.FR,ALECR.PA,FR,ok,EUROFINS CEREP,Eurofins-Cerep SA,Healthcare,Diagnostics & Research,France,Celle-Lévescault,EUR,EQUITY,82217200,,https://www.eurofins.fr/cerep,
ALEMV.FR,ALEMV.PA,FR,ok,EMOVA GROUP,Emova Group SA,Consumer Cyclical,Specialty Retail,France,Issy-les-Moulineaux,EUR,EQUITY,16456013,235,https://www.emova-group.com,
ALENO.FR,ALENO.PA,FR,ok,ENOGIA,Enogia SAS,Industrials,Specialty Industrial Machinery,France,Marseille,EUR,EQUITY,40712588,55,https://www.enogia.com,
ALENR.FR,ALENR.PA,FR,no_data,,,,,,,,,,,,
ALENT.FR,ALENT.PA,FR,ok,ETHERO,Ethero,Communication Services,Internet Content & Information,France,Paris,EUR,EQUITY,2195405,3,https://www.ethero.eu,
ALERS.FR,ALERS.PA,FR,ok,EUROBIO-SCIENTIFIC,Eurobio Scientific Société anonyme,Healthcare,Medical Devices,France,Les Ulis,EUR,EQUITY,217474832,343,https://www.eurobio-scientific.com,
ALEO2.FR,ALEO2.PA,FR,ok,EO2,Eo2 Société Anonyme,Basic Materials,Lumber & Wood Production,France,Malakoff,EUR,EQUITY,6057054,76,https://www.eo2.fr,
ALESA.FR,ALESA.PA,FR,ok,ECOSLOPS,Ecoslops S.A.,Energy,Oil & Gas Refining & Marketing,France,Paris,EUR,EQUITY,6151534,44,https://www.ecoslops.com,
ALFBA.FR,ALFBA.PA,FR,no_data,,,,,,,,,,,,
ALEXA.FR,ALEXA.PA,FR,ok,EXACOMPTA CLAIREFONTAINE,Exacompta Clairefontaine S.A.,Industrials,Business Equipment & Supplies,France,Etival-Clairefontaine,EUR,EQUITY,188957152,3377,https://www.exacomptaclairefontaine.fr,
ALFEN.NL,ALFEN.AS,NL,ok,ALFEN,Alfen N.V.,Industrials,Electrical Equipment & Parts,Netherlands,Almere,EUR,EQUITY,271352384,923,https://alfen.com,
ALEUA.FR,ALEUA.PA,FR,ok,EURASIA GROUPE,Eurasia Groupe SA,Real Estate,Real Estate Services,France,Paris,EUR,EQUITY,9242114,14,https://eurasiagroupe.com,
ALEUP.FR,ALEUP.PA,FR,ok,EUROPLASMA,Europlasma S.A.,Industrials,Waste Management,France,Pessac,EUR,EQUITY,857110,713,https://www.europlasma.com,
ALESE.FR,ALESE.PA,FR,ok,ENTECH,Entech SA,Utilities,Utilities - Renewable,France,Quimper,EUR,EQUITY,138200704,202,https://entech-se.com,
ALESK.FR,ALESK.PA,FR,no_data,,,,,,,,NONE,,,,
ALFIL.FR,ALFIL.PA,FR,no_data,,,,,,,,NONE,,,,
ALFLE.FR,ALFLE.PA,FR,ok,FLEURY MICHON,Fleury Michon SA,Consumer Defensive,Packaged Foods,France,Pouzauges,EUR,EQUITY,90643904,2982,https://www.fleurymichon.fr,
ALFOC.FR,ALFOC.PA,FR,no_data,,,,,,,,NONE,,,,
ALFPC.FR,ALFPC.PA,FR,ok,FOUNTAINE PAJOT,Fountaine Pajot SA,Consumer Cyclical,Recreational Vehicles,France,Aigrefeuille,EUR,EQUITY,146688960,1452,https://www.fountaine-pajot.com,
ALGAU.FR,ALGAU.PA,FR,no_data,,,,,,,,NONE,,,,
ALGIL.FR,ALGIL.PA,FR,ok,GROUPE GUILLIN,Groupe Guillin S.A.,Consumer Cyclical,Packaging & Containers,France,Ornans,EUR,EQUITY,397416576,2951,https://www.groupeguillin.fr,
ALFRE.FR,ALFRE.PA,FR,ok,FREELANCE.COM,Freelance.com SA,Industrials,Staffing & Employment Services,France,Paris,EUR,EQUITY,148021168,337,https://www.freelance.com,
ALGIR.FR,ALGIR.PA,FR,ok,SIGNAUX GIROD,Signaux Girod S.A.,Industrials,Railroads,France,Bellefontaine,EUR,EQUITY,15682138,754,https://www.signaux-girod.fr,
ALGEN.FR,ALGEN.PA,FR,ok,GENOWAY,genOway Société anonyme,Healthcare,Biotechnology,France,Lyon,EUR,EQUITY,30724404,,https://www.genoway.com,
ALGEC.FR,ALGEC.PA,FR,ok,GECI INTL,GECI International S.A.,Technology,Software - Infrastructure,France,Paris,EUR,EQUITY,2387386,584,https://www.geci.net,
ALGBE.FR,ALGBE.PA,FR,no_data,,,,,,,,,,,,
ALGEV.FR,ALGEV.PA,FR,ok,GEVELOT,Gévelot SA,Industrials,Specialty Industrial Machinery,France,Levallois-Perret,EUR,EQUITY,145303664,756,https://www.gevelot-sa.fr,
ALGLD.FR,ALGLD.PA,FR,ok,GOLD BY GOLD,Gold By Gold SA,Basic Materials,Other Precious Metals & Mining,France,Paris,EUR,EQUITY,15254860,7,https://www.goldbygold.com,
ALHGO.FR,ALHGO.PA,FR,ok,HAMILTON GLOBAL OPPORTUNITIES P,Hamilton Global Opportunities PLC,Financial Services,Asset Management,United Kingdom,London,EUR,EQUITY,26141772,4,https://hamiltongo.eu,
ALGTR.FR,ALGTR.PA,FR,ok,GROUPE TERA,Groupe Tera SA,Technology,Scientific & Technical Instruments,France,Crolles,EUR,EQUITY,14611298,28,https://groupe-tera.com,
ALHF.FR,ALHF.PA,FR,ok,HF COMPANY,HF Company SA,Technology,Communication Equipment,France,Tours,EUR,EQUITY,12045428,3,https://www.hfcompany.com,
ALHEO.FR,ALHEO.PA,FR,no_data,,,,,,,,NONE,,,,
ALHGR.FR,ALHGR.PA,FR,ok,HOFFMANN,Hoffmann Green Cement Technologies Societe anonyme,Basic Materials,Building Materials,France,Rives de l'Yon,EUR,EQUITY,70218200,58,https://www.ciments-hoffmann.fr,
ALI2S.FR,ALI2S.PA,FR,ok,I2S,i2S SA,Industrials,Electrical Equipment & Parts,France,Pessac,EUR,EQUITY,10223453,76,https://www.i2s.fr,
ALHYP.FR,ALHYP.PA,FR,ok,HIPAY GROUP,HiPay Group SA,Technology,Software - Infrastructure,France,Levallois-Perret,EUR,EQUITY,35523504,226,https://www.hipay.com,
ALHIO.FR,ALHIO.PA,FR,no_data,,,,,,,,NONE,,,,
ALHIT.FR,ALHIT.PA,FR,ok,HITECHPROS,HITECHPROS Société anonyme,Technology,Information Technology Services,France,Antony,EUR,EQUITY,21098700,19,https://www.hitechpros.com,
ALHRG.FR,ALHRG.PA,FR,ok,HERIGE,Herige,Basic Materials,Building Materials,France,Montaigu-Vendée,EUR,EQUITY,62181032,1700,https://www.herige-industries.fr,
ALHRS.FR,ALHRS.PA,FR,ok,HYDROGEN-REFUELING-SOLUTIONS,Hydrogen-Refueling-Solutions SA,Consumer Cyclical,Specialty Retail,France,Champagnier,EUR,EQUITY,23875014,122,https://www.hydrogen-refueling-solutions.fr,
ALHYG.FR,ALHYG.PA,FR,no_data,,,,,,,,NONE,,,,
ALICR.FR,ALICR.PA,FR,no_data,,,,,,,,,,,,
ALIDS.FR,ALIDS.PA,FR,no_data,,,,,,,,,,,,
ALIKO.FR,ALIKO.PA,FR,ok,IKONISYS,Ikonisys S.A.,Healthcare,Medical Devices,France,Paris,EUR,EQUITY,23729848,15,https://ikonisys.com,
ALIMO.FR,ALIMO.PA,FR,ok,GROUPIMO,Groupimo S.A.,Real Estate,Real Estate Services,Martinique,Fort-de-France,EUR,EQUITY,397762,2,https://www.groupimo.fr,
ALIMP.FR,ALIMP.PA,FR,ok,IMPLANET,Implanet S.A.,Healthcare,Medical Devices,France,Martillac,EUR,EQUITY,24305406,46,https://www.implanet.com,
ALIVA.FR,ALIVA.PA,FR,no_data,,,,,,,,NONE,,,,
ALITL.FR,ALITL.PA,FR,ok,IT LINK,IT Link SA,Technology,Information Technology Services,France,Le Kremlin-Bicêtre,EUR,EQUITY,25802502,875,https://www.itlink.fr,
ALINV.FR,ALINV.PA,FR,ok,INVIBES ADVERTISING N.V.,Invibes Advertising N.V.,Communication Services,Advertising Agencies,Belgium,Ghent,EUR,EQUITY,3014007,146,https://www.invibes.com,
ALIMR.FR,ALIMR.PA,FR,ok,IMMERSION,Immersion SA,Technology,Software - Application,France,Bordeaux,EUR,EQUITY,2866335,45,https://www.immersion.fr,
ALINN.FR,ALINN.PA,FR,ok,INNELEC MULTIMEDIA,Innelec Multimédia SA,Technology,Electronics & Computer Distribution,France,Pantin,EUR,EQUITY,8345036,,https://corporate.innelec.com,
ALINT.FR,ALINT.PA,FR,ok,INTEGRAGEN,IntegraGen SA,Healthcare,Biotechnology,France,Évry,EUR,EQUITY,1257934,37,https://integragen.com,
ALINS.FR,ALINS.PA,FR,ok,INTRASENSE,Intrasense S.A.,Healthcare,Health Information Services,France,Montpellier,EUR,EQUITY,12059599,76,https://www.intrasense.fr,
ALJXR.FR,ALJXR.PA,FR,ok,ARCHOS,Archos S.A.,Technology,Consumer Electronics,France,Igny,EUR,EQUITY,15558210,48,https://www.archos.com,
ALKAL.FR,ALKAL.PA,FR,ok,KALRAY,Kalray S.A.,Technology,Semiconductors,France,Montbonnot-Saint-Martin,EUR,EQUITY,115179504,92,https://www.kalrayinc.com,
ALKEY.FR,ALKEY.PA,FR,ok,KEYRUS,Keyrus S.A.,Technology,Information Technology Services,France,Levallois-Perret,EUR,EQUITY,123722352,2541,https://www.keyrus.com,
ALKER.FR,ALKER.PA,FR,no_data,,,,,,,,NONE,,,,
ALKKO.FR,ALKKO.PA,FR,ok,KKO INTERNATIONAL,KKO International SA,Consumer Defensive,Farm Products,France,Paris,EUR,EQUITY,12583400,57,https://kko-international.com,
ALKLA.FR,ALKLA.PA,FR,ok,KLARSEN,Klarsen,Communication Services,Advertising Agencies,France,Bordeaux,EUR,EQUITY,2921988,20,https://www.klarsen.com,
ALLEC.FR,ALLEC.PA,FR,no_data,,,,,,,,,,,,
ALLAN.FR,ALLAN.PA,FR,ok,LANSON-BCC,Lanson-BCC,Consumer Defensive,Beverages - Wineries & Distilleries,France,Reims,EUR,EQUITY,175703792,437,https://www.lanson-bcc.com,
ALLDL.FR,ALLDL.PA,FR,ok,GROUPE LDLC,Groupe LDLC société anonyme,Technology,Electronics & Computer Distribution,France,Limonest,EUR,EQUITY,73256640,1082,https://www.groupe-ldlc.com,
ALLEX.FR,ALLEX.PA,FR,ok,LEXIBOOK LINGUIST.,Lexibook - Linguistic Electronic System Société anonyme,Consumer Cyclical,Leisure,France,Les Ulis,EUR,EQUITY,62261820,103,https://www.lexibook.com,
ALKOM.FR,ALKOM.PA,FR,ok,PLASTICOS COMPUESTOS S.A. (KOMP,"Plásticos Compuestos, S.A.",Basic Materials,Specialty Chemicals,Spain,Barcelona,EUR,EQUITY,10549099,77,https://www.kompuestos.com,
ALKLK.FR,ALKLK.PA,FR,ok,KERLINK,Kerlink SA,Technology,Communication Equipment,France,Thorigné-Fouillard,EUR,EQUITY,8144618,73,https://www.kerlink.com,
ALLFG.NL,ALLFG.AS,NL,ok,ALLFUNDS GROUP PLC,Allfunds Group plc,Financial Services,Asset Management,United Kingdom,London,EUR,EQUITY,5320606720,1126,https://allfunds.com/en,
ALLHB.FR,ALLHB.PA,FR,ok,LES HOTELS BAVEREZ,Les Hôtels Baverez S.A.,Consumer Cyclical,Lodging,France,Paris,EUR,EQUITY,172003936,206,https://www.leshotelsbaverez-sa.com,
ALLGO.FR,ALLGO.PA,FR,ok,LARGO,Largo SA,Technology,Electronics & Computer Distribution,France,Sainte-Luce-sur-Loire,EUR,EQUITY,5765342,75,https://www.largo-france.fr,
ALLIX.FR,ALLIX.PA,FR,ok,WALLIX,WALLIX GROUP SA,Technology,Software - Infrastructure,France,Paris,EUR,EQUITY,155823600,208,https://www.wallix.com,
ALM.FR,ALM.PA,FR,no_data,,,,,,,,NONE,,,,
ALMAS.FR,ALMAS.PA,FR,ok,MASTRAD,Mastrad Société Anonyme,Consumer Defensive,Household & Personal Products,France,Paris,EUR,EQUITY,565782,4,https://www.mastrad-paris.fr,
ALMBG.FR,ALMBG.PA,FR,no_data,,,,,,,,NONE,,,,
ALLLN.FR,ALLLN.PA,FR,ok,LLEIDA,"LleidaNetworks Serveis Telemàtics, S.A.",Communication Services,Telecom Services,Spain,Madrid,EUR,EQUITY,20986932,129,https://www.lleida.net,
ALMAK.FR,ALMAK.PA,FR,no_data,,,,,,,,NONE,,,,
ALLOG.FR,ALLOG.PA,FR,ok,LOGIC INSTRUMENT,Logic Instrument S.A.,Technology,Computer Hardware,France,Igny,EUR,EQUITY,22555694,110,https://logic-instrument.com,
ALMAR.FR,ALMAR.PA,FR,ok,MARE NOSTRUM,Mare Nostrum SA,Industrials,Staffing & Employment Services,France,Grenoble,EUR,EQUITY,4037933,207,https://www.mare-nostrum.eu,
ALLUX.FR,ALLUX.PA,FR,ok,INSTALLUX,Installux S.A.,Basic Materials,Aluminum,France,Saint-Bonnet-de-Mure,EUR,EQUITY,137470208,544,https://www.groupe-installux.com,
ALMDT.FR,ALMDT.PA,FR,ok,MEDIAN TECHNOLOGIES,Median Technologies SA,Healthcare,Medical Devices,France,Valbonne,EUR,EQUITY,199074176,199,https://mediantechnologies.com,
ALMDP.FR,ALMDP.PA,FR,no_data,,,,,,,,,,,,
ALMDG.FR,ALMDG.PA,FR,ok,MGI DIGITAL GRAPHI,MGI Digital Technology Société Anonyme,Technology,Computer Hardware,France,Fresnes,EUR,EQUITY,63126344,266,https://www.mgi-fr.com,
ALMET.FR,ALMET.PA,FR,ok,METHANOR,Méthanor SCA,Utilities,Utilities - Diversified,France,Paris,EUR,EQUITY,5886324,,https://www.methanor.fr,
ALMGI.FR,ALMGI.PA,FR,ok,MG INTERNATIONAL,MG International S.A.,Industrials,Security & Protection Services,France,La Ciotat,EUR,EQUITY,14035325,84,https://www.mginternational.fr,
ALMER.FR,ALMER.PA,FR,ok,SAPMER,Sapmer SA,Consumer Defensive,Packaged Foods,France,Le Port,EUR,EQUITY,25967620,327,https://www.sapmer.com,
ALMIL.FR,ALMIL.PA,FR,no_data,,,,,,,,NONE,,,,
ALMIB.FR,ALMIB.PA,FR,ok,AMOEBA,Amoéba S.A.,Basic Materials,Agricultural Inputs,France,Chassieu,EUR,EQUITY,52815240,23,https://amoeba-nature.com,
ALMKS.FR,ALMKS.PA,FR,ok,MAKING SCIENCE GROUP S.A.,"Making Science Group, S.A.",Communication Services,Advertising Agencies,Spain,Madrid,EUR,EQUITY,60999796,830,https://www.makingscience.com,
ALMII.FR,ALMII.PA,FR,no_data,,,,,,,,,,,,
ALMNG.FR,ALMNG.PA,FR,no_data,,,,,,,,NONE,,,,
ALMOU.FR,ALMOU.PA,FR,ok,MOULINVEST,Moulinvest S.A.,Basic Materials,Lumber & Wood Production,France,Dunières,EUR,EQUITY,62939572,241,https://www.moulinvest.com,
ALMLB.FR,ALMLB.PA,FR,ok,MILIBOO,Miliboo Société anonyme,Consumer Cyclical,"Furnishings, Fixtures & Appliances",France,Chavanod,EUR,EQUITY,11342959,,https://www.miliboo.com,
ALMND.FR,ALMND.PA,FR,no_data,,,,,,,,NONE,,,,
ALMTH.FR,ALMTH.PA,FR,ok,,Methorios Capital SpA,,,,,,MUTUALFUND,,,,
ALNMR.FR,ALNMR.PA,FR,ok,NAMR,namR Société anonyme,Technology,Software - Application,France,Paris,EUR,EQUITY,1337519,41,https://namr.com,
ALNN6.FR,ALNN6.PA,FR,ok,ENENSYS,ENENSYS Technologies SA,Technology,Communication Equipment,France,Cesson-Sévigné,EUR,EQUITY,9810287,63,https://www.enensys.com,
ALMUN.FR,ALMUN.PA,FR,ok,MUNIC,Munic S.A.,Technology,Software - Infrastructure,France,Villejuif,EUR,EQUITY,4275691,39,https://www.munic.io,
ALNEV.FR,ALNEV.PA,FR,ok,NEOVACS,Neovacs S.A.,Healthcare,Biotechnology,France,Suresnes,EUR,EQUITY,36,16,https://www.neovacs.com,
ALNFL.FR,ALNFL.PA,FR,ok,NFL BIOSCIENCES S.A.,NFL Biosciences SA,Healthcare,Biotechnology,France,Castelnau-le-Lez,EUR,EQUITY,10467272,4,https://www.nflbiosciences.com,
ALMRB.FR,ALMRB.PA,FR,ok,MR BRICOLAGE,Mr.Bricolage S.A.,Consumer Cyclical,Home Improvement Retail,France,La Chapelle-Saint-Mesmin,EUR,EQUITY,47439020,474,https://mr-bricolage.com,
ALNOV.FR,ALNOV.PA,FR,ok,NOVACYT,Novacyt S.A.,Healthcare,Medical Devices,France,Le Vésinet,EUR,EQUITY,31900876,216,https://www.novacyt.com,
ALNRG.FR,ALNRG.PA,FR,ok,ENERGISME,SA Energisme,Technology,Software - Application,France,Paris,EUR,EQUITY,11999779,45,https://energisme.com,
ALNOX.FR,ALNOX.PA,FR,no_data,,,,,,,,NONE,,,,
ALNSC.FR,ALNSC.PA,FR,ok,NSC GROUPE,NSC Groupe SA,Industrials,Specialty Industrial Machinery,France,Guebwiller,EUR,EQUITY,26062750,337,https://www.nsc-groupe.com,
ALNSE.FR,ALNSE.PA,FR,ok,NSE,NSE S.A.,Technology,Scientific & Technical Instruments,France,Nizerolles,EUR,EQUITY,160812496,763,https://www.nse-groupe.com,
ALODC.FR,ALODC.PA,FR,ok,OMER-DECUGIS & CIE,Omer-Decugis & Cie SA,Consumer Defensive,Food Distribution,France,Rungis,EUR,EQUITY,68437688,251,https://www.omerdecugis.com,
ALONC.FR,ALONC.PA,FR,no_data,,,,,,,,NONE,,,,
ALNLF.FR,ALNLF.PA,FR,ok,NEOLIFE,Neolife SA,Consumer Cyclical,"Furnishings, Fixtures & Appliances",France,Champagne-Au-Mont-D'Or,EUR,EQUITY,5126929,,https://www.neolife.fr,
ALNXT.FR,ALNXT.PA,FR,ok,NEXTEDIA,Nextedia S.A.,Communication Services,Advertising Agencies,France,Puteaux,EUR,EQUITY,10953367,,https://www.nextedia.com,
ALOBR.FR,ALOBR.PA,FR,no_data,,,,,,,,,,,,
ALO.FR,ALO.PA,FR,ok,ALSTOM,Alstom SA,Industrials,Railroads,France,Saint-Ouen,EUR,EQUITY,7549893632,87832,https://www.alstom.com,
ALNTG.FR,ALNTG.PA,FR,ok,NETGEM,Netgem SA,Technology,Communication Equipment,France,Paris,EUR,EQUITY,27441444,113,https://www.netgem.com,
ALORA.FR,ALORA.PA,FR,ok,ALTHEORA,Altheora SA,Industrials,Electrical Equipment & Parts,France,Mauves,EUR,EQUITY,5507660,,https://www.altheora.com,
ALORD.FR,ALORD.PA,FR,ok,ORDISSIMO,Ordissimo SA,Technology,Computer Hardware,France,Montrouge,EUR,EQUITY,2815108,19,https://www.ordissimo.com,
ALONX.FR,ALONX.PA,FR,no_data,,,,,,,,NONE,,,,
ALPAR.FR,ALPAR.PA,FR,no_data,,,,,,,,NONE,,,,
ALOSM.FR,ALOSM.PA,FR,no_data,,,,,,,,NONE,,,,
ALPCV.FR,ALPCV.PA,FR,no_data,,,,,,,,,,,,
ALPHA.FR,ALPHA.PA,FR,no_data,,,,,,,,NONE,,,,
ALPER.FR,ALPER.PA,FR,ok,"ALPER.PA,0P0001IDKO,0",La Perla Fashion Holding N.V.,,,,,EUR,MUTUALFUND,756799168,,,
ALPAT.FR,ALPAT.PA,FR,ok,PLANT ADVANCED,Plant Advanced Technologies SA,Healthcare,Biotechnology,France,Vandœuvre-lès-Nancy,EUR,EQUITY,5661630,11,https://www.plantadvanced.com,
ALPDX.FR,ALPDX.PA,FR,ok,PISCINES DESJOYAUX,Piscines Desjoyaux SA,Consumer Cyclical,Leisure,France,La Fouillouse,EUR,EQUITY,95140072,259,https://www.desjoyaux.com,
ALPAU.FR,ALPAU.PA,FR,ok,PAULIC MEUNERIE,PAULIC Meunerie SA,Consumer Defensive,Packaged Foods,France,Pontivy,EUR,EQUITY,6645722,44,https://www.paulicmeunerie.com,
ALPHS.FR,ALPHS.PA,FR,no_data,,,,,,,,NONE,,,,
ALPHE.FR,ALPHE.PA,FR,no_data,,,,,,,,NONE,,,,
ALPJT.FR,ALPJT.PA,FR,ok,POUJOULAT,Poujoulat SA,Industrials,Building Products & Equipment,France,Saint-Symphorien,EUR,EQUITY,42872444,1603,https://www.poujoulat.fr,
ALPIX.FR,ALPIX.PA,FR,no_data,,,,,,,,NONE,,,,
ALPHI.FR,ALPHI.PA,FR,ok,FACEPHI,"Facephi Biometria, S.A.",Technology,Software - Application,Spain,Alicante,EUR,EQUITY,43899700,256,https://www.facephi.com,
ALPLA.FR,ALPLA.PA,FR,no_data,,,,,,,,NONE,,,,
ALQGC.FR,ALQGC.PA,FR,ok,QUANTUM GENOMICS,Quantum Genomics Société Anonyme,Healthcare,Biotechnology,France,Paris,EUR,EQUITY,5026087,1,https://quantum-genomics.com,
ALPRI.FR,ALPRI.PA,FR,ok,PRISMAFLEX INTL,"Prismaflex International, S.A.",Communication Services,Advertising Agencies,France,Haute-Rivoire,EUR,EQUITY,11447999,358,https://www.prismaflex.com,
ALPRO.FR,ALPRO.PA,FR,no_data,,,,,,,,,,,,
ALPOU.FR,ALPOU.PA,FR,ok,POULAILLON,Poulaillon SA,Consumer Defensive,Packaged Foods,France,Wittelsheim,EUR,EQUITY,46000072,1157,https://www.poulaillon.fr,
ALPRE.FR,ALPRE.PA,FR,ok,PREDILIFE,Predilife S.A.,Healthcare,Diagnostics & Research,France,Villejuif,EUR,EQUITY,3743476,20,https://www.predilife.com,
ALREA.FR,ALREA.PA,FR,ok,REALITES,Réalités S.A.,Real Estate,Real Estate - Development,France,Saint-Herblain,EUR,EQUITY,2382906,431,https://www.realites.com,
ALQP.FR,ALQP.PA,FR,no_data,,,,,,,,NONE,,,,
ALRGR.FR,ALRGR.PA,FR,ok,ROUGIER S.A.,Rougier S.A.,Basic Materials,Lumber & Wood Production,France,Niort,EUR,EQUITY,12230702,1161,https://www.rougier.fr,
ALQWA.FR,ALQWA.PA,FR,ok,QWAMPLIFY,Qwamplify,Communication Services,Advertising Agencies,France,Levallois-Perret,EUR,EQUITY,8514110,187,https://www.qwamplify.com,
ALREW.FR,ALREW.PA,FR,ok,REWORLD MEDIA,Unify Group SA,,,France,Boulogne-Billancourt,EUR,EQUITY,110398784,1194,https://www.reworldmedia.com,
ALSEI.FR,ALSEI.PA,FR,ok,"ALSEI.PA,0P0001I2RW,0",Società Editoriale Il Fatto S.p.A.,,,,,EUR,MUTUALFUND,5641779,,,
ALRIB.FR,ALRIB.PA,FR,ok,RIBER,Riber S.A.,Technology,Semiconductor Equipment & Materials,France,Bezons,EUR,EQUITY,194262800,121,https://www.riber.com,
ALSEN.FR,ALSEN.PA,FR,ok,SENSORION,Sensorion SA,Healthcare,Biotechnology,France,Montpellier,EUR,EQUITY,151707136,63,https://www.sensorion.com,
ALSGD.FR,ALSGD.PA,FR,ok,SPINEGUARD,SpineGuard SA,Healthcare,Medical Devices,France,Vincennes,EUR,EQUITY,8089882,13,https://www.spineguard.com,
ALSER.FR,ALSER.PA,FR,no_data,,,,,,,,NONE,,,,
ALROC.FR,ALROC.PA,FR,ok,ROCTOOL,RocTool S.A.,Technology,Electronic Components,France,Le Bourget-du-Lac,EUR,EQUITY,18466900,43,https://www.roctool.com,
ALRPD.FR,ALRPD.PA,FR,ok,RAPID NUTRITION,Rapid Nutrition PLC,Consumer Defensive,Packaged Foods,United Kingdom,Mildenhall,EUR,EQUITY,3609506,3,https://www.rnplc.com,
ALSAF.FR,ALSAF.PA,FR,ok,SAFE,Safe Orthopaedics SA,Healthcare,Medical Instruments & Supplies,France,Fleurieux-sur-l'Arbresle,EUR,EQUITY,127514,77,https://www.safeorthopaedics.com,
ALSAS.FR,ALSAS.PA,FR,ok,STRADIM,Stradim Espace Finances SA,Real Estate,Real Estate Services,France,Entzheim,EUR,EQUITY,15822896,132,https://www.stradim.fr,
ALSPT.FR,ALSPT.PA,FR,ok,SPARTOO,Spartoo SAS,Consumer Cyclical,Internet Retail,France,Grenoble,EUR,EQUITY,3991169,320,https://www.spartoo.com,
ALSPW.FR,ALSPW.PA,FR,ok,SPINEWAY,Spineway SA,Healthcare,Medical Instruments & Supplies,France,Ecully,EUR,EQUITY,4805601,43,https://www.spineway.com,
ALTA.FR,ALTA.PA,FR,ok,ALTAREA,Altarea SCA,Real Estate,REIT - Residential,France,Paris,EUR,EQUITY,2449276928,1594,https://www.altarea.com,
ALSTW.FR,ALSTW.PA,FR,ok,STREAMWIDE,Streamwide S.A.,Technology,Software - Application,France,Paris,EUR,EQUITY,215751840,251,https://www.streamwide.com,
ALSIM.FR,ALSIM.PA,FR,no_data,,,,,,,,NONE,,,,
ALTAN.FR,ALTAN.PA,FR,no_data,,,,,,,,NONE,,,,
ALTHE.FR,ALTHE.PA,FR,ok,THERACLION,Theraclion SA,Healthcare,Medical Devices,France,Malakoff,EUR,EQUITY,43857984,36,https://www.theraclion.com,
ALTEV.FR,ALTEV.PA,FR,no_data,,,,,,,,NONE,,,,
ALTBG.FR,ALTBG.PA,FR,no_data,,,,,,,,,,,,
ALTER.FR,ALTER.PA,FR,no_data,,,,,,,,NONE,,,,
ALTBM.FR,ALTBM.PA,FR,no_data,,,,,,,,NONE,,,,
ALTIV.FR,ALTIV.PA,FR,no_data,,,,,,,,NONE,,,,
ALTRO.FR,ALTRO.PA,FR,no_data,,,,,,,,,,,,
ALTLX.FR,ALTLX.PA,FR,ok,"ALTLX.PA,0P0000TANT,0",Toolux Sanding S.A.,,,,,EUR,MUTUALFUND,4033441,,,
ALTHX.FR,ALTHX.PA,FR,ok,THX PHARMA,THX Pharma Société Anonyme,Healthcare,Biotechnology,France,Lyon,EUR,EQUITY,57477668,12,https://www.theranexus.com,
ALTRI.FR,ALTRI.PA,FR,ok,TRILOGIQ,Trilogiq S.A.,Industrials,Business Equipment & Supplies,France,Cergy-Pontoise,EUR,EQUITY,18577212,167,https://www.trilogiq.com,
ALTTI.FR,ALTTI.PA,FR,no_data,,,,,,,,NONE,,,,
ALUCI.FR,ALUCI.PA,FR,ok,LUCIBEL,Lucibel SA,Industrials,Electrical Equipment & Parts,France,Le Houlme,EUR,EQUITY,888288,38,https://www.lucibel.io,
ALUMS.FR,ALUMS.PA,FR,no_data,,,,,,,,NONE,,,,
ALUCR.FR,ALUCR.PA,FR,no_data,,,,,,,,NONE,,,,
ALTUR.FR,ALTUR.PA,FR,no_data,,,,,,,,NONE,,,,
ALTVO.FR,ALTVO.PA,FR,no_data,,,,,,,,NONE,,,,
ALTUV.FR,ALTUV.PA,FR,ok,BIO-UV GROUP,BIO-UV Group S.A.,Industrials,Pollution & Treatment Controls,France,Lunel,EUR,EQUITY,17612580,149,https://www.bio-uv.com,
ALTXC.FR,ALTXC.PA,FR,ok,TXCOM,TXCOM Société Anonyme,Technology,Communication Equipment,France,Le Plessis-Robinson,EUR,EQUITY,11050110,24,https://txcom-group.com,
ALUPG.FR,ALUPG.PA,FR,ok,UPERGY,UPERGY Société Anonyme,Consumer Cyclical,Specialty Retail,France,Limonest,EUR,EQUITY,7561384,289,https://www.upergy.com,
ALU10.FR,ALU10.PA,FR,ok,U10 CORP,U10 Corp,Consumer Cyclical,"Furnishings, Fixtures & Appliances",France,Thizy,EUR,EQUITY,20318874,278,https://www.u10.fr,
ALUNT.FR,ALUNT.PA,FR,ok,UNITI,Uniti S.A,Consumer Cyclical,Residential Construction,France,Paris,EUR,EQUITY,35001124,58,https://uniti-habitat.fr,
ALUVI.FR,ALUVI.PA,FR,ok,UV GERMI,UV Germi SA,Industrials,Pollution & Treatment Controls,France,Saint-Viance,EUR,EQUITY,6016365,44,https://www.uvgermi.fr,
ALVIV.FR,ALVIV.PA,FR,no_data,,,,,,,,NONE,,,,
ALVAL.FR,ALVAL.PA,FR,ok,VALBIOTIS,Valbiotis SA,Consumer Defensive,Packaged Foods,France,Périgny,EUR,EQUITY,26974138,50,https://www.valbiotis.com,
ALVIA.FR,ALVIA.PA,FR,ok,VIALIFE,Vialife SA,Consumer Cyclical,Specialty Retail,France,Paris,EUR,EQUITY,3959220,,https://www.viapresse.com,
ALVAP.FR,ALVAP.PA,FR,ok,KUMULUS VAPE,Kumulus Vape S.A.,Consumer Cyclical,Internet Retail,France,Lyon,EUR,EQUITY,7802140,101,https://www.kumulusvape.fr,
ALVER.FR,ALVER.PA,FR,no_data,,,,,,,,NONE,,,,
ALVDM.FR,ALVDM.PA,FR,ok,VOYAGEURS DU MONDE,Voyageurs du Monde SA,Consumer Cyclical,Travel Services,France,Paris,EUR,EQUITY,798686016,2011,https://www.voyageursdumonde.fr,
ALVET.FR,ALVET.PA,FR,no_data,,,,,,,,,,,,
ALVGO.FR,ALVGO.PA,FR,ok,VOGO,Vogo SA,Technology,Software - Application,France,Montpellier,EUR,EQUITY,13744788,71,https://www.vogo-group.com,
ALVTX.FR,ALVTX.PA,FR,no_data,,,,,,,,NONE,,,,
ALWED.FR,ALWED.PA,FR,no_data,,,,,,,,NONE,,,,
ALVU.FR,ALVU.PA,FR,ok,VENTE UNIQUE.COM,Vente-Unique.com SA,Consumer Cyclical,Internet Retail,France,Le Pre-St-Gervais,EUR,EQUITY,164600912,435,https://www.vente-unique.com,
ALWEC.FR,ALWEC.PA,FR,ok,WE.CONNECT,We.Connect SA,Technology,Computer Hardware,France,Paris,EUR,EQUITY,76689496,300,https://www.connect-we.fr,
ALVMG.FR,ALVMG.PA,FR,no_data,,,,,,,,NONE,,,,
AMDS.FR,AMDS.PA,FR,ok,Leverage Shares -1x Advanced Mi,Leverage Shares -1x Advcd Mcr Dvcs ETP Securities,,,,,EUR,ETF,,,,
AM.FR,AM.PA,FR,ok,DASSAULT AVIATION,Dassault Aviation société anonyme,Industrials,Aerospace & Defense,France,Saint-Cloud,EUR,EQUITY,23992561664,14573,https://www.dassault-aviation.com,
ALWIT.FR,ALWIT.PA,FR,ok,WITBE,Witbe S.A.,Communication Services,Internet Content & Information,France,Nanterre,EUR,EQUITY,12531065,100,https://www.witbe.net,
AMG.NL,AMG.AS,NL,ok,AMG Critical Materials N.V.,AMG Critical Materials N.V.,Basic Materials,Other Industrial Metals & Mining,Netherlands,Amsterdam,EUR,EQUITY,980041216,3600,https://amg-nv.com,
AMPLI.FR,AMPLI.PA,FR,no_data,,,,,,,,,,,,
ALWF.FR,ALWF.PA,FR,ok,WINFARM,WINFARM Société anonyme,Industrials,Farm & Heavy Construction Machinery,France,Loudéac,EUR,EQUITY,7968951,363,https://www.winfarm-group.com,
ALX.NL,ALX.AS,NL,ok,ALUMEXX N.V.,Alumexx N.V.,Consumer Cyclical,Internet Retail,Netherlands,Etten-Leur,EUR,EQUITY,21526010,71,https://alumexx.nl,
AMD2.FR,AMD2.PA,FR,ok,Leverage Shares 2x Advanced Mic,Leverage Shares 2x Advcd Mcr Dvcs ETP Securities,,,,,EUR,ETF,,,,
AMZS.FR,AMZS.PA,FR,ok,Leverage Shares -1x Amazon ETP ,Leverage Shares -1x Amazon ETP Scs,,,,,EUR,ETF,,,,
AMZ2.FR,AMZ2.PA,FR,ok,Leverage Shares 2x Amazon ETP S,Leverage Shares 2x Amazon ETP Securities A,,,,,EUR,ETF,,,,
AMUND.NL,AMUND.AS,NL,ok,Almunda Professional N.V.,Almunda Professionals N.V.,Technology,Information Technology Services,Netherlands,Amsterdam,EUR,EQUITY,25168278,183,https://www.novisource.nl,
APLS.FR,APLS.PA,FR,ok,Leverage Shares -1x Apple ETP S,Leverage Shares -1x Apple ETP Securities,,,,,EUR,ETF,,,,
APAM.NL,APAM.AS,NL,ok,APERAM,Aperam S.A.,Basic Materials,Steel,Luxembourg,Luxembourg,EUR,EQUITY,3575124992,13000,https://www.aperam.com,
ANTIN.FR,ANTIN.PA,FR,ok,ANTIN INFRASTRUCTURE PARTNERS,Antin Infrastructure Partners S.A.,Financial Services,Asset Management,France,Paris,EUR,EQUITY,1549871360,254,https://www.antin-ip.com,
AMZ3.FR,AMZ3.PA,FR,ok,Leverage Shares 3x Amazon ETP S,Leverage Shares 3x Amazon ETP Securities,,,,,EUR,ETF,,,,
ARCAD.NL,ARCAD.AS,NL,ok,ARCADIS,Arcadis NV,Industrials,Engineering & Construction,Netherlands,Amsterdam,EUR,EQUITY,3561802752,31361,https://www.arcadis.com,
ARAMI.FR,ARAMI.PA,FR,ok,ARAMIS GROUP,Aramis Group SAS,Consumer Cyclical,Auto & Truck Dealerships,France,Arcueil,EUR,EQUITY,327777984,2400,https://www.aramis.group,
ARCPF.NL,ARCPF.AS,NL,ok,ARCONA PROPERTY FUND NV,Arcona Property Fund N.V.,,,,,EUR,MUTUALFUND,,,,
AMUN.FR,AMUN.PA,FR,ok,AMUNDI,Amundi S.A.,Financial Services,Asset Management,France,Paris,EUR,EQUITY,18014445568,5400,https://legroupe.amundi.com,
APM.FR,APM.PA,FR,no_data,,,,,,,,NONE,,,,
ARDO.FR,ARDO.PA,FR,ok,"ARDO.PA,0P0000E6NJ,0",Les Motocycles Ardoin Saint Amand et Cie,,,,,EUR,MUTUALFUND,,,,
AREIT.FR,AREIT.PA,FR,ok,ALTAREIT,Altareit SCA,Real Estate,Real Estate - Development,France,Paris,EUR,EQUITY,1022826880,1118,https://www.altareit.com,
ARTE.FR,ARTE.PA,FR,ok,ARTEA,Artea SA,Real Estate,Real Estate Services,France,Paris,EUR,EQUITY,25809474,,https://www.groupe-artea.fr,
ARG.FR,ARG.PA,FR,ok,ARGAN,Argan SA,Real Estate,REIT - Industrial,France,Neuilly-sur-Seine,EUR,EQUITY,1996127232,28,https://www.argan.fr/,
ASM.NL,ASM.AS,NL,ok,ASM International N.V.,ASM International NV,Technology,Semiconductor Equipment & Materials,Netherlands,Almere,EUR,EQUITY,37681385472,4489,https://www.asm.com,
ARTO.FR,ARTO.PA,FR,ok,ARTOIS NOM.,Société Industrielle et Financière de l'Artois Société anonyme,Technology,Computer Hardware,France,Puteaux,EUR,EQUITY,2635379968,701,https://sif-artois.fr,
ASML.NL,ASML.AS,NL,ok,ASML HOLDING,ASML Holding N.V.,Technology,Semiconductor Equipment & Materials,Netherlands,Veldhoven,EUR,EQUITY,536203591680,43938,https://www.asml.com,
ASN.NL,ASN.AS,NL,ok,ASN DUURZAAM AANDELENFONDS,ASN Duurzaam Aandelenfonds R,,,,,EUR,MUTUALFUND,,,,
ASNMF.NL,ASNMF.AS,NL,ok,ASN MICROKREDIETFONDS,ASN Microkredietfonds R,,,,,EUR,MUTUALFUND,,,,
ASNML.NL,ASNML.AS,NL,ok,ASN Milieu & Waterfonds,ASN Milieu & Waterfonds R,,,,,EUR,MUTUALFUND,,,,
ASN5.NL,ASN5.AS,NL,ok,ASN Duurzaam Small & Midcapfond,ASN Duurzaam S&Mid Cap R,,,,,EUR,MUTUALFUND,,,,
ASNN.NL,ASNN.AS,NL,ok,ASN DUURZAAM MIXFONDS NEUTRAAL,ASN Duurzaam Mixfonds Neutraal,,,,,EUR,MUTUALFUND,,,,
ASND.NL,ASND.AS,NL,ok,ASN DUURZAAM MIXFONDS DEFENSIEF,ASN Duurzaam Mixfonds Defensief,,,,,EUR,MUTUALFUND,,,,
ASNGF.NL,ASNGF.AS,NL,ok,ASN Energie & Innovatiefonds,ASN Groenprojectenfonds,,,,,EUR,MUTUALFUND,,,,
ASNZO.NL,ASNZO.AS,NL,ok,ASN DUURZAAM MIXFONDS ZEER OFFE,ASN Duurzaam Mixfonds Zeer Offensief,,,,,EUR,MUTUALFUND,,,,
ASP.FR,ASP.PA,FR,no_data,,,,,,,,NONE,,,,
ASOL.FR,ASOL.PA,FR,ok,21Shares Solana Staking ETP,21Shares Solana Staking ETP,,,,,USD,ETF,,,,
ASRNL.NL,ASRNL.AS,NL,ok,ASR NEDERLAND,ASR Nederland N.V.,Financial Services,Insurance - Diversified,Netherlands,Utrecht,EUR,EQUITY,14451497984,4771,https://www.asrnl.com,
ASNO.NL,ASNO.AS,NL,ok,ASN DUURZAAM MIXFONDS OFFENSIEF,ASN Duurzaam Mixfonds Offensief,,,,,EUR,MUTUALFUND,,,,
ASNZD.NL,ASNZD.AS,NL,ok,ASN DUURZAAM MIXFONDS ZEER DEFE,ASN Duurzaam Mixfonds Zeer Defensief,,,,,EUR,MUTUALFUND,,,,
ASNOB.NL,ASNOB.AS,NL,ok,ASN DUURZAAM OBLIGATIEFONDS,ASN Duurzaam Obligatiefonds R,,,,,EUR,MUTUALFUND,,,,
ATEME.FR,ATEME.PA,FR,ok,ATEME,ATEME SA,Technology,Communication Equipment,France,Vélizy-Villacoublay,EUR,EQUITY,143584640,547,https://www.ateme.com,
ATI.FR,ATI.PA,FR,no_data,,,,,,,,NONE,,,,
ASY.FR,ASY.PA,FR,ok,ASSYSTEM,Assystem S.A.,Industrials,Engineering & Construction,France,Courbevoie,EUR,EQUITY,638697728,7583,https://www.assystem.com,
ATO.FR,ATO.PA,FR,ok,ATOS GROUP,Atos Group,Technology,Information Technology Services,France,Bezons,EUR,EQUITY,621588096,57624,https://www.atosgroup.com,
ATE.FR,ATE.PA,FR,ok,ALTEN,Alten S.A.,Technology,Information Technology Services,France,Boulogne-Billancourt,EUR,EQUITY,2207304192,55713,https://www.alten.com,
ATA.FR,ATA.PA,FR,no_data,,,,,,,,NONE,,,,
AURS.FR,AURS.PA,FR,no_data,,,,,,,,NONE,,,,
AUGR.FR,AUGR.PA,FR,ok,AUGROS COSMETIC,Augros Cosmetic Packaging SA,,,France,Alençon,EUR,EQUITY,8126119,119,https://www.augros.fr,
AURE.FR,AURE.PA,FR,ok,AUREA,Aurea SA,Industrials,Waste Management,France,Paris,EUR,EQUITY,53625540,484,https://www.aurea-france.com,
AUB.FR,AUB.PA,FR,ok,AUBAY,Aubay Société Anonyme,Technology,Information Technology Services,France,Boulogne-Billancourt,EUR,EQUITY,718449472,9049,https://www.aubay.com,
ATRS.NL,ATRS.AS,NL,ok,"ATRS.AS,0P0000M29S,0",Atrium European Real Estate Ltd,,,,,EUR,MUTUALFUND,0,,,
AVT.FR,AVT.PA,FR,ok,AVENIR TELECOM,Avenir Telecom S.A.,Technology,Communication Equipment,France,Marseille,EUR,EQUITY,6929978,49,https://corporate.avenir-telecom.com,
AVIAW.NL,AVIAW.AS,NL,ok,Cardano ESG Transition Enhanced,Cardano ESG Trans EnhIndx Eq Glob C1 D €,,,,,EUR,MUTUALFUND,,,,
AVFNV.NL,AVFNV.AS,NL,ok,ADD VALUE FUND N.V.,Add Value Fund N.V.,,,,,EUR,MUTUALFUND,,,,
AVTX.NL,AVTX.AS,NL,ok,AVANTIUM,Avantium N.V.,Basic Materials,Specialty Chemicals,Netherlands,Amsterdam,EUR,EQUITY,163843680,199,https://www.avantium.com,
AXASD.FR,AXASD.PA,FR,ok,AXAWFASIANSHBONDS,,,,,,EUR,MUTUALFUND,,,,
AXAHY.FR,AXAHY.PA,FR,ok,AXAWFASIANHYBONDS,AXA World Funds - Asian High Yield Bonds,,,,,EUR,MUTUALFUND,,,,
AXEGB.FR,AXEGB.PA,FR,ok,AXAWFEURGOVBONDS,AXA World Funds - Euro Government Bonds,,,,,EUR,MUTUALFUND,,,,
AXEHY.FR,AXEHY.PA,FR,ok,AXAWFEUROPEANHY,AXA World Funds - European High Yield Bonds,,,,,EUR,MUTUALFUND,,,,
AXEIN.FR,AXEIN.PA,FR,ok,AXAWFEUROINFLATION,AXA World Funds - Euro Inflation Bonds,,,,,EUR,MUTUALFUND,,,,
AXEMB.FR,AXEMB.PA,FR,ok,AXAWFEMERGINGBONDS,AXA World Funds - Global Emerging Markets Bonds,,,,,EUR,MUTUALFUND,,,,
AXDOI.FR,AXDOI.PA,FR,ok,AXAWFDEFENSOPTINC,AXA World Funds - Defensive Optimal Income,,,,,EUR,MUTUALFUND,,,,
AXASI.FR,AXASI.PA,FR,ok,AXAWFFRAMASIAINCOM,AXA World Funds - Framlington Asia Select Income,,,,,EUR,MUTUALFUND,,,,
AXEBM.FR,AXEBM.PA,FR,ok,AXAWFEURBUYMAINT,AXA World Funds - Euro Buy and Maintain Credit,,,,,EUR,MUTUALFUND,,,,
AXESC.FR,AXESC.PA,FR,ok,AXAWFFRAMEUROPESMA,AXA World Funds - Framlington Europe Small Cap,,,,,EUR,MUTUALFUND,,,,
AXEMS.FR,AXEMS.PA,FR,ok,AXAWFEMERGINGSHORT,AXA World Funds - Emerging Markets Short Duration Bonds,,,,,EUR,MUTUALFUND,,,,
AXERE.FR,AXERE.PA,FR,ok,AXAWFFRAMEUROPERE,AXA World Funds - Framlington Europe Real Estate Securities,,,,,EUR,MUTUALFUND,,,,
AXEUB.FR,AXEUB.PA,FR,ok,AXAWFEUROBONDS,AXA World Funds - Euro Bonds,,,,,EUR,MUTUALFUND,,,,
AXGCB.FR,AXGCB.PA,FR,ok,AXAWFGLOBALCREDIT,AXA World Funds -  Global Credit Bonds,,,,,EUR,MUTUALFUND,,,,
AXESD.FR,AXESD.PA,FR,ok,AXAWFEUROCREDITSD,AXA World Funds - Euro Credit Short Duration,,,,,EUR,MUTUALFUND,,,,
AXEUO.FR,AXEUO.PA,FR,ok,AXAWFFRAMEUROPEOPP,AXA World Funds - Framlington Europe Opportunities,,,,,EUR,MUTUALFUND,,,,
AXEUR.FR,AXEUR.PA,FR,ok,AXAWFFRAMEUROZONE,AXA World Funds - Framlington Eurozone,,,,,EUR,MUTUALFUND,,,,
AXGBM.FR,AXGBM.PA,FR,ok,AXAWFEURBUYMAINT,AXA World Funds -  Global Credit Bonds,,,,,EUR,MUTUALFUND,,,,
AXFAC.FR,AXFAC.PA,FR,ok,AXAWFGLOBALFACTOR,AXA World Funds - Global Factors - Sustainable Equity,,,,,EUR,MUTUALFUND,,,,
AXGFP.FR,AXGFP.PA,FR,ok,AXAWFGLOBFLEXPROP,AXA World Funds - Global Flexible Property,,,,,EUR,MUTUALFUND,,,,
AXGIG.FR,AXGIG.PA,FR,ok,AXAWFGLOBINCOMEGEN,,,,,,EUR,MUTUALFUND,,,,
AXGIB.FR,AXGIB.PA,FR,ok,AXAWFGLOBALINFLA,,,,,,EUR,MUTUALFUND,,,,
AXGHY.FR,AXGHY.PA,FR,ok,AXAWFGLOBALHYBONDS,AXA World Funds - Global High Yield Bonds,,,,,EUR,MUTUALFUND,,,,
AXGIN.FR,AXGIN.PA,FR,ok,AXAWFGLINFLASHORT,AXA World Funds SICAV - Global Inflation Short Duration Bonds Fund,,,,,EUR,MUTUALFUND,,,,
AXHEA.FR,AXHEA.PA,FR,ok,AXAWFFRAMHEALTH,,,,,,EUR,MUTUALFUND,,,,
AXGSC.FR,AXGSC.PA,FR,ok,AXAWFFRAMGLOBSMALL,,,,,,EUR,MUTUALFUND,,,,
AXGRE.FR,AXGRE.PA,FR,ok,AXAWFFRAMGLOBALERE,,,,,,EUR,MUTUALFUND,,,,
AXGSB.FR,AXGSB.PA,FR,ok,AXAWFGLOBALSTRAT,,,,,,EUR,MUTUALFUND,,,,
AXGOI.FR,AXGOI.PA,FR,ok,AXAWFGLOBALOPTINC,,,,,,EUR,MUTUALFUND,,,,
AXHUM.FR,AXHUM.PA,FR,ok,AXAWFFRAMHUMANCAP,,,,,,EUR,MUTUALFUND,,,,
AXOI.FR,AXOI.PA,FR,ok,AXAWFOPTIMALINCOME,AXA World Funds - Optimal Income Fund,,,,,EUR,MUTUALFUND,,,,
AXLM.FR,AXLM.PA,FR,ok,21Shares Stellar ETP,21Shares Stellar ETP,,,,,USD,ETF,,,,
AXMIX.FR,AXMIX.PA,FR,ok,AXAWFMIXINPERSP,AXA World Funds - Mix In Perspectives,,,,,EUR,MUTUALFUND,,,,
AXPB.FR,AXPB.PA,FR,ok,AXAWFPLANETBONDS,AXA World Funds - Planet Bonds Fund,,,,,EUR,MUTUALFUND,,,,
AXTZ.FR,AXTZ.PA,FR,ok,21Shares Tezos Staking ETP,21Shares Tezos ETP,,,,,USD,ETF,,,,
AXUHY.FR,AXUHY.PA,FR,ok,AXAWFUSHYBONDS,,,,,,EUR,MUTUALFUND,,,,
AXUSC.FR,AXUSC.PA,FR,ok,AXAWFUSCREDITSDIG,AXA World Funds - US Credit Short Duration IG,,,,,EUR,MUTUALFUND,,,,
AXS.NL,AXS.AS,NL,ok,ACCSYS TECHNOLOGIES PLC,Accsys Technologies PLC,Basic Materials,Lumber & Wood Production,United Kingdom,London,EUR,EQUITY,210755040,241,https://www.accsysplc.com,
AXRP.FR,AXRP.PA,FR,ok,21Shares Ripple XRP,21Shares XRP ETP,,,,,USD,ETF,,,,
AXROB.FR,AXROB.PA,FR,ok,AXAWFFRAMROBOTECH,AXA World Funds - Framlington Robotech Fund,,,,,EUR,MUTUALFUND,,,,
AXRES.FR,AXRES.PA,FR,ok,AXAWFFRAMHYBRIDRES,AXA World Funds - Framlington Hybrid Resources,,,,,EUR,MUTUALFUND,,,,
AXECP.FR,AXECP.PA,FR,ok,AXAWFEUROCREDITPLU,AXA World Funds - Euro Credit Plus,,,,,EUR,MUTUALFUND,,,,
AXW.FR,AXW.PA,FR,no_data,,,,,,,,NONE,,,,
BA3.FR,BA3.PA,FR,no_data,,,,,,,,NONE,,,,
BAB2.FR,BAB2.PA,FR,ok,Leverage Shares 2x Alibaba ETP ,Leverage Shares 2x Alibaba ETP Scs,,,,,EUR,ETF,,,,
AXUSS.FR,AXUSS.PA,FR,ok,AXAWFUSSHORTDURHY,,,,,,EUR,MUTUALFUND,,,,
BABS.FR,BABS.PA,FR,ok,Leverage Shares -1x Alibaba ETP,Leverage Shares -1x Alibaba ETP Scs,,,,,EUR,ETF,,,,
BASF11.ETR,BASF11.DE,ETR,no_data,,,,,,,,,,,,
BAES.FR,BAES.PA,FR,no_data,,,,,,,,,,,,
BAMNB.NL,BAMNB.AS,NL,ok,Koninklijke BAM Groep N.V.,Koninklijke BAM Groep nv,Industrials,Engineering & Construction,Netherlands,Bunnik,EUR,EQUITY,2810211584,12836,https://www.bam.com,
BAIN.FR,BAIN.PA,FR,ok,BAINS MER MONACO,Société Anonyme des Bains de Mer et du Cercle des Étrangers à Monaco,Consumer Cyclical,Resorts & Casinos,Monaco,Monaco,EUR,EQUITY,3432332288,3470,https://www.montecarlosbm.com,
BALYO.FR,BALYO.PA,FR,no_data,,,,,,,,,,,,
BASS.FR,BASS.PA,FR,ok,BASSAC,BASSAC Société anonyme,Real Estate,Real Estate - Development,France,Boulogne-Billancourt,EUR,EQUITY,703517440,1040,https://www.bassac.fr,
BBED.NL,BBED.AS,NL,no_data,,,,,,,,NONE,,,,
BAY001.ETR,BAY001.DE,ETR,no_data,,,,,,,,,,,,
BB.FR,BB.PA,FR,ok,BIC,Société BIC SA,Consumer Defensive,Household & Personal Products,France,Clichy,EUR,EQUITY,2510074112,9224,https://corporate.bic.com/,
BEVER.NL,BEVER.AS,NL,ok,BEVER HOLDING Gewone aandelen,Bever Holding NV,Real Estate,Real Estate - Development,Netherlands,Wassenaar,EUR,EQUITY,44349624,1,https://www.beverholding.nl,
BFB001.ETR,BFB001.DE,ETR,no_data,,,,,,,,,,,,
BCS3.FR,BCS3.PA,FR,ok,Leverage Shares 3x Barclays ETP,,,,,,EUR,ETF,,,,
BCSS.NL,BCSS.AS,NL,no_data,,,,,,,,NONE,,,,
BERR.FR,BERR.PA,FR,no_data,,,,,,,,NONE,,,,
BEN.FR,BEN.PA,FR,ok,BENETEAU,Bénéteau S.A.,Consumer Cyclical,Recreational Vehicles,France,Saint-Gilles-Croix-de-Vie,EUR,EQUITY,472866528,6218,https://beneteau-group.com,
BESI.NL,BESI.AS,NL,ok,BE Semiconductor Industries N.V,BE Semiconductor Industries N.V.,Technology,Semiconductor Equipment & Materials,Netherlands,Duiven,EUR,EQUITY,15893061632,1952,https://www.besi.com,
BGAG98.ETR,BGAG98.DE,ETR,no_data,,,,,,,,,,,,
BFB002.ETR,BFB002.DE,ETR,no_data,,,,,,,,,,,,
BIOBS.FR,BIOBS.PA,FR,no_data,,,,,,,,,,,,
BFIT.NL,BFIT.AS,NL,ok,BASIC-FIT,Basic-Fit N.V.,Consumer Cyclical,Leisure,Netherlands,Hoofddorp,EUR,EQUITY,2233234688,7906,https://corporate.basic-fit.com,
BGHL.NL,BGHL.AS,NL,no_data,,,,,,,,NONE,,,,
BGHEF.NL,BGHEF.AS,NL,ok,BNP Paribas Global Income Multi,BNP Paribas III Glbl Inc Mlt-Fct Eq Cl,,,,,EUR,MUTUALFUND,,,,
BGHS.NL,BGHS.AS,NL,no_data,,,,,,,,NONE,,,,
BGPSF.NL,BGPSF.AS,NL,ok,BNP Paribas ESG Global Property,BNP Paribas III ESG Global Prop Secs Cl,,,,,EUR,EQUITY,,,,
BIM.FR,BIM.PA,FR,ok,BIOMERIEUX,bioMérieux S.A.,Healthcare,Diagnostics & Research,France,Marcy-l'Étoile,EUR,EQUITY,8162424320,14562,https://www.biomerieux.com,
BIG.FR,BIG.PA,FR,ok,BIGBEN INTERACTIVE,BigBen Interactive,Technology,Consumer Electronics,France,Lesquin,EUR,EQUITY,7595996,1300,https://www.bigben-group.com,
BLEE.FR,BLEE.PA,FR,ok,BLEECKER,Bleecker Société Anonyme,Real Estate,REIT - Diversified,France,Paris,EUR,EQUITY,118092032,,https://www.bleecker.fr,
BLC.FR,BLC.PA,FR,ok,BASTIDE LE CONFORT,Bastide Le Confort Médical SA,Healthcare,Medical Distribution,France,Caissargues,EUR,EQUITY,167747872,3641,https://www.bastideleconfortmedical.com,
BLV.FR,BLV.PA,FR,no_data,,,,,,,,,,,,
BLUBT.FR,BLUBT.PA,FR,no_data,,,,,,,,,,,,
BOI.FR,BOI.PA,FR,ok,BOIRON,Boiron SA,Healthcare,Drug Manufacturers - Specialty & Generic,France,Messimy,EUR,EQUITY,470517696,2364,https://www.boiron.fr,
BN.FR,BN.PA,FR,ok,DANONE,Danone S.A.,Consumer Defensive,Packaged Foods,France,Paris,EUR,EQUITY,46412120064,88670,https://www.danone.com,
BNBA.FR,BNBA.PA,FR,ok,21Shares Binance Coin ETP,21Shares Binance BNB ETP,,,,,USD,ETF,,,,
BNP.FR,BNP.PA,FR,ok,BNP PARIBAS ACT.A,BNP Paribas SA,Financial Services,Banks - Regional,France,Paris,EUR,EQUITY,118894084096,180000,https://group.bnpparibas,
BOBL.NL,BOBL.AS,NL,ok,Robeco US Large Cap Equities N.,Robeco Customized US Large Cap Eqs G €,,,,,EUR,MUTUALFUND,,,,
BNPAQ.FR,BNPAQ.PA,FR,ok,BNPPARTPFRN29JUL49,,,,,,EUR,EQUITY,,,,
BOKA.NL,BOKA.AS,NL,no_data,,,,,,,,NONE,,,,
BOL.FR,BOL.PA,FR,ok,BOLLORE SE,Bolloré SE,Communication Services,Entertainment,France,Puteaux,EUR,EQUITY,11177000960,2931,https://www.bollore.com,
BON.FR,BON.PA,FR,ok,BONDUELLE,Bonduelle SCA,Consumer Defensive,Packaged Foods,France,Renescure,EUR,EQUITY,279407072,7625,https://www.bonduelle.com,
BAPHF.NL,BAPHF.AS,NL,ok,BNP Paribas Asia Pacific High I,BNP Paribas Fund III N.V. - BNP Paribas Asia Pacific High Income Equity Fund,,,,,EUR,MUTUALFUND,,,,
BOLS.NL,BOLS.AS,NL,no_data,,,,,,,,NONE,,,,
BSD.FR,BSD.PA,FR,ok,BOURSE DIRECT,Bourse Direct SA,Financial Services,Capital Markets,France,Paris,EUR,EQUITY,276624064,148,https://groupe.boursedirect.fr,
BP3L.FR,BP3L.PA,FR,ok,Leverage Shares 3x BP ETP Secur,Leverage Shares Plc - 3X BP ETP Index,,,,,EUR,ETF,,,,
BSGR.NL,BSGR.AS,NL,no_data,,,,,,,,NONE,,,,
BPS.FR,BPS.PA,FR,ok,Leverage Shares -1x Short BP ET,Leverage Shares Plc - 1X BP ETP Index,,,,,EUR,ETF,,,,
BPSBS.FR,BPSBS.PA,FR,no_data,,,,,,,,,,,,
BRNL.NL,BRNL.AS,NL,ok,BRUNEL INTERNAT,Brunel International N.V.,Industrials,Staffing & Employment Services,Netherlands,Amsterdam,EUR,EQUITY,377496608,9530,https://brunelinternational.net,
BRILL.NL,BRILL.AS,NL,no_data,,,,,,,,NONE,,,,
BTCH.FR,BTCH.PA,FR,ok,BCHetc - ETC Group Physical Bit,BCHetc - Physical Bitcoin Cash ETC,,,,,EUR,ETF,,,,
BUR.FR,BUR.PA,FR,ok,BURELLE,Burelle SA,Consumer Cyclical,Auto Parts,France,Lyon,EUR,EQUITY,641620672,26832,https://burelle.fr,
BUI.FR,BUI.PA,FR,ok,BARBARA BUI,Barbara Bui SA,Consumer Cyclical,Apparel Manufacturing,France,Paris,EUR,EQUITY,2507536,56,https://barbarabui.com,
BVI.FR,BVI.PA,FR,ok,BUREAU VERITAS,Bureau Veritas SA,Industrials,Consulting Services,France,Neuilly-sur-Seine,EUR,EQUITY,12172556288,78849,https://group.bureauveritas.com,
CARM.FR,CARM.PA,FR,ok,CARMILA,Carmila S.A.,Real Estate,REIT - Retail,France,Paris,EUR,EQUITY,2288786432,259,https://www.carmila.com,
CA.FR,CA.PA,FR,ok,CARREFOUR,Carrefour SA,Consumer Defensive,Grocery Stores,France,Massy,EUR,EQUITY,11380953088,298604,https://www.carrefour.com,
CAFO.FR,CAFO.PA,FR,no_data,,,,,,,,,,,,
CAPU.FR,CAPU.PA,FR,ok,OSSIAM SHILLER BARCLAYS CAPE US,Ossiam Lux - Ossiam Shiller Barclays Cape US Sector Value TR 1C (EUR),,,,,EUR,ETF,,,,
CAPLI.FR,CAPLI.PA,FR,no_data,,,,,,,,NONE,,,,
CAP.FR,CAP.PA,FR,ok,CAPGEMINI,Capgemini SE,Technology,Information Technology Services,France,Paris,EUR,EQUITY,16384546816,423405,https://www.capgemini.com,
CARP.FR,CARP.PA,FR,ok,"CARP.PA,0P00009WCP,0",Carpinienne de Participations,,,,,EUR,MUTUALFUND,2010386,,,
CATG.FR,CATG.PA,FR,no_data,,,,,,,,,,,,
CATR.FR,CATR.PA,FR,no_data,,,,,,,,NONE,,,,
CAS.FR,CAS.PA,FR,no_data,,,,,,,,NONE,,,,
CBDG.FR,CBDG.PA,FR,ok,CAMBODGE NOM.,Compagnie du Cambodge,Financial Services,Asset Management,France,Puteaux,EUR,EQUITY,6556512256,,https://www.compagnie-du-cambodge.com/fr-fr,
CBE.FR,CBE.PA,FR,ok,ROBERTET CI,Robertet SA,Basic Materials,Chemicals,France,Grasse,EUR,EQUITY,1369983488,2570,https://www.robertet.com,
CBR.FR,CBR.PA,FR,ok,ROBERTET CDV 87,Robertet SA,,,,,EUR,EQUITY,,,,
CBOT.FR,CBOT.PA,FR,ok,CBO TERRITORIA,CBo Territoria SA,Real Estate,Real Estate - Diversified,France,Sainte-Marie,EUR,EQUITY,136624304,39,https://www.cboterritoria.com,
CDANV.FR,CDANV.PA,FR,no_data,,,,,,,,NONE,,,,
CCEP.NL,CCEP.AS,NL,ok,Coca-Cola Europacific Partners ,Coca-Cola Europacific Partners PLC,Consumer Defensive,Beverages - Non-Alcoholic,United Kingdom,Uxbridge,EUR,EQUITY,42813419520,37003,https://www.cocacolaep.com,
CBK100.ETR,CBK100.DE,ETR,no_data,,,,,,,,,,,,
CDI.FR,CDI.PA,FR,ok,CHRISTIAN DIOR,Christian Dior SE,Consumer Cyclical,Luxury Goods,France,Paris,EUR,EQUITY,75772444672,180957,https://www.dior-finance.com,
CGG.FR,CGG.PA,FR,no_data,,,,,,,,NONE,,,,
CEN.FR,CEN.PA,FR,ok,GROUPE CRIT,Groupe CRIT SA,Industrials,Staffing & Employment Services,France,Paris,EUR,EQUITY,558176960,10628,https://www.groupe-crit.com,
CFI.FR,CFI.PA,FR,ok,CFI,CFI-Compagnie Foncière Internationale,Real Estate,Real Estate Services,France,Paris,EUR,EQUITY,1357632,,https://www.cfi-france.com,
CGGBS.FR,CGGBS.PA,FR,no_data,,,,,,,,,,,,
CGGBT.FR,CGGBT.PA,FR,no_data,,,,,,,,,,,,
CDA.FR,CDA.PA,FR,ok,ALPES (COMPAGNIE),Compagnie des Alpes SA,Consumer Cyclical,Leisure,France,Paris,EUR,EQUITY,1091913728,5220,https://www.compagniedesalpes.com,
CBSM.FR,CBSM.PA,FR,ok,SCBSM,Franklin ClearBridge US Smaller Companies UCITS ETF USD Acc,,,,,EUR,EQUITY,135025344,,,
CH0454664043.NL,CH0454664043.AS,NL,ok,21Shares Ripple XRP,S&P/ASX Resources OPIC,,,,,USD,ETF,,,,
CH0475552201.NL,CH0475552201.AS,NL,ok,21Shares Bitcoin Cash ETP,,,,,,USD,ETF,,,,
CH0454664001.NL,CH0454664001.AS,NL,ok,21Shares Bitcoin ETP - ABTC,,,,,,USD,ETF,,,,
CH0454664027.NL,CH0454664027.AS,NL,ok,21Shares Ethereum Staking ETP,,,,,,USD,ETF,,,,
CGM.FR,CGM.PA,FR,no_data,,,,,,,,,,,,
CH0491507486.NL,CH0491507486.AS,NL,ok,21Shares Tezos Staking ETP,,,,,,USD,ETF,,,,
CH0496454155.NL,CH0496454155.AS,NL,ok,21Shares Binance Coin ETP,,,,,,USD,ETF,,,,
BUDBS.FR,BUDBS.PA,FR,no_data,,,,,,,,,,,,
CH0593331561.NL,CH0593331561.AS,NL,ok,21Shares Polkadot ETP,,,,,,USD,ETF,,,,
CH0514065058.NL,CH0514065058.AS,NL,ok,21Shares Short Bitcoin ETP - SB,MSCI CN IMI/HEALTH CARE GRTR HK,,,,,USD,ETF,,,,
CHOIX.FR,CHOIX.PA,FR,ok,ECOFICHOIXSOLIDR,,,,,,EUR,MUTUALFUND,,,,
CITS.FR,CITS.PA,FR,ok,Leverage Shares -1x Short Citig,,,,,,EUR,ETF,,,,
CH1109575535.NL,CH1109575535.AS,NL,ok,21Shares Stellar ETP,,,,,,USD,ETF,,,,
CHSR.FR,CHSR.PA,FR,ok,CHAUSSERIA,La Chausseria S.A.,Consumer Cyclical,Footwear & Accessories,France,Paris,EUR,EQUITY,3361162,20,https://www.lachausseria.com,
CH1114873776.NL,CH1114873776.AS,NL,ok,21Shares Solana Staking ETP,,,,,,USD,ETF,,,,
CIT2.FR,CIT2.PA,FR,ok,Leverage Shares 2x Citigroup ET,Leverage Shares 2x Citigroup ETP Securities,,,,,EUR,ETF,,,,
CIB.FR,CIB.PA,FR,no_data,,,,,,,,NONE,,,,
CLB.NL,CLB.AS,NL,no_data,,,,,,,,NONE,,,,
CMCOM.NL,CMCOM.AS,NL,ok,CM.COM,CM.com N.V.,Technology,Software - Application,Netherlands,Breda,EUR,EQUITY,231864672,595,https://www.cm.com,
CLP.FR,CLP.PA,FR,no_data,,,,,,,,NONE,,,,
COFA.FR,COFA.PA,FR,ok,COFACE,COFACE SA,Financial Services,Insurance - Reinsurance,France,Bois-Colombes,EUR,EQUITY,2360308480,5190,https://www.coface.com,
CNP.FR,CNP.PA,FR,no_data,,,,,,,,NONE,,,,
CNV.FR,CNV.PA,FR,no_data,,,,,,,,,,,,
CO.FR,CO.PA,FR,ok,CASINO GUICHARD,"Casino, Guichard-Perrachon S.A.",Consumer Defensive,Grocery Stores,France,Saint-Étienne,EUR,EQUITY,73106472,24078,https://www.groupe-casino.fr,
CLA.FR,CLA.PA,FR,no_data,,,,,,,,,,,,
COVH.FR,COVH.PA,FR,ok,COVIVIO HOTELS,Covivio Hotels,Real Estate,REIT - Hotel & Motel,France,Paris,EUR,EQUITY,3617797376,30,https://www.covivio-hotels.fr,
COUR.FR,COUR.PA,FR,ok,COURTOIS,Courtois S.A.,Real Estate,Real Estate Services,France,Toulouse,EUR,EQUITY,7235700,,https://www.courtois-sa.com,
COV.FR,COV.PA,FR,ok,COVIVIO,Covivio,Real Estate,REIT - Diversified,France,Paris,EUR,EQUITY,5970834944,968,https://covivio.eu/en/,
COH.FR,COH.PA,FR,ok,COHERIS,Coheris SA,Technology,Software - Application,France,Suresnes,EUR,EQUITY,59698536,68,https://www.chapsvision.com/fr/solution/crm/,
COX.FR,COX.PA,FR,no_data,,,,,,,,NONE,,,,
COM.FR,COM.PA,FR,no_data,,,,,,,,NONE,,,,
CPA1.NL,CPA1.AS,NL,no_data,,,,,,,,NONE,,,,
CRM2.FR,CRM2.PA,FR,ok,Leverage Shares 2x Salesforce.c,Leverage Shrs 2x Salesforce.com ETP Scs,,,,,EUR,ETF,,,,
CPA1W.NL,CPA1W.AS,NL,no_data,,,,,,,,,,,,
CRBN.NL,CRBN.AS,NL,ok,CORBION,Corbion N.V.,Basic Materials,Specialty Chemicals,Netherlands,Amsterdam,EUR,EQUITY,1091450496,2379,https://www.corbion.com,
CRM3.FR,CRM3.PA,FR,ok,Leverage Shares 3x Salesforce.C,Leverage Shares 3x Salesforce.Com ETP Securities,,,,,EUR,ETF,,,,
CTCA1.NL,CTCA1.AS,NL,no_data,,,,,,,,NONE,,,,
CTAC.NL,CTAC.AS,NL,ok,CTAC,Ctac N.V.,Technology,Information Technology Services,Netherlands,'s-Hertogenbosch,EUR,EQUITY,41881108,329,https://www.ctac.nl,
CROS.FR,CROS.PA,FR,ok,CROSSWOOD,Crosswood SA,Real Estate,Real Estate Services,France,Paris,EUR,EQUITY,93038400,,https://www.crosswood.fr,
CS.FR,CS.PA,FR,ok,AXA,AXA SA,Financial Services,Insurance - Diversified,France,Paris,EUR,EQUITY,92666298368,107756,https://www.axa.com,
CRMS.FR,CRMS.PA,FR,ok,Leverage Shares -1x Salesforce.,Lvrg Shrs -1x Salesforce.Com ETP Scs,,,,,EUR,ETF,,,,
CTRG.FR,CTRG.PA,FR,no_data,,,,,,,,NONE,,,,
CV.FR,CV.PA,FR,ok,"CV.PA,0P00009WSP,0",ZCI Limited,,,,,EUR,MUTUALFUND,11135529,,,
CTCT1.NL,CTCT1.AS,NL,no_data,,,,,,,,NONE,,,,
CTPNV.NL,CTPNV.AS,NL,ok,CTP NV,CTP N.V.,Real Estate,Real Estate - Development,Netherlands,Amsterdam,EUR,EQUITY,8061447168,924,https://www.ctp.eu,
CTCW1.NL,CTCW1.AS,NL,no_data,,,,,,,,,,,,
DBG.FR,DBG.PA,FR,ok,DERICHEBOURG,Derichebourg SA,Industrials,Waste Management,France,Paris,EUR,EQUITY,1484031104,5256,https://www.derichebourg.com,
CYBKB.FR,CYBKB.PA,FR,no_data,,,,,,,,,,,,
DDIF.NL,DDIF.AS,NL,ok,DDIF.AS,DD Income A EUR Inc,,,,,EUR,MUTUALFUND,,,,
CYBK1.FR,CYBK1.PA,FR,no_data,,,,,,,,,,,,
CYBKA.FR,CYBKA.PA,FR,no_data,,,,,,,,,,,,
DBV.FR,DBV.PA,FR,ok,DBV TECHNOLOGIES,DBV Technologies S.A.,Healthcare,Biotechnology,France,Châtillon,EUR,EQUITY,716114752,170,https://www.dbv-technologies.com,
DDEF.NL,DDEF.AS,NL,ok,DDEF.AS,DD Equity A EUR Acc,,,,,EUR,MUTUALFUND,,,,
DE000A3GK2N1.NL,DE000A3GK2N1.AS,NL,ok,DDA Physical Bitcoin ETP,,,,,,EUR,ETF,,,,
CYBBT.FR,CYBBT.PA,FR,no_data,,,,,,,,,,,,
DE000A28M8D0.NL,DE000A28M8D0.AS,NL,ok,VanEck Bitcoin ETN,,,,,,EUR,ETF,,,,
DE000A27Z304.NL,DE000A27Z304.AS,NL,ok,ETC Group Physical Bitcoin,,,,,,USD,ETF,,,,
DCACS.NL,DCACS.AS,NL,no_data,,,,,,,,NONE,,,,
DCACW.NL,DCACW.AS,NL,no_data,,,,,,,,,,,,
DE000A3GN5J9.NL,DE000A3GN5J9.AS,NL,ok,ETC Group Physical Litecoin,,,,,,USD,ETF,,,,
DE000A3GSUE1.FR,DE000A3GSUE1.PA,FR,ok,VanEck TRON ETN,,,,,,EUR,ETF,,,,
DE000A3GSUD3.FR,DE000A3GSUD3.PA,FR,ok,VanEck Solana ETN,,,,,,EUR,ETF,,,,
DE000A3GSUC5.FR,DE000A3GSUC5.PA,FR,ok,VanEck Polkadot ETN,,,,,,EUR,ETF,,,,
DE000A3GMKD7.NL,DE000A3GMKD7.AS,NL,ok,ETC Group Physical Ethereum,,,,,,USD,ETF,,,,
DE000A3GTBU5.NL,DE000A3GTBU5.AS,NL,ok,BCHetc - ETC Group Physical Bit,,,,,,USD,ETF,,,,
DE000A3GPSP7.NL,DE000A3GPSP7.AS,NL,ok,VanEck Ethereum ETN,,,,,,EUR,ETF,,,,
DEEW.FR,DEEW.PA,FR,no_data,,,,,,,,,,,,
DEC.FR,DEC.PA,FR,ok,JCDECAUX SE,JCDecaux SE,Communication Services,Advertising Agencies,France,Neuilly-sur-Seine,EUR,EQUITY,4663629824,11320,https://www.jcdecaux.com,
DEE.FR,DEE.PA,FR,no_data,,,,,,,,NONE,,,,
DIM.FR,DIM.PA,FR,ok,SARTORIUS STED BIO,Sartorius Stedim Biotech S.A.,Healthcare,Medical Instruments & Supplies,France,Aubagne,EUR,EQUITY,15819445248,10477,https://www.sartorius.com,
DPA.NL,DPA.AS,NL,no_data,,,,,,,,NONE,,,,
DKUPL.FR,DKUPL.PA,FR,ok,DEKUPLE,ADLPartner SA,Communication Services,Advertising Agencies,France,Montreuil,EUR,EQUITY,100097728,1200,https://www.dekuple.com/en,
DLTA.FR,DLTA.PA,FR,no_data,,,,,,,,NONE,,,,
DGM.FR,DGM.PA,FR,no_data,,,,,,,,NONE,,,,
DGE.FR,DGE.PA,FR,ok,"DGE.PA,0P00009WEW,0",Diageo plc,,,,,EUR,MUTUALFUND,0,,,
DGB.NL,DGB.AS,NL,no_data,,,,,,,,,,,,
DG.FR,DG.PA,FR,ok,VINCI,Vinci SA,Industrials,Engineering & Construction,France,Nanterre,EUR,EQUITY,66037051392,292101,https://www.vinci.com,
DPT.FR,DPT.PA,FR,ok,ST DUPONT,S.T. Dupont S.A.,Consumer Cyclical,Luxury Goods,France,Paris,EUR,EQUITY,71721440,240,https://www.st-dupont.com,
DSC2.NL,DSC2.AS,NL,no_data,,,,,,,,NONE,,,,
DSC2S.NL,DSC2S.AS,NL,no_data,,,,,Netherlands,Amsterdam,EUR,EQUITY,,,https://www.dutchstarcompanies.com,
DPAM.FR,DPAM.PA,FR,ok,DOCK.PETR.AMBES AM,Les Docks des Pétroles d'Ambès -SA,Energy,Oil & Gas Refining & Marketing,France,Carbon-Blanc,EUR,EQUITY,83619000,43,https://www.dpasa.fr,
DSCW1.NL,DSCW1.AS,NL,no_data,,,,,,,,,,,,
DSY.FR,DSY.PA,FR,ok,DASSAULT SYSTEMES,Dassault Systèmes SE,Technology,Software - Application,France,Vélizy-Villacoublay,EUR,EQUITY,27042074624,25000,https://www.3ds.com,
DVT.FR,DVT.PA,FR,no_data,,,,,,,,NONE,,,,
DSM.NL,DSM.AS,NL,no_data,,,,,,,,NONE,,,,
DSCW3.NL,DSCW3.AS,NL,no_data,,,,,,,,,,,,
DSCW2.NL,DSCW2.AS,NL,no_data,,,,,,,,,,,,
EBPF.FR,EBPF.PA,FR,no_data,,,,,,,,NONE,,,,
EC.FR,EC.PA,FR,ok,TOTALENERGIES EP GABON,TotalEnergies EP Gabon Société Anonyme,Energy,Oil & Gas E&P,Gabon,Port Gentil,EUR,EQUITY,963000000,192,https://ep.totalenergies.ga,
CRI.FR,CRI.PA,FR,ok,COMPAGNIE CHARGEURS INVEST,Compagnie Chargeurs Invest,Industrials,Conglomerates,France,Paris,EUR,EQUITY,210245616,2163,https://chargeurs.com,
EBUS.NL,EBUS.AS,NL,ok,EBUSCO HOLDING N.V.,Ebusco Holding N.V.,Consumer Cyclical,Auto Manufacturers,Netherlands,Deurne,EUR,EQUITY,54233048,282,https://www.ebusco.com,
EAS2P.NL,EAS2P.AS,NL,ok,EASE2PAY NV,Ease2pay N.V.,Technology,Software - Infrastructure,Netherlands,Rotterdam,EUR,EQUITY,9416887,13,https://www.ease2pay.com,
ECT.NL,ECT.AS,NL,ok,EUROCASTLE INVESTM,Eurocastle Investment Limited,Financial Services,Asset Management,Guernsey,Saint Peter Port,EUR,EQUITY,11351472,,https://www.eurocastleinv.com,
DWS100.ETR,DWS100.DE,ETR,no_data,,,,,,,,,,,,
EAS.FR,EAS.PA,FR,ok,ECOFIACTIONSCR,Ecofi Optim Variance,,,,,EUR,MUTUALFUND,,,,
EDEN.FR,EDEN.PA,FR,ok,EDENRED,Edenred SE,Financial Services,Credit Services,France,Issy-les-Moulineaux,EUR,EQUITY,6428251136,12102,https://www.edenred.com,
ECMPA.NL,ECMPA.AS,NL,ok,EUROCOMMERCIAL PROPERTIES,Eurocommercial Properties N.V.,Real Estate,REIT - Retail,Netherlands,Amsterdam,EUR,EQUITY,1506419584,98,https://www.eurocommercialproperties.com,
ECE.FR,ECE.PA,FR,ok,ECOFICONVERTIBLES,Ecofi Convertibles Euro,,,,,EUR,MUTUALFUND,,,,
ECP.FR,ECP.PA,FR,no_data,,,,,,,,NONE,,,,
EEF.FR,EEF.PA,FR,ok,ECOFIENJEUXFUTURS,Ecofi Enjeux Futurs,,,,,EUR,MUTUALFUND,,,,
EEFX.FR,EEFX.PA,FR,ok,ECOFIEPARETHQFLX,Epargne Ethique Flexible,,,,,EUR,MUTUALFUND,,,,
EDF.FR,EDF.PA,FR,no_data,,,,,,,,NONE,,,,
EDI.FR,EDI.PA,FR,ok,MEDIA 6,Groupe MEDIA 6,Industrials,Business Equipment & Supplies,France,Tremblay-en-France,EUR,EQUITY,23469258,490,https://www.media6.com,
EDEU.FR,EDEU.PA,FR,ok,BNP Paribas Easy Dividend Europ,BNP Paribas Easy Dividend Europe UCITS ETF Capitalisation,,,,,EUR,ETF,,,,
EEM.FR,EEM.PA,FR,ok,ELECTRICITE ET EAUX DE MADAGASC,Electricité et Eaux de Madagascar Société Anonyme,Financial Services,Asset Management,France,Paris,EUR,EQUITY,10902768,1,https://www.eem-group.com,
EFICW.NL,EFICW.AS,NL,no_data,,,,,,,,,,,,
EENT.FR,EENT.PA,FR,ok,ECOFIENTREPRISES,Ecofi Entreprises Fund,,,,,EUR,MUTUALFUND,,,,
EFICT.NL,EFICT.AS,NL,no_data,,,,,,,,NONE,,,,
EFIC1.NL,EFIC1.AS,NL,no_data,,,,,,,,NONE,,,,
EFI.FR,EFI.PA,FR,ok,EURASIA FONC INV,Eurasia Fonciere Investissements Société Anonyme,Real Estate,Real Estate Services,France,Paris,EUR,EQUITY,8983075,,https://www.eurasiafonciereinvestissements.com,
EIFF.FR,EIFF.PA,FR,ok,TOUR EIFFEL,Société de la Tour Eiffel,Real Estate,REIT - Office,France,Paris,EUR,EQUITY,1089579776,56,https://www.societetoureiffel.com,
ELIOR.FR,ELIOR.PA,FR,ok,ELIOR GROUP,Elior Group SA,Consumer Cyclical,Restaurants,France,Paris,EUR,EQUITY,526643296,133000,https://www.eliorgroup.com,
EKI.FR,EKI.PA,FR,ok,EKINOPS,EKINOPS S.A.,Technology,Communication Equipment,France,Lannion,EUR,EQUITY,69403288,577,https://www.ekinops.com,
ELEC.FR,ELEC.PA,FR,ok,ELEC.STRASBOURG,Électricite de Strasbourg Société Anonyme,Utilities,Utilities - Renewable,France,Strasbourg,EUR,EQUITY,1386559232,1130,https://www.es.fr,
EL.FR,EL.PA,FR,ok,ESSILORLUXOTTICA,EssilorLuxottica Société anonyme,Healthcare,Medical Instruments & Supplies,France,Paris,EUR,EQUITY,76269223936,155975,https://www.essilorluxottica.com,
EJP3.NL,EJP3.AS,NL,ok,WisdomTree Long JPY Short EUR 3,WisdomTree Long JPY Short EUR 3x Daily,,,,,EUR,ETF,,,,
EGR.FR,EGR.PA,FR,ok,TRANSITION EVERGREEN,Transition Evergreen SA,Financial Services,Asset Management,France,Paris,EUR,EQUITY,2598474,,https://www.transition-evergreen.com/,
EN.FR,EN.PA,FR,ok,BOUYGUES,Bouygues SA,Industrials,Engineering & Construction,France,Paris,EUR,EQUITY,18190168064,200000,https://www.bouygues.com,
EMWE.FR,EMWE.PA,FR,ok,BNP Paribas Easy MSCI World SRI,BNP Paribas Easy MSCI World SRI PAB UCITS ETF EUR Capitalisation,,,,,EUR,ETF,,,,
ENAG99.ETR,ENAG99.DE,ETR,no_data,,,,,,,,,,,,
EMC.NL,EMC.AS,NL,ok,InsingerGilissen European Mid C,Insinger de Beaufort European Mid Cap N.V. Fund,,,,,EUR,MUTUALFUND,,,,
ELTC.FR,ELTC.PA,FR,ok,ETC Group Physical Litecoin,Bitwise Physical Litecoin ETC,,,,,USD,ETF,,,,
ELIS.FR,ELIS.PA,FR,ok,ELIS,Elis SA,Industrials,Specialty Business Services,France,Saint-Cloud,EUR,EQUITY,5473733632,58445,https://www.fr.elis.com/en,
ENER6Y.ETR,ENER6Y.DE,ETR,no_data,,,,,,,,,,,,
ENGI.FR,ENGI.PA,FR,ok,ENGIE,Engie SA,Utilities,Utilities - Diversified,France,La Garenne-Colombes,EUR,EQUITY,67995406336,84786,https://www.engie.com,
ENTPW.NL,ENTPW.AS,NL,no_data,,,,,,,,,,,,
ENTPT.NL,ENTPT.AS,NL,no_data,,,,,,,,NONE,,,,
ENTPA.NL,ENTPA.AS,NL,no_data,,,,,,,,NONE,,,,
ENVI.NL,ENVI.AS,NL,ok,ENVIPCO HOLDING N.V.,Envipco Holding N.V.,Industrials,Pollution & Treatment Controls,Netherlands,Amersfoort,EUR,EQUITY,238916704,597,https://www.envipco.com,
ERF.FR,ERF.PA,FR,ok,EUROFINS SCIENT.,Eurofins Scientific SE,Healthcare,Diagnostics & Research,Luxembourg,Luxembourg,EUR,EQUITY,11579937792,65000,https://www.eurofins.com,
ENX.FR,ENX.PA,FR,ok,EURONEXT,Euronext N.V.,Financial Services,Financial Data & Stock Exchanges,Netherlands,Amsterdam,EUR,EQUITY,15200392192,3056,https://www.euronext.com,
ERA.FR,ERA.PA,FR,ok,ERAMET,ERAMET S.A.,Basic Materials,Other Industrial Metals & Mining,France,Paris,EUR,EQUITY,1192314880,8615,https://www.eramet.com,
EO.FR,EO.PA,FR,no_data,,,,,,,,NONE,,,,
EOS.FR,EOS.PA,FR,ok,ACTEOS,Acteos SA,Technology,Software - Application,France,Roubaix,EUR,EQUITY,2822010,47,https://www.acteos.com,
ESGWA.NL,ESGWA.AS,NL,no_data,,,,,,,,,,,,
ES.FR,ES.PA,FR,no_data,,,,,,,,,,,,
ESI.FR,ESI.PA,FR,no_data,,,,,,,,NONE,,,,
ESP.NL,ESP.AS,NL,no_data,,,,,,,,NONE,,,,
ERYP.FR,ERYP.PA,FR,no_data,,,,,,,,NONE,,,,
ESGT.NL,ESGT.AS,NL,no_data,,,,,,,,NONE,,,,
EUR.FR,EUR.PA,FR,no_data,,,,,,,,NONE,,,,
ESG.NL,ESG.AS,NL,no_data,,,,,,,,NONE,,,,
EURBU.FR,EURBU.PA,FR,no_data,,,,,,,,,,,,
EURS.FR,EURS.PA,FR,ok,"EURS.PA,0P00009WH3,0",Foncière Euris SA,,,,,EUR,MUTUALFUND,1490796,,,
EUS3.NL,EUS3.AS,NL,ok,WisdomTree Long USD Short EUR 3,WisdomTree Long USD Short EUR 3x Daily,,,,,EUR,ETF,,,,
EUCAR.FR,EUCAR.PA,FR,no_data,,,,,,,,NONE,,,,
EUJP.NL,EUJP.AS,NL,ok,WisdomTree Long JPY Short EUR,WisdomTree Long JPY Short EUR,,,,,EUR,ETF,,,,
ETL.FR,ETL.PA,FR,ok,EUTELSAT COMMUNIC.,Eutelsat Communications S.A.,Communication Services,Telecom Services,France,Issy-les-Moulineaux,EUR,EQUITY,2431020800,1625,https://www.eutelsat.com,
EVNK01.ETR,EVNK01.DE,ETR,no_data,,,,,,,,,,,,
EXN.FR,EXN.PA,FR,no_data,,,,,,,,,,,,
FALG.FR,FALG.PA,FR,no_data,,,,,,,,NONE,,,,
FAST.NL,FAST.AS,NL,ok,FASTNED,Fastned B.V.,Consumer Cyclical,Specialty Retail,Netherlands,Amsterdam,EUR,EQUITY,624798720,378,https://fastnedcharging.com,
EXPL.FR,EXPL.PA,FR,ok,EXPLOSIFS PROD.CHI,EPC Groupe,Basic Materials,Specialty Chemicals,France,Paris,EUR,EQUITY,594581696,2475,https://www.epc-groupe.com,
EXE.FR,EXE.PA,FR,ok,EXEL INDUSTRIES,EXEL Industries SA,Industrials,Farm & Heavy Construction Machinery,France,Paris,EUR,EQUITY,132915152,3724,https://www.exel-industries.com,
FATL.FR,FATL.PA,FR,no_data,,,,,,,,NONE,,,,
FCMC.FR,FCMC.PA,FR,ok,FERM.CASINO MUNICIPAL CANNES,Société Fermière du Casino Municipal de Cannes,Consumer Cyclical,Resorts & Casinos,France,Cannes,EUR,EQUITY,441459200,757,https://www.groupesfcmc.com,
FBS.FR,FBS.PA,FR,ok,Leverage Shares -1x Facebook ET,Leverage Shares -1x Facebook ETP Scs,,,,,EUR,ETF,,,,
FBEL.FR,FBEL.PA,FR,no_data,,,,,,,,NONE,,,,
FAUV.FR,FAUV.PA,FR,no_data,,,,,,,,NONE,,,,
FB2.FR,FB2.PA,FR,ok,Leverage Shares 2x Facebook ETP,Leverage Shares 2x Facebook ETP Securities A,,,,,EUR,ETF,,,,
FAYE.FR,FAYE.PA,FR,no_data,,,,,,,,NONE,,,,
FB3.FR,FB3.PA,FR,ok,Leverage Shares 3x Facebook ETP,Leverage Shares 3x Facebook ETP Securities,,,,,EUR,ETF,,,,
FDJ.FR,FDJ.PA,FR,no_data,,,,,,,,NONE,,,,
FGA.FR,FGA.PA,FR,ok,FIGEAC AERO,Figeac Aero Société Anonyme,Industrials,Aerospace & Defense,France,Figeac,EUR,EQUITY,498886688,,https://www.figeac-aero.com,
FFARM.NL,FFARM.AS,NL,ok,FORFARMERS,ForFarmers N.V.,Consumer Defensive,Packaged Foods,Netherlands,Lochem,EUR,EQUITY,512617984,2710,https://www.forfarmersgroup.eu,
FII.FR,FII.PA,FR,ok,LISI,Lisi S.A.,Industrials,Aerospace & Defense,France,Belfort,EUR,EQUITY,3021878784,8862,https://www.lisi-group.com,
FGR.FR,FGR.PA,FR,ok,EIFFAGE,Eiffage SA,Industrials,Engineering & Construction,France,Vélizy-Villacoublay,EUR,EQUITY,12034400256,87000,https://www.eiffage.com,
FINM.FR,FINM.PA,FR,ok,FINANCIERE MARJOS,Financière Marjos SA,Industrials,Conglomerates,France,Paris,EUR,EQUITY,23961046,,https://www.financiere-marjos.com,
FNAC.FR,FNAC.PA,FR,ok,FNAC DARTY,Fnac Darty SA,Consumer Cyclical,Specialty Retail,France,Ivry-sur-Seine,EUR,EQUITY,1016195008,28475,https://www.fnacdarty.com,
FLY.FR,FLY.PA,FR,no_data,,,,,,,,,,,,
FLOW.NL,FLOW.AS,NL,ok,FLOW TRADERS,Flow Traders Ltd.,Financial Services,Capital Markets,Netherlands,Amsterdam,EUR,EQUITY,1134522240,656,https://www.flowtraders.com,
FIPP.FR,FIPP.PA,FR,ok,FIPP,FIPP S.A.,Real Estate,Real Estate Services,France,Paris,EUR,EQUITY,18454860,2,https://www.f-i-p-p.com,
FLO.FR,FLO.PA,FR,no_data,,,,,,,,NONE,,,,
FNTS.FR,FNTS.PA,FR,ok,"FNTS.PA,0P00009WGP,0",Finatis Société Anonyme,,,,,EUR,MUTUALFUND,7843907,,,
FORE.FR,FORE.PA,FR,ok,FORESTIERE EQUATORIALE,La Forestière Equatoriale SA,Industrials,Railroads,France,Puteaux,EUR,EQUITY,124373040,,https://www.forestiere-equatoriale.fr,
FOAF.FR,FOAF.PA,FR,ok,FINANCIERE OUEST AFRICAIN,Fin.Ouest Africain,Financial Services,Financial Conglomerates,Senegal,Dakar,EUR,EQUITY,9620000,,https://www.cfoa.eu,
FPG.FR,FPG.PA,FR,ok,UNION TECH.INFOR.,Union Technologies Informatique Group S.A.,Technology,Information Technology Services,France,Levallois-perret,EUR,EQUITY,7628334,135,https://www.uti-group.fr,
FPH900.ETR,FPH900.DE,ETR,no_data,,,,,,,,,,,,
FTI.FR,FTI.PA,FR,no_data,,,,,,,,NONE,,,,
FORSE.FR,FORSE.PA,FR,no_data,,,,,,,,,,,,
FPN.FR,FPN.PA,FR,no_data,,,,,,,,NONE,,,,
FUR.NL,FUR.AS,NL,ok,FUGRO,Fugro N.V.,Energy,Oil & Gas Equipment & Services,Netherlands,Nootdorp,EUR,EQUITY,1030956224,9062,https://www.fugro.com,
FREY.FR,FREY.PA,FR,ok,FREY,Frey SA,Real Estate,REIT - Retail,France,Paris,EUR,EQUITY,1122947456,305,https://www.frey.fr,
FTG111.ETR,FTG111.DE,ETR,no_data,,,,,,,,,,,,
FR.FR,FR.PA,FR,ok,VALEO,Valeo SE,Consumer Cyclical,Auto Parts,France,Paris,EUR,EQUITY,3366714624,86226,https://www.valeo.com,
GAM.FR,GAM.PA,FR,ok,GAUMONT,Gaumont SA,Communication Services,Entertainment,France,Neuilly-sur-Seine,EUR,EQUITY,320852608,223,https://www.gaumont.com,
GBT.FR,GBT.PA,FR,ok,GUERBET,Guerbet SA,Healthcare,Medical Devices,France,Villepinte,EUR,EQUITY,94093032,2653,https://www.guerbet.com,
GDS.FR,GDS.PA,FR,ok,RAMSAY GENERALE DE SANTE,Ramsay Générale de Santé SA,Healthcare,Medical Care Facilities,France,Paris,EUR,EQUITY,1186470912,40000,https://www.ramsaygds.fr,
GALIM.FR,GALIM.PA,FR,no_data,,,,,,,,NONE,,,,
GEA.FR,GEA.PA,FR,ok,GEA GRENOBL.ELECT.,Grenobloise d'Electronique et d'Automatismes Société Anonyme,Industrials,Business Equipment & Supplies,France,Meylan,EUR,EQUITY,82365376,165,https://www.gea.fr,
GEPBS.FR,GEPBS.PA,FR,no_data,,,,,,,,,,,,
GJAJ.FR,GJAJ.PA,FR,ok,GROUPE JAJ,Groupe JAJ,Consumer Cyclical,Apparel Manufacturing,France,Montreuil,EUR,EQUITY,3738985,52,https://www.jaj.fr,
GENX.FR,GENX.PA,FR,no_data,,,,,,,,NONE,,,,
GID.FR,GID.PA,FR,no_data,,,,,,,,NONE,,,,
GET.FR,GET.PA,FR,ok,GETLINK SE,Getlink SE,Industrials,Railroads,France,Paris,EUR,EQUITY,10161281024,3626,https://www.getlinkgroup.com,
GFC.FR,GFC.PA,FR,ok,GECINA,Gecina,Real Estate,REIT - Office,France,Paris,EUR,EQUITY,5587860480,437,https://www.gecina.fr,
GLE.FR,GLE.PA,FR,ok,SOCIETE GENERALE,Société Générale Société anonyme,Financial Services,Banks - Regional,France,Paris,EUR,EQUITY,57280823296,110000,https://www.societegenerale.com,
GNE.FR,GNE.PA,FR,no_data,,,,,,,,NONE,,,,
GNFT.FR,GNFT.PA,FR,ok,GENFIT,Genfit S.A.,Healthcare,Biotechnology,France,Loos,EUR,EQUITY,669285504,161,https://www.genfit.com,
GLO.FR,GLO.PA,FR,ok,GL EVENTS,GL Events SA,Industrials,Specialty Business Services,France,Lyon,EUR,EQUITY,913705472,,https://www.gl-events.com,
GLPG.NL,GLPG.AS,NL,no_data,,,,,,,,,,,,
GNRO.FR,GNRO.PA,FR,no_data,,,,,,,,,,,,
GOOS.FR,GOOS.PA,FR,ok,Leverage Shares -1x Alphabet ET,Leverage Shares -1x Alphabet ETP Scs,,,,,EUR,ETF,,,,
GOE.FR,GOE.PA,FR,no_data,,,,,,,,NONE,,,,
GOJXN.NL,GOJXN.AS,NL,no_data,,,,,,,,NONE,,,,
GOO2.FR,GOO2.PA,FR,ok,Leverage Shares 2x Alphabet ETP,Leverage Shares 2x Alphabet ETP Securities,,,,,EUR,ETF,,,,
GOO3.FR,GOO3.PA,FR,ok,Leverage Shares 3x Alphabet ETP,Leverage Shares 3x Alphabet ETP Scs,,,,,EUR,ETF,,,,
GSSS.NL,GSSS.AS,NL,ok,Leverage Shares -1x Short Goldm,Leverage Shares -1x Short Goldman Sachs ETP Securities,,,,,EUR,EQUITY,,,,
GRVO.FR,GRVO.PA,FR,ok,GRAINES VOLTZ,Graines Voltz S.A.,Basic Materials,Agricultural Inputs,France,Colmar,EUR,EQUITY,26644770,561,https://www.graines-voltz.com,
GPE.FR,GPE.PA,FR,ok,GPE GROUP PIZZORNO,Groupe Pizzorno Environnement,Industrials,Waste Management,France,Draguignan,EUR,EQUITY,238677952,2248,https://www.pizzorno.com,
GREV.FR,GREV.PA,FR,no_data,,,,,,,,NONE,,,,
GS2.FR,GS2.PA,FR,ok,Leverage Shares 2x Goldman Sach,Leverage Shares 2x Goldman Sachs ETP Securities,,,,,EUR,ETF,,,,
GTBP.FR,GTBP.PA,FR,ok,"GTBP.PA,0P00009WN4,0","GT Biopharma, Inc.",,,,,EUR,MUTUALFUND,11399436288,,,
GTT.FR,GTT.PA,FR,ok,GAZTRANSPORT & TECHNIGAZ,Gaztransport & Technigaz SA,Energy,Oil & Gas Equipment & Services,France,Saint-Rémy-lès-Chevreuse,EUR,EQUITY,7052444160,732,https://www.gtt.fr,
HAL.NL,HAL.AS,NL,ok,HAL TRUST,HAL Trust,Financial Services,Asset Management,Netherlands,Rotterdam,EUR,EQUITY,14654792704,34583,https://www.halholding.com,
GV.FR,GV.PA,FR,no_data,,,,,,,,NONE,,,,
GUI.FR,GUI.PA,FR,ok,GUILLEMOT,Guillemot Corporation S.A.,Technology,Computer Hardware,France,Carentoir,EUR,EQUITY,61742012,307,https://www.guillemot.com,
GVNV.NL,GVNV.AS,NL,no_data,,,,,,,,NONE,,,,
HDF.FR,HDF.PA,FR,ok,HYDROGENE DE FRANCE,Hydrogène de France Société anonyme,Utilities,Utilities - Renewable,France,Blanquefort,EUR,EQUITY,32558856,118,https://www.hdf-energy.com,
HAG000.ETR,HAG000.DE,ETR,no_data,,,,,,,,,,,,
HCO.FR,HCO.PA,FR,ok,HIGH CO,High Co. SA,Communication Services,Advertising Agencies,France,Aix-en-Provence,EUR,EQUITY,71673032,548,https://www.highco.com,
HDP.FR,HDP.PA,FR,ok,HOTELS DE PARIS,Les Hôtels de Paris SA,Consumer Cyclical,Lodging,France,Paris,EUR,EQUITY,15069441,231,https://www.leshotelsdeparis.com,
HDG.NL,HDG.AS,NL,no_data,,,,,,,,NONE,,,,
HHGF.NL,HHGF.AS,NL,ok,HH GLOBAL FUND,Hof Hoorneman Fund Management Mutual Fund,,,,,EUR,MUTUALFUND,,,,
HEGAU.NL,HEGAU.AS,NL,no_data,,,,,,,,NONE,,,,
HEXA.FR,HEXA.PA,FR,no_data,,,,,,,,NONE,,,,
HEGA.NL,HEGA.AS,NL,no_data,,,,,,,,NONE,,,,
HEIO.NL,HEIO.AS,NL,ok,HEINEKEN HOLDING,Heineken Holding N.V.,Consumer Defensive,Beverages - Brewers,Netherlands,Amsterdam,EUR,EQUITY,19890190336,87870,https://www.heinekenholding.com,
HEIA.NL,HEIA.AS,NL,ok,HEINEKEN,Heineken N.V.,Consumer Defensive,Beverages - Brewers,Netherlands,Amsterdam,EUR,EQUITY,43512582144,81028,https://www.theheinekencompany.com,
HEIJM.NL,HEIJM.AS,NL,ok,Koninklijke Heijmans N.V.,Koninklijke Heijmans N.V.,Industrials,Engineering & Construction,Netherlands,Rosmalen,EUR,EQUITY,2558202368,6361,https://www.heijmans.nl,
HHPF.NL,HHPF.AS,NL,ok,Van Lanschot Kempen Umbrella Fu,HOF Hoorneman Phoenix Fund NV,,,,,EUR,MUTUALFUND,,,,
HHOF.NL,HHOF.AS,NL,ok,Hof Hoorneman Obligatie Fonds,Hof Hoorneman Obligatie Fonds,,,,,EUR,MUTUALFUND,,,,
HOLCO.NL,HOLCO.AS,NL,ok,Holland Colours,Holland Colours N.V.,Basic Materials,Specialty Chemicals,Netherlands,Apeldoorn,EUR,EQUITY,69258256,421,https://www.hollandcolours.com,
HHVF.NL,HHVF.AS,NL,ok,HOF HOORNEMAN VALUE FUND,Hof Hoorneman Value Fund,,,,,EUR,MUTUALFUND,,,,
HHEVF.NL,HHEVF.AS,NL,ok,HH EUR VALUE FUND,HOF Hoorneman European Value Fund NV,,,,,EUR,MUTUALFUND,,,,
HHIF.NL,HHIF.AS,NL,ok,HOF HOORNEMAN INCOME FUND,Hof Hoorneman Income Fund NV,,,,,EUR,MUTUALFUND,,,,
HHREF.NL,HHREF.AS,NL,ok,HH RE Value Fund,Hof Hoorneman Real Estate Value Fund,,,,,EUR,MUTUALFUND,,,,
HO.FR,HO.PA,FR,ok,THALES,Thales S.A.,Industrials,Aerospace & Defense,France,Meudon,EUR,EQUITY,51515703296,79263,https://www.thalesgroup.com,
HOP.FR,HOP.PA,FR,no_data,,,,,,,,NONE,,,,
HLAG47.ETR,HLAG47.DE,ETR,no_data,,,,,,,,,,,,
HOLN.FR,HOLN.PA,FR,no_data,,,,,,,,NONE,,,,
HUNDP.NL,HUNDP.AS,NL,no_data,,,,,,,,NONE,,,,
I2POW.FR,I2POW.PA,FR,no_data,,,,,,,,,,,,
ICAD.FR,ICAD.PA,FR,ok,ICADE,Icade,Real Estate,REIT - Diversified,France,Puteaux,EUR,EQUITY,1465917184,954,https://www.icade.fr,
HYDRA.NL,HYDRA.AS,NL,ok,HYDRATEC Gewone aandelen,Hydratec Industries NV,Industrials,Farm & Heavy Construction Machinery,Netherlands,Amersfoort,EUR,EQUITY,293765632,964,https://www.hydratec.nl,
I2PO.FR,I2PO.PA,FR,no_data,,,,,,,,NONE,,,,
IAM.FR,IAM.PA,FR,ok,MAROC TELECOM,Itissalat Al-Maghrib (IAM) S.A.,Communication Services,Telecom Services,Morocco,Rabat,EUR,EQUITY,7840334336,8270,https://www.iam.ma,
HSC3.FR,HSC3.PA,FR,ok,Leverage Shares 3x HSBC ETP Sec,,,,,,EUR,ETF,,,,
HSBS.NL,HSBS.AS,NL,no_data,,,,,,,,NONE,,,,
IDL.FR,IDL.PA,FR,ok,ID LOGISTICS GROUP,ID Logistics Group SA,Industrials,Integrated Freight & Logistics,France,Orgon,EUR,EQUITY,2334303744,34760,https://www.id-logistics.com,
ICAWA.NL,ICAWA.AS,NL,ok,Intereffekt Active Leverage Chi,Intereffekt Active Leverage China,,,,,EUR,MUTUALFUND,,,,
IEX.NL,IEX.AS,NL,no_data,,,,,,,,,,,,
IDIP.FR,IDIP.PA,FR,ok,IDI,IDI,Financial Services,Asset Management,France,Paris,EUR,EQUITY,516542528,46,https://www.idi.fr/en,
INF.FR,INF.PA,FR,ok,INFOTEL,Infotel SA,Technology,Information Technology Services,France,Paris,EUR,EQUITY,267572016,3232,https://www.infotel.com,
IGE.FR,IGE.PA,FR,no_data,,,,,,,,NONE,,,,
INEA.FR,INEA.PA,FR,ok,FONCIERE INEA,Fonciere Inea S.A.,Real Estate,Real Estate Services,France,Gennevilliers,EUR,EQUITY,358123104,,https://fonciere-inea.com/mentions-legales/,
IMDA.FR,IMDA.PA,FR,ok,IMMOB.DASSAULT,Immobiliere Dassault SA,Real Estate,REIT - Diversified,France,Paris,EUR,EQUITY,342191104,8,https://www.immobiliere-dassault.com,
IJAWA.NL,IJAWA.AS,NL,ok,Intereffekt Active Leverage Jap,Intereffekt Active Leverage Japan,,,,,EUR,MUTUALFUND,,,,
INBRA.NL,INBRA.AS,NL,ok,Intereffekt Active Leverage Bra,Intereffekt Investment Funds N.V. - Intereffekt Active Leverage Brazil,,,,,EUR,MUTUALFUND,,,,
INPHI.NL,INPHI.AS,NL,ok,,Koninklijke Philips N.V.,Healthcare,Medical Devices,Netherlands,Amsterdam,EUR,EQUITY,,64317,https://www.philips.com,
INFE.FR,INFE.PA,FR,no_data,,,,,,,,,,,,
INIWA.NL,INIWA.AS,NL,ok,Intereffekt Active Leverage Ind,Intereffekt Investment Funds N.V. - Intereffekt Active Leverage India,,,,,EUR,MUTUALFUND,,,,
INPST.NL,INPST.AS,NL,ok,INPOST S.A.,InPost S.A.,Industrials,Integrated Freight & Logistics,Luxembourg,Luxembourg,EUR,EQUITY,7724113408,12055,https://inpost.eu,
IRD.FR,IRD.PA,FR,no_data,,,,,,,,NONE,,,,
INTER.NL,INTER.AS,NL,no_data,,,,,,,,NONE,,,,
ITXT.FR,ITXT.PA,FR,ok,INTEXA,Intexa SA,Consumer Cyclical,Apparel Manufacturing,France,Saint-Étienne,EUR,EQUITY,2530000,,https://intexa.fr,
IPH.FR,IPH.PA,FR,ok,INNATE PHARMA,Innate Pharma S.A.,Healthcare,Biotechnology,France,Marseille,EUR,EQUITY,151559904,164,https://www.innate-pharma.com,
ITE.FR,ITE.PA,FR,no_data,,,,,,,,NONE,,,,
INGA.NL,INGA.AS,NL,ok,ING GROEP N.V.,ING Groep N.V.,Financial Services,Banks - Diversified,Netherlands,Amsterdam,EUR,EQUITY,83765977088,60000,https://www.ing.com,
IMCD.NL,IMCD.AS,NL,ok,IMCD,IMCD N.V.,Basic Materials,Specialty Chemicals,Netherlands,Rotterdam,EUR,EQUITY,5199611904,5246,https://www.imcdgroup.com,
JCQ.FR,JCQ.PA,FR,ok,JACQUET METALS,Jacquet Metals SA,Basic Materials,Steel,France,Saint-Priest,EUR,EQUITY,441342304,3276,https://www.jacquetmetals.com,
IVA.FR,IVA.PA,FR,ok,INVENTIVA,Inventiva S.A.,Healthcare,Biotechnology,France,Daix,EUR,EQUITY,929528256,69,https://inventivapharma.com,
JBOG.FR,JBOG.PA,FR,ok,JACQUES BOGART,Jacques Bogart S.A.,Consumer Defensive,Household & Personal Products,France,Paris,EUR,EQUITY,34794772,1849,https://www.groupe-bogart.com,
JPM2.FR,JPM2.PA,FR,ok,Leverage Shares 2x JPMorgan ETP,Leverage Shares 2x JPMorgan ETP Securities,,,,,EUR,ETF,,,,
JDEP.NL,JDEP.AS,NL,no_data,,,,,,,,,,,,
JPMS.NL,JPMS.AS,NL,no_data,,,,,,,,NONE,,,,
ITP.FR,ITP.PA,FR,ok,INTERPARFUMS,Interparfums SA,Consumer Defensive,Household & Personal Products,France,Paris,EUR,EQUITY,2098397824,359,https://www.interparfums-finance.fr,
JPE3.NL,JPE3.AS,NL,ok,WisdomTree Short JPY Long EUR 3,WisdomTree Short JPY Long EUR 3x Daily,,,,,EUR,ETF,,,,
JST400.ETR,JST400.DE,ETR,no_data,,,,,,,,,,,,
KEHDF.NL,KEHDF.AS,NL,ok,Kempen European High Divividend,Kempen European High Dividend N.V. N,,,,,EUR,MUTUALFUND,,,,
JPEU.NL,JPEU.AS,NL,ok,WisdomTree Short JPY Long EUR,WisdomTree Short JPY Long EUR,,,,,EUR,ETF,,,,
KBX100.ETR,KBX100.DE,ETR,no_data,,,,,,,,,,,,
KBEPF.NL,KBEPF.AS,NL,ok,KEMPEN EUROPEAN PROPERTY FUND N,Kempen European Property Fund N.V.,,,,,EUR,MUTUALFUND,,,,
KC0100.ETR,KC0100.DE,ETR,no_data,,,,,,,,,,,,
KENDR.NL,KENDR.AS,NL,ok,KENDRION N.V.,Kendrion N.V.,Industrials,Specialty Industrial Machinery,Netherlands,Amsterdam,EUR,EQUITY,297141344,1258,https://www.kendrion.com,
IPS.FR,IPS.PA,FR,ok,IPSOS,Ipsos SA,Industrials,Consulting Services,France,Paris,EUR,EQUITY,1741254272,20921,https://ipsos.com,
KESVC.NL,KESVC.AS,NL,ok,KEMPEN EUROPEAN SUSTAINABLE VAL,Kempen European Sustainable Value Creation Fund N.V.,,,,,EUR,MUTUALFUND,,,,
IPN.FR,IPN.PA,FR,ok,IPSEN,Ipsen S.A.,Healthcare,Drug Manufacturers - Specialty & Generic,France,Paris,EUR,EQUITY,13168475136,5535,https://www.ipsen.com,
KGPFN.NL,KGPFN.AS,NL,ok,KEMPEN GLOBAL PROPERTY FUND,Kempen Global Property Fund N.V. N,,,,,EUR,EQUITY,,,,
KGHDF.NL,KGHDF.AS,NL,ok,Kempen Global High Div.Fund NV ,Kempen Global High Dividend Fund N,,,,,EUR,MUTUALFUND,,,,
KER.FR,KER.PA,FR,ok,KERING,Kering SA,Consumer Cyclical,Luxury Goods,France,Paris,EUR,EQUITY,30409598976,41399,https://www.kering.com,
KORPT.NL,KORPT.AS,NL,ok,KEMPEN ORANJE PARTICIPATIES N.V,Kempen Oranje Participaties N.V.,,,,,EUR,MUTUALFUND,,,,
KSAG88.ETR,KSAG88.DE,ETR,no_data,,,,,,,,,,,,
KGSEF.NL,KGSEF.AS,NL,ok,Kempen Global Sustainable Equit,Kempen Global Sustainable Equity Fund N.V.,,,,,EUR,MUTUALFUND,,,,
KSGHD.NL,KSGHD.AS,NL,ok,KEMPEN SUSTAINABLE GLOBAL HIGH ,Kempen Capital Management - Kempen Sustainable Global High Dividend Fund N.V.,,,Netherlands,Amsterdam,EUR,EQUITY,,,,
KORI.FR,KORI.PA,FR,no_data,,,,,,,,NONE,,,,
KOF.FR,KOF.PA,FR,ok,KAUFMAN ET BROAD,Kaufman & Broad S.A.,Consumer Cyclical,Residential Construction,France,Courbevoie,EUR,EQUITY,497313824,693,https://www.kaufmanbroad.fr,
KGX888.ETR,KGX888.DE,ETR,no_data,,,,,,,,,,,,
KORAF.NL,KORAF.AS,NL,ok,KEMPEN ORANGE FUND N.V.,Kempen Orange Fund N.V.,,,,,EUR,MUTUALFUND,,,,
LANDE.NL,LANDE.AS,NL,ok,Evi Go Gematigd Defensief N,Evi Go Gematigd Defensief - klasse N,,,,,EUR,MUTUALFUND,,,,
LANGR.NL,LANGR.AS,NL,ok,Evi Go Offensief N,Evi Go Offensief - klasse N,,,,,EUR,MUTUALFUND,,,,
LANNE.NL,LANNE.AS,NL,ok,Evi Go Neutraal N,Evi Go Neutraal - klasse N,,,,,EUR,MUTUALFUND,,,,
LACR.FR,LACR.PA,FR,ok,LACROIX GROUP,LACROIX Group SA,Technology,Scientific & Technical Instruments,France,Saint-Herblain,EUR,EQUITY,88058192,2807,https://www.lacroix-group.com,
LANOF.NL,LANOF.AS,NL,ok,KEMPEN PROFIELFONDS 5,Kempen Profielfonds 5 Klasse N,,,,,EUR,MUTUALFUND,,,,
LBUL.NL,LBUL.AS,NL,ok,WT 2x Daily Long Gold,WisdomTree Gold 2x Daily Leveraged,,,,,EUR,ETF,,,,
LARF.FR,LARF.PA,FR,ok,LONGCHAM ABSOLUTE,,,,,,EUR,MUTUALFUND,,,,
LBIRD.FR,LBIRD.PA,FR,ok,LUMIBIRD,Lumibird SA,Healthcare,Diagnostics & Research,France,Lannion,EUR,EQUITY,591358784,1078,https://www.lumibird.com,
LBON.FR,LBON.PA,FR,no_data,,,,,,,,NONE,,,,
LAT.FR,LAT.PA,FR,ok,LATECOERE,Latécoère S.A.,Industrials,Aerospace & Defense,France,Toulouse,EUR,EQUITY,176837808,5790,https://www.latecoere.aero,
LFDE.FR,LFDE.PA,FR,no_data,,,,,,,,NONE,,,,
LEBL.FR,LEBL.PA,FR,ok,FONCIERE 7 INVEST,Foncière 7 investissement Société Anonyme,Consumer Cyclical,"Furnishings, Fixtures & Appliances",France,Paris,EUR,EQUITY,640000,,https://www.fonciere7investissement.fr,
LGFB.FR,LGFB.PA,FR,ok,LONGCHAM GALILEO,,,,,,EUR,MUTUALFUND,,,,
LEG111.ETR,LEG111.DE,ETR,no_data,,,,,,,,,,,,
LOUP.FR,LOUP.PA,FR,ok,L.D.C.,L.D.C. S.A.,Consumer Defensive,Farm Products,France,Sablé-sur-Sarthe,EUR,EQUITY,4066631680,25753,https://www.ldc.fr,
LIGHT.NL,LIGHT.AS,NL,ok,SIGNIFY NV,Signify N.V.,Industrials,Electrical Equipment & Parts,Netherlands,Eindhoven,EUR,EQUITY,1662258816,25866,https://www.signify.com,
LNA.FR,LNA.PA,FR,ok,LNA SANTE,LNA Santé SA,Healthcare,Medical Care Facilities,France,Vertou,EUR,EQUITY,355200672,7818,https://www.lna-sante.com,
LIN.FR,LIN.PA,FR,ok,LINEDATA SERVICES,Linedata Services S.A.,Technology,Software - Application,France,Neuilly-sur-Seine,EUR,EQUITY,223057312,1411,https://www.linedata.com,
LI.FR,LI.PA,FR,ok,KLEPIERRE,Klépierre SA,Real Estate,REIT - Retail,France,Paris,EUR,EQUITY,11287835648,1034,https://www.klepierre.com,
LR.FR,LR.PA,FR,ok,LEGRAND,Legrand SA,Industrials,Electrical Equipment & Parts,France,Limoges,EUR,EQUITY,34274293760,34852,https://www.legrand.com,
LSIL.NL,LSIL.AS,NL,ok,WT 2x Daily Long Silver,WisdomTree Silver 2x Daily Leveraged,,,,,EUR,ETF,,,,
LPE.FR,LPE.PA,FR,ok,LAURENT-PERRIER,Laurent-Perrier S.A.,Consumer Defensive,Beverages - Wineries & Distilleries,France,Tours-sur-Marne,EUR,EQUITY,495736160,396,https://www.finance-groupelp.com,
LSP.NL,LSP.AS,NL,no_data,,,,,,,,NONE,,,,
LUCBS.FR,LUCBS.PA,FR,no_data,,,,,,,,,,,,
LTT247.ETR,LTT247.DE,ETR,no_data,,,,,,,,,,,,
LVIDE.NL,LVIDE.AS,NL,ok,LAVIDE HOLDING,Lavide Holding N.V.,Financial Services,Shell Companies,Netherlands,Heemstede,EUR,EQUITY,4569099,1,https://www.lavideholding.com,
LYS.FR,LYS.PA,FR,no_data,,,,,,,,NONE,,,,
LSS.FR,LSS.PA,FR,ok,LECTRA,Lectra SA,Technology,Software - Application,France,Paris,EUR,EQUITY,686702912,2800,https://www.lectra.com,
LTA.FR,LTA.PA,FR,ok,ALTAMIR,Altamir Ord,,,,,EUR,EQUITY,875535936,,,
KPN.NL,KPN.AS,NL,ok,KPN KON,Koninklijke KPN N.V.,Communication Services,Telecom Services,Netherlands,Rotterdam,EUR,EQUITY,16090516480,4789,https://www.kpn.com,
LTF.FR,LTF.PA,FR,ok,LONGCHAM TREASURY,,,,,,EUR,MUTUALFUND,,,,
MAG000.ETR,MAG000.DE,ETR,no_data,,,,,,,,,,,,
MAKB2.FR,MAKB2.PA,FR,no_data,,,,,,,,,,,,
MAJ.NL,MAJ.AS,NL,no_data,,,,,,,,NONE,,,,
MAAT.FR,MAAT.PA,FR,ok,MAAT PHARMA,MaaT Pharma SA,Healthcare,Biotechnology,France,Lyon,EUR,EQUITY,53631080,52,https://www.maatpharma.com,
MBWBT.FR,MBWBT.PA,FR,no_data,,,,,,,,,,,,
MBWS.FR,MBWS.PA,FR,ok,MARIE BRIZARD WINE AND SPIRITS,Marie Brizard Wine & Spirits SA,Consumer Defensive,Beverages - Wineries & Distilleries,France,Charenton-le-Pont,EUR,EQUITY,331119968,558,https://www.mbws.com,
MBWSZ.FR,MBWSZ.PA,FR,no_data,,,,,,,,,,,,
MC.FR,MC.PA,FR,ok,LVMH,"LVMH Moët Hennessy - Louis Vuitton, Société Européenne",Consumer Cyclical,Luxury Goods,France,Paris,EUR,EQUITY,225518944256,196647,https://www.lvmh.com,
MAN.FR,MAN.PA,FR,no_data,,,,,,,,NONE,,,,
MAU.FR,MAU.PA,FR,ok,MAUREL ET PROM,Etablissements Maurel & Prom S.A.,Energy,Oil & Gas E&P,France,Paris,EUR,EQUITY,1590254720,808,https://www.maureletprom.fr,
MAREL.NL,MAREL.AS,NL,no_data,,,,,,,,NONE,,,,
MASBS.FR,MASBS.PA,FR,no_data,,,,,,,,,,,,
MCPHY.FR,MCPHY.PA,FR,no_data,,,,,,,,NONE,,,,
MALT.FR,MALT.PA,FR,ok,MALTERIES FCO-BEL.,Malteries Franco-Belges Société Anonyme,Consumer Defensive,Beverages - Brewers,France,Nogent-sur-Seine,EUR,EQUITY,414146624,128,https://www.malteriesfrancobelges.fr,
MDM.FR,MDM.PA,FR,ok,MAISONS DU MONDE,Maisons du Monde S.A.,Consumer Cyclical,Home Improvement Retail,France,Vertou,EUR,EQUITY,6750551,5278,https://corporate.maisonsdumonde.com,
LOCAL.FR,LOCAL.PA,FR,ok,SOLOCAL GROUP,Solocal Group S.A.,Communication Services,Advertising Agencies,France,Boulogne-Billancourt,EUR,EQUITY,145857232,2248,https://www.solocal.com,
MEDCL.FR,MEDCL.PA,FR,ok,MEDINCELL S.A.,MedinCell S.A.,Healthcare,Biotechnology,France,Jacou,EUR,EQUITY,922927744,,https://www.medincell.com,
ML.FR,ML.PA,FR,ok,MICHELIN,Compagnie Générale des Établissements Michelin Société en commandite par actions,,,,,EUR,EQUITY,0,,,
MKEA.FR,MKEA.PA,FR,no_data,,,,,,,,NONE,,,,
MF.FR,MF.PA,FR,ok,WENDEL,Wendel,Financial Services,Asset Management,France,Paris,EUR,EQUITY,3071819776,88439,https://www.wendelgroup.com/en/,
MEMS.FR,MEMS.PA,FR,ok,MEMSCAP REGPT,"MEMSCAP, S.A.",Technology,Semiconductor Equipment & Materials,France,Crolles,EUR,EQUITY,35295800,55,https://www.memscap.com,
METEI.FR,METEI.PA,FR,ok,OFIPRECMETEI,OFI Precious Metals,,,,,EUR,MUTUALFUND,,,,
METEX.FR,METEX.PA,FR,ok,"METEX.PA,0P00009WLO,0",METabolic EXplorer S.A.,,,,,EUR,MUTUALFUND,7352967,,,
ML350.FR,ML350.PA,FR,no_data,,,,,,,,NONE,,,,
MERY.FR,MERY.PA,FR,ok,MERCIALYS,Mercialys SA,Real Estate,REIT - Retail,France,Paris,EUR,EQUITY,1128319872,179,https://www.mercialys.com,
MLAAE.FR,MLAAE.PA,FR,no_data,,,,,,,,NONE,,,,
MLAAT.FR,MLAAT.PA,FR,ok,AZOREAN AQUATIC TECHNOLOGIES SA,"Azorean Aquatic Technologies, S.A.",Industrials,Specialty Industrial Machinery,Portugal,Ponta Delgada,EUR,EQUITY,,,https://azorean.eu,
MLAAH.FR,MLAAH.PA,FR,ok,AMATHEON AGRI HOLDING N.V.,Amatheon Agri Holding N.V.,Consumer Defensive,Farm Products,Germany,Berlin,EUR,EQUITY,1993636,,https://www.amatheon-agri.com,
MLAA.FR,MLAA.PA,FR,ok,L'AGENCE AUTOMOBILIERE S.A.,L Agence Automobiliere,Consumer Cyclical,Auto & Truck Dealerships,France,Sausheim,EUR,EQUITY,2000000,,https://www.agenceauto.com/fr/fr,
MLAGI.FR,MLAGI.PA,FR,ok,AG3I,SAS AG3i,Industrials,Engineering & Construction,France,Grasse,EUR,EQUITY,,,https://ag3i-sas.com,
MLABC.FR,MLABC.PA,FR,ok,"MLABC.PA,0P0001N7LI,0","Igis Neptune Barcelona Holdco Socimi, S.A.",,,,,EUR,MUTUALFUND,51037128,,,
MLAHC.FR,MLAHC.PA,FR,no_data,,,,,,,,NONE,,,,
MLAIM.FR,MLAIM.PA,FR,no_data,,,,,,,,NONE,,,,
MLABO.FR,MLABO.PA,FR,no_data,,,,,,,,NONE,,,,
MLACT.FR,MLACT.PA,FR,ok,ACTIVIUM GROUP,Activium Group SAS,Technology,Computer Hardware,France,Lyon,EUR,EQUITY,8433946,,https://www.activium-id.com,
MLAEM.FR,MLAEM.PA,FR,ok,ASHLER ET MANSON,Ashler et Manson SA,Financial Services,Insurance Brokers,France,Bordeaux,EUR,EQUITY,7623600,,https://www.ashler-manson.com,
MLAGP.FR,MLAGP.PA,FR,ok,"MLAGP.PA,0P0001K5XK,0","AGP Málaga Socimi, S.A.",,,,,EUR,MUTUALFUND,40848000,,,
MLAIR.FR,MLAIR.PA,FR,no_data,,,,,,,,NONE,,,,
MLALV.FR,MLALV.PA,FR,ok,ALVEEN,Alveen S.A.,Real Estate,Real Estate Services,France,Aix-en-Provence,EUR,EQUITY,920955,,https://www.alveen.com,
MLAMY.FR,MLAMY.PA,FR,ok,,MLD SA,,,,,,MUTUALFUND,,,,
MLALE.FR,MLALE.PA,FR,ok,UCAPITAL GLOBAL PLC,Ucapital Global Plc,,,,,EUR,MUTUALFUND,10649,,,
MLARI.FR,MLARI.PA,FR,ok,,"Arimelia Itg Socimi, S.A.",Real Estate,REIT - Hotel & Motel,Spain,Madrid,EUR,EQUITY,16780380,,https://www.arimelia.com,
MLBAR.FR,MLBAR.PA,FR,ok,,"Barings Core Spain Socimi, S.A.U.",Real Estate,REIT - Diversified,Spain,Madrid,EUR,EQUITY,9000000,,https://www.barings.com/en-us/guest/content/barings-core-spain-socimi,
MLBAT.FR,MLBAT.PA,FR,no_data,,,,,,,,NONE,,,,
MLARD.FR,MLARD.PA,FR,ok,ARDOIN ST AMAND A,Les Motocycles Ardoin Saint Amand & Cie Société Anonyme,Consumer Cyclical,Auto & Truck Dealerships,France,Paris,EUR,EQUITY,6838000,,https://www.lmasa.fr,
MLARO.FR,MLARO.PA,FR,ok,"MLARO.PA,0P0001KJH0,0","Aroca Del Pinar Socimi, S.A.",,,,,EUR,MUTUALFUND,67002504,,,
MLAZL.FR,MLAZL.PA,FR,ok,"MLAZL.PA,0P0000WI8Q,0",AZ Leasing SPA,,,,,EUR,MUTUALFUND,,,,
MLATV.FR,MLATV.PA,FR,no_data,,,,,,,,NONE,,,,
MLAUD.FR,MLAUD.PA,FR,no_data,,,,,,,,NONE,,,,
MLBMD.FR,MLBMD.PA,FR,ok,SWISSNET AG,Swissnet AG,,,,,EUR,MUTUALFUND,32190368,,,
MLCAN.FR,MLCAN.PA,FR,ok,,Eurolog Canola Socimi S.A.,Real Estate,REIT - Specialty,Spain,Madrid,EUR,EQUITY,79200000,,https://eurologcanola.com,
MLCAC.FR,MLCAC.PA,FR,ok,LOMBARD ET MEDOT,Lombard & Medot SA,Consumer Defensive,Beverages - Wineries & Distilleries,France,Épernay,EUR,EQUITY,7091051,,https://www.champagne-lombard.com,
MLBSP.FR,MLBSP.PA,FR,ok,BLUE SHARK POWER,Blue Shark Power System,Utilities,Utilities - Renewable,France,Bordeaux,EUR,EQUITY,20350000,,https://bluesharkpower.eu,
MLCAS.FR,MLCAS.PA,FR,no_data,,,,,,,,NONE,,,,
MLCLI.FR,MLCLI.PA,FR,ok,MAISON CLIO BLUE,Maison Clio Blue SA,Consumer Cyclical,Luxury Goods,France,Paris,EUR,EQUITY,7572304,,https://www.maisonclioblue.com,
MLCEC.FR,MLCEC.PA,FR,no_data,,,,,,,,NONE,,,,
MLCFD.FR,MLCFD.PA,FR,ok,CH.FER DEPARTEMENTAUX,Compagnie de Chemins de Fer Départementaux Société Anonyme,Industrials,Railroads,France,Paris,EUR,EQUITY,30250000,5,https://www.cfd.fr,
MLCLP.FR,MLCLP.PA,FR,ok,COLIPAYS,Colipays Reunion Société anonyme,Consumer Cyclical,Internet Retail,France,Sainte-Marie,EUR,EQUITY,3910596,23,https://colipays.com,
MLCIO.FR,MLCIO.PA,FR,no_data,,,,,,,,NONE,,,,
MLCHE.FR,MLCHE.PA,FR,ok,Cheops Technology,Cheops Technology France Société anonyme,Technology,Information Technology Services,France,Bordeaux,EUR,EQUITY,127650000,,https://www.cheops.fr,
MLCFM.FR,MLCFM.PA,FR,ok,CFM INDOSUEZ WEALTH,CFM Indosuez Wealth Management SA,Financial Services,Banks - Regional,Monaco,Monaco,EUR,EQUITY,727710016,407,https://monaco.ca-indosuez.com,
MLCMB.FR,MLCMB.PA,FR,ok,CIE DU MONT BLANC,Compagnie Du Mont-Blanc,Consumer Cyclical,Leisure,France,Chamonix-Mont-Blanc,EUR,EQUITY,221529888,662,https://www.compagniedumontblanc.fr,
MLCNT.FR,MLCNT.PA,FR,ok,CONSORT NT,Consort NT Société anonyme,Technology,Information Technology Services,France,Paris,EUR,EQUITY,132073504,1876,https://consort-group.com,
MLCMI.FR,MLCMI.PA,FR,ok,SCEMI,Societe de Conseil en Externalisation et en Marketing Internet - SCEMI Société Anonyme,Industrials,Specialty Business Services,France,Boulogne-Billancourt,EUR,EQUITY,3807273,,https://scemi.fr,
MLCMG.FR,MLCMG.PA,FR,ok,CMG CLEANTECH,CMG Cleantech S.A.,Utilities,Utilities - Renewable,France,Paris,EUR,EQUITY,5181295,1,https://www.cmgcleantech.com,
MLDYH.FR,MLDYH.PA,FR,ok,,Design Your Home Holding AB (publ),,,,,,MUTUALFUND,,,,
MLCOR.FR,MLCOR.PA,FR,ok,"MLCOR.PA,0P0000DKVO,0",Corep Lighting Société anonyme,,,,,EUR,MUTUALFUND,7405380,,,
MLDAM.FR,MLDAM.PA,FR,ok,DAMARIS,Damaris SA,Technology,Software - Application,France,Dardilly,EUR,EQUITY,2700000,,https://www.damaris.fr,
MLCSA.FR,MLCSA.PA,FR,no_data,,,,,,,,NONE,,,,
MLCOU.FR,MLCOU.PA,FR,ok,COURBET HERITAGE,Courbet Héritage société anonyme,Real Estate,Real Estate - Development,France,Paris,EUR,EQUITY,13566567,,https://www.courbetheritage.com,
MLCSB.FR,MLCSB.PA,FR,no_data,,,,,,,,NONE,,,,
MLCVG.FR,MLCVG.PA,FR,no_data,,,,,,,,NONE,,,,
MLDYN.FR,MLDYN.PA,FR,ok,DYNAFOND,Dynafond Société Anonyme,Basic Materials,Aluminum,France,Etrepagny,EUR,EQUITY,,,https://www.dynafond.fr,
MLDYX.FR,MLDYX.PA,FR,no_data,,,,,,,,,,,,
MLECE.FR,MLECE.PA,FR,ok,,"Faifey Invest Socimi, S.A.",Real Estate,REIT - Retail,Spain,Madrid,EUR,EQUITY,85514000,,https://www.faifeysocimi.com,
MLEAV.FR,MLEAV.PA,FR,ok,"MLEAV.PA,0P0000DKZX,0",E.A.V.S. Groupe Société anonyme,,,,,EUR,MUTUALFUND,15912000,,,
MLEAS.FR,MLEAS.PA,FR,ok,EASSON HOLDINGS LIMITED,Easson Holdings Limited,,,,,EUR,MUTUALFUND,2291058,,,
MLEDR.FR,MLEDR.PA,FR,ok,EAUX DE ROYAN,Compagnie des Eaux de Royan,Utilities,Utilities - Regulated Water,France,Vaux-sur-Mer,EUR,EQUITY,6451200,39,https://www.cer-eau.fr,
MLERO.FR,MLERO.PA,FR,no_data,,,,,,,,NONE,,,,
MLEDS.FR,MLEDS.PA,FR,no_data,,,,,,,,,,,,
MLETA.FR,MLETA.PA,FR,ok,"MLETA.PA,0P0000DKZM,0",Metalliance SA,,,,,EUR,MUTUALFUND,16390890,,,
MLEDU.FR,MLEDU.PA,FR,no_data,,,,,,,,,,,,
MLECO.FR,MLECO.PA,FR,ok,"MLECO.PA,0P0000P8G0,0",ecolutions GmbH & Co. KGaA,,,,,EUR,MUTUALFUND,750000,,,
MLEES.FR,MLEES.PA,FR,no_data,,,,,,,,NONE,,,,
MLFDV.FR,MLFDV.PA,FR,ok,FD,FD SA,Consumer Defensive,Packaged Foods,France,Roche-la-Molière,EUR,EQUITY,3157980,,https://www.franckdeville.fr,
MLFNP.FR,MLFNP.PA,FR,ok,FNP TECHNOLOGIES SA,FNP Technologies SA,Technology,Software - Application,France,Valbonne,EUR,EQUITY,1200000,,https://www.fnptechnologies.com,
MLEVE.FR,MLEVE.PA,FR,no_data,,,,,,,,NONE,,,,
MLFIR.FR,MLFIR.PA,FR,ok,FIRSTCAUTION,Firstcaution SA,Financial Services,Insurance Brokers,Switzerland,Nyon,EUR,EQUITY,119435520,62,https://www.firstcaution.ch,
MLFSG.FR,MLFSG.PA,FR,ok,"MLFSG.PA,0P0000DKZQ,0",FranceSoir Groupe SA,,,,,EUR,MUTUALFUND,,,,
MLGEQ.FR,MLGEQ.PA,FR,ok,GENTLEMEN'S EQUITY SA,Gentlemen's Equity S.A.,Financial Services,Asset Management,Portugal,Lisbon,EUR,EQUITY,1123529,,https://www.gentlemensequity.com,
MLFXO.FR,MLFXO.PA,FR,ok,FINAXO ENVIRONNEMENT,Finaxo Environnement Societe Anonyme,Industrials,Waste Management,France,Ciry-Salsogne,EUR,EQUITY,8512278,,https://www.finaxo.fr,
MLFTI.FR,MLFTI.PA,FR,ok,FRANCE TOURISME IMMOBILIER,France Tourisme Immobilier SA,Real Estate,Real Estate Services,France,Thyez,EUR,EQUITY,3655333,,https://www.francetourismeimmobilier.fr,
MLGAL.FR,MLGAL.PA,FR,ok,GALEO,Galeo Concept Société Anonyme,Consumer Defensive,Household & Personal Products,France,Valreas,EUR,EQUITY,4354940,16,https://www.galeoconcept.com,
MLGDI.FR,MLGDI.PA,FR,ok,"MLGDI.PA,0P0001DWB4,0","Guandao Puer Investment Co., Ltd S.A.",,,,,EUR,MUTUALFUND,65599816,,,
MLGAI.FR,MLGAI.PA,FR,ok,G.A.I.,Grande Armee Investissement SA,Industrials,Specialty Business Services,France,Paris,EUR,EQUITY,37894200,,https://www.ga-investissement.fr,
MLGRC.FR,MLGRC.PA,FR,ok,GROUPE CARNIVOR,Groupe Carnivor Société Anonyme,Consumer Defensive,Packaged Foods,France,Toulon,EUR,EQUITY,64916968,,https://carnivor.fr,
MLHBB.FR,MLHBB.PA,FR,ok,HOCHE BAINS L.BAIN,Financiere Hoche Bains-Les-Bains SA,Financial Services,Mortgage Finance,France,Paris,EUR,EQUITY,6968180,,https://www.sfhbb.fr,
MLGML.FR,MLGML.PA,FR,no_data,,,,,,,,NONE,,,,
MLHCF.FR,MLHCF.PA,FR,ok,HOME CONCEPT,Home Concept Société anonyme,Consumer Cyclical,Residential Construction,France,Fontenay-sous-Bois,EUR,EQUITY,15229040,,https://www.homeconcept.fr,
MLHAY.FR,MLHAY.PA,FR,ok,,"Healthcare Activos Yield SOCIMI, S.A.",Real Estate,REIT - Healthcare Facilities,Spain,Madrid,EUR,EQUITY,238645344,1,https://healthcareactivosyield.com,
MLHIN.FR,MLHIN.PA,FR,ok,HOTL.IMMOB.NICE,Société Hôtelière et Immobilière de Nice S.A.,Consumer Cyclical,Lodging,France,Nice,EUR,EQUITY,16547760,48,https://www.shin-hotels.com,
MLHPE.FR,MLHPE.PA,FR,ok,HOPENING,Hopening SA,Communication Services,Advertising Agencies,France,Puteaux,EUR,EQUITY,4037359,,https://hopening.fr,
MLHOP.FR,MLHOP.PA,FR,no_data,,,,,,,,,,,,
MLHK.FR,MLHK.PA,FR,ok,HK,H&K AG,Industrials,Aerospace & Defense,Germany,Oberndorf am Neckar,EUR,EQUITY,1029000704,1383,https://www.heckler-koch.com,
MLHOT.FR,MLHOT.PA,FR,ok,HOTELIM,Hotelim Société Anonyme,Consumer Cyclical,Lodging,France,Paris,EUR,EQUITY,48525648,115,https://www.hotelim.eu,
MLHMC.FR,MLHMC.PA,FR,ok,HOT.MAJESTIC CANNE,Ste Immo et d'Exp de l'Hotel Majestic SA,Consumer Cyclical,Resorts & Casinos,France,Cannes,EUR,EQUITY,370944000,,https://www.hotelsbarriere.com/en/cannes/le-majestic.html,
MLHPI.FR,MLHPI.PA,FR,no_data,,,,,,,,NONE,,,,
MLHYE.FR,MLHYE.PA,FR,ok,HYDRO-EXPLOIT.,Hydro-Exploitations Societe Anonyme,Industrials,Engineering & Construction,France,Paris,EUR,EQUITY,1326000,6,https://www.hydro-exploitations.fr,
MLIDS.FR,MLIDS.PA,FR,ok,IDS,IDS France SAS,Technology,Software - Application,France,Lyon,EUR,EQUITY,4204002,,https://idsfrance.com,
MLHYD.FR,MLHYD.PA,FR,ok,HYDRAULIQUE HOLDING,Hydraulique Holding Société anonyme,Industrials,Specialty Industrial Machinery,France,Darney,EUR,EQUITY,53013800,47,https://hydrauliquepb.org,
MLIDP.FR,MLIDP.PA,FR,no_data,,,,,,,,NONE,,,,
MLIFC.FR,MLIFC.PA,FR,ok,INFOCLIP,Infoclip S.A.,Technology,Software - Infrastructure,France,Paris,EUR,EQUITY,11787446,,https://www.groupe-infoclip.com,
MLIOC.FR,MLIOC.PA,FR,no_data,,,,,,,,NONE,,,,
MLIML.FR,MLIML.PA,FR,ok,IMALLIANCE,ImAlliance SA,Communication Services,Publishing,France,Saint-Ouen,EUR,EQUITY,1180681,,https://www.imalliance.fr,
MLINT.FR,MLINT.PA,FR,ok,"MLINT.PA,0P0001K0MT,0","Iante Investments Socimi, S.A.",,,,,EUR,MUTUALFUND,71756552,,,
MLIFS.FR,MLIFS.PA,FR,ok,IMPULSE FITNESS SOLUTIONS S.A.,"Impulse Fitness Solutions, S.A.",Consumer Cyclical,Leisure,Spain,Corunna,EUR,EQUITY,56154288,,https://impulsebodyfitness.com,
MLINM.FR,MLINM.PA,FR,ok,,"Inmark Prime Socimi, S.A.U.",Real Estate,REIT - Office,Spain,Madrid,EUR,EQUITY,86500000,,https://www.inmarkprimesocimi.com,
MLIMP.FR,MLIMP.PA,FR,ok,IMPRIMERIE CHIRAT,Imprimerie Chirat Société Anonyme,Communication Services,Publishing,France,Saint-Just-la-Pendue,EUR,EQUITY,3014503,160,https://www.imprimerie-chirat.fr,
MLIPO.FR,MLIPO.PA,FR,ok,,"Iposa Properties Socimi, S.A.",Real Estate,REIT - Diversified,Spain,Madrid,EUR,EQUITY,77958000,,https://iposasocimi.es,
MLISP.FR,MLISP.PA,FR,ok,,Inmosupa Socimi SA Fund,Real Estate,REIT - Diversified,Spain,A Coruña,EUR,EQUITY,13112345,,,
MLIPP.FR,MLIPP.PA,FR,ok,IMM.PARIS.PERLE,Société Anonyme Immobilière Parisienne de la Perle et des Pierres Précieuses,Real Estate,Real Estate Services,France,Paris,EUR,EQUITY,4830000,,https://www.saipppp-group.com,
MLIRF.FR,MLIRF.PA,FR,ok,INNOVATIVE RFK SPA,Innovative-RFK S.p.A.,Financial Services,Asset Management,Italy,Milan,EUR,EQUITY,17279418,2,https://www.innovative-rfk.it,
MLITN.FR,MLITN.PA,FR,ok,ITALY INNOVAZIONI,Italy Innovazioni S.p.A.,Industrials,Electrical Equipment & Parts,Italy,Rome,EUR,EQUITY,30776680,,https://www.italyinnovazioni.com,
MLJSA.FR,MLJSA.PA,FR,no_data,,,,,,,,NONE,,,,
MLLOI.FR,MLLOI.PA,FR,ok,LOCASYSTEM INTL,Locasystem International SA,Technology,Information Technology Services,France,Paris,EUR,EQUITY,4534812,3,https://www.locasystem.com,
MLMAB.FR,MLMAB.PA,FR,ok,MAISON ANTOINE BAUD,Maison Antoine Baud Société Anonyme,,,,,EUR,MUTUALFUND,58879240,,,
MLJDL.FR,MLJDL.PA,FR,ok,,"Res Gestae Socimi, S.A.",Real Estate,REIT - Diversified,Spain,Málaga,EUR,EQUITY,39470300,4,https://www.regestae.com,
MLLCB.FR,MLLCB.PA,FR,ok,CONSTRUCTEURS BOIS,Les Constructeurs du Bois S.A.,Real Estate,Real Estate - Development,France,Épinal,EUR,EQUITY,9942859,18,https://lesconstructeursdubois.fr,
MLLOG.FR,MLLOG.PA,FR,no_data,,,,,,,,NONE,,,,
MLLAB.FR,MLLAB.PA,FR,ok,MEDIA LAB,Media Lab S.p.A.,Healthcare,Health Information Services,Italy,Follo,EUR,EQUITY,7584000,11,https://mlsw.com,
MLMAT.FR,MLMAT.PA,FR,no_data,,,,,,,,NONE,,,,
MLMAD.FR,MLMAD.PA,FR,no_data,,,,,,,,,,,,
MLMFI.FR,MLMFI.PA,FR,ok,"MLMFI.PA,0P000148AC,0",Condor Technologies NV,,,,,EUR,MUTUALFUND,27827580,,,
MLMCE.FR,MLMCE.PA,FR,no_data,,,,,,,,NONE,,,,
MLMAQ.FR,MLMAQ.PA,FR,ok,"MLMAQ.PA,0P0001ITZP,0","MAQ administración urbanas SOCIMI, S.A.",,,,,EUR,MUTUALFUND,48226072,,,
MLMGL.FR,MLMGL.PA,FR,ok,MAGILLEM DESIGN SERVICES,Magillem Design Services SA,Technology,Software - Application,France,Paris,EUR,EQUITY,,,https://www.magillemdesignservices.fr,
MLMUL.FR,MLMUL.PA,FR,no_data,,,,,,,,NONE,,,,
MLMIB.FR,MLMIB.PA,FR,ok,METRICS IN BALANCE,Metrics in Balance N.V.,Healthcare,Medical Distribution,Belgium,Gent,EUR,EQUITY,144887,,https://metricsinbalance.com,
MLNAT.FR,MLNAT.PA,FR,no_data,,,,,,,,NONE,,,,
MLMTD.FR,MLMTD.PA,FR,no_data,,,,,,,,MUTUALFUND,,,,
MLMIV.FR,MLMIV.PA,FR,ok,,"Meridia RE IV, SOCIMI, S.A.U.",Real Estate,REIT - Diversified,Spain,Barcelona,EUR,EQUITY,88500000,2,https://www.meridiareivsocimi.com,
MLMON.FR,MLMON.PA,FR,no_data,,,,,,,,NONE,,,,
MLNDG.FR,MLNDG.PA,FR,ok,,Global Pielago Socimi SA,Real Estate,REIT - Residential,Spain,Madrid,EUR,EQUITY,43446736,,https://niding.es,
MLNOV.FR,MLNOV.PA,FR,ok,NOVATECH IND.,Novatech Industries,Technology,Electronic Components,France,Lannion,EUR,EQUITY,15156630,376,https://www.novatech-groupe.com,
MLNMA.FR,MLNMA.PA,FR,ok,MIGUET ET ASSOCIES,Nicolas Miguet et Associes SA,Financial Services,Financial Data & Stock Exchanges,France,Verneuil D'avre Et D'iton,EUR,EQUITY,,,https://www.nicolas-miguet-et-associes.fr,
MLNEI.FR,MLNEI.PA,FR,no_data,,,,,,,,NONE,,,,
MLNEO.FR,MLNEO.PA,FR,no_data,,,,,,,,,,,,
MLORQ.FR,MLORQ.PA,FR,ok,ORINOQUIA REAL ESTATE SOCIMI S.,"Orinoquia Real Estate SOCIMI, S.A.",Real Estate,REIT - Hotel & Motel,Spain,Madrid,EUR,EQUITY,21190950,,https://orinoquiarealestate.com,
MLOSA.FR,MLOSA.PA,FR,no_data,,,,,,,,NONE,,,,
MLOCT.FR,MLOCT.PA,FR,ok,OCTOPUS BIOSAFETY,Octopus Biosafety SA,Technology,Computer Hardware,France,Auray,EUR,EQUITY,18052062,6,https://www.octopusbiosafety.com,
MLOEX.FR,MLOEX.PA,FR,no_data,,,,,,,,NONE,,,,
MLORB.FR,MLORB.PA,FR,ok,,"Orbis Properties SOCIMI, S.A.",Real Estate,REIT - Office,Spain,Madrid,EUR,EQUITY,66000000,,,
MLONE.FR,MLONE.PA,FR,ok,BODY ONE,Body One SA,Consumer Cyclical,Apparel Manufacturing,France,Pantin,EUR,EQUITY,2907520,,https://www.bodyone.fr,
MLONL.FR,MLONL.PA,FR,ok,ONLINEFORMAPRO,SA Onlineformapro,Consumer Defensive,Education & Training Services,France,Vesoul,EUR,EQUITY,1296000,,https://www.onlineformapro.com,
MLPHO.FR,MLPHO.PA,FR,ok,PHOTONIKE CAPITAL,Photonike Capital SA,Financial Services,Capital Markets,Belgium,Brussels,EUR,EQUITY,12166844,,https://www.photonike.com,
MLPAC.FR,MLPAC.PA,FR,ok,PACTE NOVATION,Pacte Novation,Technology,Software - Application,France,Issy-les-Moulineaux,EUR,EQUITY,4659200,70,https://www.pactenovation.fr,
MLPAP.FR,MLPAP.PA,FR,no_data,,,,,,,,NONE,,,,
MLPFX.FR,MLPFX.PA,FR,no_data,,,,,,,,NONE,,,,
MLPHW.FR,MLPHW.PA,FR,ok,PHONE WEB,Phone Web SA,Industrials,Specialty Business Services,France,Paris,EUR,EQUITY,914220,31,https://www.phoneweb.fr,
MLPVG.FR,MLPVG.PA,FR,ok,"MLPVG.PA,0P0000DKZY,0",Groupe Plus-Values,,,,,EUR,MUTUALFUND,652400,,,
MLPLC.FR,MLPLC.PA,FR,ok,PLACOPLATRE,Placoplatre SA,Industrials,Building Products & Equipment,France,Courbevoie,EUR,EQUITY,731175168,1040,https://www.placo.fr,
MLPRI.FR,MLPRI.PA,FR,ok,PROPRIETE IMMEUBLES,Societe Nationale de Propriete d'Immeubles,Real Estate,Real Estate Services,France,Lyon,EUR,EQUITY,15869160,,https://www.sca-snpi.fr,
MLPSH.FR,MLPSH.PA,FR,ok,,TPSH Société Anonyme,,,,,,MUTUALFUND,,,,
MLPRX.FR,MLPRX.PA,FR,ok,PARX MATERIALS NV,Parx Materials N.V.,Basic Materials,Specialty Chemicals,Netherlands,Rotterdam,EUR,EQUITY,4023185,,https://www.parxmaterials.com,
MLPRO.FR,MLPRO.PA,FR,no_data,,,,,,,,NONE,,,,
MLREX.FR,MLREX.PA,FR,no_data,,,,,,,,,,,,
MLSCH.FR,MLSCH.PA,FR,no_data,,,,,,,,NONE,,,,
MLSBT.FR,MLSBT.PA,FR,no_data,,,,,,,,NONE,,,,
MLROU.FR,MLROU.PA,FR,no_data,,,,,,,,NONE,,,,
MLSCI.FR,MLSCI.PA,FR,ok,SCIENTIA SCHOOL S.A.,"Scientia School, S.A.",Consumer Defensive,Education & Training Services,Spain,Madrid,EUR,EQUITY,99944704,275,https://www.scientiaschool.com,
MLSEQ.FR,MLSEQ.PA,FR,ok,SEQUA PETROLEUM NV,Sequa Petroleum N.V.,Energy,Oil & Gas E&P,United Kingdom,London,EUR,EQUITY,4304999,5,https://www.sequa-petroleum.com,
MLSMP.FR,MLSMP.PA,FR,ok,"MLSMP.PA,0P000154IB,0",Semplicemente S.p.A.,,,,,EUR,MUTUALFUND,911250,,,
MLSML.FR,MLSML.PA,FR,ok,SMALTO,Smalto Holding SA,Consumer Cyclical,Apparel Manufacturing,France,Paris,EUR,EQUITY,593048,118,https://www.smalto.com,
MLSDN.FR,MLSDN.PA,FR,ok,SAVONNERIE NYONS,La Savonnerie De Nyons,Consumer Defensive,Household & Personal Products,France,Nyons,EUR,EQUITY,7080700,,https://www.lasavonneriedenyons.com,
MLSHD.FR,MLSHD.PA,FR,ok,,Scandinavian House Development SA,,,,,,MUTUALFUND,,,,
MLSKN.FR,MLSKN.PA,FR,no_data,,,,,,,,NONE,,,,
MLSIL.FR,MLSIL.PA,FR,ok,"MLSIL.PA,0P0000T2YJ,0",Sejours Internat. Linguistique Culture,,,,,EUR,MUTUALFUND,,,,
MLSRP.FR,MLSRP.PA,FR,ok,SPEED RABBIT PIZZA,Speed Rabbit Pizza SA,Consumer Defensive,Food Distribution,France,Lille,EUR,EQUITY,31473660,,https://www.speedrabbitpizza.com,
MLSUM.FR,MLSUM.PA,FR,no_data,,,,,,,,,,,,
MLSTR.FR,MLSTR.PA,FR,ok,STREIT MECANIQUE,Streit Mecanique SA,Consumer Cyclical,Auto Parts,France,Clerval,EUR,EQUITY,6460465,140,https://groupe-streit.com,
MLSNT.FR,MLSNT.PA,FR,ok,,Sintesi S.p.A.,,,,,,MUTUALFUND,,,,
MLTRA.FR,MLTRA.PA,FR,no_data,,,,,,,,NONE,,,,
MLTEA.FR,MLTEA.PA,FR,no_data,,,,,,,,NONE,,,,
MLVAL.FR,MLVAL.PA,FR,ok,,Valoneo SAS,,,,,,MUTUALFUND,,,,
MLTRO.FR,MLTRO.PA,FR,ok,TROC ILE,TROC DE L'ILE SA,Consumer Cyclical,Specialty Retail,France,Les Angles,EUR,EQUITY,1668048,108,https://www.troc.com,
MLV4S.FR,MLV4S.PA,FR,no_data,,,,,,,,NONE,,,,
MLUMG.FR,MLUMG.PA,FR,ok,UMALIS GROUP,Umalis Group,Industrials,Staffing & Employment Services,France,Paris,EUR,EQUITY,3847952,99,https://www.umalis.fr,
MLUMH.FR,MLUMH.PA,FR,no_data,,,,,,,,NONE,,,,
MLVIE.FR,MLVIE.PA,FR,ok,"MLVIE.PA,0P0001MO1V,0",Integritas Viager,,,,,EUR,MUTUALFUND,11960000,,,
MLVER.FR,MLVER.PA,FR,no_data,,,,,,,,,,,,
MLVIS.FR,MLVIS.PA,FR,no_data,,,,,,,,NONE,,,,
MLVRF.FR,MLVRF.PA,FR,ok,,VREF Seville Real Estate Holdco SOCIMI S.A.,Real Estate,REIT - Industrial,Spain,Madrid,EUR,EQUITY,18800000,,,
MLVIN.FR,MLVIN.PA,FR,ok,FONCIERE VINDI,Foncière Vindi Société Anonyme,Real Estate,Real Estate Services,France,Paris,EUR,EQUITY,90161320,,https://www.foncierevindi.com,
MLVST.FR,MLVST.PA,FR,ok,TELEVISTA,Televista Société anonyme,Communication Services,Broadcasting,France,Paris,EUR,EQUITY,1535134,1,https://televista.fr,
MLWRC.FR,MLWRC.PA,FR,ok,"MLWRC.PA,0P0001H1EA,0","Whiteni Rcajal Socimi, S.A.",,,,,EUR,MUTUALFUND,22087020,,,
MLWEA.FR,MLWEA.PA,FR,ok,WEACCESS GROUP,"Weaccess Group, Société Anonyme",Communication Services,Telecom Services,France,Saint-Étienne-du-Rouvray,EUR,EQUITY,3483117,9,https://www.weaccess.fr,
MLWEL.FR,MLWEL.PA,FR,no_data,,,,,,,,NONE,,,,
MLWIZ.FR,MLWIZ.PA,FR,no_data,,,,,,,,NONE,,,,
MLWEY.FR,MLWEY.PA,FR,ok,WEYA,Weya SA,Utilities,Utilities - Diversified,France,Malakoff,EUR,EQUITY,907599,,https://www.weya.fr,
MMT.FR,MMT.PA,FR,ok,METROPOLE TV,Métropole Télévision S.A.,Communication Services,Broadcasting,France,Neuilly-sur-Seine,EUR,EQUITY,1512768640,1752,https://www.groupem6.fr,
MMB.FR,MMB.PA,FR,ok,LAGARDERE SA,Lagardere SA,Consumer Cyclical,Specialty Retail,France,Paris,EUR,EQUITY,2577772288,33112,https://www.lagardere.com,
MORE.NL,MORE.AS,NL,ok,MOREFIELD GROUP N.V.,Morefield Group N.V.,Industrials,Staffing & Employment Services,Curaçao,Willemstad,EUR,EQUITY,54560000,1408,https://www.morefieldgroup.nl,
MLZAM.FR,MLZAM.PA,FR,ok,ZCCM,ZCCM Investments Holdings Plc,Basic Materials,Other Industrial Metals & Mining,Zambia,Lusaka,EUR,EQUITY,585495040,,https://www.zccm-ih.com.zm,
MRK.FR,MRK.PA,FR,ok,"MRK.PA,0P00009WLN,0","Merck & Co., Inc.",,,,,EUR,MUTUALFUND,0,,,
MONC.FR,MONC.PA,FR,no_data,,,,,,,,NONE,,,,
MSFS.FR,MSFS.PA,FR,ok,Leverage Shares -1x Microsoft E,Leverage Shares -1x Microsoft ETP Securities,,,,,EUR,ETF,,,,
MT.NL,MT.AS,NL,ok,ARCELORMITTAL SA,ArcelorMittal S.A.,Basic Materials,Steel,Luxembourg,Luxembourg,EUR,EQUITY,44669431808,125554,https://corporate.arcelormittal.com,
MRM.FR,MRM.PA,FR,no_data,,,,,,,,NONE,,,,
MTRK.NL,MTRK.AS,NL,ok,MOTORK PLC,MotorK plc,Technology,Software - Application,Italy,Milan,EUR,EQUITY,117985032,306,https://www.motork.io,
MRN.FR,MRN.PA,FR,ok,MERSEN,Mersen S.A.,Industrials,Electrical Equipment & Parts,France,Courbevoie,EUR,EQUITY,826839040,7047,https://www.mersen.com,
MSF3.FR,MSF3.PA,FR,ok,Leverage Shares 3x Microsoft ET,Leverage Shares 3x Microsoft ETP Securities,,,,,EUR,ETF,,,,
MSF2.FR,MSF2.PA,FR,ok,Leverage Shares 2x Microsoft ET,Leverage Shares 2x Microsoft ETP Securities A,,,,,EUR,ETF,,,,
MTU.FR,MTU.PA,FR,ok,MANITOU BF,Manitou BF SA,Industrials,Farm & Heavy Construction Machinery,France,Ancenis-Saint-Géréon,EUR,EQUITY,740836288,5955,https://www.manitou.com,
MU2.FR,MU2.PA,FR,ok,Leverage Shares 2x Micron Techn,Leverage Shares 2x Micron Technology ETP Securities,,,,,EUR,ETF,,,,
MUN.FR,MUN.PA,FR,no_data,,,,,,,,NONE,,,,
MUSE.FR,MUSE.PA,FR,ok,Leverage Shares -1x Micron Tech,Leverage Shares -1x Micron Tech ETP Scs,,,,,EUR,ETF,,,,
NAVYA.FR,NAVYA.PA,FR,no_data,,,,,,,,NONE,,,,
NAE.FR,NAE.PA,FR,ok,North Atlantic Energies,North Atlantic Energies,Energy,Oil & Gas Refining & Marketing,France,Nanterre,EUR,EQUITY,852258624,1056,https://northatlantic.fr,
NAAA.FR,NAAA.PA,FR,ok,NTXSAMAAA AGROALI,,,,,,EUR,MUTUALFUND,,,,
NACON.FR,NACON.PA,FR,ok,NACON,Nacon S.A.,Communication Services,Electronic Gaming & Multimedia,France,Fretin,EUR,EQUITY,17431188,,https://www.nacongaming.com,
NAI.NL,NAI.AS,NL,ok,NEW AMSTERDAM INVEST N.V. ORDIN,New Amsterdam Invest N.V.,Real Estate,Real Estate Services,Netherlands,Amsterdam,EUR,EQUITY,45864848,4,https://www.newamsterdaminvest.nl,
NANO.FR,NANO.PA,FR,ok,NANOBIOTIX,Nanobiotix S.A.,Healthcare,Biotechnology,France,Paris,EUR,EQUITY,1736873856,100,https://www.nanobiotix.com,
NAITR.NL,NAITR.AS,NL,ok,,New Amsterdam Invest N.V.,,,Netherlands,Amsterdam,EUR,EQUITY,,4,https://www.newamsterdaminvest.nl,
NCEB.FR,NCEB.PA,FR,ok,NTXSAMCASHEURIBOR,,,,,,EUR,MUTUALFUND,,,,
NBZ.NL,NBZ.AS,NL,ok,NBZ.AS,Nederlandse Beleggingsmaatschappij Voor Zeeschepen BV,,,,,EUR,MUTUALFUND,,,,
NCEU.FR,NCEU.PA,FR,ok,NTXSAMCBEUROPE,,,,,,EUR,MUTUALFUND,,,,
NCBE.FR,NCBE.PA,FR,ok,NTXSAMCBEURO,,,,,,EUR,MUTUALFUND,,,,
NEAG.FR,NEAG.PA,FR,ok,NTXSAMEURO AGGR,Natixis AM Funds SICAV - Ostrum Euro Aggregate,,,,,EUR,MUTUALFUND,,,,
NCRO.FR,NCRO.PA,FR,ok,NTXSAMCRED OPP EUR,Natixis AM Funds SICAV - Ostrum Credit Opportunities,,,,,EUR,MUTUALFUND,,,,
NEDSE.NL,NEDSE.AS,NL,ok,MKB Nedsense N.V.,MKB Nedsense N.V.,Financial Services,Asset Management,Netherlands,Bussum,EUR,EQUITY,8000000,40,https://www.nedsense.nl,
NCPE.FR,NCPE.PA,FR,ok,NTXSAMCASHPREM,,,,,,EUR,MUTUALFUND,,,,
NEDAP.NL,NEDAP.AS,NL,ok,NEDAP,Nedap N.V.,Technology,Information Technology Services,Netherlands,Groenlo,EUR,EQUITY,628672448,1055,https://nedap.com,
NEIN.FR,NEIN.PA,FR,ok,NTXSAMEURO INFLAT,Natixis AM Funds - Ostrum Euro Inflation,,,,,EUR,MUTUALFUND,,,,
NEBO.FR,NEBO.PA,FR,ok,NTXSAMEUROB OPP12M,NATIXIS AM Funds - Natixis Euro Bonds Opportunities 12 Months,,,,,EUR,MUTUALFUND,,,,
NECR.FR,NECR.PA,FR,ok,NTXSAMEURO CRED,Natixis AM Funds SICAV - Ostrum Euro Credit,,,,,EUR,MUTUALFUND,,,,
NEX.FR,NEX.PA,FR,ok,NEXANS,Nexans S.A.,Industrials,Electrical Equipment & Parts,France,Courbevoie,EUR,EQUITY,5603724800,25700,https://www.nexans.com,
NFL2.FR,NFL2.PA,FR,ok,Leverage Shares 2x Netflix ETP ,Leverage Shares 2x Netflix ETP Securities,,,,,EUR,ETF,,,,
NEXTS.FR,NEXTS.PA,FR,no_data,,,,,,,,NONE,,,,
NEOEN.FR,NEOEN.PA,FR,no_data,,,,,,,,,,,,
NEWAY.NL,NEWAY.AS,NL,no_data,,,,,,,,NONE,,,,
NFL3.FR,NFL3.PA,FR,ok,Leverage Shares 3x Netflix ETP ,Leverage Shares 3x Netflix ETP Scs,,,,,EUR,ETF,,,,
NFVJ.FR,NFVJ.PA,FR,ok,NTXSAMFRUCTIFDSJAP,,,,,,EUR,MUTUALFUND,,,,
NHODS.FR,NHODS.PA,FR,no_data,,,,,,,,,,,,
NFLS.FR,NFLS.PA,FR,ok,Leverage Shares -1x Netflix ETP,Leverage Shares -1x Netflix ETP Scs,,,,,EUR,ETF,,,,
NGRP.FR,NGRP.PA,FR,ok,NTXSAMGLBRISKPAR,Natixis AM Funds SICAV - Natixis Global Risk Parity,,,,,EUR,MUTUALFUND,,,,
NHOA.FR,NHOA.PA,FR,no_data,,,,,,,,NONE,,,,
NLFBS.FR,NLFBS.PA,FR,no_data,,,,,,,,,,,,
NNDM1.NL,NNDM1.AS,NL,ok,NN Paraplufonds 2 N.V.,NN Dynamic Mix Fund I,,,,,EUR,MUTUALFUND,,,,
NK.FR,NK.PA,FR,ok,IMERYS,Imerys S.A.,Basic Materials,Specialty Chemicals,France,Paris,EUR,EQUITY,1827321344,12300,https://www.imerys.com,
NN.NL,NN.AS,NL,ok,NN GROUP,NN Group N.V.,Financial Services,Insurance - Diversified,Netherlands,The Hague,EUR,EQUITY,20832657408,13393,https://www.nn-group.com,
NNDF.NL,NNDF.AS,NL,ok,NN Paraplufonds 1 N.V.,NN Paraplufonds 1 N.V. - NN Dutch Fund,,,,,EUR,MUTUALFUND,,,,
NNDM2.NL,NNDM2.AS,NL,ok,NN Dynamic Mix Fund II,NN Dynamic Mix Fund II - P,,,,,EUR,MUTUALFUND,,,,
NNED.NL,NNED.AS,NL,ok,NN Europees Deelnemingen Fonds ,NN Paraplufonds 1 N.V. - NN Europees Deelnemingen Fonds,,,,,EUR,MUTUALFUND,,,,
NNDM3.NL,NNDM3.AS,NL,ok,NN Dynamic Mix Fund III,NN Dynamic Mix Fund III,,,,,EUR,MUTUALFUND,,,,
NNDZA.NL,NNDZA.AS,NL,ok,NN Paraplufonds 1 N.V.,NN Duurzaam Aandelen Fonds - P,,,,,EUR,MUTUALFUND,,,,
NNDM5.NL,NNDM5.AS,NL,ok,NN Dynamic Mix Fund V,NN Dynamic Mix Fund V,,,,,EUR,MUTUALFUND,,,,
NNDM4.NL,NNDM4.AS,NL,ok,NN Paraplufonds 2 N.V.,NN Dynamic Mix Fund IV,,,,,EUR,MUTUALFUND,,,,
NNEEF.NL,NNEEF.AS,NL,ok,NN Paraplufonds 1 N.V. - NN Eme,NN Emerging Europe Fund,,,,,EUR,MUTUALFUND,,,,
NNEOF.NL,NNEOF.AS,NL,ok,NN Paraplufonds 4 N.V.,NN Euro Obligatie Fonds P,,,,,EUR,MUTUALFUND,,,,
NNESC.NL,NNESC.AS,NL,ok,NN Paraplufonds 1 N.V.,NN Paraplufonds 1 N.V. - NN Europe Small Caps Fund,,,,,EUR,MUTUALFUND,,,,
NNGLF.NL,NNGLF.AS,NL,ok,NN Global Fund,NN Global Fund - P,,,,,EUR,MUTUALFUND,,,,
NNEUF.NL,NNEUF.AS,NL,ok,NN Paraplufonds 1 N.V.,NN Europe Fund - P,,,,,EUR,MUTUALFUND,,,,
NNGLO.NL,NNGLO.AS,NL,ok,NN Paraplufonds 4 N.V.,NN Global Obligatie Fonds,,,,,EUR,MUTUALFUND,,,,
NNLF.NL,NNLF.AS,NL,ok,NN Paraplufonds 4 N.V.,NN Lion Fund,,,,,EUR,MUTUALFUND,,,,
NNJPF.NL,NNJPF.AS,NL,ok,NN Paraplufonds 1 N.V.,NN Japan Fund - P,,,,,EUR,MUTUALFUND,,,,
NNNA.NL,NNNA.AS,NL,ok,NN Paraplufonds 1 N.V.,NN North America Fund - P,,,,,EUR,MUTUALFUND,,,,
NNGLR.NL,NNGLR.AS,NL,ok,NN Paraplufonds 1 N.V.,NN Global Real Estate Fund - P,,,,,EUR,MUTUALFUND,,,,
NNGOF.NL,NNGOF.AS,NL,ok,NN Paraplufonds 1 N.V.,NN Paraplufonds 1 N.V. - NN Global Sustainable Opportunities Fund,,,,,EUR,MUTUALFUND,,,,
NNHDA.NL,NNHDA.AS,NL,ok,NN Paraplufonds 1 N.V.,NN Hoog Dividend Aandelen Fonds - P,,,,,EUR,MUTUALFUND,,,,
NNHDO.NL,NNHDO.AS,NL,ok,NN Paraplufonds 3 N.V.,NN Hoog Dividend Obligatie Fonds P,,,,,EUR,MUTUALFUND,,,,
NR21.FR,NR21.PA,FR,ok,NR 21,NR21 Société Anonyme,Consumer Cyclical,Apparel Retail,France,Paris,EUR,EQUITY,3342257,,https://www.nr21.eu,
NNPDF.NL,NNPDF.AS,NL,ok,NN Paraplufonds 1 N.V.,NN Paraplufonds 1 N.V. - NN Premium Dividend Fund,,,,,EUR,MUTUALFUND,,,,
NRG.FR,NRG.PA,FR,ok,NRJ GROUP,NRJ Group SA,Communication Services,Broadcasting,France,Paris,EUR,EQUITY,521803296,1466,https://www.nrjgroup.fr,
NRO.FR,NRO.PA,FR,ok,NEURONES,Neurones S.A.,Technology,Information Technology Services,France,Nanterre,EUR,EQUITY,878594496,6989,https://www.neurones.net,
NOKIA.FR,NOKIA.PA,FR,no_data,,,,,,,,,,,,
NRP.NL,NRP.AS,NL,ok,NEPI ROCKCASTLE N.V.,NEPI Rockcastle N.V.,Real Estate,Real Estate - Diversified,Netherlands,Amsterdam,EUR,EQUITY,5552251392,676,https://www.nepirockcastle.com,
NSEE.FR,NSEE.PA,FR,ok,NTXSAMSYD EQFACTEU,Natixis AM Funds - Seeyond Equity Factor Investing Europe,,,,,EUR,MUTUALFUND,,,,
NSEV.FR,NSEV.PA,FR,ok,NTXSAMSYDEQVOLSTRA,Natixis AM Funds SICAV - Seeyond Volatility Equity Strategies,,,,,EUR,MUTUALFUND,,,,
NSCG.FR,NSCG.PA,FR,ok,NTXSAMSYDMACONSGRW,Seeyond Multi Asset Conservative Growth Fund,,,,,EUR,MUTUALFUND,,,,
NSE.NL,NSE.AS,NL,ok,New Sources Energy N.V.,New Sources Energy N.V.,Utilities,Utilities - Renewable,Netherlands,Amsterdam,EUR,EQUITY,5207363,,https://www.newsources.energy,
NSE3.FR,NSE3.PA,FR,ok,NTXSAMSOUVEURO3TO5,,,,,,EUR,MUTUALFUND,,,,
NSDG.FR,NSDG.PA,FR,ok,NTXSAMSYDMADVGRW,Natixis Am Funds - Ostrum SRI Total Return Dynamic,,,,,EUR,MUTUALFUND,,,,
NSG.FR,NSG.PA,FR,ok,NTXSAMSYDGLBMINVAR,Natixis AM Funds SICAV - Seeyond Global MinVol,,,,,EUR,MUTUALFUND,,,,
NSMF.FR,NSMF.PA,FR,ok,NTXSAMSMMIDCAPFR,,,,,,EUR,MUTUALFUND,,,,
NSI.NL,NSI.AS,NL,ok,NSI N.V.,NSI N.V.,Real Estate,REIT - Office,Netherlands,Amsterdam,EUR,EQUITY,320923808,63,https://www.nsi.nl,
NSMV.FR,NSMV.PA,FR,ok,NTXSAMSYDEURMINVAR,Natixis AM Funds SICAV - Seeyond Europe MinVol,,,,,EUR,MUTUALFUND,,,,
NSME.FR,NSME.PA,FR,ok,NTXSAMSMMIDCAPEURO,,,,,,EUR,MUTUALFUND,,,,
NSTC.FR,NSTC.PA,FR,ok,NTXSAMEURO ST CRED,Natixis AM Funds SICAV - Ostrum Euro Short Term Credit,,,,,EUR,MUTUALFUND,,,,
NSO1.FR,NSO1.PA,FR,ok,NTXSAMSOUVEURO1TO3,,,,,,EUR,MUTUALFUND,,,,
NUST.FR,NUST.PA,FR,ok,NTXSAMULTRASTBPLUS,Ostrum Ultra Short Term Bonds Plus,,,,,EUR,MUTUALFUND,,,,
NVD2.FR,NVD2.PA,FR,ok,Leverage Shares 2x NVIDIA ETP S,Leverage Shares 2x NVIDIA ETP Securities,,,,,EUR,ETF,,,,
NSUS.FR,NSUS.PA,FR,ok,NTXSAMSYDEQFACT US,,,,,,EUR,MUTUALFUND,,,,
NTRP.FR,NTRP.PA,FR,ok,NTXSAMTRESO PLUS,,,,,,EUR,MUTUALFUND,,,,
NVD3.FR,NVD3.PA,FR,ok,Leverage Shares 3x NVIDIA ETP S,Leverage Shares 3x NVIDIA ETP Scs,,,,,EUR,ETF,,,,
NSVE.FR,NSVE.PA,FR,ok,NTXSAMSOUV EURO,,,,,,EUR,MUTUALFUND,,,,
NVDS.FR,NVDS.PA,FR,ok,Leverage Shares -1x NVIDIA ETP ,Leverage Shares -1x NVIDIA ETP Scs,,,,,EUR,ETF,,,,
NWRK01.ETR,NWRK01.DE,ETR,no_data,,,,,,,,,,,,
NXFIL.NL,NXFIL.AS,NL,ok,NX FILTRATION N.V.,NX Filtration N.V.,Industrials,Pollution & Treatment Controls,Netherlands,Hengelo,EUR,EQUITY,188675728,53,https://www.nxfiltration.com,
NXI.FR,NXI.PA,FR,ok,NEXITY,Nexity SA,Real Estate,Real Estate - Diversified,France,Saint-Ouen,EUR,EQUITY,375963392,3006,https://www.nexity.fr,
OLG.FR,OLG.PA,FR,no_data,,,,,,,,NONE,,,,
OCI.NL,OCI.AS,NL,ok,OCI N.V.,OCI N.V.,Basic Materials,Specialty Chemicals,Netherlands,Amsterdam,EUR,EQUITY,855692544,761,https://oci-global.com,
ODYSW.NL,ODYSW.AS,NL,no_data,,,,,,,,,,,,
OBAM.NL,OBAM.AS,NL,ok,OBAM N.V.,BNP Paribas Obam NV,,,,,EUR,MUTUALFUND,,,,
ODYSY.NL,ODYSY.AS,NL,no_data,,,,,,,,NONE,,,,
ODET.FR,ODET.PA,FR,ok,ODET(COMPAGNIE DE L-),Compagnie de l'Odet,Communication Services,Entertainment,France,Ergue-Gaberic,EUR,EQUITY,5908449792,,https://www.compagniedelodet.net,
OCOBD.FR,OCOBD.PA,FR,ok,OFICTE,Ofi Rs Euro Convertible Bond Defensive Fund,,,,,EUR,MUTUALFUND,,,,
OPERF.NL,OPERF.AS,NL,ok,OPTIMIX EURORENTE FD G,Optimix EuroRente Fonds,,,,,EUR,MUTUALFUND,,,,
OPWAF.NL,OPWAF.AS,NL,ok,OPTIMIX WERELD AANDELEN FD B,Optimix Wereld Aandelen Fonds,,,,,EUR,MUTUALFUND,,,,
OPTMF.NL,OPTMF.AS,NL,ok,Optimix Mix Fund,Optimix Mix Fund,,,,,EUR,MUTUALFUND,,,,
OPTIN.NL,OPTIN.AS,NL,ok,Optimix Income Fund,Optimix Income Fund,,,,,EUR,MUTUALFUND,,,,
OPN.FR,OPN.PA,FR,no_data,,,,,,,,NONE,,,,
OPEMF.NL,OPEMF.AS,NL,ok,Optimix Emerging Markets Fund,Optimix Emerging Markets Fund,,,,,EUR,MUTUALFUND,,,,
OLNV.FR,OLNV.PA,FR,no_data,,,,,,,,,,,,
ORAP.FR,ORAP.PA,FR,no_data,,,,,,,,NONE,,,,
ORDI.NL,ORDI.AS,NL,no_data,,,,,,,,NONE,,,,
ORAPB.FR,ORAPB.PA,FR,no_data,,,,,,,,,,,,
OR.FR,OR.PA,FR,ok,L'OREAL,L'Oréal S.A.,Consumer Defensive,Household & Personal Products,France,Clichy,EUR,EQUITY,202444800000,79033,https://www.loreal.com,
ORANW.NL,ORANW.AS,NL,no_data,,,,,,,,NONE,,,,
ORA.FR,ORA.PA,FR,ok,ORANGE,Orange S.A.,Communication Services,Telecom Services,France,Issy-les-Moulineaux,EUR,EQUITY,45514297344,121242,https://www.orange.com,
OREQU.FR,OREQU.PA,FR,ok,OFIRSEUREQEI,OFI Rs Euro Equity,,,,,EUR,MUTUALFUND,,,,
OREGE.FR,OREGE.PA,FR,ok,OREGE,Orege Société Anonyme,Industrials,Waste Management,France,Paris,EUR,EQUITY,14826627,42,https://www.orege.com,
OSE.FR,OSE.PA,FR,ok,OSE IMMUNOTHERAPEUTICS,OSE Immunotherapeutics SA,Healthcare,Biotechnology,France,Nantes,EUR,EQUITY,75549912,64,https://www.ose-immuno.com,
ORIA.FR,ORIA.PA,FR,ok,FIDUCIAL REAL EST.,Fiducial Real Estate SA,Real Estate,Real Estate Services,France,Courbevoie,EUR,EQUITY,417622016,,https://www.fiducial-real-estate.fr,
ORP.FR,ORP.PA,FR,no_data,,,,,,,,NONE,,,,
PACEW.NL,PACEW.AS,NL,no_data,,,,,,,,,,,,
PABSA.FR,PABSA.PA,FR,no_data,,,,,,,,,,,,
OVH.FR,OVH.PA,FR,ok,OVH,OVH Groupe S.A.,Technology,Software - Infrastructure,France,Roubaix,EUR,EQUITY,2236258560,3159,https://www.ovhcloud.com,
PAH003.ETR,PAH003.DE,ETR,no_data,,,,,,,,,,,,
PAR.FR,PAR.PA,FR,ok,PAREF,Paref SA,Real Estate,REIT - Diversified,France,Paris,EUR,EQUITY,36367272,72,https://www.paref.com,
PACEU.NL,PACEU.AS,NL,no_data,,,,,,,,NONE,,,,
PACE.NL,PACE.AS,NL,no_data,,,,,,,,NONE,,,,
PAT.FR,PAT.PA,FR,ok,PATRIMOINE ET COMM,Patrimoine et Commerce SA,Real Estate,REIT - Retail,France,Boulogne-Billancourt,EUR,EQUITY,440655040,7,https://www.patrimoine-commerce.com,
PABSB.FR,PABSB.PA,FR,no_data,,,,,,,,,,,,
PAT1AG.ETR,PAT1AG.DE,ETR,no_data,,,,,,,,,,,,
PERR.FR,PERR.PA,FR,ok,PERRIER (GERARD),Gérard Perrier Industrie S.A.,Industrials,Electrical Equipment & Parts,France,Lyon,EUR,EQUITY,305065568,2502,https://www.gerard-perrier.com,
PARP.FR,PARP.PA,FR,ok,GROUPE PARTOUCHE,Groupe Partouche SA,Consumer Cyclical,Resorts & Casinos,France,Paris,EUR,EQUITY,173143888,4050,https://www.groupepartouche.com,
PEUG.FR,PEUG.PA,FR,ok,PEUGEOT INVEST,Peugeot Invest Société anonyme,Financial Services,Asset Management,France,Neuilly-sur-Seine,EUR,EQUITY,1367522944,,https://www.peugeot-invest.com,
PCA.FR,PCA.PA,FR,no_data,,,,,,,,NONE,,,,
PARRO.FR,PARRO.PA,FR,ok,PARROT,Parrot S.A.,Technology,Communication Equipment,France,Paris,EUR,EQUITY,300121344,412,https://www.parrot.com,
PHIA.NL,PHIA.AS,NL,ok,KON.PHILIPS N.V.,Koninklijke Philips N.V.,Healthcare,Medical Devices,Netherlands,Amsterdam,EUR,EQUITY,20469954560,64317,https://www.philips.com,
PID.FR,PID.PA,FR,no_data,,,,,,,,NONE,,,,
PHARM.NL,PHARM.AS,NL,ok,PHARMING GROUP,Pharming Group N.V.,Healthcare,Biotechnology,Netherlands,Leiden,EUR,EQUITY,779702528,407,https://www.pharming.com,
PHA.FR,PHA.PA,FR,no_data,,,,,,,,NONE,,,,
PNL.NL,PNL.AS,NL,ok,POSTNL,PostNL N.V.,Industrials,Integrated Freight & Logistics,Netherlands,The Hague,EUR,EQUITY,454251808,31531,https://www.postnl.nl,
PORF.NL,PORF.AS,NL,ok,KONINKLIJKE PORCELEYNE FLES,"B.V. Delftsch Aardewerkfabriek ""De Porceleyne Fles Anno 1653""",Consumer Defensive,Household & Personal Products,Netherlands,Delft,EUR,EQUITY,12963288,67,https://www.royaldelft.com,
PIG.FR,PIG.PA,FR,ok,HAULOTTE GROUP,Haulotte Group SA,Industrials,Farm & Heavy Construction Machinery,France,Lorette,EUR,EQUITY,63266616,1659,https://www.haulotte.com,
POXEL.FR,POXEL.PA,FR,ok,POXEL,Poxel S.A.,Healthcare,Biotechnology,France,Lyon,EUR,EQUITY,12479029,5,https://www.poxelpharma.com,
PPLAA.NL,PPLAA.AS,NL,ok,,PPLA Participations Ltd.,Financial Services,Asset Management,Brazil,Sao Paulo,EUR,EQUITY,844399,,https://ir.pplaparticipations.com,
POM.FR,POM.PA,FR,no_data,,,,,,,,NONE,,,,
PREVA.NL,PREVA.AS,NL,ok,Value8 cumulatief financierings,Value8 N.V.,Financial Services,Asset Management,Netherlands,Bussum,EUR,EQUITY,,2009,https://www.value8.com,
PROBS.FR,PROBS.PA,FR,no_data,,,,,,,,,,,,
PROAC.FR,PROAC.PA,FR,ok,PROACTIS SA,Proactis SA,Technology,Software - Application,France,Paris,EUR,EQUITY,4875901,113,https://www.proactis.com,
PPLAB.NL,PPLAB.AS,NL,ok,,PPLA Participations Ltd.,Financial Services,Asset Management,Brazil,Sao Paulo,EUR,EQUITY,844399,,https://ir.pplaparticipations.com,
PRC.FR,PRC.PA,FR,ok,ARTMARKET.COM(EX ARTPRICE.COM),Artmarket.com,Communication Services,Internet Content & Information,France,Saint-Romain-au-Mont-d'Or,EUR,EQUITY,16628788,51,https://www.artprice.com,
PREC.FR,PREC.PA,FR,no_data,,,,,,,,NONE,,,,
PPLA.NL,PPLA.AS,NL,ok,,PPLA Participations Ltd.,Financial Services,Asset Management,Brazil,Sao Paulo,EUR,EQUITY,,,https://ir.pplaparticipations.com,
PRX.NL,PRX.AS,NL,ok,PROSUS,Prosus N.V.,Consumer Cyclical,Internet Retail,Netherlands,Amsterdam,EUR,EQUITY,81512488960,41998,https://www.prosus.com,
PSAT.FR,PSAT.PA,FR,no_data,,,,,,,,,,,,
PROL.FR,PROL.PA,FR,no_data,,,,,,,,NONE,,,,
PROBT.FR,PROBT.PA,FR,no_data,,,,,,,,,,,,
PSH.NL,PSH.AS,NL,ok,"Pershing Square Holdings Ord"",",Pershing Square Holdings Ord,,,,,USD,MUTUALFUND,9669994496,,,
PSM777.ETR,PSM777.DE,ETR,no_data,,,,,,,,,,,,
PUB.FR,PUB.PA,FR,ok,PUBLICIS GROUPE SA,Publicis Groupe S.A.,Communication Services,Advertising Agencies,France,Paris,EUR,EQUITY,22909411328,115782,https://www.publicisgroupe.com,
PUBBS.FR,PUBBS.PA,FR,no_data,,,,,,,,,,,,
PVL.FR,PVL.PA,FR,ok,PLAST.VAL LOIRE,Plastiques du Val de Loire,Consumer Cyclical,Auto Parts,France,Langeais,EUR,EQUITY,52078656,5050,https://groupe-plastivaloire.com,
QWABS.FR,QWABS.PA,FR,no_data,,,,,,,,,,,,
PYPS.FR,PYPS.PA,FR,no_data,,,,,,,,,,,,
RAL.FR,RAL.PA,FR,ok,"RAL.PA,0P00009WO4,0",Rallye SA,,,,,EUR,MUTUALFUND,2334001,,,
QDT.FR,QDT.PA,FR,ok,QUADIENT S.A.,Quadient S.A.,Technology,Software - Application,France,Bagneux,EUR,EQUITY,447356128,4525,https://www.quadient.com,
PYP3.FR,PYP3.PA,FR,no_data,,,,,,,,,,,,
RAFRI.NL,RAFRI.AS,NL,ok,RAFRI.AS,Robeco Afrika Fonds – EUR E,,,,,EUR,MUTUALFUND,,,,
RCO.FR,RCO.PA,FR,ok,REMY COINTREAU,Rémy Cointreau SA,Consumer Defensive,Beverages - Wineries & Distilleries,France,Cognac,EUR,EQUITY,2380576000,1754,https://www.remy-cointreau.com,
RDSA.NL,RDSA.AS,NL,no_data,,,,,,,,NONE,,,,
RDSB.NL,RDSB.AS,NL,no_data,,,,,,,,NONE,,,,
RDSS.FR,RDSS.PA,FR,ok,Leverage Shares -1x Short Royal,Leverage Shares Plc - 1X Royal Dutch ETP,,,,,EUR,ETF,,,,
RBO.FR,RBO.PA,FR,ok,ROCHE BOBOIS,Roche Bobois S.A.,Consumer Cyclical,"Furnishings, Fixtures & Appliances",France,Paris,EUR,EQUITY,206610560,1112,https://www.roche-bobois.com,
RAND.NL,RAND.AS,NL,ok,Randstad N.V.,Randstad N.V.,Industrials,Staffing & Employment Services,Netherlands,Diemen,EUR,EQUITY,6479392768,38000,https://www.randstad.com,
RBT.FR,RBT.PA,FR,ok,ROBERTET,Robertet SA,Basic Materials,Chemicals,France,Grasse,EUR,EQUITY,1707758976,2570,https://www.robertet.com,
RE.FR,RE.PA,FR,no_data,,,,,,,,NONE,,,,
REINA.NL,REINA.AS,NL,ok,REINET INVESTMENTS,Reinet Investments S.C.A.,Financial Services,Asset Management,Luxembourg,Luxembourg,EUR,EQUITY,4403956224,,https://www.reinet.com,
REN.NL,REN.AS,NL,ok,RELX,RELX PLC,Industrials,Specialty Business Services,United Kingdom,London,EUR,EQUITY,56943591424,37000,https://www.relx.com,
RF.FR,RF.PA,FR,ok,EURAZEO SE,Eurazeo SE,Financial Services,Asset Management,France,Paris,EUR,EQUITY,2901224192,578,https://www.eurazeo.com/en,
RIN.FR,RIN.PA,FR,no_data,,,,,,,,NONE,,,,
ROBB.NL,ROBB.AS,NL,ok,ROBB.AS,Robeco Global Stars Equities EUR G,,,,,EUR,MUTUALFUND,,,,
RI.FR,RI.PA,FR,ok,PERNOD RICARD,Pernod Ricard SA,Consumer Defensive,Beverages - Wineries & Distilleries,France,Paris,EUR,EQUITY,16644809728,17225,https://www.pernod-ricard.com,
ROBC.NL,ROBC.AS,NL,ok,Robeco US Conservative High Div,Robeco US Cnsrv High Div Eqs N.V. EUR G,,,,,EUR,MUTUALFUND,,,,
ROBA.NL,ROBA.AS,NL,ok,Robeco Global Stars Equities Fu,Robeco Global Stars Equities EUR E,,,,,EUR,MUTUALFUND,,,,
RMS.FR,RMS.PA,FR,ok,HERMES INTL,Hermès International Société en commandite par actions,Consumer Cyclical,Luxury Goods,France,Paris,EUR,EQUITY,174391787520,25414,https://finance.hermes.com,
RNL.FR,RNL.PA,FR,ok,RENAULTPFRN24OCT49,Renault SA,,,,,EUR,EQUITY,,,,
RNO.FR,RNO.PA,FR,ok,RENAULT,Renault SA,Consumer Cyclical,Auto Manufacturers,France,Boulogne-Billancourt,EUR,EQUITY,7886555648,100541,https://www.renaultgroup.com,
PWG.FR,PWG.PA,FR,no_data,,,,,,,,,,,,
ROBF.NL,ROBF.AS,NL,ok,ROBF.AS,Robeco Afrika Fonds - EUR G,,,,,EUR,MUTUALFUND,,,,
ROCBT.FR,ROCBT.PA,FR,no_data,,,,,,,,,,,,
ROCO.NL,ROCO.AS,NL,ok,Robeco QI Global Developed Cons,Robeco QI Global Developed Cnsrv Eqs G €,,,,,EUR,MUTUALFUND,,,,
ROLA.NL,ROLA.AS,NL,ok,Rolinco - EUR E,Rolinco N.V. - EUR E,,,,,EUR,MUTUALFUND,,,,
ROLG.NL,ROLG.AS,NL,ok,ROLG.AS,Rolinco N.V. - EUR G,,,,,EUR,MUTUALFUND,,,,
ROLPR.NL,ROLPR.AS,NL,ok,ROLINCO CUMPREF,Rolinco NV,,,,,EUR,MUTUALFUND,,,,
ROTH.FR,ROTH.PA,FR,no_data,,,,,,,,NONE,,,,
RUI.FR,RUI.PA,FR,ok,RUBIS,Rubis,Energy,Oil & Gas Refining & Marketing,France,Paris,EUR,EQUITY,3391442688,4256,https://www.rubis.fr,
RSH3.FR,RSH3.PA,FR,ok,Leverage Shares 3x Royal Dutch ,Leverage Shares Plc - 3X Royal Dutch ETP,,,,,EUR,ETF,,,,
ROQI.NL,ROQI.AS,NL,ok,ROQI.AS,Robeco QI Glb Dev Enh Index Eqs Fd EUR G,,,,,EUR,MUTUALFUND,,,,
ROOD.NL,ROOD.AS,NL,no_data,,,,,,,,NONE,,,,
ROMF.NL,ROMF.AS,NL,ok,ROMF.AS,Robeco QI Global Active Eqs G €,,,,,EUR,MUTUALFUND,,,,
RWI.NL,RWI.AS,NL,no_data,,,,,,,,,,,,
RX.FR,RX.PA,FR,no_data,,,,,,,,NONE,,,,
RXL.FR,RXL.PA,FR,ok,REXEL,Rexel S.A.,Technology,Electronics & Computer Distribution,France,Paris,EUR,EQUITY,10482766848,26706,https://www.rexel.com,
RYSE88.ETR,RYSE88.DE,ETR,no_data,,,,,,,,,,,,
S30.FR,S30.PA,FR,ok,SOLUTIONS 30 SE,Solutions 30 SE,Technology,Information Technology Services,Luxembourg,Luxembourg,EUR,EQUITY,58138768,6158,https://www.solutions30.com,
SAMD.NL,SAMD.AS,NL,ok,Leverage Shares -1x Advanced Mi,Leverage Shares -1x Advcd Mcr Dvcs ETP Securities,,,,,EUR,ETF,,,,
SABE.FR,SABE.PA,FR,ok,SAINT JEAN GROUPE,Saint Jean Groupe Société anonyme,Consumer Defensive,Packaged Foods,France,Dardilly,EUR,EQUITY,68321192,511,https://saint-jean-groupe.fr,
SAF.FR,SAF.PA,FR,ok,SAFRAN,Safran SA,Industrials,Aerospace & Defense,France,Paris,EUR,EQUITY,141605322752,103710,https://www.safran-group.com,
SAFH00.ETR,SAFH00.DE,ETR,no_data,,,,,,,,,,,,
SACI.FR,SACI.PA,FR,ok,FIDUCIAL OFF.SOL.,Fiducial Office Solutions,Industrials,Business Equipment & Supplies,France,Courbevoie,EUR,EQUITY,74187736,627,https://www.fiducial-office-solutions.fr,
SAMS.FR,SAMS.PA,FR,ok,SAMSE,Samse SA,Industrials,Industrial Distribution,France,Grenoble,EUR,EQUITY,394771936,6590,https://www.samse.fr,
SAPL.NL,SAPL.AS,NL,ok,Leverage Shares -1x Apple ETP S,Leverage Shares -1x Apple ETP Securities,,,,,EUR,ETF,,,,
SAN.FR,SAN.PA,FR,ok,SANOFI,Sanofi,Healthcare,Drug Manufacturers - General,France,Paris,EUR,EQUITY,93680140288,74846,https://www.sanofi.com,
SAMZ.NL,SAMZ.AS,NL,ok,Leverage Shares -1x Amazon ETP ,Leverage Shares -1x Amazon ETP Scs,,,,,EUR,ETF,,,,
SAVE.FR,SAVE.PA,FR,ok,SAVENCIA S.A.,Savencia SA,Consumer Defensive,Packaged Foods,France,Viroflay,EUR,EQUITY,815634368,22680,https://savencia-fromagedairy.com,
SBA.NL,SBA.AS,NL,no_data,,,,,,,,NONE,,,,
SBP.NL,SBP.AS,NL,no_data,,,,,,,,NONE,,,,
SBCS.FR,SBCS.PA,FR,ok,Leverage Shares -1x Short Barcl,,,,,,EUR,ETF,,,,
SBAB.NL,SBAB.AS,NL,ok,Leverage Shares -1x Alibaba ETP,Leverage Shares -1x Alibaba ETP Scs,,,,,EUR,ETF,,,,
SBMO.NL,SBMO.AS,NL,ok,SBM OFFSHORE,SBM Offshore N.V.,Energy,Oil & Gas Equipment & Services,Netherlands,Schiphol,EUR,EQUITY,5194948608,6716,https://www.sbmoffshore.com,
SBT.FR,SBT.PA,FR,ok,OENEO,Oeneo SA,Consumer Defensive,Beverages - Wineries & Distilleries,France,Bordeaux,EUR,EQUITY,563784256,1066,https://oeneo.com,
RORA.NL,RORA.AS,NL,ok,ROBECO GLOBAL TOTAL RETURN BOND,Robeco Global Total Return Bond Fund,,,,,EUR,MUTUALFUND,,,,
SCR.FR,SCR.PA,FR,ok,SCOR SE,SCOR SE,Financial Services,Insurance - Reinsurance,France,Paris,EUR,EQUITY,6088848896,3610,https://www.scor.com,
SBUL.NL,SBUL.AS,NL,ok,WT 1x Daily Short Gold,WisdomTree Gold 1x Daily Short ETP Securities,,,,,EUR,ETF,,,,
SCHP.FR,SCHP.PA,FR,ok,SECHE ENVIRONNEM.,Séché Environnement SA,Industrials,Waste Management,France,Changé,EUR,EQUITY,622771200,7356,https://www.groupe-seche.com,
SCIT.NL,SCIT.AS,NL,no_data,,,,,,,,NONE,,,,
SEFER.FR,SEFER.PA,FR,ok,SERGEFERRARI GROUP,SergeFerrari Group SA,Industrials,Building Products & Equipment,France,Saint-Jean-de-Soudain,EUR,EQUITY,89110136,1145,https://www.sergeferrari.com,
SDG.FR,SDG.PA,FR,ok,SYNERGIE,Synergie SE,Industrials,Staffing & Employment Services,France,Boulogne-Billancourt,EUR,EQUITY,659248768,5501,https://www.synergie.com,
SDT.FR,SDT.PA,FR,no_data,,,,,,,,NONE,,,,
SELER.FR,SELER.PA,FR,ok,SELECTIRENTE,Selectirente,Real Estate,REIT - Retail,France,Evry,EUR,EQUITY,349554816,,https://www.selectirente.com,
SEC.FR,SEC.PA,FR,no_data,,,,,,,,,,,,
SCRM.NL,SCRM.AS,NL,no_data,,,,,,,,NONE,,,,
SFB.NL,SFB.AS,NL,ok,Leverage Shares -1x Facebook ET,Leverage Shares -1x Facebook ETP Scs,,,,,EUR,ETF,,,,
SFCA.FR,SFCA.PA,FR,ok,SOC FRANC CASINOS,Société Française de Casinos Société Anonyme,Consumer Cyclical,Resorts & Casinos,France,Paris,EUR,EQUITY,13240422,112,https://www.casinos-sfc.com,
SESG.FR,SESG.PA,FR,ok,SES,SES S.A.,Communication Services,Broadcasting,Luxembourg,Betzdorf,EUR,EQUITY,2918627072,3830,https://www.ses.com,
SESL.FR,SESL.PA,FR,no_data,,,,,,,,NONE,,,,
SEIF.NL,SEIF.AS,NL,ok,InsingerGilissen Umbrella Fund ,Theodoor Gilissen - Sustainable Europe Index Fund,,,,,EUR,MUTUALFUND,,,,
SGOO.NL,SGOO.AS,NL,ok,Leverage Shares -1x Alphabet ET,Leverage Shares -1x Alphabet ETP Securities,,,,,EUR,ETF,,,,
SGDBS.FR,SGDBS.PA,FR,no_data,,,,,,,,,,,,
SGRO.FR,SGRO.PA,FR,ok,SEGRO PUBLIC LIMITED COMPANY,SEGRO Plc,Real Estate,REIT - Industrial,United Kingdom,London,EUR,EQUITY,13665048576,463,https://www.segro.com,
SFPI.FR,SFPI.PA,FR,ok,GROUPE SFPI,GROUPE SFPI SA,Industrials,Specialty Industrial Machinery,France,Paris,EUR,EQUITY,197319632,3782,https://www.sfpi-group.com,
SGS.FR,SGS.PA,FR,ok,Leverage Shares -1x Short Goldm,,,,,,EUR,ETF,,,,
SGP.FR,SGP.PA,FR,ok,STGOBAINTP83T1,Compagnie de Saint-Gobain S.A. IDX/LKD BDS PERP EUR152.45,,,,,EUR,EQUITY,,,,
SHL100.ETR,SHL100.DE,ETR,no_data,,,,,,,,,,,,
SIFG.NL,SIFG.AS,NL,ok,SIF HOLDING,Sif Holding N.V.,Industrials,Metal Fabrication,Netherlands,Roermond,EUR,EQUITY,121347760,848,https://sif-group.com,
SHA015.ETR,SHA015.DE,ETR,no_data,,,,,,,,,,,,
SHOS.FR,SHOS.PA,FR,ok,Leverage Shares -1x Short Shopi,,,,,,EUR,ETF,,,,
SII.FR,SII.PA,FR,no_data,,,,,,,,NONE,,,,
SGO.FR,SGO.PA,FR,ok,SAINT GOBAIN,Compagnie de Saint-Gobain S.A.,Industrials,Building Products & Equipment,France,Courbevoie,EUR,EQUITY,37084475392,155544,https://www.saint-gobain.com,
SEV.FR,SEV.PA,FR,no_data,,,,,,,,NONE,,,,
SGFI.FR,SGFI.PA,FR,no_data,,,,,,,,NONE,,,,
SIGHT.FR,SIGHT.PA,FR,ok,GENSIGHT BIOLOGICS,GenSight Biologics S.A.,Healthcare,Biotechnology,France,Paris,EUR,EQUITY,19226850,13,https://www.gensight-biologics.com,
SLB.FR,SLB.PA,FR,no_data,,,,,,,,NONE,,,,
SHSB.FR,SHSB.PA,FR,ok,Leverage Shares -1x Short HSBC ,,,,,,EUR,ETF,,,,
SJPM.FR,SJPM.PA,FR,ok,Leverage Shares -1x Short JPMor,,,,,,EUR,ETF,,,,
SLCO.FR,SLCO.PA,FR,ok,"SLCO.PA,0P00009WP9,0",Selcodis SA,,,,,EUR,MUTUALFUND,1800395,,,
SMCP.FR,SMCP.PA,FR,ok,SMCP,SMCP S.A.,Consumer Cyclical,Apparel Retail,France,Paris,EUR,EQUITY,405410624,,https://www.smcp.com,
SMTPC.FR,SMTPC.PA,FR,no_data,,,,,,,,NONE,,,,
SMSF.NL,SMSF.AS,NL,ok,Leverage Shares -1x Microsoft E,Leverage Shares -1x Microsoft ETP Securities,,,,,EUR,ETF,,,,
SHO3.FR,SHO3.PA,FR,ok,Leverage Shares 3x Shopify ETP ,,,,,,EUR,ETF,,,,
SMLBS.FR,SMLBS.PA,FR,no_data,,,,,,,,,,,,
SLIGR.NL,SLIGR.AS,NL,ok,Sligro Food Group N.V.,Sligro Food Group N.V.,Consumer Defensive,Food Distribution,Netherlands,Veghel,EUR,EQUITY,453464320,4375,https://www.sligrofoodgroup.nl,
SNFL.NL,SNFL.AS,NL,ok,Leverage Shares -1x Netflix ETP,Leverage Shares -1x Netflix ETP Securities,,,,,EUR,ETF,,,,
SNAIF.NL,SNAIF.AS,NL,ok,InsingerGilissen Umbrella Fund ,Theodoor Gilissen - Sustainable North America Index Fund,,,,,EUR,MUTUALFUND,,,,
SMU.NL,SMU.AS,NL,no_data,,,,,,,,NONE,,,,
SK.FR,SK.PA,FR,ok,S.E.B.,SEB SA,Consumer Cyclical,"Furnishings, Fixtures & Appliances",France,Ecully,EUR,EQUITY,3036943616,32000,https://www.groupeseb.com,
SNVD.NL,SNVD.AS,NL,ok,Leverage Shares -1x NVIDIA ETP ,Leverage Shares -1x NVIDIA ETP Securities,,,,,EUR,ETF,,,,
SOG.FR,SOG.PA,FR,no_data,,,,,,,,NONE,,,,
SO.FR,SO.PA,FR,no_data,,,,,,,,NONE,,,,
SNOW.NL,SNOW.AS,NL,no_data,,,,,,,,NONE,,,,
SOI.FR,SOI.PA,FR,ok,SOITEC,Soitec SA,Technology,Semiconductor Equipment & Materials,France,Bernin,EUR,EQUITY,3515040512,1961,https://www.soitec.com,
SPR1T.NL,SPR1T.AS,NL,no_data,,,,,,,,NONE,,,,
SPEL.FR,SPEL.PA,FR,ok,FONCIERE VOLTA,Foncière Volta,Real Estate,Real Estate Services,France,Paris,EUR,EQUITY,87519872,2,https://www.foncierevolta.com,
SPYP.NL,SPYP.AS,NL,ok,Leverage Shares -1x Short PayPa,Leverage Shares -1x Short PayPal ETP Securities,,,,,EUR,EQUITY,,,,
SRDS.NL,SRDS.AS,NL,no_data,,,,,,,,NONE,,,,
SPG100.ETR,SPG100.DE,ETR,no_data,,,,,,,,,,,,
SPIE.FR,SPIE.PA,FR,ok,SPIE,SPIE SA,Industrials,Engineering & Construction,France,Cergy-Pontoise,EUR,EQUITY,8145564160,54673,https://www.spie.com,
SPR1.NL,SPR1.AS,NL,no_data,,,,,,,,NONE,,,,
SOP.FR,SOP.PA,FR,ok,SOPRA STERIA GROUP,Sopra Steria Group SA,Technology,Information Technology Services,France,Paris,EUR,EQUITY,3250415360,51275,https://www.soprasteria.com,
SQI.FR,SQI.PA,FR,no_data,,,,,,,,NONE,,,,
SQ3.FR,SQ3.PA,FR,no_data,,,,,,,,NONE,,,,
SQS.FR,SQS.PA,FR,no_data,,,,,,,,NONE,,,,
SRP.FR,SRP.PA,FR,ok,SHOWROOMPRIVE,SRP Groupe S.A.,Consumer Cyclical,Internet Retail,France,Saint-Denis,EUR,EQUITY,92623032,1056,https://www.showroomprivegroup.com,
SSHO.NL,SSHO.AS,NL,ok,Leverage Shares -1x Short Shopi,,,,,,EUR,ETF,,,,
SSIL.NL,SSIL.AS,NL,ok,WT 1x Daily Short Silver,WisdomTree Silver 1x Daily Short,,,,,EUR,ETF,,,,
SSQ.NL,SSQ.AS,NL,ok,Leverage Shares -1x Short Squar,Leverage Shares -1x Short Square ETP Securities,,,,,EUR,EQUITY,,,,
STF.FR,STF.PA,FR,ok,STEF,STEF SA,Industrials,Integrated Freight & Logistics,France,Paris,EUR,EQUITY,1698594560,26019,https://www.stef.com,
STLA.FR,STLA.PA,FR,no_data,,,,,,,,NONE,,,,
STM.FR,STM.PA,FR,no_data,,,,,,,,NONE,,,,
STWT.NL,STWT.AS,NL,ok,Leverage Shares -1x Twitter ETP,Leverage Shares -1x Twitter ETC,,,,,EUR,ETF,,,,
STRA55.ETR,STRA55.DE,ETR,no_data,,,,,,,,,,,,
STRN.NL,STRN.AS,NL,no_data,,,,,,,,NONE,,,,
STSL.NL,STSL.AS,NL,ok,Leverage Shares -1x Tesla ETP S,Leverage Shares -1x Tesla ETP Securities,,,,,EUR,ETF,,,,
SU.FR,SU.PA,FR,ok,SCHNEIDER ELECTRIC SE,Schneider Electric S.E.,Industrials,Specialty Industrial Machinery,France,Rueil-Malmaison,EUR,EQUITY,149181677568,156399,https://www.se.com,
SWIF.NL,SWIF.AS,NL,ok,InsingerGilissen Umbrella Fund ,TG Fund Management BV -  Sustainable World Index Fund,,,,,EUR,MUTUALFUND,,,,
SUBR.NL,SUBR.AS,NL,ok,Leverage Shares -1x Uber ETP Se,Leverage Shares -1x Uber ETP Securities,,,,,EUR,ETF,,,,
SUSE5A.ETR,SUSE5A.DE,ETR,no_data,,,,,,,,,,,,
SW.FR,SW.PA,FR,ok,SODEXO,Sodexo S.A.,Industrials,Specialty Business Services,France,Issy-les-Moulineaux,EUR,EQUITY,8350344704,314292,https://www.sodexo.com,
SVOD.FR,SVOD.PA,FR,ok,Leverage Shares -1x Short Vodaf,Leverage Shares Plc - 1X Vodafone ETP,,,,,EUR,ETF,,,,
SWP.FR,SWP.PA,FR,ok,SWORD GROUP,Sword Group S.E.,Technology,Software - Application,Luxembourg,Windhof,EUR,EQUITY,284950528,3610,https://www.sword-group.com,
TAYN.FR,TAYN.PA,FR,no_data,,,,,,,,,,,,
SX.FR,SX.PA,FR,no_data,,,,,,,,NONE,,,,
SYM999.ETR,SYM999.DE,ETR,no_data,,,,,,,,,,,,
SZM.NL,SZM.AS,NL,ok,Leverage Shares -1x Short Zoom ,,,,,,EUR,ETF,,,,
TBGBS.FR,TBGBS.PA,FR,no_data,,,,,,,,,,,,
TBIRD.NL,TBIRD.AS,NL,no_data,,,,,,,,NONE,,,,
TCMAF.NL,TCMAF.AS,NL,ok,TCMAF.AS,TCM Africa High Dividend Equity,,,,,EUR,MUTUALFUND,,,,
TCAG17.ETR,TCAG17.DE,ETR,no_data,,,,,,,,,,,,
TBMBT.FR,TBMBT.PA,FR,no_data,,,,,,,,,,,,
TEP.FR,TEP.PA,FR,ok,TELEPERFORMANCE,Teleperformance SE,Industrials,Specialty Business Services,France,Paris,EUR,EQUITY,3388027904,446716,https://www.tp.com,
TFF.FR,TFF.PA,FR,ok,TFF GROUP,TFF Group,Consumer Cyclical,Packaging & Containers,France,Saint-Romain-en-Viennois,EUR,EQUITY,333872000,,https://www.tff-group.com,
TCMGF.NL,TCMGF.AS,NL,ok,TCMGF.AS,TCM Global Frontier High Dividend Equity,,,,,EUR,MUTUALFUND,,,,
TES.FR,TES.PA,FR,no_data,,,,,,,,NONE,,,,
TCMVN.NL,TCMVN.AS,NL,ok,TCMVN.AS,TCM Vietnam High Dividend Equity,,,,,EUR,MUTUALFUND,,,,
TECBS.FR,TECBS.PA,FR,no_data,,,,,,,,,,,,
TE.FR,TE.PA,FR,ok,TECHNIP ENERGIES N.V.,Technip Energies N.V.,Energy,Oil & Gas Equipment & Services,France,Nanterre,EUR,EQUITY,5826636800,18000,https://www.ten.com/en,
TCH.FR,TCH.PA,FR,no_data,,,,,,,,NONE,,,,
THEDS.FR,THEDS.PA,FR,no_data,,,,,,,,NONE,,,,
TFI.FR,TFI.PA,FR,ok,TF1,TF1 SA,Communication Services,Broadcasting,France,Boulogne-Billancourt,EUR,EQUITY,1479515008,3036,https://www.groupe-tf1.fr,
THEP.FR,THEP.PA,FR,ok,THERMADOR GROUPE,Thermador Groupe SA,Industrials,Industrial Distribution,France,Saint-Quentin-Fallavier,EUR,EQUITY,712564480,829,https://www.thermador-groupe.fr,
TFG.NL,TFG.AS,NL,ok,TETRAGON FINANCIAL GROUP,Tetragon Financial Group Limited,Financial Services,Asset Management,United States,New York,USD,EQUITY,1146690048,,https://www.tetragoninv.com,
TIE.NL,TIE.AS,NL,no_data,,,,,,,,NONE,,,,
THXLE.NL,THXLE.AS,NL,ok,LEGENDS FUND,Theta Fund Management - Legend Fund,,,,,EUR,MUTUALFUND,,,,
TIPI.FR,TIPI.PA,FR,no_data,,,,,,,,NONE,,,,
TLX100.ETR,TLX100.DE,ETR,no_data,,,,,,,,,,,,
TKWY.NL,TKWY.AS,NL,no_data,,,,,,,,,,,,
TKTT.FR,TKTT.PA,FR,no_data,,,,,,,,,,,,
TKO.FR,TKO.PA,FR,ok,TIKEHAU CAPITAL,Tikehau Capital,Financial Services,Asset Management,France,Paris,EUR,EQUITY,3026589440,705,https://www.tikehaucapital.com/en,
TNG.FR,TNG.PA,FR,ok,TRANSGENE,Transgene SA,Healthcare,Biotechnology,France,Illkirch-Graffenstaden,EUR,EQUITY,200343936,145,https://www.transgene.com,
TP.NL,TP.AS,NL,ok,T&P ALLEGRETTO FD,T&P Allegretto Fund N.V,,,,,EUR,MUTUALFUND,,,,
TMIF.NL,TMIF.AS,NL,ok,Triodos Multi Impact Fund,Triodos IS Multi Impact Fund Z Dis,,,,,EUR,MUTUALFUND,,,,
TOUP.FR,TOUP.PA,FR,no_data,,,,,,,,,,,,
TOM2.NL,TOM2.AS,NL,ok,TOMTOM,TomTom N.V.,Technology,Software - Application,Netherlands,Amsterdam,EUR,EQUITY,445504672,3300,https://www.tomtom.com,
TPB.FR,TPB.PA,FR,ok,BNPPARTPFRN,BNP Paribas SA IDX/LKD SNR BDS PERP EUR152.45,,,,,EUR,EQUITY,,,,
TRIGF.NL,TRIGF.AS,NL,ok,TRIODOS GROENFONDS,Triodos Groenfonds R Dis,,,,,EUR,MUTUALFUND,,,,
TRAN.FR,TRAN.PA,FR,no_data,,,,,,,,NONE,,,,
TRI.FR,TRI.PA,FR,ok,TRIGANO,Trigano S.A.,Consumer Cyclical,Recreational Vehicles,France,Paris,EUR,EQUITY,2841684480,10139,https://trigano.com,
TRAT0N.ETR,TRAT0N.DE,ETR,no_data,,,,,,,,,,,,
TRANW.FR,TRANW.PA,FR,no_data,,,,,,,,,,,,
TSLS.FR,TSLS.PA,FR,ok,Leverage Shares -1x Tesla ETP S,Leverage Shares -1x Tesla ETP Securities,,,,,EUR,ETF,,,,
TRODS.FR,TRODS.PA,FR,no_data,,,,,,,,,,,,
TSL2.FR,TSL2.PA,FR,ok,Leverage Shares 2x Tesla ETP Se,Leverage Shares 2x Tesla ETP Securities,,,,,EUR,ETF,,,,
TUAG00.ETR,TUAG00.DE,ETR,no_data,,,,,,,,,,,,
TS2S.FR,TS2S.PA,FR,no_data,,,,,,,,NONE,,,,
TTE.FR,TTE.PA,FR,ok,TOTALENERGIES,TotalEnergies SE,Energy,Oil & Gas Integrated,France,Courbevoie,EUR,EQUITY,165522522112,94847,https://totalenergies.com,
TSL3.FR,TSL3.PA,FR,no_data,,,,,,,,NONE,,,,
TWT2.FR,TWT2.PA,FR,ok,Leverage Shares 2x Twitter ETP ,Leverage Shares 2x Twitter ETC,,,,,EUR,ETF,,,,
TWTS.FR,TWTS.PA,FR,ok,Leverage Shares -1x Twitter ETP,Leverage Shares -1x Twitter ETC,,,,,EUR,ETF,,,,
TVRB.FR,TVRB.PA,FR,ok,TELEVERBIER,Téléverbier SA,Industrials,Engineering & Construction,Switzerland,Verbier,EUR,EQUITY,93800000,531,https://verbier4vallees.ch,
TUAG1D.ETR,TUAG1D.DE,ETR,no_data,,,,,,,,,,,,
UNA.NL,UNA.AS,NL,ok,UNILEVER PLC,Unilever PLC,Consumer Defensive,Household & Personal Products,United Kingdom,London,EUR,EQUITY,125100875776,93731,https://www.unilever.com,
TWEKA.NL,TWEKA.AS,NL,ok,TKH GROUP N.V.,TKH Group N.V.,Technology,Communication Equipment,Netherlands,Haaksbergen,EUR,EQUITY,1675926400,5859,https://www.tkhgroup.com,
UBR2.FR,UBR2.PA,FR,ok,Leverage Shares 2x Uber ETP Sec,Leverage Shares 2x Uber ETP Scs,,,,,EUR,ETF,,,,
UFF.FR,UFF.PA,FR,no_data,,,,,,,,NONE,,,,
UBRS.FR,UBRS.PA,FR,ok,Leverage Shares -1x Uber ETP Se,Leverage Shares -1x Uber ETP Securities,,,,,EUR,ETF,,,,
UMG.NL,UMG.AS,NL,ok,UNIVERSAL MUSIC GROUP,Universal Music Group N.V.,Communication Services,Entertainment,Netherlands,Hilversum,EUR,EQUITY,34872889344,,https://www.universalmusic.com,
UBI.FR,UBI.PA,FR,ok,UBISOFT ENTERTAIN,Ubisoft Entertainment SA,Communication Services,Electronic Gaming & Multimedia,France,Saint-Mandé,EUR,EQUITY,713712576,16590,https://www.ubisoft.com,
UNBL.FR,UNBL.PA,FR,no_data,,,,,,,,,,,,
USE3.NL,USE3.AS,NL,ok,WisdomTree Short USD Long EUR 3,WisdomTree Short USD Long EUR 3x Daily,,,,,EUR,ETF,,,,
VALUE.NL,VALUE.AS,NL,ok,VALUE8,Value8 N.V.,Financial Services,Asset Management,Netherlands,Bussum,EUR,EQUITY,63385660,2009,https://www.value8.com,
VAC.FR,VAC.PA,FR,ok,PIERRE VACANCES,Pierre et Vacances SA,Consumer Cyclical,Lodging,France,Paris,EUR,EQUITY,861914368,5540,https://www.groupepvcp.com,
UNSE01.ETR,UNSE01.DE,ETR,no_data,,,,,,,,,,,,
URW.NL,URW.AS,NL,no_data,,,,,,,,NONE,,,,
VAM.NL,VAM.AS,NL,no_data,,,,,,,,NONE,,,,
VASTN.NL,VASTN.AS,NL,no_data,,,,,,,,NONE,,,,
VCT.FR,VCT.PA,FR,ok,VICAT,Vicat S.A.,Basic Materials,Building Materials,France,L'Isle-d'Abeau,EUR,EQUITY,2721254400,10025,https://www.vicat.com,
VDF3.FR,VDF3.PA,FR,ok,Leverage Shares 3x Vodafone ETP,Leverage Shares Plc - 3X Vodafone ETP,,,,,EUR,ETF,,,,
VAMT.NL,VAMT.AS,NL,no_data,,,,,,,,NONE,,,,
VAPBS.FR,VAPBS.PA,FR,no_data,,,,,,,,,,,,
VDOT.NL,VDOT.AS,NL,ok,VanEck Polkadot ETN,VanEck Polkadot ETN A,,,,,EUR,ETF,,,,
VIE.FR,VIE.PA,FR,ok,VEOLIA ENVIRON.,Veolia Environnement SA,Industrials,Waste Management,France,Aubervilliers,EUR,EQUITY,26218096640,203100,https://www.veolia.com/fr,
VETH.FR,VETH.PA,FR,ok,VanEck Ethereum ETN,VanEck Ethereum ETN A,,,,,EUR,ETF,,,,
VETO.FR,VETO.PA,FR,ok,VETOQUINOL,Vetoquinol SA,Healthcare,Drug Manufacturers - Specialty & Generic,France,Lure,EUR,EQUITY,840459968,2422,https://www.vetoquinol.com,
VIS2.FR,VIS2.PA,FR,ok,Leverage Shares 2x Visa ETP Sec,Leverage Shares 2x Visa ETP Securities A,,,,,EUR,ETF,,,,
VEON.NL,VEON.AS,NL,no_data,,,,,,,,NONE,,,,
VIL.FR,VIL.PA,FR,ok,VIEL ET COMPAGNIE,"VIEL & Cie, société anonyme",Financial Services,Capital Markets,France,Paris,EUR,EQUITY,1154494464,2575,https://www.viel.com,
VIRP.FR,VIRP.PA,FR,ok,VIRBAC,Virbac SA,Healthcare,Drug Manufacturers - General,France,Carros,EUR,EQUITY,2832988928,6442,https://corporate.virbac.com,
VK.FR,VK.PA,FR,ok,VALLOUREC,Vallourec S.A.,Basic Materials,Steel,France,Meudon,EUR,EQUITY,5673846784,13000,https://www.vallourec.com,
VIV.FR,VIV.PA,FR,ok,VIVENDI SE,Vivendi SE,Communication Services,Electronic Gaming & Multimedia,France,Paris,EUR,EQUITY,1954489472,2500,https://www.vivendi.com,
VIVBS.FR,VIVBS.PA,FR,no_data,,,,,,,,,,,,
VKBS.FR,VKBS.PA,FR,no_data,,,,,,,,,,,,
VLTSA.FR,VLTSA.PA,FR,ok,VOLTALIA,Voltalia SA,Utilities,Utilities - Renewable,France,Paris,EUR,EQUITY,899579008,1896,https://www.voltalia.com,
VMX.FR,VMX.PA,FR,ok,VERIMATRIX,Verimatrix SA,Technology,Software - Infrastructure,France,Meyreuil,EUR,EQUITY,19460036,211,https://www.verimatrix.com,
VMGBT.FR,VMGBT.PA,FR,no_data,,,,,,,,,,,,
VLA.FR,VLA.PA,FR,ok,VALNEVA SE,Valneva SE,Healthcare,Biotechnology,France,Saint-Herblain,EUR,EQUITY,443607712,674,https://valneva.com,
VLK.NL,VLK.AS,NL,ok,V LANSCHOT KEMPEN,Van Lanschot Kempen NV,Financial Services,Banks - Regional,Netherlands,'s-Hertogenbosch,EUR,EQUITY,2727610624,2309,https://www.vanlanschotkempen.com,
VMGBS.FR,VMGBS.PA,FR,no_data,,,,,,,,,,,,
VRLA.FR,VRLA.PA,FR,ok,VERALLIA,Verallia Société Anonyme,Consumer Cyclical,Packaging & Containers,France,Courbevoie,EUR,EQUITY,2263496192,11000,https://www.verallia.com,
VSOL.NL,VSOL.AS,NL,ok,VanEck Solana ETN,VanEck Solana ETN A,,,,,EUR,ETF,,,,
VPK.NL,VPK.AS,NL,ok,VOPAK,Koninklijke Vopak N.V.,Energy,Oil & Gas Midstream,Netherlands,Rotterdam,EUR,EQUITY,5262810112,4794,https://www.vopak.com,
VODS.NL,VODS.AS,NL,no_data,,,,,,,,NONE,,,,
VRAP.FR,VRAP.PA,FR,no_data,,,,,,,,,,,,
WACK01.ETR,WACK01.DE,ETR,no_data,,,,,,,,,,,,
VTR.FR,VTR.PA,FR,ok,VITURA,Vitura SA,Real Estate,REIT - Office,France,Paris,EUR,EQUITY,70919472,2,https://www.vitura.fr,
VTA.NL,VTA.AS,NL,ok,Volta Finance Limited,Volta Finance Limited,Financial Services,Asset Management,France,Paris,EUR,EQUITY,219483488,,https://www.voltafinance.com,
VVY.NL,VVY.AS,NL,ok,VIVORYON THERAPEUTICS N.V.,Vivoryon Therapeutics N.V.,Healthcare,Biotechnology,Germany,Halle,EUR,EQUITY,34204548,13,https://www.vivoryon.com,
VTRX.NL,VTRX.AS,NL,ok,VanEck TRON ETN,VanEck TRON ETN A,,,,,EUR,ETF,,,,
WAGA.FR,WAGA.PA,FR,ok,WAGA ENERGY,Waga Energy SA,Industrials,Specialty Industrial Machinery,France,Eybens,EUR,EQUITY,621736320,296,https://waga-energy.com,
WCH888.ETR,WCH888.DE,ETR,no_data,,,,,,,,,,,,
WAF300.ETR,WAF300.DE,ETR,no_data,,,,,,,,,,,,
WHA.NL,WHA.AS,NL,ok,WERELDHAVE Gewone aandelen,Wereldhave N.V.,Real Estate,REIT - Retail,Netherlands,Amsterdam,EUR,EQUITY,901123520,104,https://www.wereldhave.com,
WAVE.FR,WAVE.PA,FR,ok,WAVESTONE,Wavestone SA,Technology,Information Technology Services,France,Paris,EUR,EQUITY,1027575168,5610,https://www.wavestone.com,
WAF301.ETR,WAF301.DE,ETR,no_data,,,,,,,,,,,,
WKL.NL,WKL.AS,NL,ok,WOLTERS KLUWER,Wolters Kluwer N.V.,Industrials,Specialty Business Services,Netherlands,Alphen aan den Rijn,EUR,EQUITY,15500037120,18877,https://www.wolterskluwer.com,
WPSEU.NL,WPSEU.AS,NL,ok,W.P. Stewart Holdings Fund,W.P. Stewart Holdings Fund EUR,,,,,EUR,MUTUALFUND,,,,
XBTI.FR,XBTI.PA,FR,ok,DDA Physical Bitcoin ETP,DDA Physical Bitcoin ETP A,,,,,EUR,ETF,,,,
XFAB.FR,XFAB.PA,FR,ok,X-FAB SILICON FOUNDRIES SE,X-FAB Silicon Foundries SE,Technology,Semiconductors,Belgium,Tessenderlo,EUR,EQUITY,860864384,4300,https://www.xfab.com,
VTSC01.ETR,VTSC01.DE,ETR,no_data,,,,,,,,,,,,
WNDL20.ETR,WNDL20.DE,ETR,no_data,,,,,,,,,,,,
WLN.FR,WLN.PA,FR,ok,WORLDLINE,Worldline SA,Technology,Software - Infrastructure,France,Puteaux,EUR,EQUITY,577769536,17948,https://worldline.com,
ZM3.FR,ZM3.PA,FR,ok,Leverage Shares 3x Zoom ETP Sec,,,,,,EUR,ETF,,,,
ZEAL24.ETR,ZEAL24.DE,ETR,no_data,,,,,,,,,,,,
XIL.FR,XIL.PA,FR,no_data,,,,,,,,,,,,
ZAL111.ETR,ZAL111.DE,ETR,no_data,,,,,,,,,,,,
YATRA.NL,YATRA.AS,NL,ok,"""Yatra Capital Limited""",Yatra Capital Ord,,,,,EUR,MUTUALFUND,0,,,
ZMS.FR,ZMS.PA,FR,ok,Leverage Shares -1x Short Zoom ,,,,,,EUR,ETF,,,,
