timestamp_berlin,price_dayahead_DE_LU_EUR_MWh,price_dayahead_FR_EUR_MWh,price_dayahead_NL_EUR_MWh,load_actual_DE_LU_MW,load_actual_FR_MW,load_actual_NL_MW,gen_DE_LU_Biomass_Actual_Aggregated_MW,gen_DE_LU_Fossil_Brown_coal_Lignite_Actual_Aggregated_MW,gen_DE_LU_Fossil_Gas_Actual_Aggregated_MW,gen_DE_LU_Fossil_Hard_coal_Actual_Aggregated_MW,gen_DE_LU_Fossil_Oil_Actual_Aggregated_MW,gen_DE_LU_Geothermal_Actual_Aggregated_MW,gen_DE_LU_Hydro_Pumped_Storage_Actual_Aggregated_MW,gen_DE_LU_Hydro_Pumped_Storage_Actual_Consumption_MW,gen_DE_LU_Hydro_Run-of-river_and_poundage_Actual_Aggregated_MW,gen_DE_LU_Hydro_Water_Reservoir_Actual_Aggregated_MW,gen_DE_LU_Nuclear_Actual_Aggregated_MW,gen_DE_LU_Other_Actual_Aggregated_MW,gen_DE_LU_Other_renewable_Actual_Aggregated_MW,gen_DE_LU_Other_renewable_Actual_Consumption_MW,gen_DE_LU_Solar_Actual_Aggregated_MW,gen_DE_LU_Solar_Actual_Consumption_MW,gen_DE_LU_Waste_Actual_Aggregated_MW,gen_DE_LU_Wind_Offshore_Actual_Aggregated_MW,gen_DE_LU_Wind_Onshore_Actual_Aggregated_MW,gen_DE_LU_Wind_Onshore_Actual_Consumption_MW,gen_FR_Biomass_Actual_Aggregated_MW,gen_FR_Fossil_Gas_Actual_Aggregated_MW,gen_FR_Fossil_Hard_coal_Actual_Aggregated_MW,gen_FR_Fossil_Oil_Actual_Aggregated_MW,gen_FR_Hydro_Pumped_Storage_Actual_Aggregated_MW,gen_FR_Hydro_Pumped_Storage_Actual_Consumption_MW,gen_FR_Hydro_Run-of-river_and_poundage_Actual_Aggregated_MW,gen_FR_Hydro_Water_Reservoir_Actual_Aggregated_MW,gen_FR_Hydro_Water_Reservoir_Actual_Consumption_MW,gen_FR_Nuclear_Actual_Aggregated_MW,gen_FR_Solar_Actual_Aggregated_MW,gen_FR_Waste_Actual_Aggregated_MW,gen_FR_Wind_Onshore_Actual_Aggregated_MW,gen_NL_Biomass_Actual_Aggregated_MW,gen_NL_Biomass_Actual_Consumption_MW,gen_NL_Fossil_Gas_Actual_Aggregated_MW,gen_NL_Fossil_Gas_Actual_Consumption_MW,gen_NL_Fossil_Hard_coal_Actual_Aggregated_MW,gen_NL_Fossil_Hard_coal_Actual_Consumption_MW,gen_NL_Hydro_Run-of-river_and_poundage_Actual_Aggregated_MW,gen_NL_Hydro_Run-of-river_and_poundage_Actual_Consumption_MW,gen_NL_Nuclear_Actual_Aggregated_MW,gen_NL_Nuclear_Actual_Consumption_MW,gen_NL_Other_Actual_Aggregated_MW,gen_NL_Other_Actual_Consumption_MW,gen_NL_Solar_Actual_Aggregated_MW,gen_NL_Solar_Actual_Consumption_MW,gen_NL_Waste_Actual_Aggregated_MW,gen_NL_Waste_Actual_Consumption_MW,gen_NL_Wind_Offshore_Actual_Aggregated_MW,gen_NL_Wind_Offshore_Actual_Consumption_MW,gen_NL_Wind_Onshore_Actual_Aggregated_MW,gen_NL_Wind_Onshore_Actual_Consumption_MW,flow_DE_LU_to_FR_MW,flow_FR_to_DE_LU_MW,flow_DE_LU_to_NL_MW,flow_NL_to_DE_LU_MW,imbalance_DE_LU_long_EUR_MWh,imbalance_DE_LU_short_EUR_MWh,imbalance_FR_long_EUR_MWh,imbalance_FR_short_EUR_MWh,imbalance_NL_long_EUR_MWh,imbalance_NL_short_EUR_MWh
2021-11-08 00:00:00+01:00,55.39,172.86,200.1,49211.35,53728.0,10792.2,4277.1,9229.05,3255.89,3072.21,271.63,27.44,166.66,2344.64,992.1,74.88,6910.07,235.43,133.94,,0.33,0.0,896.16,4923.21,23192.12,0.0,339.0,6440.0,579.0,209.0,,1227.0,2854.0,629.0,,39612.0,0.0,256.0,2716.0,33.75,0.0,2710.28,44.22,2412.8,9.47,0.0,0.0,481.07,0.0,1642.08,1256.81,0.0,0.93,391.97,3.18,1445.71,0.0,469.11,5.51,240.418,41.2925,1468.2,0.0,16.12,16.12,84.36,93.24,161.99,161.99
2021-11-08 00:15:00+01:00,55.39,172.86,200.1,48650.62,53728.0,10735.58,4266.35,8865.26,3516.08,2996.16,271.5,27.47,184.88,2524.39,995.67,39.82,6913.44,235.55,133.56,,0.27,0.0,896.83,4851.91,23085.98,0.0,339.0,6440.0,579.0,209.0,,1227.0,2854.0,629.0,,39612.0,0.0,256.0,2716.0,34.9,0.0,2795.15,38.62,2419.03,9.5,0.0,0.0,481.04,0.0,1419.27,1336.32,0.0,0.88,385.38,2.75,1421.26,0.0,405.8,5.58,240.418,41.2925,1338.68,0.0,-19.0,-19.0,,,170.1,170.1
2021-11-08 00:30:00+01:00,55.39,172.86,200.1,48236.29,53728.0,10590.87,4271.11,8776.27,3513.57,2993.2,271.5,27.54,223.19,2592.87,1002.33,47.67,6904.92,235.45,133.55,,0.37,0.0,900.09,4815.1,22600.44,0.0,339.0,6440.0,579.0,209.0,,1227.0,2854.0,629.0,,39612.0,0.0,256.0,2716.0,34.63,0.0,2959.1,40.28,2422.87,9.47,0.0,0.0,481.02,0.0,1170.65,1351.89,0.0,0.92,381.44,3.34,1305.84,0.0,338.61,5.58,240.418,41.2925,1259.2,0.0,-45.76,-45.76,119.63,132.23,223.12,223.12
2021-11-08 00:45:00+01:00,55.39,172.86,200.1,47731.83,53728.0,10478.21,4274.47,8826.23,3517.3,2981.53,271.5,27.6,143.44,2535.57,1003.76,67.11,6938.54,235.48,133.7,,0.33,0.0,899.95,4839.79,22225.86,0.0,339.0,6440.0,579.0,209.0,,1227.0,2854.0,629.0,,39612.0,0.0,256.0,2716.0,34.25,0.0,3016.09,43.88,2410.16,9.77,0.0,0.0,481.07,0.0,1091.9,1361.08,0.0,0.9,374.8,3.04,1218.27,0.0,322.11,5.53,240.418,41.2925,1209.6,0.0,-27.41,-27.41,,,246.84,246.84
2021-11-08 01:00:00+01:00,57.94,165.68,189.0,47755.36,52011.0,10429.16,4274.21,8893.59,3511.58,2939.49,271.5,27.64,310.58,1552.68,1005.24,130.54,6956.82,235.38,133.61,,0.28,0.0,899.5,4919.96,21864.74,0.0,337.0,6149.0,389.0,209.0,,2086.0,2678.0,429.0,,39735.0,0.0,255.0,2663.0,34.4,0.0,2998.96,48.85,2408.8,9.73,0.0,0.0,481.08,0.0,1127.96,1369.37,0.0,0.9,347.78,3.34,1161.09,0.0,361.67,5.52,586.8225,0.0,1438.6,0.0,40.57,40.57,153.8,169.98,220.09,220.09
2021-11-08 01:15:00+01:00,57.94,165.68,189.0,47334.22,52011.0,10381.79,4285.44,8707.11,3527.11,2934.09,271.5,27.6,279.5,1337.94,1008.36,38.58,6955.88,235.58,135.52,,0.32,0.0,897.97,4936.4,21458.63,0.0,337.0,6149.0,389.0,209.0,,2086.0,2678.0,429.0,,39735.0,0.0,255.0,2663.0,34.84,0.0,3059.2,41.78,2415.67,9.57,0.0,0.0,481.08,0.0,1195.78,1379.56,0.0,0.89,341.28,3.06,959.44,0.0,410.34,5.47,586.8225,0.0,1417.52,0.0,29.68,29.68,,,287.27,287.27
2021-11-08 01:30:00+01:00,57.94,165.68,189.0,47001.32,52011.0,10297.58,4281.9,8650.62,3522.77,2942.68,271.5,27.59,292.49,1222.08,1005.56,46.73,6958.18,229.42,135.63,,0.35,0.0,894.48,4803.42,21183.37,0.0,337.0,6149.0,389.0,209.0,,2086.0,2678.0,429.0,,39735.0,0.0,255.0,2663.0,34.85,0.0,3072.1,40.65,2407.2,9.6,0.0,0.0,481.09,0.0,1363.5,1360.63,0.0,0.86,337.68,3.1,953.32,0.0,399.03,5.44,586.8225,0.0,1292.32,0.0,186.01,186.01,148.72,164.38,194.46,194.46
2021-11-08 01:45:00+01:00,57.94,165.68,189.0,46941.25,52011.0,10273.57,4281.17,8606.35,3519.74,3073.47,271.5,27.55,336.5,1136.84,1006.84,56.41,6951.73,229.59,135.62,,0.28,0.0,887.28,4911.0,20666.59,0.0,337.0,6149.0,389.0,209.0,,2086.0,2678.0,429.0,,39735.0,0.0,255.0,2663.0,34.31,0.0,2885.57,46.41,2399.13,9.54,0.0,0.0,481.06,0.0,1367.12,1378.65,0.0,0.92,361.67,3.33,1003.23,0.0,437.01,5.61,586.8225,0.0,1302.28,0.0,173.0,173.0,,,139.59,139.59
2021-11-08 02:00:00+01:00,62.95,155.75,180.0,46586.92,51208.0,10300.94,4267.71,8569.6,3537.57,3163.0,271.5,27.63,364.64,1777.06,1003.79,21.6,6933.49,229.42,135.32,,0.35,0.0,891.03,4860.45,20161.1,0.0,339.0,6031.0,410.0,209.0,,2459.0,2596.0,349.0,,40052.0,0.0,257.0,2601.0,34.24,0.0,3006.19,41.45,2398.64,9.33,0.0,0.0,481.09,0.0,1369.18,1422.47,0.0,0.85,369.21,3.24,1023.48,0.0,483.33,5.49,701.9865,0.0,1397.76,0.0,20.91,20.91,127.93,141.39,205.5,205.5
2021-11-08 02:15:00+01:00,62.95,155.75,180.0,46600.98,51208.0,10286.31,4262.3,8580.52,3510.97,3149.27,271.5,27.69,344.1,1696.1,1001.95,24.06,6907.51,229.37,134.89,,0.34,0.0,896.47,4784.46,19594.11,0.0,339.0,6031.0,410.0,209.0,,2459.0,2596.0,349.0,,40052.0,0.0,257.0,2601.0,34.5,0.0,3177.32,41.69,2414.73,9.54,0.0,0.0,481.09,0.0,1168.84,1453.14,0.0,0.88,366.95,3.2,894.74,0.0,564.39,5.27,701.9865,0.0,1338.52,0.0,-52.85,-52.85,,,202.72,202.72
2021-11-08 02:30:00+01:00,62.95,155.75,180.0,46570.62,51208.0,10253.05,4264.4,8725.24,3498.03,3132.22,271.5,27.77,351.71,1395.85,999.83,26.7,6889.23,229.42,134.18,,0.25,0.0,894.82,4850.75,19137.98,0.0,339.0,6031.0,410.0,209.0,,2459.0,2596.0,349.0,,40052.0,0.0,257.0,2601.0,34.62,0.0,3305.78,41.77,2414.73,9.7,0.0,0.0,481.12,0.0,1120.51,1465.72,0.0,0.9,366.35,3.05,850.94,0.0,572.35,5.24,701.9865,0.0,1266.52,0.0,46.15,46.15,128.05,141.53,170.0,170.0
2021-11-08 02:45:00+01:00,62.95,155.75,180.0,46896.87,51208.0,10244.81,4276.15,8807.77,3528.4,3213.16,271.5,27.79,348.36,1312.23,994.66,31.78,6909.38,229.52,134.16,,0.31,0.0,894.99,4854.9,18725.74,0.0,339.0,6031.0,410.0,209.0,,2459.0,2596.0,349.0,,40052.0,0.0,257.0,2601.0,34.4,0.0,3344.32,42.13,2413.6,9.5,0.0,0.0,481.14,0.0,1227.11,1463.3,0.0,0.92,369.88,2.98,881.1,0.0,460.23,5.24,701.9865,0.0,1192.04,0.0,156.67,156.67,,,180.24,180.24
2021-11-08 03:00:00+01:00,60.0,139.41,148.19,47069.46,49205.0,10321.81,4272.24,8997.23,3553.3,3716.44,271.5,27.81,439.78,1235.97,992.64,21.7,6911.93,229.34,133.71,,0.31,0.0,896.31,4849.02,18241.62,0.0,338.0,5919.0,389.0,209.0,,3064.0,2627.0,204.0,,40030.0,0.0,259.0,2422.0,34.49,0.0,3524.54,49.66,2412.64,9.6,0.0,0.0,481.66,0.0,1170.1,1482.36,0.0,0.84,367.36,3.35,921.46,0.0,422.79,5.35,739.351,0.0,1210.28,0.0,40.22,40.22,115.67,127.85,417.0,417.0
2021-11-08 03:15:00+01:00,60.0,139.41,148.19,46638.1,49205.0,10207.28,4244.76,8883.94,3554.42,4200.75,271.5,27.92,64.22,963.49,982.98,26.73,6896.75,229.42,134.21,,0.26,0.0,886.89,4838.99,17794.25,0.0,338.0,5919.0,389.0,209.0,,3064.0,2627.0,204.0,,40030.0,0.0,259.0,2422.0,34.72,0.0,3651.36,40.49,2406.7,9.78,0.0,0.0,481.15,0.0,1220.11,1467.1,0.0,0.89,367.7,3.02,877.98,0.0,395.25,5.6,739.351,0.0,1157.6,0.0,-7.37,-7.37,,,171.27,171.27
2021-11-08 03:30:00+01:00,60.0,139.41,148.19,46810.45,49205.0,10244.75,4234.98,9091.61,3660.3,4399.96,271.5,27.91,73.85,776.76,980.2,68.34,6935.78,229.39,134.77,,0.32,0.0,881.95,4576.36,17388.88,0.0,338.0,5919.0,389.0,209.0,,3064.0,2627.0,204.0,,40030.0,0.0,259.0,2422.0,34.44,0.0,3718.1,49.33,2400.8,9.72,0.0,0.0,481.16,0.0,1294.6,1483.7,0.0,0.91,362.22,3.13,871.26,0.0,302.03,5.26,739.351,0.0,1176.28,0.0,184.98,184.98,115.13,127.25,139.37,139.37
2021-11-08 03:45:00+01:00,60.0,139.41,148.19,47109.86,49205.0,10276.43,4251.75,9286.1,3767.72,4631.1,271.5,27.89,66.59,639.77,978.77,40.24,6937.94,229.14,134.41,,0.3,0.0,879.93,4702.45,16532.42,0.0,338.0,5919.0,389.0,209.0,,3064.0,2627.0,204.0,,40030.0,0.0,259.0,2422.0,34.35,0.0,3750.71,46.09,2404.36,9.53,0.0,0.0,481.2,0.0,1365.18,1506.46,0.0,0.88,367.7,3.2,862.98,0.0,248.79,5.32,739.351,0.0,1264.76,0.0,-91.05,-91.05,,,153.06,153.06
2021-11-08 04:00:00+01:00,60.92,139.36,154.1,47782.93,49134.0,10371.87,4257.92,9665.38,3973.25,4852.01,271.5,27.94,13.63,1047.18,978.4,31.87,6946.48,229.14,134.3,,0.27,0.0,886.46,4707.67,16244.54,0.0,340.0,5982.0,384.0,209.0,,2754.0,2624.0,97.0,,40412.0,0.0,257.0,2240.0,34.79,0.0,4050.32,37.94,2413.04,9.63,0.0,0.0,481.17,0.0,1589.3,1526.6,0.0,0.87,361.56,3.33,845.7,0.0,251.3,5.49,731.6555,0.0,1486.64,0.0,-96.87,-96.87,127.82,141.28,219.51,219.51
2021-11-08 04:15:00+01:00,60.92,139.36,154.1,47987.15,49134.0,10400.17,4266.97,9920.66,4174.29,4967.28,271.5,27.9,14.0,1001.07,977.91,32.19,6953.17,229.12,132.93,,0.31,0.0,901.41,4764.29,15772.45,0.0,340.0,5982.0,384.0,209.0,,2754.0,2624.0,97.0,,40412.0,0.0,257.0,2240.0,34.76,0.0,4202.23,39.14,2385.63,9.76,0.0,0.0,481.17,0.0,1729.39,1534.2,0.0,0.85,355.36,3.43,835.64,0.0,247.35,5.4,731.6555,0.0,1396.16,0.0,-95.58,-95.58,,,174.1,174.1
2021-11-08 04:30:00+01:00,60.92,139.36,154.1,49038.42,49134.0,10476.01,4288.6,10243.78,4269.25,5371.37,271.5,27.91,144.22,822.37,970.27,41.0,7144.29,229.39,132.53,,0.27,0.0,893.09,4463.93,15810.05,0.0,340.0,5982.0,384.0,209.0,,2754.0,2624.0,97.0,,40412.0,0.0,257.0,2240.0,34.04,0.0,4270.76,39.68,2312.23,9.6,0.0,0.0,481.17,0.0,1691.1,1545.06,0.0,0.9,361.27,3.48,841.15,0.0,255.67,5.4,731.6555,0.0,1459.28,0.0,-44.98,-44.98,73.3,81.02,183.69,183.69
2021-11-08 04:45:00+01:00,60.92,139.36,154.1,49745.12,49134.0,10499.51,4281.91,10705.26,4311.2,5530.72,271.5,27.9,272.78,891.4,970.62,31.91,7355.28,229.24,132.24,,0.34,0.0,886.43,4395.64,15527.89,0.0,340.0,5982.0,384.0,209.0,,2754.0,2624.0,97.0,,40412.0,0.0,257.0,2240.0,34.71,0.0,4518.14,37.7,2203.94,9.64,0.0,0.0,481.08,0.0,1594.76,1547.62,0.0,0.87,354.12,3.41,810.65,0.0,278.34,5.68,731.6555,0.0,1449.56,0.0,45.12,45.12,,,180.78,180.78
2021-11-08 05:00:00+01:00,74.97,152.55,134.0,50710.38,52323.0,10654.78,4281.7,11439.39,4531.47,5893.01,271.5,27.72,172.18,933.51,966.58,16.94,7510.88,228.94,132.01,,0.34,0.0,889.98,4130.62,15060.4,0.0,337.0,6571.0,495.0,209.0,,1717.0,2569.0,299.0,,40534.0,0.0,255.0,2030.0,34.69,0.0,4652.55,44.33,2191.5,9.77,0.0,0.0,481.08,0.0,1620.77,1591.02,0.0,0.87,342.7,3.49,780.96,0.0,299.85,6.36,794.376,0.0,1536.12,0.0,183.35,183.35,140.14,154.9,115.87,115.87
2021-11-08 05:15:00+01:00,74.97,152.55,134.0,51561.35,52323.0,10913.55,4317.58,12068.07,4694.52,6381.19,271.5,27.47,142.36,1064.49,969.83,38.63,7649.81,229.04,131.95,,0.3,0.0,887.02,4164.41,14775.2,0.0,337.0,6571.0,495.0,209.0,,1717.0,2569.0,299.0,,40534.0,0.0,255.0,2030.0,34.55,0.0,4653.9,37.71,2253.8,9.73,0.0,0.0,481.08,0.0,1564.11,1660.61,0.0,0.81,327.19,3.58,760.24,0.0,359.12,5.28,794.376,0.0,1798.44,0.0,-15.23,-15.23,,,425.0,425.0
2021-11-08 05:30:00+01:00,74.97,152.55,134.0,53205.04,52323.0,11014.64,4355.34,12583.04,4808.69,6784.79,271.5,27.42,687.55,944.45,969.67,36.12,7750.88,230.47,133.82,,0.39,0.0,883.79,4003.68,14695.91,0.0,337.0,6571.0,495.0,209.0,,1717.0,2569.0,299.0,,40534.0,0.0,255.0,2030.0,34.33,0.0,4773.38,22.27,2311.8,9.56,0.0,0.0,481.06,0.0,1582.7,1643.24,0.0,0.9,337.94,3.39,739.8,0.0,426.29,5.39,794.376,0.0,1664.52,0.0,-40.01,-40.01,151.5,167.44,177.72,177.72
2021-11-08 05:45:00+01:00,74.97,152.55,134.0,55298.06,52323.0,11224.14,4374.63,12749.61,5040.64,7705.31,271.5,27.2,795.97,545.95,967.68,31.42,7807.81,254.95,146.35,,0.36,0.0,883.18,3993.17,14376.46,0.0,337.0,6571.0,495.0,209.0,,1717.0,2569.0,299.0,,40534.0,0.0,255.0,2030.0,34.71,0.0,5194.78,23.82,2326.36,9.61,0.0,0.0,481.1,0.0,1661.53,1619.39,0.0,0.87,351.92,3.33,696.15,0.0,416.55,4.94,794.376,0.0,1588.88,0.0,-15.62,-15.62,,,425.0,425.0
2021-11-08 06:00:00+01:00,173.9,207.17,178.99,58993.82,58515.0,11555.83,4423.43,12938.62,6066.16,8787.59,271.5,27.14,879.68,843.68,966.15,28.05,7812.34,329.87,161.85,,0.33,0.0,880.48,4022.31,13915.73,0.0,339.0,7301.0,1021.0,214.0,139.0,,2876.0,1390.0,,40779.0,0.0,253.0,1963.0,34.14,0.0,6449.61,13.48,2360.2,9.67,0.0,0.0,481.04,0.0,2079.6,1621.35,0.0,0.93,350.76,3.27,587.43,0.0,389.33,5.13,544.898,0.9975,785.76,0.0,-9.36,-9.36,184.65,204.09,167.16,167.16
2021-11-08 06:15:00+01:00,173.9,207.17,178.99,61491.65,58515.0,11943.07,4445.6,13258.02,6534.11,9218.85,271.5,26.73,1567.87,436.33,959.88,56.37,7825.11,345.72,169.31,,0.4,0.0,882.54,4039.49,13841.59,0.0,339.0,7301.0,1021.0,214.0,139.0,,2876.0,1390.0,,40779.0,0.0,253.0,1963.0,34.19,0.0,6939.02,14.26,2335.33,9.78,0.0,0.0,481.08,0.0,2195.53,1694.96,0.0,0.84,356.39,3.62,471.78,0.0,393.64,4.89,544.898,0.9975,748.32,2.12,262.32,262.32,,,496.0,496.0
2021-11-08 06:30:00+01:00,173.9,207.17,178.99,63642.78,58515.0,12294.54,4449.06,13365.46,7287.46,9724.84,271.5,26.33,2158.76,73.87,955.4,159.07,7827.48,345.54,166.81,,0.46,0.0,883.2,3986.79,13456.81,0.0,339.0,7301.0,1021.0,214.0,139.0,,2876.0,1390.0,,40779.0,0.0,253.0,1963.0,34.27,0.0,7431.08,14.36,2393.24,9.78,0.0,0.0,481.07,0.0,2297.74,1679.2,0.0,0.93,353.04,3.68,469.81,0.0,422.19,4.82,544.898,0.9975,697.92,131.44,318.35,318.35,200.22,221.3,528.99,528.99
2021-11-08 06:45:00+01:00,173.9,207.17,178.99,65326.29,58515.0,12545.63,4458.82,13402.88,8417.36,10132.5,271.5,25.45,2248.16,7.36,959.7,90.8,7892.94,346.09,165.28,,0.48,0.0,882.73,4054.8,13123.27,0.0,339.0,7301.0,1021.0,214.0,139.0,,2876.0,1390.0,,40779.0,0.0,253.0,1963.0,34.24,0.0,7702.87,14.09,2389.53,10.12,0.0,0.0,480.98,0.0,2339.58,1641.32,0.0,0.87,343.46,3.85,496.06,0.0,434.8,5.23,544.898,0.9975,498.8,134.88,301.28,301.28,,,496.0,496.0
2021-11-08 07:00:00+01:00,221.15,229.02,224.0,67221.08,64102.0,13101.52,4538.13,13653.55,9355.7,10404.45,271.5,25.7,1824.09,227.73,960.63,61.83,7994.56,359.03,168.42,,9.3,0.0,889.84,3994.18,12891.93,0.0,341.0,7605.0,1191.0,215.0,1590.0,,3472.0,2362.0,,40847.0,182.0,253.0,1976.0,34.36,0.0,7941.72,14.51,2357.94,10.18,0.0,0.0,480.5,0.0,2639.91,1688.71,0.0,0.92,340.92,4.22,500.58,0.0,401.22,5.86,1196.2705,0.0,453.64,276.88,246.49,246.49,209.86,231.96,138.33,138.33
2021-11-08 07:15:00+01:00,221.15,229.02,224.0,67743.18,64102.0,13654.4,4584.69,13709.45,9584.51,10435.41,271.5,25.76,2468.34,39.49,963.31,121.5,8024.66,360.56,169.03,,43.76,0.0,882.17,3929.35,12513.37,0.0,341.0,7605.0,1191.0,215.0,1590.0,,3472.0,2362.0,,40847.0,182.0,253.0,1976.0,34.34,0.0,8143.92,14.3,2390.23,9.97,0.0,0.0,480.97,0.0,2637.33,1776.51,0.0,0.82,335.63,4.41,507.71,0.0,427.71,5.33,1196.2705,0.0,839.8,250.68,296.03,296.03,,,198.83,198.83
2021-11-08 07:30:00+01:00,221.15,229.02,224.0,68282.93,64102.0,14017.89,4604.92,13676.2,9706.37,10599.26,270.74,25.61,2763.93,33.57,963.23,183.75,8021.31,360.71,169.76,,186.32,0.0,885.52,3747.84,12035.83,0.0,341.0,7605.0,1191.0,215.0,1590.0,,3472.0,2362.0,,40847.0,182.0,253.0,1976.0,34.43,0.0,8384.71,14.45,2393.1,10.19,0.0,0.0,480.84,0.0,2747.76,1801.72,0.07,0.63,344.64,4.48,498.16,0.0,500.42,5.39,1196.2705,0.0,883.88,342.28,296.65,296.65,206.44,228.18,382.46,382.46
2021-11-08 07:45:00+01:00,221.15,229.02,224.0,69003.7,64102.0,14262.49,4627.9,13642.56,9871.16,10822.41,271.5,25.55,2438.06,145.07,962.56,255.87,8018.37,362.64,172.02,,583.64,0.0,878.9,3792.49,11631.38,0.0,341.0,7605.0,1191.0,215.0,1590.0,,3472.0,2362.0,,40847.0,182.0,253.0,1976.0,34.03,0.0,8600.92,14.33,2390.63,10.04,0.0,0.0,480.61,0.0,2842.58,1787.94,1.41,0.06,346.44,4.55,495.12,0.0,522.86,5.36,1196.2705,0.0,618.88,263.96,286.29,286.29,,,574.0,574.0
2021-11-08 08:00:00+01:00,214.08,248.05,225.02,69845.52,65947.0,14492.39,4681.3,13766.64,10222.93,10984.13,271.5,25.65,1432.52,223.79,963.95,178.88,8024.46,371.79,175.63,,1215.99,0.0,880.92,3656.32,11169.9,0.0,341.0,7750.0,1200.0,215.0,2225.0,,3868.0,2921.0,,40866.0,636.0,253.0,1943.0,34.03,0.0,8614.67,14.28,2365.0,10.12,0.0,0.0,480.47,0.0,3081.05,1790.37,4.85,0.01,342.96,4.61,476.45,0.0,447.93,5.57,1099.745,0.0,564.36,235.88,204.83,204.83,236.24,261.1,130.98,130.98
2021-11-08 08:15:00+01:00,214.08,248.05,225.02,70258.25,65947.0,14656.85,4695.27,13836.0,10356.62,10989.65,273.28,28.03,1676.95,233.68,964.28,103.83,8030.15,371.84,175.67,,2056.53,0.0,872.9,3593.03,10635.22,0.0,341.0,7750.0,1200.0,215.0,2225.0,,3868.0,2921.0,,40866.0,636.0,253.0,1943.0,33.85,0.0,8633.26,14.25,2369.54,10.18,0.0,0.0,480.55,0.0,3049.09,1811.11,9.62,0.0,335.2,4.59,472.3,0.0,494.82,5.32,1099.745,0.0,724.48,192.24,-84.79,-84.79,,,162.93,162.93
2021-11-08 08:30:00+01:00,214.08,248.05,225.02,70371.84,65947.0,14759.44,4688.91,13892.24,10638.72,10919.17,274.05,28.56,1439.1,143.41,966.34,76.05,8033.35,380.45,178.18,,2988.59,0.0,871.74,3681.82,10181.26,0.0,341.0,7750.0,1200.0,215.0,2225.0,,3868.0,2921.0,,40866.0,636.0,253.0,1943.0,33.67,0.0,8631.92,14.49,2388.03,9.97,0.0,0.0,480.49,0.0,2918.74,1827.32,18.21,0.0,340.04,4.49,466.44,0.0,495.51,5.35,1099.745,0.0,820.44,144.88,59.02,59.02,233.47,258.05,145.24,145.24
2021-11-08 08:45:00+01:00,214.08,248.05,225.02,70783.91,65947.0,14849.31,4675.5,13774.03,10972.13,10876.13,275.32,28.28,833.69,420.09,966.61,54.69,8026.64,380.4,179.0,,3929.69,0.0,873.14,4089.59,9944.9,0.0,341.0,7750.0,1200.0,215.0,2225.0,,3868.0,2921.0,,40866.0,636.0,253.0,1943.0,33.99,0.0,8582.91,14.41,2401.13,9.65,0.0,0.0,480.5,0.0,2871.67,1813.64,24.07,0.0,341.64,4.55,444.3,0.0,418.34,4.78,1099.745,0.0,910.16,25.36,6.2,6.2,,,162.93,162.93
2021-11-08 09:00:00+01:00,199.95,242.55,213.68,71485.99,66181.0,14865.19,4654.23,13962.63,10962.02,10869.23,277.23,28.26,614.05,432.49,968.54,80.95,8035.48,380.17,179.67,,4957.58,0.0,874.91,3997.8,9781.8,0.0,340.0,7505.0,1206.0,215.0,2041.0,,3891.0,2678.0,,40881.0,2128.0,252.0,1821.0,34.2,0.0,8608.0,14.15,2387.94,9.6,0.0,0.0,480.59,0.0,2960.01,1783.53,35.58,0.0,337.12,4.52,443.32,0.0,394.04,4.98,1135.113,0.0,1022.04,0.0,56.29,56.29,230.59,254.87,203.68,203.68
2021-11-08 09:15:00+01:00,199.95,242.55,213.68,71714.11,66181.0,14879.75,4656.61,13979.48,10753.48,10663.94,277.87,28.29,474.96,529.64,972.97,64.27,8036.05,380.14,177.18,,5980.78,0.0,881.42,4072.19,9482.71,0.0,340.0,7505.0,1206.0,215.0,2041.0,,3891.0,2678.0,,40881.0,2128.0,252.0,1821.0,33.77,0.0,8600.01,14.34,2361.9,9.47,0.0,0.0,480.54,0.0,3040.73,1756.33,44.62,0.0,346.56,3.48,440.22,0.0,471.6,5.26,1135.113,0.0,881.96,0.0,59.02,59.02,,,154.66,154.66
2021-11-08 09:30:00+01:00,199.95,242.55,213.68,71549.11,66181.0,14823.32,4637.19,14043.45,10549.87,10536.41,277.23,28.39,315.56,546.1,971.71,59.06,8032.96,380.27,173.67,,6948.68,0.0,886.82,3934.7,9275.3,0.0,340.0,7505.0,1206.0,215.0,2041.0,,3891.0,2678.0,,40881.0,2128.0,252.0,1821.0,33.79,0.0,8529.35,14.79,2360.06,9.45,0.0,0.0,480.51,0.0,3006.06,1744.37,36.51,0.0,341.84,3.28,414.46,0.0,524.37,5.34,1135.113,0.0,953.84,0.0,55.97,55.97,31.46,34.78,183.68,183.68
2021-11-08 09:45:00+01:00,199.95,242.55,213.68,71944.7,66181.0,14703.73,4637.54,14008.62,10551.36,10546.22,277.23,28.45,269.47,697.69,974.75,53.84,8030.59,380.32,174.77,,7757.48,0.0,890.04,3953.85,9095.36,0.0,340.0,7505.0,1206.0,215.0,2041.0,,3891.0,2678.0,,40881.0,2128.0,252.0,1821.0,34.03,0.0,8510.61,20.6,2364.74,9.47,0.0,0.0,480.46,0.0,3041.9,1697.64,49.59,0.0,341.18,3.35,396.69,0.0,527.91,5.72,1135.113,0.0,799.88,0.0,42.31,42.31,,,160.73,160.73
2021-11-08 10:00:00+01:00,190.17,225.69,197.13,71900.25,65153.0,14551.57,4587.41,14117.1,10040.86,10469.94,277.23,28.44,234.27,624.01,974.88,48.49,8035.54,380.12,176.63,,8580.61,0.0,890.58,4099.9,8951.44,0.0,340.0,7528.0,1207.0,215.0,1443.0,,3839.0,2543.0,,40879.0,3609.0,250.0,1676.0,34.34,0.0,8364.62,14.65,2363.76,9.59,0.0,0.0,480.6,0.0,2967.31,1660.64,49.98,0.0,342.05,3.34,399.51,0.0,446.42,5.36,706.4745,0.0,635.04,0.0,34.24,34.24,220.05,243.21,547.13,547.13
2021-11-08 10:15:00+01:00,190.17,225.69,197.13,71750.28,65153.0,14247.23,4581.2,14154.39,9916.62,10432.24,277.23,28.4,216.52,787.86,979.24,47.81,8031.95,380.15,176.75,,9339.27,0.0,882.05,3791.79,8815.81,0.0,340.0,7528.0,1207.0,215.0,1443.0,,3839.0,2543.0,,40879.0,3609.0,250.0,1676.0,33.92,0.0,8352.63,17.88,2357.77,9.47,0.0,0.0,480.5,0.0,3140.48,1565.67,58.44,0.0,352.39,3.63,410.09,0.0,430.82,5.48,706.4745,0.0,257.52,21.28,21.67,21.67,,,138.33,208.52
2021-11-08 10:30:00+01:00,190.17,225.69,197.13,71988.74,65153.0,14094.11,4577.07,14210.84,9882.11,10432.76,278.0,28.38,289.39,747.48,981.08,46.87,8032.11,379.95,176.9,,9993.46,0.0,878.36,3617.47,8611.04,0.0,340.0,7528.0,1207.0,215.0,1443.0,,3839.0,2543.0,,40879.0,3609.0,250.0,1676.0,34.64,0.0,8305.36,12.61,2359.03,9.33,0.0,0.0,480.51,0.0,3215.73,1543.35,55.8,0.0,351.73,3.82,406.93,0.0,442.36,5.51,706.4745,0.0,148.56,137.68,15.43,15.43,170.59,188.55,129.47,129.47
2021-11-08 10:45:00+01:00,190.17,225.69,197.13,71934.76,65153.0,13967.68,4576.72,14201.79,9961.78,10424.54,277.23,28.19,262.4,920.05,981.0,46.04,8027.75,380.05,177.91,,10605.24,0.0,880.89,3746.26,8526.15,0.0,340.0,7528.0,1207.0,215.0,1443.0,,3839.0,2543.0,,40879.0,3609.0,250.0,1676.0,34.54,0.0,8202.49,12.36,2349.5,9.34,0.0,0.0,480.47,0.0,3065.38,1543.98,57.43,0.0,350.33,4.12,392.34,0.0,382.58,5.01,706.4745,0.0,252.88,87.44,-10.2,-10.2,,,126.97,126.97
2021-11-08 11:00:00+01:00,188.59,223.13,188.59,72251.46,64266.0,13907.21,4533.48,14370.03,9886.99,10181.22,277.23,28.09,247.01,387.52,980.55,87.45,8029.44,379.8,178.35,,11144.47,0.0,884.54,3601.33,8456.57,0.0,339.0,7399.0,1109.0,215.0,858.0,,3589.0,1833.0,,40854.0,4807.0,242.0,1726.0,34.71,0.0,8365.85,13.44,2347.87,9.3,0.0,0.0,480.5,0.0,2986.39,1534.26,70.76,0.0,355.08,4.18,362.0,0.28,327.43,5.22,484.2115,0.0,193.28,212.68,31.57,31.57,183.22,202.5,130.75,153.87
2021-11-08 11:15:00+01:00,188.59,223.13,188.59,72026.54,64266.0,13782.95,4519.31,14434.02,9810.66,10239.42,277.23,28.1,238.03,335.93,979.35,50.54,8025.45,379.75,179.39,,11375.68,0.0,880.38,3320.94,8444.45,0.0,339.0,7399.0,1109.0,215.0,858.0,,3589.0,1833.0,,40854.0,4807.0,242.0,1726.0,34.25,0.0,8512.87,13.54,2351.43,9.3,0.0,0.0,480.54,0.0,2954.02,1503.14,72.98,0.0,354.43,4.06,331.94,2.99,316.48,5.28,484.2115,0.0,32.4,325.96,52.7,52.7,,,127.75,127.75
2021-11-08 11:30:00+01:00,188.59,223.13,188.59,72018.67,64266.0,13633.08,4514.34,14445.92,9998.7,10306.41,277.23,28.05,227.3,280.57,979.71,50.68,8028.3,379.85,179.41,,11415.81,0.0,891.8,3117.02,8337.58,0.0,339.0,7399.0,1109.0,215.0,858.0,,3589.0,1833.0,,40854.0,4807.0,242.0,1726.0,34.25,0.0,8391.19,13.13,2353.44,9.43,0.0,0.0,480.54,0.0,2988.41,1451.28,79.64,0.0,352.61,3.97,336.01,5.51,269.48,5.24,484.2115,0.0,0.0,394.76,53.29,53.29,190.61,210.67,120.83,120.83
2021-11-08 11:45:00+01:00,188.59,223.13,188.59,72108.49,64266.0,13484.43,4539.97,14407.21,10348.13,10314.66,277.23,25.56,210.65,396.18,981.35,54.79,8017.63,379.9,179.24,,11626.57,0.0,896.75,2939.27,8260.98,0.0,339.0,7399.0,1109.0,215.0,858.0,,3589.0,1833.0,,40854.0,4807.0,242.0,1726.0,34.86,0.0,8195.21,13.09,2359.73,9.05,0.0,0.0,480.58,0.0,2987.01,1383.3,63.87,0.0,358.6,3.88,343.16,3.27,309.68,5.14,484.2115,0.0,7.12,452.6,5.82,5.82,,,84.09,84.09
2021-11-08 12:00:00+01:00,202.33,213.43,195.87,71464.43,64356.0,13394.12,4502.71,14275.57,11141.07,10582.18,277.23,24.67,350.87,349.07,980.36,52.15,8020.79,379.75,179.5,,11512.3,0.0,909.19,2952.2,8272.75,0.0,337.0,6347.0,1123.0,215.0,902.0,,3567.0,1727.0,,41047.0,5188.0,255.0,1785.0,34.45,0.0,8294.36,12.46,2315.5,8.96,0.0,0.0,480.62,0.0,2973.08,1372.74,68.65,0.0,352.68,3.66,345.1,3.13,287.96,4.88,783.6365,0.0,125.88,366.8,51.82,51.82,101.73,112.43,154.31,154.31
2021-11-08 12:15:00+01:00,202.33,213.43,195.87,71204.16,64356.0,13294.05,4504.58,14181.77,11446.9,10781.3,277.23,24.66,312.51,344.47,987.12,39.2,8021.46,379.77,179.68,,11179.54,0.0,910.6,2950.57,8329.78,0.0,337.0,6347.0,1123.0,215.0,902.0,,3567.0,1727.0,,41047.0,5188.0,255.0,1785.0,34.25,0.0,8482.98,12.93,2353.53,8.96,0.0,0.0,481.15,0.0,2992.52,1383.38,74.86,0.0,339.91,3.45,357.12,2.02,276.88,5.07,783.6365,0.0,0.0,443.32,39.78,39.78,,,101.07,101.07
2021-11-08 12:30:00+01:00,202.33,213.43,195.87,71242.18,64356.0,13263.91,4497.08,14288.99,11556.3,10795.18,279.14,24.66,244.28,246.12,988.07,72.95,8019.62,379.7,180.34,,10766.75,0.0,908.78,2979.12,8303.35,0.0,337.0,6347.0,1123.0,215.0,902.0,,3567.0,1727.0,,41047.0,5188.0,255.0,1785.0,34.32,0.0,8383.01,13.81,2363.9,9.23,0.0,0.0,480.65,0.0,2925.56,1395.8,75.6,0.0,335.22,3.54,315.06,1.73,306.81,5.48,783.6365,0.0,132.6,410.68,64.51,64.51,90.28,99.78,125.77,125.77
2021-11-08 12:45:00+01:00,202.33,213.43,195.87,71477.65,64356.0,13338.85,4506.39,14306.16,11486.58,10870.32,283.48,24.66,491.05,49.64,990.59,107.52,8019.56,379.67,181.16,,10184.17,0.0,907.01,2777.67,7998.32,0.0,337.0,6347.0,1123.0,215.0,902.0,,3567.0,1727.0,,41047.0,5188.0,255.0,1785.0,34.36,0.0,8424.98,12.67,2372.07,8.95,0.0,0.0,480.66,0.0,2884.72,1447.5,77.97,0.0,355.6,3.73,308.72,2.04,286.47,5.22,783.6365,0.0,111.28,457.56,314.61,314.61,,,147.23,147.23
2021-11-08 13:00:00+01:00,214.58,214.58,214.58,71731.23,62883.0,13477.7,4509.14,14316.95,11139.36,11022.12,284.88,24.59,578.5,100.55,986.22,52.74,8014.96,379.45,181.82,,9691.24,0.0,919.44,2748.0,7851.73,0.0,343.0,6906.0,1184.0,215.0,684.0,,3582.0,1979.0,,41231.0,4820.0,255.0,1823.0,33.89,0.0,8741.16,13.18,2368.97,9.31,0.0,0.0,480.73,0.0,2920.29,1494.27,88.88,0.0,357.63,3.7,307.03,0.64,295.41,5.44,23.5355,376.016,0.0,851.12,-57.93,-57.93,159.13,175.89,161.98,161.98
2021-11-08 13:15:00+01:00,214.58,214.58,214.58,71651.26,62883.0,13657.98,4514.0,14289.47,11256.73,11063.57,284.88,24.54,611.94,102.93,979.32,53.14,8009.98,379.55,182.17,,9194.01,0.0,918.24,2731.08,7780.06,0.0,343.0,6906.0,1184.0,215.0,684.0,,3582.0,1979.0,,41231.0,4820.0,255.0,1823.0,34.16,0.0,8807.8,12.52,2347.63,9.4,0.0,0.0,480.68,0.0,2834.98,1560.88,69.07,0.0,358.91,3.64,311.71,0.0,273.95,5.61,23.5355,376.016,0.0,813.84,39.04,39.04,,,217.58,217.58
2021-11-08 13:30:00+01:00,214.58,214.58,214.58,71142.67,62883.0,13708.89,4512.7,14260.21,11317.81,11146.08,284.88,24.42,801.08,131.27,986.51,53.42,8012.74,379.62,182.84,,8540.37,0.0,907.81,2584.95,7917.33,0.0,343.0,6906.0,1184.0,215.0,684.0,,3582.0,1979.0,,41231.0,4820.0,255.0,1823.0,34.52,0.0,8929.74,12.96,2346.07,9.44,0.0,0.0,480.7,0.0,2843.44,1558.74,61.26,0.0,358.48,3.72,270.57,0.0,265.23,5.52,23.5355,376.016,0.0,435.0,288.05,288.05,50.11,55.39,564.58,564.58
2021-11-08 13:45:00+01:00,214.58,214.58,214.58,70438.49,62883.0,13718.16,4507.97,14001.72,11572.43,11193.04,284.88,24.6,805.66,107.38,987.7,63.85,8008.54,379.77,183.2,,7905.85,0.0,907.07,2421.6,7946.61,0.0,343.0,6906.0,1184.0,215.0,684.0,,3582.0,1979.0,,41231.0,4820.0,255.0,1823.0,34.56,0.0,9024.52,15.33,2336.36,9.43,0.0,0.0,480.69,0.0,3077.54,1541.98,65.14,0.0,361.89,3.53,220.13,0.0,227.64,5.38,23.5355,376.016,0.0,464.4,283.36,283.36,,,564.58,564.58
2021-11-08 14:00:00+01:00,212.96,212.96,212.96,70038.17,60971.0,13794.92,4501.85,13590.66,11846.19,11225.0,284.88,24.71,914.61,58.97,990.89,95.99,8016.18,379.4,183.28,,7134.54,0.0,914.18,2375.22,7640.16,0.0,342.0,7040.0,1153.0,215.0,675.0,,3617.0,1897.0,,41258.0,3897.0,252.0,1824.0,34.54,0.0,8979.05,10.47,2341.37,9.53,0.0,0.0,480.71,0.0,3082.09,1576.16,68.78,0.0,356.71,3.43,220.01,0.04,217.37,5.55,0.0,732.3905,0.0,695.08,318.68,318.68,121.4,134.18,138.76,166.98
2021-11-08 14:15:00+01:00,212.96,212.96,212.96,70092.47,60971.0,13998.01,4517.07,13625.9,12002.88,11303.35,284.88,24.71,1355.31,84.74,1000.61,66.35,8017.92,376.61,181.93,,6429.89,0.0,913.43,2426.75,7213.93,0.0,342.0,7040.0,1153.0,215.0,675.0,,3617.0,1897.0,,41258.0,3897.0,252.0,1824.0,34.34,0.0,9140.47,10.12,2356.4,9.52,0.0,0.0,480.74,0.0,2898.23,1664.18,75.58,0.0,355.38,3.59,277.22,0.04,190.06,5.42,0.0,732.3905,0.0,747.6,287.15,287.15,,,245.96,245.96
2021-11-08 14:30:00+01:00,212.96,212.96,212.96,69855.93,60971.0,14088.59,4531.47,13705.58,12258.72,11375.01,284.88,24.87,1581.03,150.23,1002.44,89.3,7986.24,375.63,181.23,,5568.08,0.0,907.64,2312.02,6809.49,0.0,342.0,7040.0,1153.0,215.0,675.0,,3617.0,1897.0,,41258.0,3897.0,252.0,1824.0,34.72,0.0,9207.29,10.12,2361.1,9.49,0.0,0.0,480.71,0.0,2857.97,1673.67,66.29,0.0,351.42,3.45,303.89,0.05,177.19,5.37,0.0,732.3905,0.0,850.96,297.42,297.42,101.23,111.89,417.0,417.0
2021-11-08 14:45:00+01:00,212.96,212.96,212.96,69743.85,60971.0,14200.96,4553.07,13848.46,12359.22,11450.63,284.88,24.77,2339.94,147.97,1006.09,250.67,7870.11,375.48,181.23,,4723.06,0.0,910.51,2177.86,6349.87,0.0,342.0,7040.0,1153.0,215.0,675.0,,3617.0,1897.0,,41258.0,3897.0,252.0,1824.0,34.4,0.0,9155.27,10.56,2369.17,9.55,0.0,0.0,480.76,0.0,2768.23,1720.74,50.36,0.0,341.89,3.69,288.04,0.05,152.34,5.35,0.0,732.3905,0.0,711.84,328.29,328.29,,,145.09,218.16
2021-11-08 15:00:00+01:00,220.09,220.09,220.09,69673.56,59709.0,14373.69,4563.8,14069.08,12270.56,11452.21,284.24,24.86,2084.81,124.84,1013.36,77.16,7785.0,375.53,181.41,,3868.79,0.0,915.03,2123.24,5997.2,0.0,339.0,7399.0,1183.0,254.0,680.0,,3704.0,2274.0,,41133.0,2594.0,254.0,1948.0,34.39,0.0,9384.67,9.92,2367.3,9.69,0.0,0.0,480.74,0.0,2685.99,1781.16,40.59,0.0,330.57,3.63,228.79,0.06,136.32,5.52,0.0,1273.735,93.24,549.6,281.67,281.67,211.89,234.19,168.31,168.31
2021-11-08 15:15:00+01:00,220.09,220.09,220.09,69309.88,59709.0,14589.39,4586.45,14142.54,12356.44,11458.73,282.97,24.91,2617.87,18.22,1011.8,89.63,7776.4,375.58,181.34,,3060.29,0.0,907.32,2105.68,5569.71,0.0,339.0,7399.0,1183.0,254.0,680.0,,3704.0,2274.0,,41133.0,2594.0,254.0,1948.0,34.03,0.0,9380.83,9.94,2365.83,9.55,0.0,0.0,480.77,0.0,2540.98,1842.32,30.3,0.0,333.82,3.53,201.77,0.04,132.62,6.55,0.0,1273.735,134.84,551.32,288.29,288.29,,,223.09,223.09
2021-11-08 15:30:00+01:00,220.09,220.09,220.09,68932.73,59709.0,14795.23,4592.94,14181.07,12279.86,11493.11,282.97,24.89,2573.97,116.87,1010.66,109.7,7774.3,375.76,182.0,,2287.63,0.0,902.91,2056.86,5505.45,0.0,339.0,7399.0,1183.0,254.0,680.0,,3704.0,2274.0,,41133.0,2594.0,254.0,1948.0,34.72,0.0,9439.53,10.46,2372.47,9.61,0.0,0.0,480.86,0.0,2460.5,1890.88,34.91,0.0,345.81,3.88,217.33,0.04,136.2,5.78,0.0,1273.735,66.48,549.72,279.94,279.94,213.91,236.43,190.09,190.09
2021-11-08 15:45:00+01:00,220.09,220.09,220.09,68713.17,59709.0,14985.53,4613.7,14145.07,11987.71,11494.89,282.97,25.41,2969.22,143.84,1009.32,279.56,7783.5,375.71,182.1,,1532.47,0.0,913.72,2102.2,5234.66,0.0,339.0,7399.0,1183.0,254.0,680.0,,3704.0,2274.0,,41133.0,2594.0,254.0,1948.0,34.71,0.0,9460.24,10.1,2373.13,9.32,0.0,0.0,480.85,0.0,2388.98,1941.47,22.5,0.0,337.92,3.89,208.76,0.05,148.78,5.58,0.0,1273.735,98.32,539.8,291.31,291.31,,,223.09,223.09
2021-11-08 16:00:00+01:00,229.6,229.6,229.6,68795.88,59559.0,15098.82,4652.19,14010.97,11994.42,11504.12,281.44,27.89,2162.86,134.84,1005.37,153.95,7784.39,375.66,183.95,,879.84,0.0,917.71,2020.15,4886.13,0.0,336.0,7325.0,1189.0,535.0,1662.0,,4104.0,3277.0,,41181.0,1100.0,258.0,1933.0,34.32,0.0,9441.95,10.25,2365.5,9.68,0.0,0.0,480.76,0.0,2410.7,1955.2,10.86,0.0,341.8,3.89,195.3,0.05,175.49,5.41,0.0,1884.234,160.36,578.68,247.82,247.82,219.4,242.5,145.24,145.24
2021-11-08 16:15:00+01:00,229.6,229.6,229.6,68911.32,59559.0,15289.69,4680.87,14051.47,12048.73,11521.54,281.06,28.54,3096.11,140.98,1005.12,218.85,7789.47,375.63,183.66,,371.76,0.0,920.11,1921.66,4596.31,0.0,336.0,7325.0,1189.0,535.0,1662.0,,4104.0,3277.0,,41181.0,1100.0,258.0,1933.0,34.0,0.0,9381.73,10.56,2361.77,9.44,0.0,0.0,480.89,0.0,2390.56,1965.69,5.65,0.0,330.14,3.74,158.51,0.03,188.5,5.54,0.0,1884.234,360.32,560.92,302.45,302.45,,,145.21,189.6
2021-11-08 16:30:00+01:00,229.6,229.6,229.6,69325.89,59559.0,15519.11,4691.21,14121.9,12196.67,11539.33,281.06,29.75,3208.3,149.66,1005.3,306.14,7789.16,375.71,183.78,,100.86,0.0,915.78,1760.66,4587.95,0.0,336.0,7325.0,1189.0,535.0,1662.0,,4104.0,3277.0,,41181.0,1100.0,258.0,1933.0,34.48,0.0,9376.52,10.26,2354.5,9.66,0.0,0.0,480.9,0.0,2435.6,1962.42,1.94,0.01,334.88,4.01,138.03,0.02,177.26,6.0,0.0,1884.234,317.64,543.96,329.31,329.31,220.65,243.87,249.6,249.6
2021-11-08 16:45:00+01:00,229.6,229.6,229.6,70030.92,59559.0,15830.01,4700.69,14214.71,12240.45,11535.92,281.06,30.01,3324.36,151.32,1001.96,512.4,7783.24,375.76,182.73,,8.04,0.0,919.2,1554.55,4653.11,0.0,336.0,7325.0,1189.0,535.0,1662.0,,4104.0,3277.0,,41181.0,1100.0,258.0,1933.0,33.76,0.0,9494.38,10.63,2363.73,9.91,0.0,0.0,480.9,0.0,2735.15,1919.8,0.28,0.45,328.1,4.16,123.52,0.02,168.92,6.1,0.0,1884.234,337.48,579.16,337.42,337.42,,,419.61,419.61
2021-11-08 17:00:00+01:00,290.36,290.36,290.36,71300.64,62293.0,16047.29,4742.22,14219.11,12254.86,11473.31,281.06,30.02,3080.65,151.2,1003.62,352.44,7781.53,376.71,182.07,,0.74,0.0,913.59,1414.84,4644.47,0.0,334.0,7767.0,1187.0,746.0,2236.0,,4169.0,4097.0,,41254.0,271.0,259.0,1890.0,33.97,0.0,9409.97,11.16,2371.17,10.01,0.0,0.0,480.75,0.0,3370.32,1743.42,0.01,0.86,329.8,4.48,109.8,0.0,146.59,6.7,16.015,1666.229,543.4,453.04,284.87,284.87,233.81,258.43,138.78,223.31
2021-11-08 17:15:00+01:00,290.36,290.36,290.36,71987.46,62293.0,16434.75,4761.28,14399.85,12237.43,11495.15,281.06,30.16,3786.91,149.18,1003.05,630.06,7781.32,383.38,185.69,,0.66,0.0,913.98,1309.89,4630.87,0.0,334.0,7767.0,1187.0,746.0,2236.0,,4169.0,4097.0,,41254.0,271.0,259.0,1890.0,33.92,0.0,9376.24,10.78,2366.0,10.04,0.0,0.0,480.88,0.0,3435.03,1714.67,0.0,0.88,324.88,4.24,88.7,0.41,107.06,6.6,16.015,1666.229,885.96,325.68,425.61,425.61,,,640.36,640.36
2021-11-08 17:30:00+01:00,290.36,290.36,290.36,72449.35,62293.0,16553.23,4776.5,14442.08,12176.37,11495.96,281.06,30.38,3821.91,148.68,997.01,646.21,7784.52,383.33,186.43,,0.62,0.0,915.69,1250.69,4726.52,0.0,334.0,7767.0,1187.0,746.0,2236.0,,4169.0,4097.0,,41254.0,271.0,259.0,1890.0,34.56,0.0,9502.59,11.2,2357.1,10.22,0.0,0.0,480.84,0.0,3492.4,1692.64,0.0,0.9,330.53,4.5,76.77,2.02,70.94,8.79,16.015,1666.229,887.48,352.32,357.86,357.86,292.72,323.54,640.36,640.36
2021-11-08 17:45:00+01:00,290.36,290.36,290.36,72700.89,62293.0,16566.22,4781.36,14455.14,12113.77,11468.54,281.06,30.43,3847.66,148.64,997.69,726.67,7784.82,383.38,187.75,,0.49,0.0,926.68,1153.88,4565.56,0.0,334.0,7767.0,1187.0,746.0,2236.0,,4169.0,4097.0,,41254.0,271.0,259.0,1890.0,34.73,0.0,9434.85,11.11,2358.2,10.0,0.0,0.0,480.85,0.0,3557.46,1676.3,0.0,0.88,327.72,4.09,62.39,5.02,76.4,8.62,16.015,1666.229,967.2,384.96,379.66,379.66,,,250.36,250.36
2021-11-08 18:00:00+01:00,299.9,299.9,299.9,72245.28,67252.0,16231.36,4800.08,14489.29,11977.56,11409.24,282.08,30.26,3245.91,162.92,997.24,722.83,7786.32,387.49,188.44,,0.49,0.0,926.55,1008.54,4526.35,0.0,334.0,7775.0,1163.0,752.0,3085.0,,4362.0,4730.0,,41412.0,0.0,256.0,1894.0,34.54,0.0,9390.83,11.66,2359.56,10.12,0.0,0.0,480.82,0.0,3552.65,1633.11,0.0,0.91,339.47,4.02,61.95,4.1,85.82,8.96,379.9525,1104.071,730.8,635.72,361.97,361.97,229.43,253.58,308.03,308.03
2021-11-08 18:15:00+01:00,299.9,299.9,299.9,71952.28,67252.0,15963.0,4819.59,14448.49,11884.89,11370.95,281.06,30.26,3207.39,176.86,995.05,673.68,7785.15,392.63,190.97,,0.41,0.0,924.87,940.6,4447.33,0.0,334.0,7775.0,1163.0,752.0,3085.0,,4362.0,4730.0,,41412.0,0.0,256.0,1894.0,34.19,0.0,9367.01,11.62,2363.34,10.01,0.0,0.0,480.81,0.0,3525.53,1610.65,0.0,0.87,344.14,4.1,70.48,2.11,74.96,7.99,379.9525,1104.071,657.6,630.44,328.63,328.63,,,223.31,223.31
2021-11-08 18:30:00+01:00,299.9,299.9,299.9,71850.38,67252.0,15814.33,4816.37,14480.98,11897.69,11406.6,281.06,30.21,3211.35,178.34,998.68,677.72,7783.92,392.63,190.21,,0.43,0.0,916.03,913.81,4455.25,0.0,334.0,7775.0,1163.0,752.0,3085.0,,4362.0,4730.0,,41412.0,0.0,256.0,1894.0,34.57,0.0,9361.99,11.04,2371.23,10.11,0.0,0.0,480.79,0.0,3505.86,1599.28,0.0,0.84,345.29,4.2,71.07,0.32,62.53,8.4,379.9525,1104.071,614.12,487.88,386.32,386.32,214.13,236.67,224.8,224.8
2021-11-08 18:45:00+01:00,299.9,299.9,299.9,71321.31,67252.0,15702.04,4817.33,14531.19,11894.8,11429.84,281.06,30.34,3154.74,183.12,998.64,561.61,7783.72,392.71,187.9,,0.44,0.0,916.83,900.0,4530.4,0.0,334.0,7775.0,1163.0,752.0,3085.0,,4362.0,4730.0,,41412.0,0.0,256.0,1894.0,33.9,0.0,9368.09,11.42,2367.47,10.34,0.0,0.0,480.82,0.0,3509.71,1590.02,0.0,0.9,342.3,4.18,63.97,0.59,49.41,10.89,379.9525,1104.071,648.8,461.92,113.39,113.39,,,269.9,269.9
2021-11-08 19:00:00+01:00,270.0,270.0,270.0,70490.91,67889.0,15540.3,4803.24,14600.43,11897.99,11438.24,281.06,30.41,4547.6,148.32,1003.64,812.87,7789.85,392.96,187.91,,0.37,0.0,921.41,848.97,4537.95,0.0,341.0,7813.0,1415.0,655.0,2908.0,,4392.0,4014.0,,42158.0,0.0,254.0,1966.0,34.52,0.0,9344.68,11.57,2356.56,10.32,0.0,0.0,480.92,0.0,3497.54,1575.89,0.0,0.85,343.3,3.94,51.03,0.87,44.86,12.38,363.105,531.533,452.52,356.8,395.73,395.73,250.07,276.39,230.0,230.0
2021-11-08 19:15:00+01:00,270.0,270.0,270.0,69881.35,67889.0,15362.67,4792.22,14604.87,11946.98,11465.46,281.06,30.51,4243.76,148.03,1006.44,483.65,7791.56,393.03,186.97,,0.37,0.0,914.86,824.63,4329.28,0.0,341.0,7813.0,1415.0,655.0,2908.0,,4392.0,4014.0,,42158.0,0.0,254.0,1966.0,34.05,0.0,9336.98,11.57,2361.0,10.17,0.0,0.0,480.74,0.0,3436.93,1572.31,0.0,0.94,342.97,3.88,57.15,1.12,42.38,13.21,363.105,531.533,402.6,357.08,135.77,135.77,,,202.5,202.5
2021-11-08 19:30:00+01:00,270.0,270.0,270.0,69295.29,67889.0,15201.63,4776.95,14638.41,12007.33,11462.94,281.06,30.64,4028.39,151.8,1008.33,199.67,7791.92,392.93,187.52,,0.36,0.0,912.03,827.62,4135.63,0.0,341.0,7813.0,1415.0,655.0,2908.0,,4392.0,4014.0,,42158.0,0.0,254.0,1966.0,34.82,0.0,9247.02,11.39,2359.84,10.14,0.0,0.0,480.71,0.0,3395.04,1552.14,0.0,0.85,344.1,4.32,58.0,0.3,46.79,13.76,363.105,531.533,530.52,346.32,70.72,70.72,253.3,279.96,224.8,224.8
2021-11-08 19:45:00+01:00,270.0,270.0,270.0,68739.18,67889.0,15075.91,4773.8,14632.86,12016.31,11464.1,281.06,30.66,3413.77,152.45,1015.68,134.48,7793.79,392.91,187.91,,0.31,0.0,915.51,764.58,4129.31,0.0,341.0,7813.0,1415.0,655.0,2908.0,,4392.0,4014.0,,42158.0,0.0,254.0,1966.0,34.62,0.0,9262.67,11.8,2368.46,10.37,0.0,0.0,480.7,0.0,3403.64,1530.96,0.0,0.92,350.63,3.94,83.54,0.28,55.55,12.92,363.105,531.533,374.12,402.4,290.21,290.21,,,223.31,223.31
2021-11-08 20:00:00+01:00,222.2,222.2,222.2,67686.66,64011.0,14832.15,4737.23,14634.5,11735.55,11439.8,281.06,30.59,2130.01,152.83,1013.51,141.02,7792.71,392.73,188.42,,0.37,0.0,913.11,716.68,3988.78,0.0,347.0,7632.0,1253.0,317.0,1562.0,,3997.0,2764.0,,41990.0,0.0,253.0,2010.0,34.3,0.0,9196.53,11.37,2366.24,10.55,0.0,0.0,480.85,0.0,3145.94,1542.1,0.0,0.9,349.28,3.65,117.49,0.0,72.55,12.1,6.585,349.6995,0.0,606.32,261.58,261.58,224.85,248.51,180.72,180.72
2021-11-08 20:15:00+01:00,222.2,222.2,222.2,66611.0,64011.0,14639.39,4713.31,14593.67,11395.2,11441.31,281.06,30.81,1458.58,149.64,1012.62,108.84,7794.08,396.01,186.9,,0.35,0.0,915.97,683.07,3929.27,0.0,347.0,7632.0,1253.0,317.0,1562.0,,3997.0,2764.0,,41990.0,0.0,253.0,2010.0,34.25,0.0,9148.59,11.44,2354.56,10.31,0.0,0.0,480.72,0.0,2982.89,1557.12,0.0,0.86,340.98,4.25,137.46,0.0,87.02,11.28,6.585,349.6995,0.0,618.24,309.52,309.52,,,182.2,182.2
2021-11-08 20:30:00+01:00,222.2,222.2,222.2,65510.75,64011.0,14436.99,4688.62,14558.08,11212.55,11424.44,281.06,30.9,1508.02,153.04,1027.47,76.01,7791.34,395.93,186.83,,0.3,0.0,913.41,645.13,3888.5,0.0,347.0,7632.0,1253.0,317.0,1562.0,,3997.0,2764.0,,41990.0,0.0,253.0,2010.0,34.26,0.0,9159.87,11.98,2357.2,10.4,0.0,0.0,480.7,0.0,2919.9,1553.1,0.0,0.88,338.35,3.61,160.83,0.0,106.45,7.58,6.585,349.6995,0.0,601.4,285.82,285.82,189.27,209.19,212.2,212.2
2021-11-08 20:45:00+01:00,222.2,222.2,222.2,64404.56,64011.0,14244.78,4670.33,14412.56,11093.16,11432.62,281.06,31.11,1045.13,374.92,1027.54,63.0,7793.19,395.98,186.12,,0.35,0.0,915.45,626.73,3843.98,0.0,347.0,7632.0,1253.0,317.0,1562.0,,3997.0,2764.0,,41990.0,0.0,253.0,2010.0,34.01,0.0,9159.08,11.55,2366.9,10.36,0.0,0.0,480.69,0.0,2894.76,1541.33,0.0,0.89,345.23,4.01,170.65,0.0,126.14,6.53,6.585,349.6995,0.0,710.44,245.43,245.43,,,145.21,145.21
2021-11-08 21:00:00+01:00,205.0,205.0,205.0,63836.55,60343.0,13985.34,4600.43,14330.11,10909.14,11433.3,281.06,31.29,1353.87,438.19,1027.48,276.0,7795.71,388.26,182.57,,0.37,0.0,911.87,672.62,3714.3,0.0,349.0,7276.0,1173.0,217.0,561.0,,3458.0,1582.0,,42205.0,0.0,256.0,2003.0,34.33,0.0,9203.03,11.14,2366.64,10.16,0.0,0.0,481.58,0.0,2803.49,1536.57,0.0,0.85,345.73,4.37,201.99,0.0,154.63,5.87,0.0,657.5695,0.0,1295.88,364.73,364.73,227.25,251.17,145.54,238.0
2021-11-08 21:15:00+01:00,205.0,205.0,205.0,62772.97,60343.0,13829.05,4584.6,14311.12,10849.27,11424.46,281.06,31.43,866.91,477.84,1027.73,213.08,7795.04,384.9,179.91,,0.29,0.0,911.65,746.64,3575.81,0.0,349.0,7276.0,1173.0,217.0,561.0,,3458.0,1582.0,,42205.0,0.0,256.0,2003.0,33.98,0.0,9258.71,11.83,2361.76,9.94,0.0,0.0,481.18,0.0,2766.37,1550.84,0.0,0.88,346.35,4.33,246.87,0.0,169.47,5.88,0.0,657.5695,0.0,1361.64,312.06,312.06,,,225.0,225.0
2021-11-08 21:30:00+01:00,205.0,205.0,205.0,61768.61,60343.0,13608.5,4564.66,14312.69,10842.16,11415.47,281.06,31.62,694.09,617.37,1032.1,148.81,7794.12,385.08,180.02,,0.34,0.0,909.69,737.91,3425.11,0.0,349.0,7276.0,1173.0,217.0,561.0,,3458.0,1582.0,,42205.0,0.0,256.0,2003.0,34.86,0.0,9112.27,11.21,2356.74,9.99,0.0,0.0,480.7,0.0,2756.92,1529.02,0.0,0.87,346.24,4.27,297.83,0.0,198.7,5.88,0.0,657.5695,0.0,1250.4,281.86,281.86,156.1,172.54,142.3,142.3
2021-11-08 21:45:00+01:00,205.0,205.0,205.0,60759.79,60343.0,13392.91,4554.51,14361.02,10776.25,11372.31,281.06,32.09,357.6,895.84,1034.27,170.75,7794.03,385.08,179.96,,0.27,0.0,913.97,698.43,3360.55,0.0,349.0,7276.0,1173.0,217.0,561.0,,3458.0,1582.0,,42205.0,0.0,256.0,2003.0,34.44,0.0,8936.02,11.49,2366.8,10.03,0.0,0.0,480.74,0.0,2648.76,1503.09,0.0,0.87,346.49,3.93,340.71,0.0,224.15,5.83,0.0,657.5695,0.0,1237.28,217.51,217.51,,,133.75,133.75
2021-11-08 22:00:00+01:00,173.0,188.11,165.04,60291.21,60043.0,13149.82,4472.39,14396.88,10603.9,11263.17,281.06,30.14,774.5,1014.35,1040.56,406.11,7796.41,379.56,177.7,,0.32,0.0,919.3,722.73,3338.1,0.0,351.0,7097.0,1145.0,218.0,,46.0,3283.0,570.0,,42198.0,0.0,255.0,1962.0,34.14,0.0,8990.02,11.05,2367.9,9.99,0.0,0.0,480.71,0.0,2437.51,1487.56,0.0,0.87,348.6,3.94,369.61,0.0,251.63,5.64,425.8385,24.9525,310.72,651.04,283.55,283.55,164.96,182.32,118.08,144.04
2021-11-08 22:15:00+01:00,173.0,188.11,165.04,59513.93,60043.0,12945.73,4456.01,13889.4,10567.8,11177.33,281.06,28.73,777.19,1105.38,1047.04,211.56,7793.17,377.83,176.88,,0.34,0.0,918.95,760.22,3215.03,0.0,351.0,7097.0,1145.0,218.0,,46.0,3283.0,570.0,,42198.0,0.0,255.0,1962.0,34.81,0.0,8977.36,11.44,2360.93,9.92,0.0,0.0,480.59,0.0,2388.4,1503.01,0.0,0.82,349.54,3.75,363.34,0.0,284.24,5.44,425.8385,24.9525,262.96,563.4,308.06,308.06,,,142.08,142.08
2021-11-08 22:30:00+01:00,173.0,188.11,165.04,58133.32,60043.0,12736.19,4444.64,13708.18,10585.01,11178.67,281.06,28.93,634.04,1497.8,1049.06,100.29,7793.5,377.73,177.04,,0.24,0.0,914.18,859.23,2981.04,0.0,351.0,7097.0,1145.0,218.0,,46.0,3283.0,570.0,,42198.0,0.0,255.0,1962.0,34.62,0.0,8798.08,11.44,2352.83,9.93,0.0,0.0,480.58,0.0,2441.8,1488.06,0.0,0.8,360.59,3.62,376.93,0.0,305.81,5.55,425.8385,24.9525,385.64,434.92,284.86,284.86,178.7,197.52,142.08,142.08
2021-11-08 22:45:00+01:00,173.0,188.11,165.04,57180.38,60043.0,12519.65,4446.99,13697.05,10409.2,11135.06,281.06,29.0,313.26,1801.25,1054.22,76.06,7795.46,377.88,177.95,,0.29,0.0,915.36,864.37,2925.64,0.0,351.0,7097.0,1145.0,218.0,,46.0,3283.0,570.0,,42198.0,0.0,255.0,1962.0,34.16,0.0,8524.66,18.46,2363.7,9.8,0.0,0.0,480.57,0.0,2476.68,1484.77,0.0,0.92,349.21,3.64,419.97,0.0,314.63,5.51,425.8385,24.9525,402.04,457.04,221.14,221.14,,,130.08,130.08
2021-11-08 23:00:00+01:00,157.89,178.15,146.9,56264.36,60427.0,12381.54,4413.54,13731.77,9731.5,11079.13,281.06,29.09,928.07,189.53,1055.16,205.17,7794.03,370.53,174.62,,0.29,0.0,921.65,845.06,2877.54,0.0,346.0,7091.0,1029.0,218.0,,492.0,2907.0,474.0,,42227.0,0.0,255.0,1941.0,34.44,0.0,7796.65,17.6,2327.67,9.71,0.0,0.0,480.64,0.0,2121.75,1516.48,0.0,0.85,349.12,3.38,432.72,0.0,338.89,5.56,826.7025,0.0,530.48,424.44,324.56,324.56,169.24,187.06,117.0,150.93
2021-11-08 23:15:00+01:00,157.89,178.15,146.9,55238.57,60427.0,12183.75,4401.82,13669.92,9175.85,10966.08,281.06,29.16,860.62,209.85,1057.28,119.4,7790.97,366.37,172.62,,0.26,0.0,924.24,865.39,2790.93,0.0,346.0,7091.0,1029.0,218.0,,492.0,2907.0,474.0,,42227.0,0.0,255.0,1941.0,34.17,0.0,7793.33,17.26,2294.3,9.87,0.0,0.0,480.57,0.0,2067.08,1517.69,0.0,0.91,350.83,4.3,455.24,0.0,379.8,5.54,826.7025,0.0,404.88,425.32,321.07,321.07,,,89.0,163.37
2021-11-08 23:30:00+01:00,157.89,178.15,146.9,54232.68,60427.0,12018.26,4415.76,13574.9,8964.83,10978.61,281.06,29.19,837.49,523.67,1058.64,147.57,7790.07,366.34,172.89,,0.32,0.0,922.29,1055.8,2721.75,0.0,346.0,7091.0,1029.0,218.0,,492.0,2907.0,474.0,,42227.0,0.0,255.0,1941.0,34.96,0.0,7451.27,17.5,2275.7,9.72,0.0,0.0,480.53,0.0,2081.48,1520.51,0.0,0.87,351.31,3.3,497.65,0.0,384.55,5.5,826.7025,0.0,543.12,373.32,-36.92,-36.92,178.96,197.8,67.09,67.09
2021-11-08 23:45:00+01:00,157.89,178.15,146.9,53394.34,60427.0,11827.75,4410.83,13528.02,8743.42,10887.74,281.06,29.25,685.74,922.72,1062.42,75.75,7791.99,366.34,172.94,,0.34,0.0,923.64,1287.3,2623.27,0.0,346.0,7091.0,1029.0,218.0,,492.0,2907.0,474.0,,42227.0,0.0,255.0,1941.0,34.73,0.0,7298.32,15.54,2303.3,9.65,0.0,0.0,480.54,0.0,2127.79,1514.47,0.0,0.93,347.74,3.26,569.45,0.0,399.78,5.51,826.7025,0.0,398.04,360.28,198.08,198.08,,,35.15,35.15
2021-11-09 00:00:00+01:00,153.01,153.01,153.01,52916.36,60427.0,11724.25,4369.99,13583.63,8376.85,11198.21,281.06,29.23,928.06,2119.19,1066.13,323.51,7808.16,346.16,169.5,,0.3,0.0,917.76,1479.65,2519.13,0.0,348.0,5820.0,864.0,217.0,,931.0,2657.0,480.0,,42060.0,0.0,255.0,1947.0,34.38,0.0,7239.45,14.84,2290.06,9.72,0.0,0.0,480.72,0.0,2198.93,1544.89,0.0,0.84,351.69,3.32,633.68,0.0,431.35,5.61,1885.7915,0.0,343.28,150.0,290.52,290.52,148.91,164.59,108.08,108.08
2021-11-09 00:15:00+01:00,153.01,153.01,153.01,52310.96,60427.0,11642.29,4344.91,13562.36,8579.3,11170.87,281.06,29.3,736.29,2209.45,1061.39,231.23,7796.48,342.18,167.71,,0.35,0.0,909.08,1700.64,2396.81,0.0,348.0,5820.0,864.0,217.0,,931.0,2657.0,480.0,,42060.0,0.0,255.0,1947.0,34.59,0.0,7129.99,22.04,2287.96,9.72,0.0,0.0,480.6,0.0,2160.34,1609.93,0.0,0.94,344.23,3.13,729.79,0.0,449.03,5.5,1885.7915,0.0,38.8,104.28,312.79,312.79,,,132.19,132.19
2021-11-09 00:30:00+01:00,153.01,153.01,153.01,51895.22,60427.0,11523.11,4339.58,13531.61,8546.53,11182.13,281.06,29.48,288.05,2402.67,1057.3,32.69,7796.59,342.3,168.23,,0.32,0.0,908.22,2067.39,2352.15,0.0,348.0,5820.0,864.0,217.0,,931.0,2657.0,480.0,,42060.0,0.0,255.0,1947.0,34.03,0.0,6865.64,23.9,2282.57,9.58,0.0,0.0,480.56,0.0,2225.28,1623.15,0.0,0.86,346.66,3.11,699.66,0.0,463.6,5.63,1885.7915,0.0,68.2,72.4,111.23,111.23,145.36,160.66,156.75,156.75
2021-11-09 00:45:00+01:00,153.01,153.01,153.01,51207.7,60427.0,11354.44,4334.4,13541.15,8516.66,11118.11,281.06,29.48,25.65,3066.06,1056.63,14.11,7794.57,342.3,168.89,,0.27,0.0,911.1,2552.72,2205.98,0.0,348.0,5820.0,864.0,217.0,,931.0,2657.0,480.0,,42060.0,0.0,255.0,1947.0,33.47,0.0,6812.71,22.13,2285.6,9.65,0.0,0.0,480.56,0.0,2320.78,1602.69,0.0,0.89,355.0,3.32,679.72,0.0,482.73,5.52,1885.7915,0.0,102.96,239.2,99.31,99.31,,,149.42,149.42
2021-11-09 01:00:00+01:00,152.85,154.53,151.23,50779.3,55678.0,11272.47,4334.03,13419.03,8714.51,11152.83,281.06,29.52,225.86,2436.71,1058.11,33.56,7807.51,342.25,168.89,,0.34,0.0,920.65,2865.57,2185.88,0.0,355.0,4959.0,1104.0,217.0,,2178.0,2581.0,442.0,,41962.0,0.0,256.0,1963.0,33.09,0.0,6654.52,20.74,2297.06,9.59,0.0,0.0,480.66,0.0,2361.75,1603.29,0.0,0.94,353.76,3.34,731.92,0.0,512.16,5.5,1765.805,0.0,50.52,245.64,75.78,75.78,146.8,162.26,143.08,195.87
2021-11-09 01:15:00+01:00,152.85,154.53,151.23,50735.37,55678.0,11177.89,4345.19,13350.47,8516.22,11320.81,281.06,29.67,174.83,2869.1,1060.53,22.79,7797.94,342.38,168.56,,0.33,0.0,917.73,3042.18,2219.15,0.0,355.0,4959.0,1104.0,217.0,,2178.0,2581.0,442.0,,41962.0,0.0,256.0,1963.0,33.36,0.0,6733.28,21.54,2319.3,9.66,0.0,0.0,480.63,0.0,2345.97,1610.68,0.0,0.85,339.16,3.35,775.06,0.0,529.77,5.61,1765.805,0.0,11.36,377.0,277.21,277.21,,,164.67,164.67
2021-11-09 01:30:00+01:00,152.85,154.53,151.23,50706.05,55678.0,11096.51,4343.46,13348.57,8426.5,11364.79,281.57,29.64,141.25,3115.93,1059.0,20.18,7795.0,342.48,168.33,,0.26,0.0,919.31,3156.63,2365.0,0.0,355.0,4959.0,1104.0,217.0,,2178.0,2581.0,442.0,,41962.0,0.0,256.0,1963.0,33.6,0.0,6655.08,21.23,2305.6,9.76,0.0,0.0,480.59,0.0,2426.81,1605.89,0.0,0.92,355.92,3.3,779.9,0.0,566.55,5.68,1765.805,0.0,3.0,476.12,28.44,28.44,146.8,162.26,143.05,143.05
2021-11-09 01:45:00+01:00,152.85,154.53,151.23,50696.11,55678.0,11009.68,4334.65,13389.37,8300.8,11358.78,281.82,29.58,182.12,3443.25,1062.71,17.12,7797.62,336.03,165.79,,0.32,0.0,917.04,3341.79,2487.82,0.0,355.0,4959.0,1104.0,217.0,,2178.0,2581.0,442.0,,41962.0,0.0,256.0,1963.0,33.4,0.0,6482.65,20.61,2280.2,9.59,0.0,0.0,480.65,0.0,2557.72,1588.3,0.0,0.87,365.54,3.23,770.23,0.0,560.53,5.59,1765.805,0.0,21.44,605.64,187.98,187.98,,,143.07,143.07
2021-11-09 02:00:00+01:00,151.01,151.01,151.01,50358.25,54775.0,10975.72,4322.88,13566.79,8084.09,11284.49,281.06,29.53,208.87,3688.32,1063.43,31.71,7808.84,334.9,166.15,,0.27,0.0,915.81,3488.29,2482.03,0.0,355.0,5081.0,1345.0,217.0,,2463.0,2585.0,219.0,,42223.0,0.0,259.0,1943.0,34.3,0.0,6501.33,20.6,2316.97,9.64,0.0,0.0,481.21,0.0,2449.16,1576.82,0.0,0.86,354.44,3.24,688.02,0.0,563.44,5.68,1200.3405,0.0,86.8,882.12,307.33,307.33,143.46,158.56,450.0,450.0
2021-11-09 02:15:00+01:00,151.01,151.01,151.01,50499.16,54775.0,10759.37,4315.81,13508.6,7912.56,11202.81,281.06,29.54,258.37,3891.3,1064.39,43.76,7805.94,334.9,166.12,,0.35,0.0,915.79,3564.22,2490.41,0.0,355.0,5081.0,1345.0,217.0,,2463.0,2585.0,219.0,,42223.0,0.0,259.0,1943.0,34.52,0.0,6917.71,19.82,2356.27,9.88,0.0,0.0,480.62,0.0,2427.1,1494.67,0.0,0.91,353.8,3.42,686.01,0.0,570.83,5.71,1200.3405,0.0,19.64,1386.12,292.79,292.79,,,143.07,501.01
2021-11-09 02:30:00+01:00,151.01,151.01,151.01,50333.78,54775.0,10638.03,4310.62,13578.9,7931.55,11006.72,281.06,29.52,186.06,3985.33,1067.22,36.87,7811.92,335.08,166.02,,0.35,0.0,915.16,3786.29,2587.1,0.0,355.0,5081.0,1345.0,217.0,,2463.0,2585.0,219.0,,42223.0,0.0,259.0,1943.0,34.74,0.0,6527.63,19.23,2318.3,9.82,0.0,0.0,480.68,0.0,2563.5,1439.67,0.0,0.91,353.06,3.62,685.67,0.0,577.67,5.59,1200.3405,0.0,91.96,1260.36,-54.66,-54.66,128.15,141.63,143.04,149.62
2021-11-09 02:45:00+01:00,151.01,151.01,151.01,50213.49,54775.0,10679.61,4313.73,13570.42,7978.8,10976.92,281.06,29.54,149.41,4174.03,1067.22,34.89,7809.29,335.05,166.09,,0.28,0.0,914.38,3931.81,2754.31,0.0,355.0,5081.0,1345.0,217.0,,2463.0,2585.0,219.0,,42223.0,0.0,259.0,1943.0,34.19,0.0,6343.9,19.65,2318.9,9.92,0.0,0.0,480.7,0.0,2557.4,1465.43,0.0,0.89,354.67,3.18,724.1,0.0,610.34,5.54,1200.3405,0.0,115.04,1218.0,19.79,19.79,,,165.42,165.42
2021-11-09 03:00:00+01:00,145.36,145.36,145.36,49930.27,52975.0,10722.49,4327.84,13641.66,8143.67,11016.43,281.06,29.5,191.74,2540.82,1065.74,58.53,7808.16,335.05,166.01,,0.34,0.0,902.53,4220.37,2950.38,0.0,353.0,4756.0,1384.0,217.0,,2860.0,2549.0,130.0,,41982.0,0.0,256.0,1997.0,34.46,0.0,6232.45,19.3,2338.06,9.94,0.0,0.0,480.7,0.0,2505.3,1499.45,0.0,0.9,356.31,3.5,768.19,0.0,657.19,5.57,1149.389,0.0,161.84,1079.28,99.54,99.54,138.09,152.63,138.62,138.62
2021-11-09 03:15:00+01:00,145.36,145.36,145.36,50271.31,52975.0,10736.31,4312.81,13686.66,8082.24,11049.23,281.06,29.56,237.58,2608.38,1057.41,26.31,7799.66,334.85,165.89,,0.35,0.0,902.97,4519.64,3121.02,0.0,353.0,4756.0,1384.0,217.0,,2860.0,2549.0,130.0,,41982.0,0.0,256.0,1997.0,34.74,0.0,6122.96,19.56,2327.97,9.82,0.0,0.0,480.73,0.0,2525.74,1533.53,0.0,0.86,347.29,3.43,758.84,0.0,685.48,5.64,1149.389,0.0,187.8,1071.84,-4.32,-4.32,,,155.44,155.44
2021-11-09 03:30:00+01:00,145.36,145.36,145.36,50615.34,52975.0,10709.07,4305.69,13781.04,8068.38,11045.69,281.06,29.54,227.14,2784.04,1059.06,28.53,7806.83,335.03,165.49,,0.32,0.0,905.33,4593.29,3245.42,0.0,353.0,4756.0,1384.0,217.0,,2860.0,2549.0,130.0,,41982.0,0.0,256.0,1997.0,34.66,0.0,6128.99,19.06,2338.77,9.85,0.0,0.0,480.78,0.0,2563.61,1543.6,0.0,0.89,340.36,3.08,741.76,0.0,718.74,5.7,1149.389,0.0,196.04,1000.0,86.27,86.27,138.09,152.63,160.0,160.0
2021-11-09 03:45:00+01:00,145.36,145.36,145.36,51034.52,52975.0,10704.97,4316.48,14003.49,8122.48,11013.17,281.06,29.39,225.98,3018.06,1059.15,28.27,7796.46,334.85,165.05,,0.36,0.0,897.61,4733.12,3444.8,0.0,353.0,4756.0,1384.0,217.0,,2860.0,2549.0,130.0,,41982.0,0.0,256.0,1997.0,34.66,0.0,6040.33,19.18,2334.0,10.1,0.0,0.0,480.8,0.0,2581.02,1545.59,0.0,0.89,346.86,3.14,771.74,0.0,734.48,5.64,1149.389,0.0,199.0,1028.92,80.61,80.61,,,144.62,144.62
2021-11-09 04:00:00+01:00,145.5,145.5,145.5,51746.89,52864.0,10703.17,4327.14,14052.84,7834.22,10972.13,281.06,29.33,145.93,2303.52,1062.03,23.48,7798.78,334.8,165.11,,0.34,0.0,896.57,4750.46,3677.37,0.0,351.0,4795.0,1342.0,217.0,,2921.0,2586.0,133.0,,42350.0,0.0,257.0,2116.0,34.64,0.0,5942.78,19.41,2308.1,9.99,0.0,0.0,480.81,0.0,2617.25,1543.46,0.0,0.84,345.25,2.88,913.71,0.0,753.37,5.69,802.39,105.65,127.36,1240.04,278.38,278.38,153.31,169.45,151.82,151.82
2021-11-09 04:15:00+01:00,145.5,145.5,145.5,52203.13,52864.0,10759.42,4327.59,14097.65,7805.41,10878.22,281.06,29.32,188.25,2128.41,1064.76,27.72,7800.33,334.98,165.57,,0.27,0.0,901.88,4888.35,3845.56,0.0,351.0,4795.0,1342.0,217.0,,2921.0,2586.0,133.0,,42350.0,0.0,257.0,2116.0,34.35,0.0,5947.17,19.29,2288.3,9.97,0.0,0.0,480.82,0.0,2699.16,1558.24,0.0,0.95,343.84,2.84,959.18,0.0,785.18,5.67,802.39,105.65,137.24,1315.68,-52.79,-52.79,,,153.54,153.54
2021-11-09 04:30:00+01:00,145.5,145.5,145.5,52654.0,52864.0,10813.09,4323.19,14173.0,7761.91,10880.45,281.06,29.45,217.74,2180.76,1063.15,26.2,7800.6,335.2,165.61,,0.33,0.0,907.0,5048.84,4027.44,0.0,351.0,4795.0,1342.0,217.0,,2921.0,2586.0,133.0,,42350.0,0.0,257.0,2116.0,33.88,0.0,5957.65,19.46,2291.83,10.21,0.0,0.0,480.82,0.0,2761.37,1572.71,0.0,0.89,331.31,2.68,979.64,0.0,826.65,5.68,802.39,105.65,167.4,1381.44,92.32,92.32,152.86,168.96,145.73,145.73
2021-11-09 04:45:00+01:00,145.5,145.5,145.5,53322.23,52864.0,10832.62,4316.08,14240.44,8100.53,10818.78,281.06,29.36,183.54,2081.25,1066.57,19.9,7802.64,345.13,170.1,,0.36,0.0,913.46,5245.74,4188.7,0.0,351.0,4795.0,1342.0,217.0,,2921.0,2586.0,133.0,,42350.0,0.0,257.0,2116.0,34.79,0.0,6033.51,18.84,2297.0,9.76,0.0,0.0,480.81,0.0,2812.66,1559.7,0.0,0.87,331.06,2.32,985.22,0.0,854.93,5.64,802.39,105.65,176.68,1387.4,88.93,88.93,,,153.19,153.19
2021-11-09 05:00:00+01:00,152.87,156.79,148.05,54979.41,55680.0,10976.73,4344.15,14303.65,8172.56,10726.83,281.06,29.07,239.92,1726.31,1067.24,58.48,7809.28,345.91,170.55,,0.3,0.0,906.81,5349.64,4404.86,0.0,356.0,5468.0,1337.0,217.0,,2405.0,2597.0,148.0,,42450.0,0.0,255.0,2170.0,34.38,0.0,6316.14,18.22,2298.33,9.73,0.0,0.0,480.79,0.0,2797.7,1575.31,0.0,0.89,339.84,2.56,1022.55,0.0,896.85,5.64,1328.7685,0.23,182.8,1297.68,278.83,278.83,137.67,152.17,148.33,148.33
2021-11-09 05:15:00+01:00,152.87,156.79,148.05,55765.39,55680.0,11122.08,4355.06,14327.93,8139.19,10796.78,281.06,28.76,247.3,1345.94,1067.51,51.63,7810.46,345.76,170.5,,0.38,0.0,906.31,5395.95,4797.93,0.0,356.0,5468.0,1337.0,217.0,,2405.0,2597.0,148.0,,42450.0,0.0,255.0,2170.0,34.44,0.0,6491.55,18.16,2298.7,9.65,0.0,0.0,480.81,0.0,2901.98,1620.47,0.0,0.84,346.38,2.26,1036.65,0.0,927.94,5.68,1328.7685,0.23,180.08,1319.72,267.92,267.92,,,152.51,152.51
2021-11-09 05:30:00+01:00,152.87,156.79,148.05,56443.08,55680.0,11334.66,4358.38,14403.11,8241.17,10963.04,281.06,28.8,153.53,739.97,1069.17,28.1,7808.61,345.81,170.49,,0.32,0.0,904.49,5558.76,5166.52,0.0,356.0,5468.0,1337.0,217.0,,2405.0,2597.0,148.0,,42450.0,0.0,255.0,2170.0,34.94,0.0,6528.97,18.25,2296.57,9.75,0.0,0.0,480.76,0.0,2947.44,1654.84,0.0,0.86,339.42,2.26,1063.48,0.0,942.1,5.68,1328.7685,0.23,238.88,1243.28,92.0,92.0,149.55,165.29,151.83,151.83
2021-11-09 05:45:00+01:00,152.87,156.79,148.05,57905.47,55680.0,11554.59,4384.18,14416.57,8831.31,11058.13,281.06,28.74,145.39,278.12,1069.82,113.57,7802.49,345.74,170.22,,0.35,0.0,910.47,5497.16,5497.91,0.0,356.0,5468.0,1337.0,217.0,,2405.0,2597.0,148.0,,42450.0,0.0,255.0,2170.0,34.48,0.0,6719.31,18.42,2282.93,9.85,0.0,0.0,480.75,0.0,3049.43,1666.36,0.0,0.84,340.31,2.16,1067.18,0.0,977.42,5.73,1328.7685,0.23,225.56,1137.84,117.09,117.09,,,145.65,145.65
2021-11-09 06:00:00+01:00,190.0,190.0,190.0,60855.4,61649.0,11896.64,4469.67,14391.82,9790.06,11085.89,281.06,28.69,1940.32,884.09,1068.85,65.82,7800.78,346.59,170.46,,0.41,0.0,903.47,5356.47,5889.43,0.0,349.0,7075.0,1447.0,217.0,,120.0,2979.0,1431.0,,42509.0,0.0,253.0,2113.0,34.55,0.0,7413.31,19.66,2266.04,10.1,0.0,0.0,480.74,0.0,3294.3,1693.11,0.0,0.94,340.46,2.47,723.56,0.0,1004.67,5.76,602.147,12.275,126.44,1481.4,344.49,344.49,165.59,183.02,151.95,151.95
2021-11-09 06:15:00+01:00,190.0,190.0,190.0,62862.08,61649.0,12230.68,4520.09,14332.24,10351.63,11107.03,281.06,28.24,2185.21,203.68,1065.27,104.87,7799.33,349.35,171.71,,0.33,0.0,907.4,5349.78,6274.67,0.0,349.0,7075.0,1447.0,217.0,,120.0,2979.0,1431.0,,42509.0,0.0,253.0,2113.0,34.34,0.0,7579.73,20.4,2258.63,10.1,0.0,0.0,481.29,0.0,3442.01,1736.04,0.0,0.91,338.88,2.57,707.29,0.0,997.83,5.72,602.147,12.275,106.28,1551.44,342.38,342.38,,,151.94,151.94
2021-11-09 06:30:00+01:00,190.0,190.0,190.0,64835.22,61649.0,12579.05,4554.34,14234.53,10834.97,11168.67,281.06,28.08,2571.85,117.05,1065.42,163.52,7807.03,349.35,172.24,,0.46,0.0,908.22,5372.72,6502.39,0.0,349.0,7075.0,1447.0,217.0,,120.0,2979.0,1431.0,,42509.0,0.0,253.0,2113.0,33.95,0.0,7715.55,19.31,2250.23,10.44,0.0,0.0,480.76,0.0,3519.08,1738.28,0.0,0.85,330.64,2.75,733.62,0.0,979.83,5.67,602.147,12.275,111.6,1602.88,315.92,315.92,191.77,211.95,229.36,229.36
2021-11-09 06:45:00+01:00,190.0,190.0,190.0,66378.39,61649.0,12867.86,4592.81,14212.23,11178.06,11196.3,281.06,27.96,3044.58,210.97,1065.36,131.78,7805.74,351.75,173.53,,0.73,0.0,907.33,5420.72,6661.2,0.0,349.0,7075.0,1447.0,217.0,,120.0,2979.0,1431.0,,42509.0,0.0,253.0,2113.0,34.2,0.0,7788.68,21.37,2248.94,10.52,0.0,0.0,480.75,0.0,3582.35,1683.19,0.0,0.95,333.57,2.95,764.4,0.0,983.88,5.71,602.147,12.275,138.2,1611.08,86.62,86.62,,,151.94,540.0
2021-11-09 07:00:00+01:00,223.88,230.08,219.15,68200.72,67229.0,13385.67,4687.03,14143.41,11381.77,11172.72,281.06,27.79,2384.31,218.42,1061.69,140.29,7795.09,370.01,181.77,,5.68,0.0,899.01,5437.66,6925.14,0.0,350.0,7451.0,1386.0,217.0,1404.0,,3647.0,1769.0,,42401.0,186.0,249.0,2037.0,34.63,0.0,7041.12,19.73,2270.9,10.5,0.0,0.0,479.88,0.0,3439.02,1734.32,0.0,0.84,321.61,3.07,1123.04,0.0,953.85,5.52,1296.265,0.0,241.48,880.92,249.49,249.49,211.31,233.55,-52.0,157.41
2021-11-09 07:15:00+01:00,223.88,230.08,219.15,68793.85,67229.0,13945.4,4723.8,14197.35,11423.87,11198.92,281.06,27.78,3134.3,191.35,1046.99,145.69,7801.17,371.84,182.42,,48.45,0.0,898.1,5437.77,7319.81,0.0,350.0,7451.0,1386.0,217.0,1404.0,,3647.0,1769.0,,42401.0,186.0,249.0,2037.0,34.57,0.0,7372.7,21.11,2310.16,10.76,0.0,0.0,480.68,0.0,3344.59,1809.12,0.0,0.84,314.14,3.25,1183.38,0.0,991.47,5.49,1296.265,0.0,290.04,582.32,104.37,104.37,,,152.51,179.15
2021-11-09 07:30:00+01:00,223.88,230.08,219.15,69623.26,67229.0,14299.63,4727.38,14191.79,11454.84,11213.87,281.31,27.71,3013.71,272.64,1033.35,202.75,7808.8,371.86,182.12,,308.46,0.0,898.35,5484.85,7644.55,0.0,350.0,7451.0,1386.0,217.0,1404.0,,3647.0,1769.0,,42401.0,186.0,249.0,2037.0,34.17,0.0,7570.31,19.66,2321.1,10.26,0.0,0.0,480.67,0.0,3343.44,1846.45,0.02,0.68,317.92,3.58,1197.88,0.0,993.06,5.53,1296.265,0.0,366.36,582.84,83.42,83.42,220.83,244.07,179.15,179.15
2021-11-09 07:45:00+01:00,223.88,230.08,219.15,70168.1,67229.0,14566.91,4744.55,14173.02,11477.68,11192.28,281.82,27.7,2595.07,329.2,1043.77,251.59,7805.36,379.57,180.38,,890.04,0.0,898.51,5181.74,7899.35,0.0,350.0,7451.0,1386.0,217.0,1404.0,,3647.0,1769.0,,42401.0,186.0,249.0,2037.0,33.85,0.0,7599.93,20.46,2340.37,10.57,0.0,0.0,480.57,0.0,3344.19,1860.69,1.35,0.02,310.38,3.59,1226.02,0.0,1002.1,5.73,1296.265,0.0,335.8,320.96,267.65,267.65,,,179.15,179.15
2021-11-09 08:00:00+01:00,215.58,239.03,188.11,71107.97,68636.0,14821.28,4745.05,14197.4,11521.44,11221.61,281.06,27.44,1275.46,307.98,1064.84,272.28,7803.19,379.55,179.46,,1774.56,0.0,896.07,5192.24,7965.14,0.0,356.0,7601.0,1414.0,217.0,1528.0,,3804.0,2098.0,,42529.0,600.0,236.0,1964.0,34.02,0.0,7690.43,20.39,2368.57,10.33,0.0,0.0,480.59,0.0,3363.74,1864.97,5.66,0.02,324.1,3.84,1240.68,0.0,992.99,5.72,1417.666,0.0,352.76,124.96,207.33,207.33,243.41,269.03,149.31,149.31
2021-11-09 08:15:00+01:00,215.58,239.03,188.11,71658.17,68636.0,14887.75,4768.75,14181.27,11569.44,11186.64,281.06,27.15,1131.18,338.06,1062.47,331.37,7803.88,379.65,179.43,,2878.48,0.0,894.8,5206.53,7732.67,0.0,356.0,7601.0,1414.0,217.0,1528.0,,3804.0,2098.0,,42529.0,600.0,236.0,1964.0,34.12,0.0,7710.52,19.74,2382.5,10.44,0.0,0.0,481.24,0.0,3420.36,1853.67,11.53,0.01,332.43,3.79,1240.69,0.0,976.25,5.63,1417.666,0.0,397.52,158.4,269.67,269.67,,,196.83,196.83
2021-11-09 08:30:00+01:00,215.58,239.03,188.11,71727.35,68636.0,14897.5,4860.73,14201.68,11559.43,11202.0,281.69,27.13,857.18,428.64,1071.62,299.95,7802.62,379.55,179.22,,4191.42,0.0,898.61,5203.7,7765.2,0.0,356.0,7601.0,1414.0,217.0,1528.0,,3804.0,2098.0,,42529.0,600.0,236.0,1964.0,34.11,0.0,7730.05,20.15,2385.53,10.36,0.0,0.0,484.17,0.0,3487.16,1815.68,20.56,0.01,331.16,3.84,1216.74,0.0,971.52,5.57,1417.666,0.0,417.76,94.88,273.79,273.79,237.13,262.09,180.47,180.47
2021-11-09 08:45:00+01:00,215.58,239.03,188.11,71730.44,68636.0,14854.2,4860.17,14200.32,11465.47,11180.35,281.06,27.02,246.74,515.7,1068.16,215.76,7805.9,375.94,177.82,,5624.25,0.0,896.14,5196.76,7825.98,0.0,356.0,7601.0,1414.0,217.0,1528.0,,3804.0,2098.0,,42529.0,600.0,236.0,1964.0,34.44,0.0,7624.97,20.68,2379.67,10.78,0.0,0.0,484.16,0.0,3472.24,1766.41,31.46,0.0,327.99,3.76,1195.26,0.0,944.16,5.55,1417.666,0.0,516.92,12.56,319.85,319.85,,,149.31,149.31
2021-11-09 09:00:00+01:00,190.09,215.03,161.06,71595.32,68616.0,14736.44,4835.87,14199.29,11434.46,11253.94,281.06,26.97,742.02,149.9,1063.31,140.02,7805.08,351.39,166.42,,7102.73,0.0,901.05,5244.83,7669.55,0.0,358.0,7342.0,1298.0,216.0,1244.0,,3485.0,1927.0,,42505.0,2193.0,231.0,1862.0,33.5,0.0,7443.66,20.81,2368.66,10.64,0.0,0.0,484.28,0.0,3307.77,1680.39,43.42,0.0,328.34,3.76,1175.68,0.0,949.07,5.6,1578.6755,0.0,954.32,0.0,-40.29,-40.29,226.41,250.25,511.06,511.06
2021-11-09 09:15:00+01:00,190.09,215.03,161.06,71869.6,68616.0,14547.73,4809.55,14219.7,11232.4,11299.99,281.06,26.86,468.52,393.6,1061.84,80.09,7805.69,345.82,163.53,,8595.21,0.0,900.24,5285.69,7529.35,0.0,358.0,7342.0,1298.0,216.0,1244.0,,3485.0,1927.0,,42505.0,2193.0,231.0,1862.0,34.23,0.0,7355.25,21.24,2383.37,10.43,0.0,0.0,484.18,0.0,3511.05,1585.42,57.07,0.0,333.82,3.75,1166.61,0.0,928.99,5.56,1578.6755,0.0,727.4,0.0,92.26,92.26,,,151.6,151.6
2021-11-09 09:30:00+01:00,190.09,215.03,161.06,72072.98,68616.0,14392.54,4794.93,14208.56,10972.55,11215.92,282.08,26.84,310.81,1053.48,1057.3,48.4,7800.56,345.7,163.38,,10238.33,0.0,898.32,5291.29,7298.24,0.0,358.0,7342.0,1298.0,216.0,1244.0,,3485.0,1927.0,,42505.0,2193.0,231.0,1862.0,34.12,0.0,7273.54,21.23,2377.2,10.37,0.0,0.0,481.88,0.0,3497.94,1558.04,71.4,0.0,334.57,3.72,1171.31,0.0,899.72,5.55,1578.6755,0.0,734.96,0.0,65.03,65.03,218.65,241.67,147.75,147.75
2021-11-09 09:45:00+01:00,190.09,215.03,161.06,72529.66,68616.0,14250.89,4777.19,14088.74,10767.16,11157.39,281.95,26.89,93.08,1747.83,1062.0,39.34,7789.65,345.67,163.0,,11909.99,0.0,894.31,5331.97,7123.58,0.0,358.0,7342.0,1298.0,216.0,1244.0,,3485.0,1927.0,,42505.0,2193.0,231.0,1862.0,33.78,0.0,7057.52,19.5,2377.3,10.39,0.0,0.0,481.69,0.0,3456.98,1530.37,84.28,0.0,332.5,3.4,1181.09,0.0,875.58,5.55,1578.6755,0.0,691.88,42.12,39.94,39.94,,,146.72,146.72
2021-11-09 10:00:00+01:00,151.87,180.98,146.6,72883.35,67218.0,14097.66,4722.16,14031.21,10255.57,11128.56,281.06,26.9,80.29,788.13,1061.28,63.11,7788.94,345.55,161.2,,13392.91,0.0,896.02,5327.02,6904.63,0.0,361.0,7203.0,1294.0,217.0,373.0,,3041.0,1550.0,,42442.0,3805.0,244.0,1537.0,34.0,0.0,6399.52,18.11,2335.93,10.45,0.0,0.0,480.72,0.0,3276.09,1512.96,96.43,0.0,330.62,3.3,1165.85,0.0,866.94,5.45,1879.428,0.0,1096.48,0.0,8.91,8.91,206.35,228.07,425.0,425.0
2021-11-09 10:15:00+01:00,151.87,180.98,146.6,72774.94,67218.0,13931.23,4711.59,13943.57,10028.73,11121.28,281.06,26.93,45.88,955.02,1061.43,34.0,7789.01,345.7,161.77,,14903.21,0.0,898.87,5334.21,6885.55,0.0,361.0,7203.0,1294.0,217.0,373.0,,3041.0,1550.0,,42442.0,3805.0,244.0,1537.0,34.35,0.0,6502.44,18.74,2252.27,10.35,0.0,0.0,480.5,0.0,3364.71,1476.53,102.27,0.0,328.62,3.01,1168.5,0.0,843.2,5.53,1879.428,0.0,850.64,0.0,45.54,45.54,,,147.52,147.52
2021-11-09 10:30:00+01:00,151.87,180.98,146.6,72370.59,67218.0,13826.85,4697.49,13834.85,9604.95,11088.25,281.06,27.01,64.64,1413.75,1063.1,33.33,7778.51,345.7,161.08,,16221.18,0.0,892.58,5341.09,6958.47,0.0,361.0,7203.0,1294.0,217.0,373.0,,3041.0,1550.0,,42442.0,3805.0,244.0,1537.0,33.84,0.0,6412.53,18.18,2211.17,10.35,0.0,0.0,480.5,0.0,3319.04,1484.44,108.17,0.0,333.15,2.69,1168.28,0.0,791.04,5.52,1879.428,0.0,950.12,0.0,44.79,44.79,192.48,212.74,150.8,151.6
2021-11-09 10:45:00+01:00,151.87,180.98,146.6,72543.21,67218.0,13702.67,4699.57,13560.14,9233.99,10942.28,281.06,27.95,45.07,1929.71,1061.35,27.97,7764.75,345.82,159.66,,17513.76,0.0,892.94,5337.8,7113.44,0.0,361.0,7203.0,1294.0,217.0,373.0,,3041.0,1550.0,,42442.0,3805.0,244.0,1537.0,33.66,0.0,6335.28,18.16,2195.8,10.22,0.0,0.0,480.54,0.0,3302.65,1482.56,117.06,0.0,331.24,2.9,1170.99,0.0,711.12,5.18,1879.428,0.0,1023.24,0.0,-25.31,-25.31,,,155.31,155.31
2021-11-09 11:00:00+01:00,135.03,170.01,145.76,72833.44,66485.0,13631.15,4616.23,13739.51,8679.52,10587.54,281.06,30.59,70.96,1874.85,1060.64,47.65,7773.73,345.65,160.56,,18708.56,0.0,892.42,5415.71,7258.22,0.0,355.0,7095.0,1273.0,217.0,,210.0,2938.0,1319.0,,42361.0,5008.0,251.0,1357.0,34.14,0.0,6376.8,17.79,2195.4,10.3,0.0,0.0,480.53,0.0,3286.6,1465.07,122.41,0.0,336.0,2.96,1042.55,0.0,714.72,5.27,1767.06,0.0,910.68,74.32,-4.29,-4.29,161.51,178.51,131.22,131.22
2021-11-09 11:15:00+01:00,135.03,170.01,145.76,73108.82,66485.0,13511.01,4602.8,13800.35,8313.65,10486.66,281.06,30.82,79.88,2142.56,1061.55,123.34,7777.1,339.66,158.31,,19575.48,0.0,903.31,5410.9,7393.63,0.0,355.0,7095.0,1273.0,217.0,,210.0,2938.0,1319.0,,42361.0,5008.0,251.0,1357.0,34.08,0.0,6175.46,18.18,2197.86,10.18,0.0,0.0,480.52,0.0,3268.74,1452.27,129.26,0.0,338.52,2.83,1049.37,0.0,695.8,5.22,1767.06,0.0,937.6,92.08,31.7,31.7,,,143.11,143.11
2021-11-09 11:30:00+01:00,135.03,170.01,145.76,73114.32,66485.0,13541.97,4608.26,13805.44,8102.91,10073.11,281.06,30.57,84.94,2436.12,1064.21,104.81,7776.87,338.15,157.84,,20254.18,0.0,899.92,5355.08,7773.53,0.0,355.0,7095.0,1273.0,217.0,,210.0,2938.0,1319.0,,42361.0,5008.0,251.0,1357.0,34.27,0.0,6220.51,18.2,2202.0,10.02,0.0,0.0,480.56,0.0,3148.72,1440.42,119.3,0.0,335.74,2.88,1041.27,0.0,683.73,5.22,1767.06,0.0,1012.52,78.8,34.7,34.7,161.95,178.99,152.31,152.31
2021-11-09 11:45:00+01:00,135.03,170.01,145.76,72902.88,66485.0,13550.57,4622.03,13676.17,8055.54,9719.82,281.06,30.46,98.1,2505.14,1068.83,79.04,7772.94,329.5,161.53,,20648.71,0.0,901.01,5372.85,8112.71,0.0,355.0,7095.0,1273.0,217.0,,210.0,2938.0,1319.0,,42361.0,5008.0,251.0,1357.0,34.51,0.0,6372.13,18.69,2208.14,9.85,0.0,0.0,480.54,0.0,3092.26,1443.01,111.35,0.0,335.93,3.12,1050.71,0.0,686.06,5.21,1767.06,0.0,996.84,148.44,22.01,22.01,,,145.75,151.6
2021-11-09 12:00:00+01:00,120.08,169.46,148.2,72845.48,66149.0,13597.05,4536.39,13711.26,8040.68,9363.25,281.06,30.26,233.15,2296.02,1067.35,163.99,7764.48,326.59,161.66,,20767.86,0.0,916.97,5449.33,8386.47,0.0,358.0,6820.0,1226.0,216.0,,522.0,2733.0,1017.0,,42305.0,5660.0,244.0,1374.0,34.51,0.0,6246.64,18.91,2196.96,9.54,0.0,0.0,480.6,0.0,3057.23,1441.98,113.99,0.0,335.09,3.04,1070.49,0.0,693.33,5.29,1587.989,0.0,1039.04,251.24,-8.93,-8.93,160.99,177.93,138.33,138.33
2021-11-09 12:15:00+01:00,120.08,169.46,148.2,72247.77,66149.0,13607.58,4535.43,13648.17,8025.45,8952.82,281.06,30.15,215.81,2358.59,1067.88,141.69,7754.96,325.31,161.54,,20648.24,0.0,910.6,5458.3,8577.17,0.0,358.0,6820.0,1226.0,216.0,,522.0,2733.0,1017.0,,42305.0,5660.0,244.0,1374.0,34.36,0.0,6196.88,19.67,2202.84,9.51,0.0,0.0,480.58,0.0,3047.94,1463.21,112.82,0.0,340.88,2.95,1081.9,0.0,719.54,5.61,1587.989,0.0,1037.76,280.88,21.52,21.52,,,143.9,143.9
2021-11-09 12:30:00+01:00,120.08,169.46,148.2,71826.35,66149.0,13592.41,4518.74,13601.4,8003.16,8784.01,281.06,30.24,220.24,2038.35,1065.74,186.58,7753.68,323.03,159.64,,20484.91,0.0,908.87,5428.28,8672.9,0.0,358.0,6820.0,1226.0,216.0,,522.0,2733.0,1017.0,,42305.0,5660.0,244.0,1374.0,34.74,0.0,6152.87,18.6,2206.0,9.48,0.0,0.0,480.63,0.0,3004.0,1475.12,105.26,0.0,336.85,2.73,1092.04,0.0,747.52,5.64,1587.989,0.0,1022.24,287.8,-53.3,-53.3,160.99,177.93,145.75,145.75
2021-11-09 12:45:00+01:00,120.08,169.46,148.2,71632.41,66149.0,13586.23,4526.83,13523.28,7999.83,8693.18,281.06,30.04,217.85,1996.68,1070.59,193.62,7756.67,323.03,158.8,,19985.92,0.0,908.7,5429.18,8978.62,0.0,358.0,6820.0,1226.0,216.0,,522.0,2733.0,1017.0,,42305.0,5660.0,244.0,1374.0,34.6,0.0,6173.11,18.61,2208.86,9.96,0.0,0.0,480.63,0.0,2947.25,1485.96,90.69,0.0,342.88,2.92,1073.64,0.0,738.66,5.38,1587.989,0.0,1049.44,299.28,-12.13,-12.13,,,145.75,145.75
2021-11-09 13:00:00+01:00,127.46,171.46,151.1,71558.17,63850.0,13640.22,4508.56,13549.95,8098.45,8632.31,281.06,29.65,218.19,1915.53,1067.9,188.66,7765.9,320.85,159.09,,19243.13,0.0,902.17,5398.44,9211.03,0.0,355.0,6765.0,1285.0,217.0,,796.0,2808.0,1021.0,,42313.0,5477.0,251.0,1478.0,34.39,0.0,6192.21,18.62,2206.67,10.11,0.0,0.0,480.64,0.0,2905.75,1499.66,74.0,0.0,339.59,2.99,1178.25,0.0,738.57,5.47,1207.2455,0.0,1049.76,120.32,34.7,34.7,162.89,180.03,147.26,147.26
2021-11-09 13:15:00+01:00,127.46,171.46,151.1,71107.6,63850.0,13766.07,4493.56,13610.8,8112.26,8588.57,281.06,29.59,222.02,1932.81,1073.15,196.83,7767.53,319.29,157.21,,18361.14,0.0,900.92,5400.51,9225.38,0.0,355.0,6765.0,1285.0,217.0,,796.0,2808.0,1021.0,,42313.0,5477.0,251.0,1478.0,34.22,0.0,6246.7,18.76,2209.17,10.19,0.0,0.0,480.55,0.0,2864.76,1542.49,68.32,0.0,342.78,2.82,1197.39,0.0,722.34,5.6,1207.2455,0.0,1058.84,131.48,59.9,59.9,,,150.35,150.35
2021-11-09 13:30:00+01:00,127.46,171.46,151.1,70708.42,63850.0,13842.31,4507.34,13675.3,8076.66,8915.94,281.87,29.37,288.52,1857.55,1076.79,202.59,7767.2,319.29,157.04,,17344.25,0.0,903.23,5380.68,9105.26,0.0,355.0,6765.0,1285.0,217.0,,796.0,2808.0,1021.0,,42313.0,5477.0,251.0,1478.0,34.63,0.0,6408.85,17.88,2209.2,9.77,0.0,0.0,480.54,0.0,2792.23,1579.54,71.21,0.0,342.79,2.91,1184.33,0.0,705.79,5.54,1207.2455,0.0,1005.0,158.12,-19.86,-19.86,162.89,180.03,159.31,159.31
2021-11-09 13:45:00+01:00,127.46,171.46,151.1,70156.78,63850.0,13914.67,4517.74,13693.58,8384.28,9067.81,281.44,29.31,204.02,1818.95,1074.82,108.44,7772.11,315.03,156.82,,16224.83,0.0,903.14,5295.42,8993.72,0.0,355.0,6765.0,1285.0,217.0,,796.0,2808.0,1021.0,,42313.0,5477.0,251.0,1478.0,34.41,0.0,6464.17,17.93,2214.46,9.85,0.0,0.0,480.54,0.0,2729.27,1599.39,63.51,0.0,343.64,3.08,1167.74,0.0,666.14,5.3,1207.2455,0.0,984.24,79.04,26.75,26.75,,,321.1,321.1
2021-11-09 14:00:00+01:00,147.01,175.52,152.95,69424.09,61754.0,13961.94,4519.18,13595.01,8445.88,9276.49,281.06,29.16,188.03,1676.79,1070.36,51.37,7804.69,314.75,156.34,,14909.85,0.0,899.66,5237.62,8918.16,0.0,355.0,6897.0,1235.0,217.0,,683.0,2706.0,877.0,,42402.0,4512.0,253.0,1431.0,34.37,0.0,6670.64,18.34,2273.57,9.85,0.0,0.0,480.56,0.0,2738.17,1607.34,49.92,0.0,343.02,3.48,1151.43,0.0,659.34,5.37,853.0495,0.0,921.6,227.32,6.03,6.03,166.71,184.25,109.23,109.23
2021-11-09 14:15:00+01:00,147.01,175.52,152.95,69462.92,61754.0,14104.53,4522.02,13818.48,8617.83,9829.18,281.06,29.1,247.23,1271.52,1070.45,176.21,7871.9,314.93,156.14,,13547.95,0.0,907.75,5237.69,8612.74,0.0,355.0,6897.0,1235.0,217.0,,683.0,2706.0,877.0,,42402.0,4512.0,253.0,1431.0,34.32,0.0,6596.87,19.16,2335.53,10.06,0.0,0.0,480.63,0.0,2589.04,1670.19,47.97,0.0,345.17,3.41,1130.46,0.0,631.5,5.53,853.0495,0.0,881.16,162.32,48.32,48.32,,,157.01,157.01
2021-11-09 14:30:00+01:00,147.01,175.52,152.95,69581.18,61754.0,14276.47,4523.15,13884.47,8868.57,10233.2,281.06,29.17,342.23,1056.69,1069.05,110.5,7873.86,314.98,157.14,,11862.22,0.0,908.91,5357.1,8274.48,0.0,355.0,6897.0,1235.0,217.0,,683.0,2706.0,877.0,,42402.0,4512.0,253.0,1431.0,34.04,0.0,6832.45,21.34,2360.9,9.88,0.0,0.0,480.63,0.0,2486.14,1729.89,45.35,0.0,346.46,3.24,1141.64,0.0,654.36,5.32,853.0495,0.0,783.72,231.72,225.51,225.51,160.55,177.45,159.31,159.31
2021-11-09 14:45:00+01:00,147.01,175.52,152.95,69237.13,61754.0,14435.3,4585.65,13864.94,9285.81,10492.08,281.06,29.09,544.83,767.96,1075.61,109.25,7870.79,314.85,157.51,,10020.49,0.0,908.67,5622.1,8095.08,0.0,355.0,6897.0,1235.0,217.0,,683.0,2706.0,877.0,,42402.0,4512.0,253.0,1431.0,34.58,0.0,7013.27,25.46,2384.14,10.12,0.0,0.0,480.6,0.0,2454.68,1767.41,34.32,0.0,332.51,3.08,1122.06,0.0,618.6,5.53,853.0495,0.0,768.0,196.24,-29.19,-29.19,,,496.0,496.0
2021-11-09 15:00:00+01:00,170.0,191.89,170.0,69425.01,60129.0,14515.35,4591.12,13897.65,10287.15,10578.41,281.06,29.15,1227.62,952.52,1065.38,41.97,7865.96,314.83,157.61,,8152.5,0.0,909.8,5638.72,7960.1,0.0,351.0,7111.0,1152.0,217.0,,391.0,2746.0,1147.0,,42504.0,3062.0,264.0,1382.0,34.22,0.0,7146.92,15.7,2376.3,9.81,0.0,0.0,480.61,0.0,2639.98,1739.06,26.8,0.0,303.72,2.83,1105.84,0.0,589.47,5.48,93.663,117.845,658.6,193.28,69.1,69.1,160.12,176.98,166.21,166.21
2021-11-09 15:15:00+01:00,170.0,191.89,170.0,69371.76,60129.0,14731.9,4602.96,14044.38,11044.22,10663.88,281.06,29.16,1306.73,522.67,1061.36,154.63,7885.67,314.93,157.84,,6345.13,0.0,916.68,5594.39,7806.21,0.0,351.0,7111.0,1152.0,217.0,,391.0,2746.0,1147.0,,42504.0,3062.0,264.0,1382.0,34.07,0.0,7220.82,15.43,2384.9,9.92,0.0,0.0,480.65,0.0,2545.16,1790.66,23.32,0.0,299.7,3.04,1066.2,0.0,595.14,5.66,93.663,117.845,578.4,21.16,234.2,234.2,,,149.58,175.08
2021-11-09 15:30:00+01:00,170.0,191.89,170.0,69368.56,60129.0,14953.03,4624.67,14104.94,11663.3,10771.54,281.06,29.28,1689.52,207.44,1060.32,194.81,7877.85,319.99,160.53,,4530.77,0.0,913.39,5765.88,7638.41,0.0,351.0,7111.0,1152.0,217.0,,391.0,2746.0,1147.0,,42504.0,3062.0,264.0,1382.0,33.58,0.0,7521.07,15.21,2375.1,10.02,0.0,0.0,481.21,0.0,2504.19,1831.34,19.08,0.0,294.91,3.14,1046.48,0.0,621.34,5.62,93.663,117.845,552.48,0.0,286.31,286.31,152.17,168.19,496.0,496.0
2021-11-09 15:45:00+01:00,170.0,191.89,170.0,69261.86,60129.0,15126.43,4655.33,14096.56,11960.82,10850.5,281.06,29.49,2282.22,17.7,1056.68,293.95,7872.96,324.21,162.99,,2888.53,0.0,919.02,5731.6,7614.66,0.0,351.0,7111.0,1152.0,217.0,,391.0,2746.0,1147.0,,42504.0,3062.0,264.0,1382.0,33.56,0.0,7622.12,17.11,2372.53,9.85,0.0,0.0,480.74,0.0,2601.84,1843.91,16.17,0.0,303.44,2.88,1041.59,0.0,589.08,5.65,93.663,117.845,672.24,0.0,290.99,290.99,,,520.0,520.0
2021-11-09 16:00:00+01:00,203.9,212.41,203.9,69320.5,59828.0,15225.07,4730.87,14260.79,11998.3,10956.5,281.06,29.5,2105.3,266.1,1056.02,100.98,7871.34,324.43,163.17,,1554.2,0.0,931.82,5694.19,7991.77,0.0,351.0,7244.0,1342.0,217.0,296.0,,3123.0,1708.0,,42520.0,1188.0,254.0,1296.0,33.62,0.0,7740.79,18.59,2378.5,9.74,0.0,0.0,480.77,0.0,2816.02,1816.82,9.84,0.0,307.07,2.93,1028.71,0.0,531.62,5.6,162.939,93.4,576.44,0.0,229.73,229.73,165.52,182.94,240.83,240.83
2021-11-09 16:15:00+01:00,203.9,212.41,203.9,69723.98,59828.0,15356.26,4659.77,14362.94,12114.01,10977.72,281.06,29.69,2538.38,72.26,1042.76,322.04,7876.2,342.54,171.89,,629.82,0.0,931.8,5877.17,8459.18,0.0,351.0,7244.0,1342.0,217.0,296.0,,3123.0,1708.0,,42520.0,1188.0,254.0,1296.0,33.14,0.0,7909.34,18.34,2375.13,9.89,0.0,0.0,481.01,0.0,2804.76,1823.76,5.16,0.0,304.14,2.87,723.21,0.0,510.34,5.59,162.939,93.4,787.44,0.0,266.91,266.91,,,553.9,553.9
2021-11-09 16:30:00+01:00,203.9,212.41,203.9,70007.17,59828.0,15487.73,4617.16,14396.99,12420.01,10988.27,281.06,29.83,2664.2,6.25,1040.25,308.55,7871.02,361.34,181.07,,171.18,0.0,932.25,5884.87,9077.95,0.0,351.0,7244.0,1342.0,217.0,296.0,,3123.0,1708.0,,42520.0,1188.0,254.0,1296.0,33.71,0.0,8145.62,18.81,2376.9,10.38,0.0,0.0,480.84,0.0,3058.65,1768.2,1.75,0.0,302.41,2.71,667.46,0.0,487.91,5.56,162.939,93.4,775.84,0.0,183.38,183.38,210.92,233.12,553.9,553.9
2021-11-09 16:45:00+01:00,203.9,212.41,203.9,71133.57,59828.0,15747.6,4639.71,14391.72,12425.59,10930.62,281.06,29.94,3080.45,82.87,1048.26,329.79,7865.68,361.27,179.34,,14.6,0.0,931.12,5883.35,9760.79,0.0,351.0,7244.0,1342.0,217.0,296.0,,3123.0,1708.0,,42520.0,1188.0,254.0,1296.0,33.65,0.0,8082.1,16.7,2380.57,10.66,0.0,0.0,480.85,0.0,3334.2,1719.5,0.08,0.49,297.12,3.53,668.85,0.0,497.09,5.58,162.939,93.4,954.48,0.0,-4.32,-4.32,,,223.8,223.8
2021-11-09 17:00:00+01:00,223.67,223.67,223.67,72846.06,63135.0,16025.61,4677.78,14342.08,12330.96,10843.59,293.08,30.02,3298.25,147.69,1049.94,245.07,7859.71,361.52,179.97,,1.21,0.0,931.76,5967.3,10555.76,0.0,354.0,7465.0,1374.0,217.0,1524.0,,3738.0,2355.0,,42510.0,269.0,256.0,1358.0,33.54,0.0,7907.54,15.97,2368.53,10.69,0.0,0.0,480.7,0.0,3716.5,1585.56,0.0,0.78,328.99,3.15,970.91,0.0,503.1,5.66,940.1115,0.0,761.2,0.0,85.68,85.68,185.45,204.97,141.89,213.67
2021-11-09 17:15:00+01:00,223.67,223.67,223.67,74002.04,63135.0,16446.71,4725.35,14422.23,12270.27,10856.06,352.59,30.2,3592.39,245.33,1048.1,269.98,7875.95,361.64,180.71,,0.82,0.0,933.63,5994.51,11322.63,0.0,354.0,7465.0,1374.0,217.0,1524.0,,3738.0,2355.0,,42510.0,269.0,256.0,1358.0,33.42,0.0,7882.44,15.37,2367.77,10.71,0.0,0.0,480.88,0.0,3733.84,1561.82,0.0,0.8,333.02,3.47,1008.33,0.0,514.96,5.69,940.1115,0.0,993.68,0.0,85.68,85.68,,,226.67,226.67
2021-11-09 17:30:00+01:00,223.67,223.67,223.67,74620.43,63135.0,16586.88,4732.94,14441.99,12356.58,10822.3,380.36,30.36,3414.21,254.99,1044.17,233.38,7877.98,361.69,180.58,,0.66,0.0,933.28,6053.82,11919.25,0.0,354.0,7465.0,1374.0,217.0,1524.0,,3738.0,2355.0,,42510.0,269.0,256.0,1358.0,34.39,0.0,7978.48,15.44,2379.9,10.52,0.0,0.0,480.9,0.0,3768.74,1539.44,0.0,0.81,331.88,3.73,1012.48,0.0,516.1,5.69,940.1115,0.0,1210.76,0.0,85.68,85.68,212.49,234.85,243.87,243.87
2021-11-09 17:45:00+01:00,223.67,223.67,223.67,75158.63,63135.0,16514.08,4730.88,14444.79,12323.0,10916.3,382.13,30.47,2868.34,252.32,1046.66,176.13,7880.21,361.74,181.22,,0.59,0.0,934.51,6137.34,12447.4,0.0,354.0,7465.0,1374.0,217.0,1524.0,,3738.0,2355.0,,42510.0,269.0,256.0,1358.0,34.32,0.0,7886.57,16.1,2379.23,10.45,0.0,0.0,480.94,0.0,3786.65,1525.37,0.0,0.84,329.7,3.57,1006.41,0.0,516.05,5.68,940.1115,0.0,1311.92,0.0,96.14,96.14,,,241.37,241.37
2021-11-09 18:00:00+01:00,190.0,255.0,215.0,74862.57,68276.0,16192.81,4744.55,14395.86,12108.54,10963.18,383.0,30.63,1175.8,292.69,1043.44,223.58,7783.37,361.97,183.88,,0.46,0.0,931.08,6155.06,12825.98,0.0,354.0,7682.0,1261.0,413.0,3087.0,,4036.0,3985.0,,42422.0,0.0,250.0,1580.0,34.04,0.0,7832.86,15.55,2382.14,10.42,0.0,0.0,480.9,0.0,3744.97,1499.43,0.0,0.81,330.22,3.14,1012.28,0.0,528.61,5.69,1913.9025,0.0,1468.0,0.0,322.47,322.47,189.86,209.84,565.0,565.0
2021-11-09 18:15:00+01:00,190.0,255.0,215.0,74639.18,68276.0,15920.85,4728.9,14433.13,12264.19,10942.82,383.05,30.71,705.19,269.32,1045.01,178.81,7697.35,362.07,183.51,,0.49,0.0,923.37,5901.47,13476.72,0.0,354.0,7682.0,1261.0,413.0,3087.0,,4036.0,3985.0,,42422.0,0.0,250.0,1580.0,34.72,0.0,7654.22,16.49,2382.96,10.42,0.0,0.0,480.9,0.0,3743.72,1485.16,0.0,0.88,321.2,2.9,1026.47,0.0,549.65,5.7,1913.9025,0.0,1527.92,0.0,311.2,311.2,,,142.75,142.75
2021-11-09 18:30:00+01:00,190.0,255.0,215.0,74732.3,68276.0,15794.89,4739.42,14407.55,12251.63,10944.66,384.17,30.7,757.86,385.9,1046.66,140.54,7631.85,364.55,184.53,,0.44,0.0,923.16,5973.07,13830.31,0.0,354.0,7682.0,1261.0,413.0,3087.0,,4036.0,3985.0,,42422.0,0.0,250.0,1580.0,34.32,0.0,7516.23,15.63,2381.74,10.48,0.0,0.0,480.91,0.0,3642.48,1478.88,0.0,0.9,322.24,3.69,1040.11,0.0,563.06,5.68,1913.9025,0.0,1696.84,0.0,130.99,130.99,285.78,315.86,145.75,145.75
2021-11-09 18:45:00+01:00,190.0,255.0,215.0,74599.16,68276.0,15697.96,4746.08,14409.59,11983.86,11051.49,384.27,30.95,650.45,573.5,1049.57,143.57,7578.51,373.23,186.81,,0.38,0.0,930.28,5999.21,14143.97,0.0,354.0,7682.0,1261.0,413.0,3087.0,,4036.0,3985.0,,42422.0,0.0,250.0,1580.0,34.33,0.0,7413.87,15.85,2381.23,10.66,0.0,0.0,480.86,0.0,3546.86,1481.78,0.0,0.87,321.15,3.39,1040.38,0.0,584.88,5.71,1913.9025,0.0,1755.24,0.0,106.14,106.14,,,145.31,145.31
2021-11-09 19:00:00+01:00,184.56,239.44,181.0,74417.48,69064.0,15553.18,4723.37,14390.64,11859.07,11066.87,312.05,31.19,1138.78,155.63,1047.71,243.7,7575.54,373.48,184.99,,0.38,0.0,939.99,5990.25,14293.17,0.0,356.0,7644.0,1351.0,546.0,2778.0,,3944.0,3340.0,,42563.0,0.0,252.0,1550.0,33.95,0.0,7538.46,15.69,2372.77,10.57,0.0,0.0,480.89,0.0,3373.5,1472.93,0.0,0.89,316.34,2.94,1054.15,0.0,597.05,5.66,2006.191,0.0,1870.88,0.0,17.87,17.87,284.77,314.75,531.0,531.0
2021-11-09 19:15:00+01:00,184.56,239.44,181.0,73769.49,69064.0,15403.08,4707.98,14401.62,11636.73,11023.56,281.06,31.25,1024.86,307.82,1049.18,91.25,7577.95,373.53,184.99,,0.37,0.0,939.13,5985.7,14363.65,0.0,356.0,7644.0,1351.0,546.0,2778.0,,3944.0,3340.0,,42563.0,0.0,252.0,1550.0,34.86,0.0,7765.58,16.06,2309.73,10.59,0.0,0.0,480.9,0.0,3546.18,1433.22,0.0,0.91,318.94,3.02,1081.89,0.0,631.59,5.68,2006.191,0.0,1622.88,0.0,285.1,285.1,,,531.0,531.0
2021-11-09 19:30:00+01:00,184.56,239.44,181.0,72952.82,69064.0,15249.46,4734.77,14390.83,11292.9,10998.64,281.06,31.25,843.71,336.58,1047.52,87.95,7582.23,373.68,185.2,,0.33,0.0,935.37,6046.91,14382.14,0.0,356.0,7644.0,1351.0,546.0,2778.0,,3944.0,3340.0,,42563.0,0.0,252.0,1550.0,34.25,0.0,7540.74,16.08,2265.67,10.51,0.0,0.0,480.84,0.0,3603.39,1420.65,0.0,0.86,324.22,2.95,1093.18,0.0,638.08,5.59,2006.191,0.0,1744.6,0.0,26.98,26.98,312.1,344.96,147.83,147.83
2021-11-09 19:45:00+01:00,184.56,239.44,181.0,72437.58,69064.0,15118.13,4731.04,14379.42,10696.48,11013.7,281.06,31.49,680.79,551.72,1049.3,96.5,7584.53,373.55,185.17,,0.37,0.0,935.5,6016.03,14409.43,0.0,356.0,7644.0,1351.0,546.0,2778.0,,3944.0,3340.0,,42563.0,0.0,252.0,1550.0,33.83,0.0,7296.4,16.07,2304.03,10.74,0.0,0.0,480.84,0.0,3524.02,1410.86,0.0,0.85,328.44,2.98,1105.84,0.0,621.04,5.76,2006.191,0.0,1726.56,0.0,235.87,235.87,,,150.08,171.0
2021-11-09 20:00:00+01:00,141.62,218.4,152.3,71430.44,65246.0,14937.21,4682.62,14257.44,9898.57,10943.21,281.06,31.59,958.34,1140.36,1045.61,150.07,7589.04,371.92,184.48,,0.37,0.0,938.03,5959.98,14186.06,0.0,355.0,7575.0,1569.0,217.0,2367.0,,3517.0,1698.0,,42595.0,0.0,255.0,1428.0,33.79,0.0,7228.52,16.29,2376.47,10.99,0.0,0.0,481.04,0.0,3424.78,1444.39,0.0,0.98,330.11,3.05,1140.0,0.0,646.44,6.01,1396.166,0.0,1552.84,0.0,292.99,292.99,265.03,292.93,502.3,502.3
2021-11-09 20:15:00+01:00,141.62,218.4,152.3,70103.84,65246.0,14756.09,4648.33,14189.64,9254.42,10906.56,281.06,31.62,698.3,1265.38,1042.0,99.64,7569.06,356.32,177.46,,0.31,0.0,933.81,5690.9,13860.11,0.0,355.0,7575.0,1569.0,217.0,2367.0,,3517.0,1698.0,,42595.0,0.0,255.0,1428.0,33.95,0.0,7235.56,15.71,2393.1,11.17,0.0,0.0,480.56,0.0,3399.72,1471.24,0.0,0.84,332.32,2.91,1143.02,0.0,650.5,5.89,1396.166,0.0,1124.6,0.0,288.32,288.32,,,146.72,146.72
2021-11-09 20:30:00+01:00,141.62,218.4,152.3,68960.32,65246.0,14584.46,4628.41,14211.91,9078.49,10829.97,281.06,31.57,311.83,1593.21,1037.82,47.41,7581.84,355.07,176.96,,0.34,0.0,933.23,5787.0,13781.03,0.0,355.0,7575.0,1569.0,217.0,2367.0,,3517.0,1698.0,,42595.0,0.0,255.0,1428.0,33.74,0.0,6989.24,15.94,2386.2,11.12,0.0,0.0,480.82,0.0,3317.96,1477.11,0.0,0.93,332.65,2.72,1131.08,0.0,677.3,6.0,1396.166,0.0,1235.04,0.0,205.95,205.95,201.96,223.22,153.0,153.0
2021-11-09 20:45:00+01:00,141.62,218.4,152.3,67904.73,65246.0,14458.89,4602.91,14137.03,8770.08,10863.71,281.06,31.64,227.92,1845.17,1040.23,37.48,7583.57,355.15,176.71,,0.29,0.0,927.46,5542.98,13340.16,0.0,355.0,7575.0,1569.0,217.0,2367.0,,3517.0,1698.0,,42595.0,0.0,255.0,1428.0,33.98,0.0,6945.06,15.82,2384.83,11.16,0.0,0.0,480.78,0.0,3172.07,1493.54,0.0,0.85,321.41,2.52,1137.8,0.0,698.84,6.17,1396.166,0.0,1071.48,0.0,220.23,220.23,,,159.33,159.33
2021-11-09 21:00:00+01:00,141.72,197.52,152.1,66986.68,62174.0,14179.31,4511.56,14099.41,8289.9,10865.96,281.06,31.81,599.94,1043.83,1040.44,126.52,7600.66,355.27,176.63,,0.35,0.0,926.15,5560.35,12969.7,0.0,352.0,7461.0,1628.0,216.0,821.0,,3046.0,897.0,,42538.0,0.0,257.0,1418.0,34.76,0.0,7336.48,15.35,2377.23,10.92,0.0,0.0,481.4,0.0,3182.33,1493.14,0.0,0.9,338.04,2.91,1130.89,0.0,699.27,6.05,1622.198,0.0,766.0,0.0,252.01,252.01,244.12,269.82,502.1,502.1
2021-11-09 21:15:00+01:00,141.72,197.52,152.1,66123.28,62174.0,14004.52,4494.17,14030.39,7841.71,10823.6,281.06,31.99,528.31,1048.1,1036.9,78.87,7607.02,355.25,176.68,,0.36,0.0,923.15,5577.9,12791.7,0.0,352.0,7461.0,1628.0,216.0,821.0,,3046.0,897.0,,42538.0,0.0,257.0,1418.0,33.87,0.0,7253.12,17.94,2377.17,10.62,0.0,0.0,480.8,0.0,3099.76,1479.88,0.0,0.91,344.02,2.28,1080.28,0.0,671.35,6.17,1622.198,0.0,790.72,0.0,236.68,236.68,,,151.6,225.71
2021-11-09 21:30:00+01:00,141.72,197.52,152.1,64994.56,62174.0,13749.02,4492.86,14012.97,7453.61,10725.85,281.06,32.06,281.05,1274.35,1035.56,66.98,7612.52,355.25,176.34,,0.32,0.0,931.38,5157.05,12525.85,0.0,352.0,7461.0,1628.0,216.0,821.0,,3046.0,897.0,,42538.0,0.0,257.0,1418.0,33.89,0.0,7194.96,19.58,2376.57,10.66,0.0,0.0,480.79,0.0,2995.99,1478.96,0.0,0.88,342.34,2.35,1042.48,0.0,612.58,6.12,1622.198,0.0,684.56,0.0,228.33,228.33,187.64,207.4,194.02,194.02
2021-11-09 21:45:00+01:00,141.72,197.52,152.1,64003.22,62174.0,13531.43,4476.47,14041.62,7128.74,10612.19,281.06,32.12,201.06,1974.67,1037.93,28.91,7613.09,355.07,176.23,,0.36,0.0,930.35,5103.0,12149.65,0.0,352.0,7461.0,1628.0,216.0,821.0,,3046.0,897.0,,42538.0,0.0,257.0,1418.0,33.57,0.0,7073.06,18.24,2370.73,10.76,0.0,0.0,480.79,0.0,2794.0,1472.5,0.0,0.91,337.18,2.3,997.09,0.0,557.66,6.04,1622.198,0.0,745.2,0.0,150.52,150.52,,,449.0,449.0
2021-11-09 22:00:00+01:00,138.14,191.0,152.2,63378.58,61845.0,13235.6,4440.88,14105.64,6965.02,10423.32,281.06,32.37,911.27,1899.48,1041.34,175.27,7630.04,355.4,176.71,,0.35,0.0,934.36,5101.18,11632.89,0.0,348.0,7550.0,1629.0,217.0,2.0,,2871.0,1316.0,,42551.0,0.0,257.0,1371.0,33.27,0.0,6702.82,20.2,2382.1,10.82,0.0,0.0,480.83,0.0,2317.26,1432.96,0.0,0.88,331.88,2.35,962.6,0.0,549.67,5.73,1698.686,0.0,654.8,0.0,290.54,290.54,181.45,200.55,502.2,502.2
2021-11-09 22:15:00+01:00,138.14,191.0,152.2,62587.51,61845.0,13013.38,4430.93,13996.83,6971.29,10399.34,281.06,32.61,627.73,1958.37,1043.94,64.9,7623.79,359.25,177.18,,0.31,0.0,929.61,5072.69,11514.21,0.0,348.0,7550.0,1629.0,217.0,2.0,,2871.0,1316.0,,42551.0,0.0,257.0,1371.0,33.95,0.0,6767.95,20.71,2381.9,10.9,0.0,0.0,480.76,0.0,2249.31,1409.23,0.0,0.91,340.45,2.17,918.35,0.0,503.15,5.73,1698.686,0.0,604.52,27.24,293.24,293.24,,,502.2,502.2
2021-11-09 22:30:00+01:00,138.14,191.0,152.2,61719.82,61845.0,12762.09,4415.57,14031.85,6938.34,10311.78,281.06,32.77,404.95,2719.91,1041.15,40.64,7626.81,359.13,177.2,,0.36,0.0,922.38,5267.48,11489.22,0.0,348.0,7550.0,1629.0,217.0,2.0,,2871.0,1316.0,,42551.0,0.0,257.0,1371.0,34.27,0.0,6493.96,19.75,2384.43,11.46,0.0,0.0,480.79,0.0,2185.02,1400.63,0.0,0.8,331.91,2.08,924.91,0.0,481.08,5.64,1698.686,0.0,869.2,0.0,304.04,304.04,186.72,206.38,180.34,180.34
2021-11-09 22:45:00+01:00,138.14,191.0,152.2,60650.44,61845.0,12596.55,4423.56,13920.91,6768.62,10222.77,281.06,32.97,243.73,3185.29,1044.16,39.13,7624.52,358.9,177.3,,0.36,0.0,926.84,5534.1,11355.64,0.0,348.0,7550.0,1629.0,217.0,2.0,,2871.0,1316.0,,42551.0,0.0,257.0,1371.0,34.16,0.0,6387.81,20.2,2382.07,11.65,0.0,0.0,480.73,0.0,2097.84,1414.35,0.0,0.81,333.67,2.22,928.18,0.0,440.26,5.71,1698.686,0.0,937.8,0.0,220.56,220.56,,,197.41,197.41
2021-11-09 23:00:00+01:00,120.06,188.19,152.3,59911.97,62247.0,12406.44,4403.09,13916.77,6277.04,10085.33,281.06,33.09,605.18,3203.2,1042.86,207.6,7626.48,359.4,177.45,,0.3,0.0,925.1,5553.95,11246.25,0.0,351.0,7533.0,1662.0,216.0,205.0,,2749.0,1000.0,,42524.0,0.0,260.0,1199.0,34.24,0.0,6402.74,27.87,2382.7,10.99,0.0,0.0,480.76,0.0,1924.55,1429.1,0.0,0.8,336.45,2.1,926.58,0.0,447.54,5.72,1745.628,0.0,750.56,74.76,83.99,83.99,195.87,216.49,496.0,496.0
2021-11-09 23:15:00+01:00,120.06,188.19,152.3,58670.06,62247.0,12217.47,4396.5,13850.76,6076.42,9980.64,281.06,33.18,293.69,3461.26,1043.05,60.33,7625.64,359.6,177.49,,0.36,0.0,928.82,5507.87,11215.14,0.0,351.0,7533.0,1662.0,216.0,205.0,,2749.0,1000.0,,42524.0,0.0,260.0,1199.0,34.21,0.0,6348.84,26.54,2383.7,11.12,0.0,0.0,480.77,0.0,1714.19,1415.96,0.0,0.8,330.88,1.98,926.81,0.0,444.38,5.63,1745.628,0.0,801.8,239.72,45.01,45.01,,,502.3,502.3
2021-11-09 23:30:00+01:00,120.06,188.19,152.3,57856.32,62247.0,11955.42,4388.61,13808.66,6043.88,9757.57,281.06,33.19,185.91,3903.11,1045.35,21.52,7622.16,359.48,177.24,,0.36,0.0,931.18,5340.17,11638.85,0.0,351.0,7533.0,1662.0,216.0,205.0,,2749.0,1000.0,,42524.0,0.0,260.0,1199.0,34.19,0.0,6040.45,24.51,2337.97,11.09,0.0,0.0,480.76,0.0,1715.46,1399.57,0.0,0.87,334.45,1.88,940.31,0.0,435.94,5.61,1745.628,0.0,822.44,74.4,64.99,64.99,203.24,224.64,147.93,159.5
2021-11-09 23:45:00+01:00,120.06,188.19,152.3,56928.8,62247.0,11783.67,4376.97,13698.66,5955.98,9438.53,281.06,33.27,129.66,4683.07,1044.43,26.09,7613.52,359.53,177.41,,0.31,0.0,927.38,5520.28,11836.51,0.0,351.0,7533.0,1662.0,216.0,205.0,,2749.0,1000.0,,42524.0,0.0,260.0,1199.0,34.08,0.0,5529.97,24.01,2307.2,10.83,0.0,0.0,480.71,0.0,1589.5,1429.83,0.0,0.83,339.72,1.99,967.61,0.0,454.59,5.66,1745.628,0.0,951.28,0.0,4.65,4.65,,,496.0,496.0
2021-11-10 00:00:00+01:00,93.74,187.01,93.74,56001.35,59546.0,11702.39,4356.56,13878.48,5738.87,8723.73,281.06,33.15,138.72,5040.27,1042.66,85.28,7619.06,362.75,177.33,,0.35,0.0,897.4,5542.58,11773.3,0.0,352.0,7514.0,1703.0,216.0,303.0,,2688.0,797.0,,42487.0,0.0,259.0,1021.0,33.78,0.0,4075.45,27.86,2221.33,10.78,0.0,0.0,480.89,0.0,1316.17,1478.86,0.0,0.88,346.63,2.08,973.77,0.0,494.71,5.89,616.784,0.0,1665.32,0.0,59.18,59.18,211.16,233.38,9.09,9.09
2021-11-10 00:15:00+01:00,93.74,187.01,93.74,55287.71,59546.0,11639.4,4356.36,13853.72,5534.4,8148.69,281.06,33.39,137.81,5254.68,1041.12,43.37,7599.41,361.64,177.19,,0.36,0.0,895.37,5635.85,11898.45,0.0,352.0,7514.0,1703.0,216.0,303.0,,2688.0,797.0,,42487.0,0.0,259.0,1021.0,34.3,0.0,3192.21,35.98,2221.0,11.2,0.0,0.0,481.08,0.0,1113.74,1617.55,0.0,0.86,347.54,1.86,973.58,0.0,504.88,5.84,616.784,0.0,2121.76,0.0,39.71,39.71,,,170.95,170.95
2021-11-10 00:30:00+01:00,93.74,187.01,93.74,54980.72,59546.0,11587.12,4360.66,13861.19,5486.7,7749.3,281.06,33.52,168.68,5246.75,1041.4,137.57,7594.06,346.22,169.99,,0.28,0.0,894.14,5609.09,11778.15,0.0,352.0,7514.0,1703.0,216.0,303.0,,2688.0,797.0,,42487.0,0.0,259.0,1021.0,33.98,0.0,3093.3,49.42,2254.67,10.97,0.0,0.0,481.59,0.0,1012.86,1669.86,0.0,0.84,345.42,1.9,996.02,0.0,519.24,5.61,616.784,0.0,2010.56,0.0,17.56,17.56,177.66,196.36,175.82,175.82
2021-11-10 00:45:00+01:00,93.74,187.01,93.74,54393.0,59546.0,11451.47,4349.62,13807.79,5434.76,7236.61,281.06,33.54,170.68,5238.81,1038.0,145.88,7670.92,343.94,169.03,,0.32,0.0,896.25,5541.02,11527.77,0.0,352.0,7514.0,1703.0,216.0,303.0,,2688.0,797.0,,42487.0,0.0,259.0,1021.0,33.8,0.0,3022.06,45.24,2246.3,10.48,0.0,0.0,480.99,0.0,1026.5,1697.22,0.0,0.83,347.91,1.74,969.84,0.0,537.74,5.58,616.784,0.0,1939.36,0.0,-9.21,-9.21,,,74.07,74.07
2021-11-10 01:00:00+01:00,94.95,180.91,99.9,53803.13,57669.0,11374.76,4336.3,13762.77,5646.58,7053.96,281.06,33.49,170.47,5084.49,1040.12,139.35,7771.17,343.96,168.97,,0.27,0.0,896.73,5481.52,12018.85,0.0,351.0,7450.0,1670.0,217.0,,547.0,2450.0,430.0,,42402.0,0.0,258.0,919.0,34.03,0.0,2701.15,48.99,2233.14,10.75,0.0,0.0,481.1,0.0,1008.4,1718.28,0.0,0.86,347.92,1.51,954.15,0.0,544.75,5.64,773.8985,0.0,2304.72,0.0,-30.23,-30.23,218.73,241.75,62.95,62.95
2021-11-10 01:15:00+01:00,94.95,180.91,99.9,53525.51,57669.0,11322.74,4334.69,13721.82,5628.64,6901.57,281.06,33.47,170.42,5085.88,1040.21,143.52,7880.53,344.22,169.05,,0.35,0.0,896.46,5367.44,11922.35,0.0,351.0,7450.0,1670.0,217.0,,547.0,2450.0,430.0,,42402.0,0.0,258.0,919.0,32.71,0.0,2308.64,52.35,2231.46,10.66,0.0,0.0,481.1,0.0,1022.29,1734.8,0.0,0.84,348.88,1.78,944.77,0.0,577.38,5.64,773.8985,0.0,2415.64,0.0,27.76,27.76,,,82.06,82.06
2021-11-10 01:30:00+01:00,94.95,180.91,99.9,53280.8,57669.0,11224.61,4324.17,13810.97,5592.46,6569.44,281.06,33.54,170.58,4935.72,1037.94,141.87,8011.19,335.18,167.02,,0.33,0.0,890.67,5256.68,11743.08,0.0,351.0,7450.0,1670.0,217.0,,547.0,2450.0,430.0,,42402.0,0.0,258.0,919.0,32.7,0.0,2298.07,49.91,2237.84,10.48,0.0,0.0,481.1,0.0,1031.2,1747.99,0.0,0.86,353.98,1.93,953.39,0.0,588.18,5.64,773.8985,0.0,2363.72,0.0,159.31,159.31,208.64,230.6,124.9,124.9
2021-11-10 01:45:00+01:00,94.95,180.91,99.9,53055.87,57669.0,11158.95,4335.93,13821.91,5568.79,6571.2,281.06,33.7,172.34,4958.69,1033.08,146.37,8016.67,334.05,166.62,,0.3,0.0,897.09,5304.61,11519.09,0.0,351.0,7450.0,1670.0,217.0,,547.0,2450.0,430.0,,42402.0,0.0,258.0,919.0,32.8,0.0,2243.79,48.4,2233.26,10.61,0.0,0.0,481.06,0.0,1011.65,1749.59,0.0,0.86,356.96,1.99,972.06,0.0,576.82,5.62,773.8985,0.0,2270.8,0.0,43.69,43.69,,,62.74,62.74
2021-11-10 02:00:00+01:00,94.86,179.5,94.86,52914.04,56607.0,11116.0,4323.41,13839.56,5543.68,6628.84,281.06,33.74,211.6,4953.31,1029.65,176.38,8023.4,327.53,163.57,,0.32,0.0,900.6,5174.7,11164.12,0.0,349.0,7392.0,1589.0,216.0,,1764.0,2509.0,397.0,,42396.0,0.0,259.0,1057.0,33.42,0.0,2185.04,48.53,2250.6,10.49,0.0,0.0,481.09,0.0,995.0,1779.42,0.0,0.87,354.77,1.86,958.32,0.0,601.14,5.68,567.9175,0.0,2210.48,0.0,191.61,191.61,209.2,231.22,108.45,108.45
2021-11-10 02:15:00+01:00,94.86,179.5,94.86,52720.53,56607.0,11084.55,4325.78,13848.55,5549.45,6697.77,281.06,33.79,319.78,4975.82,1024.66,145.25,8019.11,322.94,161.35,,0.36,0.0,905.41,5189.73,10767.93,0.0,349.0,7392.0,1589.0,216.0,,1764.0,2509.0,397.0,,42396.0,0.0,259.0,1057.0,33.2,0.0,2226.53,48.6,2252.54,10.55,0.0,0.0,481.12,0.0,940.5,1798.48,0.0,0.87,354.96,1.79,968.05,0.0,601.08,6.01,567.9175,0.0,2119.72,0.0,189.72,189.72,,,132.47,132.47
2021-11-10 02:30:00+01:00,94.86,179.5,94.86,52786.36,56607.0,11044.07,4320.9,13897.26,5532.84,6799.13,281.06,33.82,340.59,4876.27,1024.8,158.36,8026.79,322.71,159.6,,0.29,0.0,905.1,5186.93,10271.69,0.0,349.0,7392.0,1589.0,216.0,,1764.0,2509.0,397.0,,42396.0,0.0,259.0,1057.0,34.34,0.0,2234.04,47.95,2252.86,10.99,0.0,0.0,481.12,0.0,898.52,1798.82,0.0,0.89,360.18,1.7,912.61,0.0,590.67,5.91,567.9175,0.0,2028.48,0.0,206.79,206.79,208.86,230.84,143.81,143.81
2021-11-10 02:45:00+01:00,94.86,179.5,94.86,52744.73,56607.0,11010.02,4321.47,13875.74,5575.62,6923.91,281.06,34.01,296.8,4856.14,1025.57,98.22,8027.61,329.01,162.39,,0.37,0.0,903.33,5237.39,9792.18,0.0,349.0,7392.0,1589.0,216.0,,1764.0,2509.0,397.0,,42396.0,0.0,259.0,1057.0,35.0,0.0,2296.64,48.85,2210.54,11.42,0.0,0.0,481.12,0.0,875.59,1782.46,0.0,0.9,355.3,1.74,852.19,0.0,561.87,5.74,567.9175,0.0,2003.56,0.0,191.3,191.3,,,150.0,150.0
2021-11-10 03:00:00+01:00,95.95,171.81,95.95,52898.99,54712.0,10976.01,4329.84,13884.97,5630.65,7189.6,281.06,34.03,297.48,4357.24,1024.19,24.46,8035.82,337.81,166.49,,0.35,0.0,899.8,5247.04,9444.27,0.0,351.0,7310.0,1222.0,216.0,,2483.0,2556.0,293.0,,42381.0,0.0,262.0,1174.0,34.18,0.0,2352.27,48.19,2172.06,11.7,0.0,0.0,481.14,0.0,884.44,1782.54,0.0,0.88,340.46,1.68,821.36,0.0,509.17,5.75,519.151,0.0,2006.48,0.0,278.01,278.01,202.18,223.46,150.0,150.0
2021-11-10 03:15:00+01:00,95.95,171.81,95.95,52765.79,54712.0,10951.15,4329.07,13900.12,5627.46,7640.64,281.06,33.95,338.59,4212.03,1023.97,16.99,8029.54,337.53,165.63,,0.26,0.0,899.61,5185.79,8996.8,0.0,351.0,7310.0,1222.0,216.0,,2483.0,2556.0,293.0,,42381.0,0.0,262.0,1174.0,35.82,0.0,2421.93,49.82,2113.97,11.51,0.0,0.0,481.12,0.0,874.82,1793.59,0.0,0.86,339.36,1.6,774.17,0.0,450.81,6.04,519.151,0.0,2008.72,0.0,284.44,284.44,,,179.34,179.34
2021-11-10 03:30:00+01:00,95.95,171.81,95.95,52954.83,54712.0,10940.8,4327.09,13906.72,5636.2,8142.69,281.06,33.8,358.1,4229.21,1022.6,17.04,8028.61,337.68,165.2,,0.33,0.0,896.23,5298.05,8617.38,0.0,351.0,7310.0,1222.0,216.0,,2483.0,2556.0,293.0,,42381.0,0.0,262.0,1174.0,34.88,0.0,2530.32,51.77,2140.63,11.94,0.0,0.0,481.19,0.0,806.87,1798.58,0.0,0.92,342.76,1.7,768.75,0.0,430.6,5.82,519.151,0.0,1945.52,0.0,265.93,265.93,203.16,224.54,186.16,186.16
2021-11-10 03:45:00+01:00,95.95,171.81,95.95,52872.41,54712.0,10863.98,4335.04,14003.01,5715.64,8541.95,281.06,33.78,220.58,4182.77,1018.68,11.06,8029.3,346.13,169.06,,0.34,0.0,896.41,5382.59,8310.92,0.0,351.0,7310.0,1222.0,216.0,,2483.0,2556.0,293.0,,42381.0,0.0,262.0,1174.0,34.2,0.0,2455.68,53.84,2208.5,11.78,0.0,0.0,481.24,0.0,776.25,1759.52,0.0,0.85,342.49,1.6,767.2,0.0,394.36,5.71,519.151,0.0,1893.76,0.0,216.09,216.09,,,180.24,180.24
2021-11-10 04:00:00+01:00,115.5,173.25,115.5,53549.45,54435.0,10907.52,4350.04,14041.99,6004.47,8978.4,281.06,33.63,250.62,3198.53,1023.14,40.34,8042.32,354.59,173.04,,0.27,0.0,889.4,5366.84,7909.46,0.0,350.0,7142.0,1212.0,217.0,,2338.0,2577.0,118.0,,42566.0,0.0,259.0,1205.0,34.36,0.0,2444.18,46.23,2266.87,11.68,0.0,0.0,481.23,0.0,727.26,1756.83,0.0,0.93,354.34,1.71,782.79,0.0,355.06,5.8,692.386,0.0,1487.92,0.0,249.91,249.91,64.05,70.79,210.28,210.28
2021-11-10 04:15:00+01:00,115.5,173.25,115.5,53721.54,54435.0,10867.51,4356.7,14049.66,6059.63,9443.69,281.06,33.51,164.79,2964.08,1023.58,45.65,8049.83,356.09,173.88,,0.32,0.0,888.33,5367.11,7695.26,0.0,350.0,7142.0,1212.0,217.0,,2338.0,2577.0,118.0,,42566.0,0.0,259.0,1205.0,34.66,0.0,2642.77,48.07,2293.57,11.65,0.0,0.0,481.28,0.0,671.4,1751.6,0.0,0.92,355.92,1.65,793.46,0.0,323.55,5.67,692.386,0.0,1312.04,0.0,262.53,262.53,,,305.5,305.5
2021-11-10 04:30:00+01:00,115.5,173.25,115.5,54294.84,54435.0,10877.91,4357.58,14036.3,6138.5,9890.47,281.06,33.46,154.59,2665.7,1021.86,46.78,8047.26,356.32,175.51,,0.26,0.0,888.32,5483.32,7449.67,0.0,350.0,7142.0,1212.0,217.0,,2338.0,2577.0,118.0,,42566.0,0.0,259.0,1205.0,34.44,0.0,2718.69,49.6,2297.03,11.54,0.0,0.0,481.28,0.0,668.56,1720.28,0.0,0.84,361.2,1.71,798.73,0.0,292.27,5.78,692.386,0.0,1326.72,0.0,255.53,255.53,174.27,192.61,194.18,194.18
2021-11-10 04:45:00+01:00,115.5,173.25,115.5,54893.71,54435.0,10937.27,4361.03,14015.2,6384.94,10337.1,281.06,33.49,171.68,2363.54,1024.77,39.65,8041.4,357.87,176.97,,0.35,0.0,889.28,5337.22,7249.62,0.0,350.0,7142.0,1212.0,217.0,,2338.0,2577.0,118.0,,42566.0,0.0,259.0,1205.0,34.72,0.0,2789.85,69.14,2306.17,11.52,0.0,0.0,481.25,0.0,706.62,1713.18,0.0,0.93,354.12,1.76,788.77,0.0,277.8,5.72,692.386,0.0,1321.88,0.0,259.95,259.95,,,305.5,305.5
2021-11-10 05:00:00+01:00,140.05,182.6,140.05,56669.05,57287.0,11004.82,4388.15,14007.89,6838.52,10678.45,281.06,33.22,350.56,884.75,1022.84,65.42,8041.6,367.15,181.12,,0.35,0.0,888.03,5355.25,7147.41,0.0,349.0,7479.0,1272.0,217.0,,1114.0,2640.0,494.0,,42684.0,0.0,256.0,1036.0,34.31,0.0,2860.57,52.35,2307.26,11.56,0.0,0.0,481.23,0.0,745.61,1701.55,0.0,0.84,345.29,1.72,784.7,0.0,306.56,6.25,879.599,0.0,1474.24,0.0,231.38,231.38,149.06,164.75,169.17,169.17
2021-11-10 05:15:00+01:00,140.05,182.6,140.05,57158.76,57287.0,11173.21,4406.06,14111.71,7076.49,10992.93,281.06,32.98,524.78,597.26,1021.87,106.89,8046.33,367.02,180.96,,0.32,0.0,889.79,5290.04,7055.4,0.0,349.0,7479.0,1272.0,217.0,,1114.0,2640.0,494.0,,42684.0,0.0,256.0,1036.0,34.28,0.0,3068.06,54.04,2312.57,11.46,0.0,0.0,481.35,0.0,851.37,1724.42,0.0,0.92,357.24,1.62,774.38,0.0,314.66,5.71,879.599,0.0,1439.52,0.0,278.36,278.36,,,191.7,191.7
2021-11-10 05:30:00+01:00,140.05,182.6,140.05,58251.87,57287.0,11365.39,4411.97,14172.36,7627.56,11267.81,281.06,32.85,772.84,650.75,1023.11,92.2,8048.51,366.87,180.92,,0.37,0.0,888.51,5181.93,6912.63,0.0,349.0,7479.0,1272.0,217.0,,1114.0,2640.0,494.0,,42684.0,0.0,256.0,1036.0,34.29,0.0,3247.08,51.9,2290.9,11.26,0.0,0.0,481.34,0.0,932.97,1777.55,0.0,0.85,359.52,1.56,778.68,0.0,364.27,5.64,879.599,0.0,1403.24,0.0,301.97,301.97,175.46,193.92,153.0,153.0
2021-11-10 05:45:00+01:00,140.05,182.6,140.05,59920.41,57287.0,11549.83,4431.5,14257.55,8412.91,11550.82,281.06,32.68,987.93,655.06,1020.97,76.74,8045.14,367.02,181.05,,0.37,0.0,888.89,5179.13,6839.45,0.0,349.0,7479.0,1272.0,217.0,,1114.0,2640.0,494.0,,42684.0,0.0,256.0,1036.0,34.47,0.0,3678.26,53.59,2246.57,11.19,0.0,0.0,481.27,0.0,1103.26,1785.18,0.0,0.84,365.28,1.89,775.94,0.0,388.61,5.6,879.599,0.0,1352.88,0.0,295.48,295.48,,,144.0,153.0
2021-11-10 06:00:00+01:00,175.0,221.33,175.0,62539.4,62768.0,11887.83,4496.42,14327.57,9523.46,11848.46,281.06,32.78,1003.38,1154.4,1022.36,46.4,8045.53,367.22,180.4,,0.34,0.0,865.01,4800.22,6866.03,0.0,345.0,7448.0,1413.0,217.0,466.0,,2916.0,1875.0,,42682.0,0.0,253.0,890.0,34.79,0.0,4540.91,53.68,2268.87,11.46,0.0,0.0,481.1,0.0,1245.93,1801.06,0.0,0.84,365.88,1.96,443.64,0.0,432.97,5.58,279.0535,0.1375,1092.0,0.0,258.95,258.95,170.51,188.45,474.0,474.0
2021-11-10 06:15:00+01:00,175.0,221.33,175.0,64598.74,62768.0,12060.51,4545.38,14434.02,10246.44,11890.72,281.06,32.58,1388.79,352.33,1019.9,81.77,8048.14,373.89,183.19,,0.4,0.0,868.94,4551.38,6782.63,0.0,345.0,7448.0,1413.0,217.0,466.0,,2916.0,1875.0,,42682.0,0.0,253.0,890.0,34.26,0.0,5319.79,50.78,2311.26,11.47,0.0,0.0,481.26,0.0,1372.0,1731.23,0.0,0.82,355.03,1.87,448.14,0.0,446.23,5.7,279.0535,0.1375,571.28,26.88,287.67,287.67,,,474.0,474.0
2021-11-10 06:30:00+01:00,175.0,221.33,175.0,66275.28,62768.0,12351.29,4572.91,14414.32,10855.89,11984.52,281.06,32.64,1749.94,25.83,1017.24,185.96,8049.5,393.18,191.56,,0.44,0.0,870.49,4426.02,6688.17,0.0,345.0,7448.0,1413.0,217.0,466.0,,2916.0,1875.0,,42682.0,0.0,253.0,890.0,34.66,0.0,5782.2,29.9,2289.24,11.66,0.0,0.0,481.25,0.0,1579.03,1692.88,0.0,0.85,356.53,1.85,453.75,0.0,448.92,5.78,279.0535,0.1375,485.52,318.6,321.81,321.81,220.41,243.61,139.0,139.0
2021-11-10 06:45:00+01:00,175.0,221.33,175.0,67855.45,62768.0,12746.97,4608.2,14451.36,11324.48,12012.78,281.06,32.62,2494.7,134.03,1021.55,380.49,8045.48,394.78,191.98,,0.51,0.0,866.28,4272.27,6636.31,0.0,345.0,7448.0,1413.0,217.0,466.0,,2916.0,1875.0,,42682.0,0.0,253.0,890.0,34.61,0.0,5955.6,29.91,2266.66,11.69,0.0,0.0,481.29,0.0,1623.92,1717.69,0.0,0.84,365.62,2.03,431.24,0.0,426.08,5.62,279.0535,0.1375,435.16,152.88,336.21,336.21,,,136.72,525.0
2021-11-10 07:00:00+01:00,204.98,245.97,204.98,69652.46,67482.0,13259.36,4694.72,14462.48,11426.59,12046.79,281.06,32.14,1888.63,150.73,1028.48,359.48,8038.93,394.78,189.14,,2.12,0.0,865.14,4195.6,6478.38,0.0,345.0,7670.0,1702.0,230.0,1728.0,,3302.0,3031.0,,42712.0,182.0,255.0,820.0,33.86,0.0,7162.04,30.37,2288.3,11.87,0.0,0.0,481.2,0.0,1844.18,1759.41,0.0,0.81,346.38,2.32,525.71,0.0,431.68,5.7,775.165,0.0,162.36,485.28,278.75,278.75,215.96,238.7,554.98,554.98
2021-11-10 07:15:00+01:00,204.98,245.97,204.98,70264.69,67482.0,13746.91,4723.47,14488.35,11480.83,12052.24,281.06,32.49,2853.57,159.16,1025.05,468.11,8039.21,394.83,188.2,,49.98,0.0,847.98,3989.08,6399.93,0.0,345.0,7670.0,1702.0,230.0,1728.0,,3302.0,3031.0,,42712.0,182.0,255.0,820.0,34.07,0.0,7718.55,29.72,2293.54,11.96,0.0,0.0,481.2,0.0,2063.45,1793.5,0.0,0.83,356.44,2.52,549.83,0.0,463.02,5.8,775.165,0.0,0.0,418.56,317.93,317.93,,,142.12,480.44
2021-11-10 07:30:00+01:00,204.98,245.97,204.98,70755.42,67482.0,14209.04,4723.41,14438.02,11566.13,12093.24,281.06,32.41,3090.26,161.61,1017.23,552.91,8039.74,394.76,188.18,,328.57,0.0,859.14,4026.28,6284.14,0.0,345.0,7670.0,1702.0,230.0,1728.0,,3302.0,3031.0,,42712.0,182.0,255.0,820.0,33.32,0.0,7972.93,32.13,2299.4,12.04,0.0,0.0,481.17,0.0,2166.8,1830.52,0.0,0.84,363.19,2.2,556.4,0.0,459.17,5.77,775.165,0.0,0.0,303.56,343.38,343.38,244.35,270.07,554.98,554.98
2021-11-10 07:45:00+01:00,204.98,245.97,204.98,71574.4,67482.0,14467.1,4731.92,14444.6,11615.24,11774.67,281.06,32.12,3160.21,160.94,1013.42,564.24,8040.32,396.01,187.46,,980.65,0.0,859.91,4192.71,6214.73,0.0,345.0,7670.0,1702.0,230.0,1728.0,,3302.0,3031.0,,42712.0,182.0,255.0,820.0,33.13,0.0,8283.63,32.82,2301.8,12.01,0.0,0.0,481.13,0.0,2314.53,1836.75,0.08,0.62,354.68,2.61,576.37,0.0,414.54,5.82,775.165,0.0,45.96,335.6,352.33,352.33,,,480.44,480.44
2021-11-10 08:00:00+01:00,200.1,269.68,200.1,72334.76,69558.0,14708.96,4741.4,14434.41,11630.6,11695.53,281.06,31.8,2662.08,160.53,1016.15,566.64,8045.09,397.84,188.33,,1994.85,0.0,879.87,4259.63,6069.94,0.0,349.0,7829.0,1749.0,468.0,2160.0,,3871.0,3393.0,,42693.0,426.0,253.0,799.0,33.72,0.0,8320.54,23.56,2292.86,12.08,0.0,0.0,480.82,0.0,2247.31,1893.17,1.09,0.0,349.1,2.89,627.8,0.0,406.7,5.81,1225.501,0.0,260.92,0.0,383.13,383.13,280.03,309.51,174.9,174.9
2021-11-10 08:15:00+01:00,200.1,269.68,200.1,73200.59,69558.0,14908.25,4754.13,14462.47,11606.44,11730.51,281.06,31.47,2629.98,159.54,1022.26,414.83,8053.82,398.39,188.59,,3039.93,0.0,880.28,4261.49,5983.35,0.0,349.0,7829.0,1749.0,468.0,2160.0,,3871.0,3393.0,,42693.0,426.0,253.0,799.0,33.2,0.0,8489.71,23.77,2311.47,11.86,0.0,0.0,480.85,0.0,2177.78,1935.64,4.73,0.0,362.44,2.66,651.33,0.0,394.92,5.92,1225.501,0.0,409.52,0.0,307.26,307.26,,,480.5,480.5
2021-11-10 08:30:00+01:00,200.1,269.68,200.1,73305.7,69558.0,14917.34,4727.9,14453.35,11615.96,11732.65,281.06,31.39,1953.56,160.45,1017.52,301.51,8058.37,398.57,188.15,,4086.71,0.0,869.91,4085.96,6065.28,0.0,349.0,7829.0,1749.0,468.0,2160.0,,3871.0,3393.0,,42693.0,426.0,253.0,799.0,33.18,0.0,8682.2,27.11,2302.53,11.94,0.0,0.0,480.84,0.0,2308.3,1877.1,7.4,0.0,356.97,2.8,682.76,0.0,376.94,5.78,1225.501,0.0,317.16,0.0,314.61,314.61,268.39,296.65,480.5,480.5
2021-11-10 08:45:00+01:00,200.1,269.68,200.1,73365.47,69558.0,14987.95,4778.95,14446.61,11580.92,11744.14,281.06,31.15,1364.21,164.4,1026.41,247.17,8059.43,398.24,188.77,,5239.68,0.0,837.16,3893.78,5921.05,0.0,349.0,7829.0,1749.0,468.0,2160.0,,3871.0,3393.0,,42693.0,426.0,253.0,799.0,33.4,0.0,8457.82,26.31,2302.47,11.83,0.0,0.0,480.75,0.0,2305.28,1863.02,12.17,0.0,354.82,2.8,714.29,0.0,350.89,5.91,1225.501,0.0,553.24,0.0,318.07,318.07,,,184.84,184.84
2021-11-10 09:00:00+01:00,156.06,274.05,156.06,72678.21,70092.0,15078.75,4760.4,14485.01,11318.17,11760.93,281.06,31.01,1782.17,162.3,1023.72,363.9,8060.85,398.02,189.71,,6560.66,0.0,844.85,3661.52,5655.8,0.0,353.0,7795.0,1720.0,469.0,2591.0,,3841.0,3497.0,,42674.0,1459.0,255.0,830.0,34.64,0.0,8200.58,12.8,2301.17,11.97,0.0,0.0,480.84,0.0,2291.8,1868.93,20.48,0.0,366.3,2.85,631.29,0.0,323.01,5.65,1501.349,0.0,1389.08,0.0,441.62,441.62,252.42,279.0,157.07,157.07
2021-11-10 09:15:00+01:00,156.06,274.05,156.06,72922.07,70092.0,14967.29,4739.48,14452.96,11280.55,11771.18,281.06,30.8,1446.29,165.45,1021.04,287.58,8063.42,397.89,189.97,,7839.36,0.0,843.52,3520.92,5316.7,0.0,353.0,7795.0,1720.0,469.0,2591.0,,3841.0,3497.0,,42674.0,1459.0,255.0,830.0,34.32,0.0,8155.36,12.38,2302.63,11.69,0.0,0.0,480.58,0.0,2248.74,1840.41,28.29,0.0,362.94,2.31,573.82,0.0,331.26,5.6,1501.349,0.0,1238.52,0.0,462.91,462.91,,,506.06,506.06
2021-11-10 09:30:00+01:00,156.06,274.05,156.06,72786.34,70092.0,14806.24,4709.86,14425.68,11303.3,11758.15,281.06,30.71,1012.89,173.65,1020.52,230.12,8068.77,396.39,189.19,,9162.93,0.0,847.13,3409.53,4894.95,0.0,353.0,7795.0,1720.0,469.0,2591.0,,3841.0,3497.0,,42674.0,1459.0,255.0,830.0,34.51,0.0,8094.13,12.83,2300.93,11.67,0.0,0.0,480.58,0.0,2408.79,1777.16,38.92,0.0,363.03,2.02,536.92,0.0,327.59,5.77,1501.349,0.0,1083.64,0.0,366.58,366.58,249.38,275.63,144.67,144.67
2021-11-10 09:45:00+01:00,156.06,274.05,156.06,72655.98,70092.0,14816.88,4697.68,14426.17,11091.91,11758.11,281.06,30.61,659.79,151.14,1020.2,69.13,8067.44,395.06,188.36,,10287.39,0.0,834.39,3388.93,4319.89,0.0,353.0,7795.0,1720.0,469.0,2591.0,,3841.0,3497.0,,42674.0,1459.0,255.0,830.0,34.12,0.0,7995.43,14.68,2300.77,11.57,0.0,0.0,481.18,0.0,2363.17,1765.44,47.8,0.0,356.67,2.02,520.43,0.0,322.75,5.49,1501.349,0.0,1133.16,0.0,276.0,276.0,,,149.08,149.08
2021-11-10 10:00:00+01:00,148.14,263.0,148.14,73289.29,69275.0,14728.01,4634.54,14442.08,10650.55,11774.11,281.95,30.72,311.81,477.19,1017.44,83.21,8070.24,392.48,188.02,,11274.72,0.0,877.88,3297.28,3671.39,0.0,348.0,7785.0,1600.0,468.0,2304.0,,3477.0,2924.0,,42648.0,2643.0,256.0,806.0,34.8,0.0,7944.38,21.37,2302.87,11.6,0.0,0.0,480.66,0.0,2376.18,1770.92,42.5,0.0,349.73,1.82,489.13,0.0,292.86,5.59,1237.906,0.0,782.16,0.0,240.6,240.6,235.68,260.48,498.14,498.14
2021-11-10 10:15:00+01:00,148.14,263.0,148.14,73220.1,69275.0,14564.71,4616.01,14430.07,10750.42,11758.34,281.06,30.57,170.68,493.1,1015.88,62.7,8064.45,392.53,188.26,,12155.26,0.0,872.9,3147.7,3332.86,0.0,348.0,7785.0,1600.0,468.0,2304.0,,3477.0,2924.0,,42648.0,2643.0,256.0,806.0,34.52,0.0,8002.06,19.74,2278.66,11.63,0.0,0.0,480.62,0.0,2517.6,1723.66,37.31,0.0,356.34,2.0,510.04,0.0,264.57,5.95,1237.906,0.0,499.16,0.0,230.28,230.28,,,160.06,160.06
2021-11-10 10:30:00+01:00,148.14,263.0,148.14,73191.81,69275.0,14541.79,4623.57,14418.0,10836.48,11760.66,281.06,30.43,229.22,557.57,1014.19,46.92,8068.07,392.58,187.6,,12839.78,0.0,879.03,3142.81,3033.0,0.0,348.0,7785.0,1600.0,468.0,2304.0,,3477.0,2924.0,,42648.0,2643.0,256.0,806.0,34.45,0.0,7893.31,17.72,2307.8,11.74,0.0,0.0,480.57,0.0,2470.38,1732.56,38.41,0.0,355.9,2.13,517.38,0.0,247.95,5.73,1237.906,0.0,568.24,0.0,223.36,223.36,231.02,255.34,151.58,151.58
2021-11-10 10:45:00+01:00,148.14,263.0,148.14,73572.67,69275.0,14474.83,4622.07,14409.69,11109.88,11741.42,281.06,30.51,156.98,705.44,1023.55,36.6,8063.47,391.46,187.57,0.0,13527.03,0.0,878.54,3035.27,2796.16,0.0,348.0,7785.0,1600.0,468.0,2304.0,,3477.0,2924.0,,42648.0,2643.0,256.0,806.0,34.41,0.0,7903.83,17.97,2302.17,11.86,0.0,0.0,480.57,0.0,2465.39,1739.4,42.08,0.0,351.63,2.14,518.3,0.0,222.51,5.22,1237.906,0.0,465.12,0.0,228.11,228.11,,,160.67,160.67
2021-11-10 11:00:00+01:00,150.2,265.51,150.2,74280.41,68624.0,14379.21,4572.81,14370.81,11415.58,11788.03,281.06,30.6,206.84,725.87,1007.0,98.14,8059.45,392.35,188.14,,13907.47,0.0,883.02,2865.65,2690.27,0.0,343.0,7802.0,1715.0,468.0,1764.0,,3237.0,2694.0,,42625.0,3456.0,254.0,809.0,34.08,0.0,8288.87,17.49,2301.03,11.91,0.0,0.0,480.62,0.0,2516.31,1723.92,40.96,0.0,361.39,2.12,511.51,0.0,227.22,5.18,982.726,0.0,180.36,84.44,266.21,266.21,237.91,262.95,59.74,59.74
2021-11-10 11:15:00+01:00,150.2,265.51,150.2,74180.56,68624.0,14314.47,4552.07,14256.55,11295.55,11791.18,281.06,30.45,189.62,690.56,1006.07,173.14,8053.13,392.28,188.17,,13996.21,0.0,886.28,2802.52,2461.23,0.0,343.0,7802.0,1715.0,468.0,1764.0,,3237.0,2694.0,,42625.0,3456.0,254.0,809.0,34.48,0.0,8027.18,14.42,2300.3,11.61,0.0,0.0,480.56,0.0,2437.08,1740.52,39.81,0.0,360.94,2.07,510.83,0.0,213.18,7.0,982.726,0.0,231.72,109.6,288.41,288.41,,,56.74,56.74
2021-11-10 11:30:00+01:00,150.2,265.51,150.2,74291.17,68624.0,14304.31,4551.2,14259.06,11368.45,11869.08,281.06,30.36,289.9,513.23,1007.68,164.57,8052.8,392.23,188.11,,13965.58,0.0,877.62,2708.7,2312.91,0.0,343.0,7802.0,1715.0,468.0,1764.0,,3237.0,2694.0,,42625.0,3456.0,254.0,809.0,34.36,0.0,7709.25,14.17,2316.47,13.93,0.0,0.0,480.51,0.0,2335.18,1771.75,35.78,0.0,367.65,1.99,465.12,0.0,190.98,7.41,982.726,0.0,255.6,119.84,502.72,502.72,245.14,270.94,9.94,9.94
2021-11-10 11:45:00+01:00,150.2,265.51,150.2,74241.82,68624.0,14406.26,4573.87,14289.6,11352.73,11988.23,281.06,30.35,406.43,393.77,1008.53,260.06,8044.32,384.65,184.16,,13786.66,0.0,848.38,2526.27,2147.06,0.0,343.0,7802.0,1715.0,468.0,1764.0,,3237.0,2694.0,,42625.0,3456.0,254.0,809.0,34.03,0.0,7843.97,14.51,2358.0,14.17,0.0,0.0,480.58,0.0,2273.45,1816.14,37.48,0.0,362.92,2.16,350.7,0.04,194.96,7.35,982.726,0.0,347.88,133.52,461.43,461.43,,,90.81,90.81
2021-11-10 12:00:00+01:00,154.21,252.24,154.21,73766.29,68839.0,14432.77,4511.4,14246.61,11377.85,11972.45,281.06,30.27,560.65,97.74,1011.5,199.66,8051.58,375.9,180.26,,13606.6,0.0,862.6,2293.48,2093.26,0.0,346.0,8015.0,1722.0,467.0,1641.0,,2979.0,2329.0,,42602.0,3737.0,253.0,847.0,34.36,0.0,8289.29,8.94,2359.73,14.01,0.0,0.0,480.52,0.0,2304.41,1838.0,38.39,0.0,360.51,2.3,272.22,0.0,196.61,6.64,1077.185,0.0,219.6,262.4,500.14,500.14,238.85,263.99,56.74,56.74
2021-11-10 12:15:00+01:00,154.21,252.24,154.21,73271.02,68839.0,14463.39,4505.94,14234.65,11522.85,11970.93,281.06,30.01,480.5,274.64,1014.82,184.14,8049.46,373.77,179.1,,13415.4,0.0,860.41,2125.83,2013.74,0.0,346.0,8015.0,1722.0,467.0,1641.0,,2979.0,2329.0,,42602.0,3737.0,253.0,847.0,34.31,0.0,8419.6,8.65,2368.14,14.1,0.0,0.0,480.58,0.0,2287.07,1846.55,39.4,0.0,354.82,2.38,205.68,0.0,199.5,7.01,1077.185,0.0,189.48,334.64,310.86,310.86,,,104.36,104.36
2021-11-10 12:30:00+01:00,154.21,252.24,154.21,72988.62,68839.0,14432.18,4510.35,14235.97,11481.74,11996.57,281.06,30.04,641.93,263.51,1013.37,346.33,8051.64,373.57,178.47,,12928.44,0.0,864.55,1877.84,2000.88,0.0,346.0,8015.0,1722.0,467.0,1641.0,,2979.0,2329.0,,42602.0,3737.0,253.0,847.0,34.48,0.0,8628.89,9.12,2374.6,14.01,0.0,0.0,480.62,0.0,2258.6,1833.12,36.35,0.0,350.54,2.3,154.32,0.0,209.23,6.55,1077.185,0.0,180.08,374.4,343.07,343.07,239.1,264.26,138.07,138.07
2021-11-10 12:45:00+01:00,154.21,252.24,154.21,72952.62,68839.0,14396.23,4508.45,14247.08,11531.85,11993.46,281.06,29.93,997.21,201.22,1013.3,445.8,8045.67,368.41,179.14,,12370.57,0.0,861.94,1680.33,1943.86,0.0,346.0,8015.0,1722.0,467.0,1641.0,,2979.0,2329.0,,42602.0,3737.0,253.0,847.0,34.36,0.0,8869.26,8.58,2381.83,13.03,0.0,0.0,481.08,0.0,2249.31,1825.13,29.89,0.0,355.49,2.46,132.7,0.0,199.71,7.69,1077.185,0.0,33.0,440.56,363.49,363.49,,,97.33,97.33
2021-11-10 13:00:00+01:00,168.83,240.0,168.83,72621.38,66942.0,14428.4,4518.06,14266.6,11650.2,12097.54,281.06,30.02,706.0,169.51,1012.25,338.52,8052.07,358.33,176.45,,11614.58,0.0,906.38,1601.05,1874.51,0.0,352.0,8038.0,1732.0,469.0,1449.0,,2884.0,2166.0,,42561.0,3591.0,256.0,915.0,34.41,0.0,9299.61,9.06,2385.37,12.72,0.0,0.0,481.16,0.0,2308.77,1851.76,28.02,0.0,344.9,2.44,114.97,0.0,162.4,7.1,941.021,0.0,28.28,476.2,346.28,346.28,222.81,246.27,114.33,114.33
2021-11-10 13:15:00+01:00,168.83,240.0,168.83,72123.98,66942.0,14567.75,4515.71,14272.85,11691.96,12165.29,281.06,30.06,539.81,134.95,1011.43,321.25,8051.01,358.4,176.7,,10780.17,0.0,902.22,1662.57,1748.41,0.0,352.0,8038.0,1732.0,469.0,1449.0,,2884.0,2166.0,,42561.0,3591.0,256.0,915.0,34.34,0.0,9505.55,9.07,2381.1,12.43,0.0,0.0,481.08,0.0,2282.96,1922.5,25.62,0.0,346.09,2.46,94.14,0.0,140.81,8.21,941.021,0.0,0.0,543.84,391.61,391.61,,,144.24,144.24
2021-11-10 13:30:00+01:00,168.83,240.0,168.83,71925.07,66942.0,14665.54,4531.03,14362.99,11762.14,12179.32,281.06,29.93,820.09,170.12,1009.56,375.41,8045.98,358.18,175.83,,10079.97,0.0,905.23,1625.64,1706.35,0.0,352.0,8038.0,1732.0,469.0,1449.0,,2884.0,2166.0,,42561.0,3591.0,256.0,915.0,34.34,0.0,9621.52,9.43,2387.13,12.07,0.0,0.0,481.05,0.0,2236.78,1963.63,22.3,0.0,347.63,2.17,62.06,0.84,127.26,8.34,941.021,0.0,0.0,564.44,404.32,404.32,227.53,251.48,144.24,144.24
2021-11-10 13:45:00+01:00,168.83,240.0,168.83,71268.46,66942.0,14800.97,4535.95,14441.16,11821.32,12209.95,281.06,29.68,908.74,184.0,1007.3,336.41,8044.15,358.33,176.67,,9340.61,0.0,890.99,1620.71,1630.95,0.0,352.0,8038.0,1732.0,469.0,1449.0,,2884.0,2166.0,,42561.0,3591.0,256.0,915.0,34.72,0.0,9693.28,8.67,2386.07,12.61,0.0,0.0,481.06,0.0,2213.31,1979.85,23.41,0.0,339.28,2.0,40.69,1.15,131.33,8.21,941.021,0.0,82.08,556.84,80.83,80.83,,,144.24,144.24
2021-11-10 14:00:00+01:00,211.93,245.52,211.93,71166.93,64719.0,14774.61,4549.91,14425.93,11948.57,12259.85,281.06,29.57,959.55,272.95,1005.17,180.24,8038.88,358.43,178.14,,8545.31,0.0,909.72,1627.76,1563.34,0.0,354.0,7978.0,1773.0,468.0,1179.0,,2960.0,2508.0,,42537.0,3085.0,252.0,955.0,34.4,0.0,9505.49,9.15,2382.8,12.91,0.0,0.0,481.13,0.0,2216.18,1976.96,23.52,0.0,345.11,2.35,34.0,2.2,116.92,7.09,231.9585,104.728,13.28,559.6,130.09,130.09,227.75,251.73,271.37,271.37
2021-11-10 14:15:00+01:00,211.93,245.52,211.93,70777.01,64719.0,14829.63,4565.34,14396.96,12059.7,12236.76,281.06,29.71,1248.53,227.41,998.39,287.11,8035.45,358.13,178.17,,7620.96,0.0,896.07,1455.49,1543.3,0.0,354.0,7978.0,1773.0,468.0,1179.0,,2960.0,2508.0,,42537.0,3085.0,252.0,955.0,34.18,0.0,9729.19,8.82,2381.3,17.68,0.0,0.0,481.18,0.0,2294.95,1950.52,20.0,0.0,340.33,2.3,27.81,7.29,125.27,6.66,231.9585,104.728,0.0,736.84,64.2,64.2,,,561.93,561.93
2021-11-10 14:30:00+01:00,211.93,245.52,211.93,70829.11,64719.0,14796.39,4567.31,14395.74,12098.83,12261.82,281.06,29.47,1537.77,222.21,995.49,353.65,8035.65,358.43,178.8,,6446.42,0.0,904.84,1293.02,1519.88,0.0,354.0,7978.0,1773.0,468.0,1179.0,,2960.0,2508.0,,42537.0,3085.0,252.0,955.0,34.56,0.0,10023.78,9.3,2381.16,19.0,0.0,0.0,481.15,0.0,2580.26,1871.26,17.51,0.0,338.18,2.1,40.88,3.56,123.15,7.08,231.9585,104.728,0.0,1396.28,270.92,270.92,226.46,250.3,561.93,561.93
2021-11-10 14:45:00+01:00,211.93,245.52,211.93,70725.76,64719.0,14845.16,4581.69,14408.13,12156.23,12261.11,281.06,29.25,2149.74,237.44,1001.98,472.72,8035.15,358.25,178.55,,5238.54,0.0,903.75,1122.3,1454.68,0.0,354.0,7978.0,1773.0,468.0,1179.0,,2960.0,2508.0,,42537.0,3085.0,252.0,955.0,34.66,0.0,9725.56,9.47,2380.5,19.1,0.0,0.0,481.15,0.0,2609.91,1887.54,15.84,0.0,339.02,2.19,81.34,0.04,106.59,7.48,231.9585,104.728,0.0,1270.2,315.69,315.69,,,561.93,561.93
2021-11-10 15:00:00+01:00,236.62,240.6,236.62,70746.04,62701.0,14877.69,4614.92,14480.82,12277.95,12287.55,281.06,29.03,2895.06,149.09,1004.96,521.69,8031.12,358.43,178.33,,4198.5,0.0,913.26,1005.67,1434.39,0.0,356.0,8166.0,1771.0,468.0,1578.0,,3220.0,2492.0,,42530.0,2134.0,257.0,965.0,33.92,0.0,9529.97,9.11,2383.34,18.5,0.0,0.0,481.2,0.0,2638.63,1847.91,12.18,0.0,332.66,3.91,111.75,0.0,104.13,6.88,137.5375,294.7465,0.0,893.56,325.08,325.08,231.0,255.32,586.62,586.62
2021-11-10 15:15:00+01:00,236.62,240.6,236.62,70364.9,62701.0,14913.47,4627.92,14454.76,12389.37,12281.67,281.06,29.15,3204.7,88.13,1008.51,658.82,8034.53,358.53,178.22,,3203.11,0.0,909.84,912.87,1447.41,0.0,356.0,8166.0,1771.0,468.0,1578.0,,3220.0,2492.0,,42530.0,2134.0,257.0,965.0,33.91,0.0,9561.6,9.84,2383.8,18.64,0.0,0.0,481.21,0.0,2809.29,1844.03,14.86,0.0,326.96,4.4,105.08,0.0,106.08,6.3,137.5375,294.7465,0.0,916.28,358.24,358.24,,,586.62,586.62
2021-11-10 15:30:00+01:00,236.62,240.6,236.62,70152.95,62701.0,15061.98,4647.25,14437.62,12439.84,12283.44,281.06,29.24,3350.69,142.85,1010.41,610.46,8037.86,358.5,178.45,,2248.74,0.0,914.75,877.19,1424.71,0.0,356.0,8166.0,1771.0,468.0,1578.0,,3220.0,2492.0,,42530.0,2134.0,257.0,965.0,33.6,0.0,9353.53,11.4,2386.43,18.8,0.0,0.0,481.22,0.0,2699.53,1903.5,17.87,0.0,323.47,4.98,95.11,0.0,106.9,6.18,137.5375,294.7465,48.4,826.92,363.77,363.77,231.19,255.53,134.92,134.92
2021-11-10 15:45:00+01:00,236.62,240.6,236.62,69931.05,62701.0,15236.59,4665.42,14502.81,12493.02,12269.73,281.06,29.22,3765.08,152.97,1012.14,632.3,8034.3,363.08,178.67,,1468.31,0.0,905.47,829.55,1444.49,0.0,356.0,8166.0,1771.0,468.0,1578.0,,3220.0,2492.0,,42530.0,2134.0,257.0,965.0,34.03,0.0,9306.99,11.83,2384.5,20.33,0.0,0.0,481.22,0.0,2550.36,1949.89,9.88,0.0,327.17,4.63,102.72,0.0,118.88,6.04,137.5375,294.7465,219.8,803.92,5.96,5.96,,,223.47,223.47
2021-11-10 16:00:00+01:00,250.06,250.06,250.06,70263.38,61857.0,15374.43,4737.26,14481.2,12580.55,12273.92,281.06,29.44,3317.18,144.37,1014.94,299.9,8030.61,363.08,179.48,,794.61,0.0,914.32,824.31,1476.14,0.0,359.0,8096.0,1754.0,472.0,2178.0,,3603.0,3454.0,,42542.0,894.0,258.0,983.0,33.6,0.0,9582.69,11.89,2368.33,21.3,0.0,0.0,480.78,0.0,2580.28,1938.52,3.87,0.0,330.19,3.93,102.86,0.0,133.59,6.9,0.055,999.355,400.52,867.4,106.62,106.62,244.45,270.19,138.07,138.07
2021-11-10 16:15:00+01:00,250.06,250.06,250.06,70412.26,61857.0,15581.28,4757.73,14552.62,12593.73,12253.13,281.06,29.7,3733.63,160.16,1013.4,612.65,8033.55,363.06,179.87,,330.81,0.0,912.47,903.34,1388.76,0.0,359.0,8096.0,1754.0,472.0,2178.0,,3603.0,3454.0,,42542.0,894.0,258.0,983.0,34.28,0.0,9726.44,12.26,2381.47,22.53,0.0,0.0,481.24,0.0,2564.59,1935.71,2.32,0.0,330.75,4.16,109.4,0.12,153.61,5.86,0.055,999.355,688.92,939.48,156.73,156.73,,,165.91,165.91
2021-11-10 16:30:00+01:00,250.06,250.06,250.06,70901.72,61857.0,15795.65,4761.67,14617.35,12661.39,12261.95,289.75,30.0,3806.39,89.94,1014.04,523.22,8039.14,363.03,179.78,,93.77,0.0,900.67,852.82,1405.89,0.0,359.0,8096.0,1754.0,472.0,2178.0,,3603.0,3454.0,,42542.0,894.0,258.0,983.0,34.01,0.0,9750.89,11.8,2384.67,22.5,0.0,0.0,481.24,0.0,2615.34,1916.23,0.6,0.14,330.12,6.12,132.51,0.0,175.4,6.28,0.055,999.355,562.64,999.84,-156.45,-156.45,251.9,278.42,210.06,210.06
2021-11-10 16:45:00+01:00,250.06,250.06,250.06,71736.35,61857.0,16068.37,4776.06,14590.57,12857.52,12261.07,370.72,30.4,4040.56,156.87,1018.97,774.01,8038.44,362.93,179.57,,12.4,0.0,915.02,770.01,1548.5,0.0,359.0,8096.0,1754.0,472.0,2178.0,,3603.0,3454.0,,42542.0,894.0,258.0,983.0,34.25,0.0,9723.52,11.47,2384.0,22.55,0.0,0.0,481.27,0.0,2811.14,1872.62,0.16,0.6,331.37,4.45,134.15,0.0,196.4,5.89,0.055,999.355,615.12,939.08,384.91,384.91,,,600.06,600.06
2021-11-10 17:00:00+01:00,295.0,295.0,295.0,72870.88,64302.0,16280.85,4810.73,14540.26,12897.52,12166.43,377.6,30.66,4490.77,91.96,1024.64,835.86,8029.45,373.76,184.31,,1.26,0.0,912.97,688.23,1787.42,0.0,361.0,8115.0,1624.0,1261.0,2660.0,,4252.0,4186.0,,42596.0,237.0,258.0,1093.0,34.1,0.0,9453.3,11.72,2369.56,21.73,0.0,0.0,481.14,0.0,3501.29,1688.96,0.0,1.03,328.14,4.98,116.27,0.0,196.71,6.0,290.4725,816.2775,478.8,827.36,437.46,437.46,246.19,272.11,138.07,138.07
2021-11-10 17:15:00+01:00,295.0,295.0,295.0,73753.16,64302.0,16588.55,4831.3,14613.23,12961.03,12127.77,514.43,30.92,4997.64,147.46,1028.85,891.24,8033.79,406.31,195.03,,0.71,0.0,923.32,696.52,1839.3,0.0,361.0,8115.0,1624.0,1261.0,2660.0,,4252.0,4186.0,,42596.0,237.0,258.0,1093.0,34.12,0.0,9337.46,11.34,2385.6,20.87,0.0,0.0,481.25,0.0,3571.63,1655.49,0.0,0.87,329.79,5.14,111.49,1.2,215.47,6.43,290.4725,816.2775,764.16,790.92,550.79,550.79,,,177.11,177.11
2021-11-10 17:30:00+01:00,295.0,295.0,295.0,74116.8,64302.0,16683.89,4843.91,14636.79,13107.18,12108.37,657.17,31.07,4730.05,146.93,1027.87,802.12,8033.11,408.52,196.12,,0.64,0.0,916.5,671.43,1893.02,0.0,361.0,8115.0,1624.0,1261.0,2660.0,,4252.0,4186.0,,42596.0,237.0,258.0,1093.0,34.98,0.0,9347.36,11.86,2382.9,20.66,0.0,0.0,481.26,0.0,3517.6,1644.27,0.0,0.87,329.85,5.0,129.95,5.6,241.31,6.1,290.4725,816.2775,843.28,807.56,630.77,630.77,351.73,388.75,210.44,210.44
2021-11-10 17:45:00+01:00,295.0,295.0,295.0,74294.48,64302.0,16582.97,4861.79,14635.22,13081.11,12105.84,657.9,31.1,4676.36,146.89,1031.84,806.44,8036.49,407.82,195.78,,0.47,0.0,913.92,615.37,2017.94,0.0,361.0,8115.0,1624.0,1261.0,2660.0,,4252.0,4186.0,,42596.0,237.0,258.0,1093.0,34.26,0.0,9403.52,10.15,2383.6,21.54,0.0,0.0,481.32,0.0,3541.53,1624.98,0.0,0.89,335.1,4.85,143.52,8.8,227.68,6.31,290.4725,816.2775,722.12,786.6,944.84,944.84,,,298.0,298.0
2021-11-10 18:00:00+01:00,275.05,302.8,275.05,73756.77,68232.0,16246.66,4875.23,14648.86,13046.86,12121.98,658.76,31.18,4141.42,147.34,1038.6,673.53,8038.41,408.07,195.69,,0.48,0.0,928.34,579.41,2054.01,0.0,361.0,8276.0,1693.0,1425.0,3066.0,,4620.0,4818.0,,42613.0,0.0,253.0,1243.0,34.59,0.0,9398.07,9.29,2382.94,22.1,0.0,0.0,481.49,0.0,3646.23,1582.48,0.0,0.86,331.95,5.33,145.57,8.8,225.6,5.92,587.97,596.578,473.32,853.32,481.58,481.58,259.66,287.0,312.42,312.42
2021-11-10 18:15:00+01:00,275.05,302.8,275.05,73433.58,68232.0,16020.26,4884.31,14627.02,13019.43,12147.21,593.6,31.23,3763.36,150.64,1039.8,556.47,8040.68,407.94,195.22,,0.44,0.0,929.56,542.65,2061.79,0.0,361.0,8276.0,1693.0,1425.0,3066.0,,4620.0,4818.0,,42613.0,0.0,253.0,1243.0,34.52,0.0,9330.37,9.78,2385.3,22.44,0.0,0.0,481.29,0.0,3586.34,1557.36,0.0,0.85,329.8,5.02,158.42,8.8,224.5,5.97,587.97,596.578,426.0,882.68,309.73,309.73,,,199.22,199.22
2021-11-10 18:30:00+01:00,275.05,302.8,275.05,73180.7,68232.0,15834.36,4884.24,14614.52,13154.18,12159.32,540.48,31.13,3587.46,152.58,1046.37,592.53,8040.63,408.09,193.93,,0.35,0.0,928.3,541.67,2096.24,0.0,361.0,8276.0,1693.0,1425.0,3066.0,,4620.0,4818.0,,42613.0,0.0,253.0,1243.0,33.82,0.0,9287.26,9.74,2381.06,22.59,0.0,0.0,481.27,0.0,3506.09,1546.66,0.0,0.94,323.0,5.29,159.13,9.2,230.98,5.76,587.97,596.578,520.68,867.96,360.11,360.11,343.84,380.04,138.07,138.07
2021-11-10 18:45:00+01:00,275.05,302.8,275.05,72841.08,68232.0,15743.95,4876.16,14655.88,13053.8,12166.14,541.37,31.11,3347.63,152.77,1053.45,610.83,8041.2,408.02,193.83,,0.35,0.0,930.61,545.35,2181.41,0.0,361.0,8276.0,1693.0,1425.0,3066.0,,4620.0,4818.0,,42613.0,0.0,253.0,1243.0,34.55,0.0,9336.61,9.3,2380.47,22.73,0.0,0.0,481.81,0.0,3560.78,1554.52,0.0,0.87,322.02,7.9,162.93,9.2,247.0,5.76,587.97,596.578,555.64,878.56,19.84,19.84,,,195.74,195.74
2021-11-10 19:00:00+01:00,230.0,282.5,230.0,72140.23,68259.0,15591.64,4874.77,14646.67,12917.41,12144.02,541.49,31.16,3290.47,155.61,1057.1,681.83,8034.57,408.12,193.79,,0.35,0.0,926.06,557.81,2167.79,0.0,359.0,8202.0,1665.0,1439.0,2597.0,,4503.0,4273.0,,42582.0,0.0,255.0,1340.0,34.54,0.0,9624.88,9.86,2383.2,22.59,0.0,0.0,481.3,0.0,3548.28,1565.07,0.0,0.86,327.09,6.84,159.59,9.2,245.61,5.76,566.7575,315.049,547.92,878.88,73.71,73.71,253.53,280.21,212.3,212.3
2021-11-10 19:15:00+01:00,230.0,282.5,230.0,71729.74,68259.0,15453.42,4863.24,14640.07,12730.08,12117.03,438.81,31.05,2665.12,85.53,1068.11,558.08,8035.67,408.19,193.87,,0.31,0.0,922.66,519.41,2383.95,0.0,359.0,8202.0,1665.0,1439.0,2597.0,,4503.0,4273.0,,42582.0,0.0,255.0,1340.0,34.34,0.0,9723.36,9.86,2373.8,26.26,0.0,0.0,481.26,0.0,3469.67,1559.42,0.0,0.87,344.6,4.41,164.17,9.2,250.32,5.79,566.7575,315.049,521.92,911.56,-29.33,-29.33,,,188.5,188.5
2021-11-10 19:30:00+01:00,230.0,282.5,230.0,71114.0,68259.0,15240.88,4844.5,14640.35,12783.95,12097.44,292.52,31.11,2525.4,49.85,1070.69,459.32,8036.04,408.14,193.96,,0.35,0.0,886.58,510.7,2464.77,0.0,359.0,8202.0,1665.0,1439.0,2597.0,,4503.0,4273.0,,42582.0,0.0,255.0,1340.0,34.12,0.0,9711.03,9.82,2364.5,29.81,0.0,0.0,481.25,0.0,3401.25,1547.12,0.0,0.88,349.12,1.08,170.96,8.8,257.28,5.93,566.7575,315.049,514.2,933.28,188.82,188.82,252.1,278.64,139.0,139.0
2021-11-10 19:45:00+01:00,230.0,282.5,230.0,70511.67,68259.0,15168.56,4810.89,14620.37,12756.47,12092.9,281.06,31.18,2029.0,178.34,1074.55,388.74,8035.72,408.12,193.85,,0.27,0.0,915.04,502.56,2521.97,0.0,359.0,8202.0,1665.0,1439.0,2597.0,,4503.0,4273.0,,42582.0,0.0,255.0,1340.0,34.38,0.0,9674.64,9.64,2390.93,30.25,0.0,0.0,481.24,0.0,3333.18,1542.46,0.0,0.86,350.5,1.16,171.86,8.4,255.86,6.42,566.7575,315.049,534.8,922.2,181.89,181.89,,,143.07,143.07
2021-11-10 20:00:00+01:00,219.93,243.77,219.93,69350.12,64594.0,14901.09,4743.09,14645.15,12549.3,12066.09,281.06,31.38,1741.46,193.61,1078.38,604.94,8038.74,408.42,194.39,,0.33,0.0,911.15,498.7,2533.62,0.0,358.0,8077.0,1692.0,983.0,2341.0,,4065.0,3631.0,,42270.0,0.0,258.0,1378.0,34.24,0.0,9735.59,10.09,2382.47,30.35,0.0,0.0,482.05,0.0,3103.65,1548.04,0.0,0.92,343.98,1.32,171.65,8.4,266.35,5.76,253.545,257.193,343.2,811.92,348.01,348.01,280.66,310.2,569.93,569.93
2021-11-10 20:15:00+01:00,219.93,243.77,219.93,67965.58,64594.0,14710.78,4706.59,14628.31,12342.48,12046.09,281.06,31.33,1203.77,65.1,1074.76,404.88,8039.99,408.39,194.22,,0.32,0.0,934.46,499.29,2540.84,0.0,358.0,8077.0,1692.0,983.0,2341.0,,4065.0,3631.0,,42270.0,0.0,258.0,1378.0,34.4,0.0,9912.29,10.05,2382.27,30.31,0.0,0.0,481.24,0.0,3222.16,1542.06,0.0,0.84,350.56,1.39,169.23,9.6,257.4,5.88,253.545,257.193,114.44,836.04,329.88,329.88,,,146.0,569.93
2021-11-10 20:30:00+01:00,219.93,243.77,219.93,66835.83,64594.0,14504.45,4713.16,14603.29,12297.83,12001.13,281.06,31.39,889.41,66.94,1076.13,345.23,8037.3,408.37,194.2,,0.27,0.0,929.46,465.84,2498.37,0.0,358.0,8077.0,1692.0,983.0,2341.0,,4065.0,3631.0,,42270.0,0.0,258.0,1378.0,34.48,0.0,9782.93,10.42,2383.46,30.58,0.0,0.0,481.2,0.0,3269.09,1536.62,0.0,0.89,352.86,1.5,137.99,9.43,268.2,6.4,253.545,257.193,285.36,821.12,284.42,284.42,229.07,253.19,146.0,146.0
2021-11-10 20:45:00+01:00,219.93,243.77,219.93,65985.99,64594.0,14316.21,4712.7,14473.28,12259.4,11949.72,281.06,31.69,451.35,235.58,1078.78,296.33,8038.39,408.32,194.05,,0.35,0.0,926.82,456.96,2507.17,0.0,358.0,8077.0,1692.0,983.0,2341.0,,4065.0,3631.0,,42270.0,0.0,258.0,1378.0,34.46,0.0,9651.06,9.61,2381.64,30.48,0.0,0.0,481.17,0.0,3065.69,1546.69,0.0,0.85,349.13,1.34,127.79,9.43,266.59,6.13,253.545,257.193,265.6,804.24,245.38,245.38,,,162.97,162.97
2021-11-10 21:00:00+01:00,193.67,221.41,193.67,64959.8,61277.0,14177.27,4617.07,14440.04,11907.48,11908.17,281.06,31.72,1230.06,217.29,1080.0,414.65,8041.22,408.49,193.52,,0.34,0.0,921.05,479.82,2472.73,0.0,357.0,7656.0,1657.0,217.0,915.0,,3669.0,2415.0,,41957.0,0.0,257.0,1393.0,34.29,0.0,9609.57,10.08,2382.0,30.21,0.0,0.0,481.2,0.0,2699.08,1572.21,0.0,0.98,350.17,1.41,130.92,9.2,244.16,6.03,39.645,158.283,0.0,933.4,364.52,364.52,233.0,257.52,196.67,196.67
2021-11-10 21:15:00+01:00,193.67,221.41,193.67,64125.46,61277.0,14022.16,4580.54,14402.38,11833.56,11889.13,281.06,31.68,853.55,277.84,1079.67,366.0,8041.85,408.67,193.85,,0.26,0.0,920.98,495.83,2413.66,0.0,357.0,7656.0,1657.0,217.0,915.0,,3669.0,2415.0,,41957.0,0.0,257.0,1393.0,34.13,0.0,9617.83,10.66,2384.36,30.49,0.0,0.0,481.17,0.0,2592.35,1593.37,0.0,0.84,348.02,1.29,124.34,8.8,216.64,5.95,39.645,158.283,0.0,860.12,127.26,127.26,,,196.67,196.67
2021-11-10 21:30:00+01:00,193.67,221.41,193.67,63154.1,61277.0,13813.92,4553.91,14399.74,11803.75,11893.53,281.06,31.91,458.4,387.03,1078.02,204.38,8042.31,397.87,193.97,,0.33,0.0,914.66,520.96,2369.1,0.0,357.0,7656.0,1657.0,217.0,915.0,,3669.0,2415.0,,41957.0,0.0,257.0,1393.0,34.29,0.0,9595.46,9.97,2382.2,30.45,0.0,0.0,481.17,0.0,2499.94,1585.88,0.0,0.89,350.47,1.46,108.4,9.2,207.82,5.93,39.645,158.283,0.0,833.08,123.85,123.85,210.37,232.51,480.89,480.89
2021-11-10 21:45:00+01:00,193.67,221.41,193.67,62446.28,61277.0,13565.91,4539.61,14382.27,11458.87,11874.75,281.06,32.09,384.9,772.82,1079.36,68.66,8042.76,398.07,194.19,,0.32,0.0,917.31,510.06,2252.02,0.0,357.0,7656.0,1657.0,217.0,915.0,,3669.0,2415.0,,41957.0,0.0,257.0,1393.0,34.52,0.0,9448.45,11.13,2385.27,30.74,0.0,0.0,481.08,0.0,2466.1,1549.47,0.0,0.9,356.92,1.56,94.87,9.74,198.49,5.75,39.645,158.283,0.0,876.12,170.78,170.78,,,213.67,213.67
2021-11-10 22:00:00+01:00,169.9,202.0,169.9,61781.15,60957.0,13328.11,4492.85,14429.23,11346.54,11881.22,281.06,32.2,528.37,1118.82,1081.12,155.54,8043.16,398.04,193.93,,0.31,0.0,917.67,505.84,2143.91,0.0,359.0,7422.0,1625.0,216.0,1009.0,,3310.0,1639.0,,41707.0,0.0,260.0,1336.0,34.4,0.0,9059.39,10.48,2379.37,31.77,0.0,0.0,481.19,0.0,2012.24,1568.29,0.0,0.85,356.42,1.58,82.94,9.53,200.96,5.89,129.991,35.631,0.0,681.88,315.59,315.59,191.9,212.1,145.44,145.44
2021-11-10 22:15:00+01:00,169.9,202.0,169.9,60926.98,60957.0,13169.34,4499.03,14377.73,10826.51,11862.35,281.06,32.61,417.3,1298.45,1080.73,88.51,8047.68,397.97,194.58,,0.34,0.0,922.27,507.66,1980.12,0.0,359.0,7422.0,1625.0,216.0,1009.0,,3310.0,1639.0,,41707.0,0.0,260.0,1336.0,34.64,0.0,8950.35,10.06,2380.86,32.74,0.0,0.0,481.14,0.0,1781.39,1609.43,0.0,0.91,357.87,1.46,78.21,10.12,207.39,6.11,129.991,35.631,0.0,798.28,309.45,309.45,,,145.44,145.44
2021-11-10 22:30:00+01:00,169.9,202.0,169.9,60023.84,60957.0,12965.01,4503.37,14388.37,10518.94,11817.9,281.06,32.72,242.69,1418.77,1080.86,84.0,8042.73,398.02,194.84,,0.33,0.0,933.54,477.14,1912.47,0.0,359.0,7422.0,1625.0,216.0,1009.0,,3310.0,1639.0,,41707.0,0.0,260.0,1336.0,34.5,0.0,8946.09,10.17,2382.9,32.7,0.0,0.0,481.36,0.0,1754.69,1609.83,0.0,0.84,348.0,1.34,74.18,10.81,191.92,6.36,129.991,35.631,0.0,640.8,342.4,342.4,230.42,254.68,145.44,145.44
2021-11-10 22:45:00+01:00,169.9,202.0,169.9,58864.77,60957.0,12750.51,4509.31,14414.59,10258.41,11818.22,281.06,32.9,52.33,1720.82,1082.82,86.33,8042.44,398.12,194.77,,0.3,0.0,930.58,437.22,1898.74,0.0,359.0,7422.0,1625.0,216.0,1009.0,,3310.0,1639.0,,41707.0,0.0,260.0,1336.0,34.73,0.0,8791.77,9.73,2384.97,32.32,0.0,0.0,481.46,0.0,1691.6,1608.78,0.0,0.9,355.02,1.46,79.59,10.67,181.24,6.77,129.991,35.631,0.0,642.28,242.59,242.59,,,145.44,145.44
2021-11-10 23:00:00+01:00,155.5,186.97,155.5,57562.02,61422.0,12614.81,4476.44,14409.34,10576.26,11785.97,281.06,33.17,810.97,1675.62,1087.1,241.35,8048.52,398.32,194.86,,0.36,0.0,940.49,424.38,1872.59,0.0,357.0,7385.0,1615.0,217.0,1394.0,,3003.0,1369.0,,41637.0,0.0,258.0,1270.0,34.49,0.0,8403.62,10.31,2347.3,31.84,0.0,0.0,481.48,0.0,1456.63,1628.53,0.0,0.9,348.47,1.42,75.67,9.68,179.94,6.48,826.62,0.175,0.0,773.68,296.97,296.97,228.12,252.14,163.07,163.07
2021-11-10 23:15:00+01:00,155.5,186.97,155.5,56475.3,61422.0,12427.29,4470.96,14383.33,10530.74,11803.06,281.06,33.36,427.68,1851.25,1088.49,77.31,8047.54,398.07,194.7,,0.33,0.0,938.96,397.66,1790.32,0.0,357.0,7385.0,1615.0,217.0,1394.0,,3003.0,1369.0,,41637.0,0.0,258.0,1270.0,34.4,0.0,8284.29,17.51,2391.7,31.74,0.0,0.0,481.46,0.0,1175.64,1623.1,0.0,0.88,361.23,1.59,67.93,9.6,178.6,6.26,826.62,0.175,0.0,723.36,297.62,297.62,,,417.0,417.0
2021-11-10 23:30:00+01:00,155.5,186.97,155.5,55791.29,61422.0,12175.74,4461.58,14364.56,10463.42,11813.91,281.06,33.62,299.2,1813.89,1092.56,71.12,8046.38,398.19,194.84,,0.37,0.0,934.62,420.33,1711.78,0.0,357.0,7385.0,1615.0,217.0,1394.0,,3003.0,1369.0,,41637.0,0.0,258.0,1270.0,34.2,0.0,8094.13,9.99,2393.7,9.69,0.0,0.0,481.4,0.0,1232.91,1596.34,0.0,0.87,363.56,1.54,72.46,9.7,191.43,6.21,826.62,0.175,33.6,675.92,296.17,296.17,224.23,247.83,140.6,140.6
2021-11-10 23:45:00+01:00,155.5,186.97,155.5,54823.68,61422.0,11972.49,4450.46,14308.48,10254.55,11743.99,281.06,33.58,110.43,2250.39,1097.75,34.01,8047.06,398.14,194.97,,0.36,0.0,925.51,454.75,1664.89,0.0,357.0,7385.0,1615.0,217.0,1394.0,,3003.0,1369.0,,41637.0,0.0,258.0,1270.0,34.62,0.0,7938.68,9.37,2401.45,11.52,0.0,0.0,481.47,0.0,1136.91,1606.24,0.0,0.92,367.11,1.38,78.59,9.3,206.01,6.16,826.62,0.175,62.28,635.16,210.14,210.14,,,140.6,140.6
2021-11-11 00:00:00+01:00,168.03,168.03,168.03,52488.59,58564.0,11843.64,4395.06,14159.71,9803.58,11610.22,281.06,33.69,508.77,2275.69,1099.42,36.8,8040.01,395.53,192.51,,0.32,0.0,905.55,522.8,1580.2,0.0,359.0,7153.0,1642.0,217.0,666.0,,2572.0,1200.0,,41615.0,0.0,259.0,1343.0,34.63,0.0,7833.37,8.91,2456.34,6.56,0.0,0.0,481.64,0.0,935.13,1605.81,0.0,0.84,373.83,1.54,71.99,8.8,208.99,6.15,1117.5995,0.0,232.64,339.2,309.07,309.07,185.89,205.45,554.71,554.71
2021-11-11 00:15:00+01:00,168.03,168.03,168.03,51836.34,58564.0,11661.59,4386.28,14074.44,9829.72,11407.0,281.06,33.74,136.29,2498.46,1098.18,33.76,8042.31,394.75,191.72,,0.35,0.0,903.33,530.7,1591.31,0.0,359.0,7153.0,1642.0,217.0,666.0,,2572.0,1200.0,,41615.0,0.0,259.0,1343.0,34.4,0.0,7986.39,11.77,2505.71,6.77,0.0,0.0,481.42,0.0,968.91,1630.13,0.0,0.94,376.76,1.56,73.8,8.4,207.21,6.14,1117.5995,0.0,0.0,402.08,284.06,284.06,,,141.54,141.54
2021-11-11 00:30:00+01:00,168.03,168.03,168.03,51484.03,58564.0,11508.0,4396.09,14075.74,9683.68,11208.01,281.06,33.83,98.02,2677.77,1105.07,79.1,8041.9,394.65,191.72,,0.33,0.0,913.32,531.97,1626.73,0.0,359.0,7153.0,1642.0,217.0,666.0,,2572.0,1200.0,,41615.0,0.0,259.0,1343.0,34.8,0.0,7564.5,11.33,2509.75,6.63,0.0,0.0,481.34,0.0,796.36,1634.75,0.0,0.85,382.01,1.67,77.73,8.8,209.39,6.51,1117.5995,0.0,0.0,302.92,275.91,275.91,160.08,176.94,132.45,132.45
2021-11-11 00:45:00+01:00,168.03,168.03,168.03,50640.98,58564.0,11378.16,4394.18,14029.12,9398.02,11185.46,281.06,33.89,33.05,2923.34,1107.34,25.69,8043.11,391.42,190.24,,0.29,0.0,913.89,551.65,1689.45,0.0,359.0,7153.0,1642.0,217.0,666.0,,2572.0,1200.0,,41615.0,0.0,259.0,1343.0,34.7,0.0,7468.73,20.92,2498.86,6.6,0.0,0.0,481.3,0.0,656.56,1656.32,0.0,0.91,378.65,1.63,78.13,8.8,218.87,7.01,1117.5995,0.0,0.0,353.12,230.9,230.9,,,136.99,136.99
2021-11-11 01:00:00+01:00,161.36,161.36,161.36,50223.52,56484.0,11296.55,4372.96,13860.01,9441.3,11033.53,281.06,34.0,232.75,2986.37,1111.22,139.88,8042.93,383.89,186.98,,0.33,0.0,909.7,561.2,1664.8,0.0,357.0,7160.0,1640.0,217.0,23.0,,2368.0,844.0,,41483.0,0.0,258.0,1343.0,34.66,0.0,7806.8,18.73,2542.92,6.8,0.0,0.0,481.47,0.0,624.55,1701.71,0.0,0.83,383.06,1.7,76.01,8.4,228.74,6.0,1022.7735,0.0,0.0,554.96,287.74,287.74,168.13,185.83,256.45,256.45
2021-11-11 01:15:00+01:00,161.36,161.36,161.36,49897.19,56484.0,11232.91,4366.17,13797.67,9444.26,11013.98,281.06,33.93,176.1,3164.11,1113.32,99.0,8042.81,383.67,186.82,,0.31,0.0,912.94,573.64,1658.42,0.0,357.0,7160.0,1640.0,217.0,23.0,,2368.0,844.0,,41483.0,0.0,258.0,1343.0,34.1,0.0,7854.39,19.38,2586.46,6.47,0.0,0.0,481.32,0.0,604.58,1714.02,0.0,0.87,385.45,2.1,75.11,9.2,230.39,7.08,1022.7735,0.0,0.0,686.24,281.8,281.8,,,147.36,147.36
2021-11-11 01:30:00+01:00,161.36,161.36,161.36,49869.08,56484.0,11148.69,4359.8,13817.61,9465.81,11019.22,281.06,33.9,272.52,3170.47,1112.46,66.96,8044.12,383.67,186.93,,0.26,0.0,911.55,614.15,1605.58,0.0,357.0,7160.0,1640.0,217.0,23.0,,2368.0,844.0,,41483.0,0.0,258.0,1343.0,34.32,0.0,7807.02,18.47,2571.16,5.9,0.0,0.0,481.38,0.0,606.91,1726.44,0.0,0.81,392.14,1.72,66.28,9.2,233.32,7.06,1022.7735,0.0,0.0,678.36,278.04,278.04,206.14,227.84,150.91,150.91
2021-11-11 01:45:00+01:00,161.36,161.36,161.36,49529.88,56484.0,11102.73,4362.66,13727.28,9464.26,11021.72,281.06,34.0,227.02,3530.02,1116.08,32.01,8045.32,383.57,187.67,,0.32,0.0,911.28,626.37,1630.68,0.0,357.0,7160.0,1640.0,217.0,23.0,,2368.0,844.0,,41483.0,0.0,258.0,1343.0,34.16,0.0,7682.35,18.32,2568.18,5.9,0.0,0.0,481.34,0.0,615.25,1739.5,0.0,0.86,395.65,1.79,75.78,9.2,246.53,7.25,1022.7735,0.0,0.0,681.96,221.46,221.46,,,141.14,141.14
2021-11-11 02:00:00+01:00,160.0,160.0,160.0,49024.14,54940.0,11094.78,4359.56,13493.89,9507.82,10998.36,281.06,34.01,261.43,3117.72,1113.82,192.49,8045.13,383.72,188.27,,0.34,0.0,914.93,610.14,1635.44,0.0,354.0,7030.0,1592.0,215.0,,677.0,2330.0,598.0,,40980.0,0.0,258.0,1411.0,34.56,0.0,7752.56,18.13,2553.59,5.83,0.0,0.0,481.47,0.0,613.96,1758.79,0.0,0.83,392.18,1.92,82.95,9.2,247.9,7.69,918.322,0.0,0.0,754.36,249.98,249.98,201.55,222.77,141.84,141.84
2021-11-11 02:15:00+01:00,160.0,160.0,160.0,48929.28,54940.0,11071.67,4364.85,13455.25,9533.59,11013.89,281.06,33.97,228.9,3179.24,1118.04,252.79,8047.91,383.79,188.21,,0.29,0.0,910.43,621.07,1617.07,0.0,354.0,7030.0,1592.0,215.0,,677.0,2330.0,598.0,,40980.0,0.0,258.0,1411.0,34.65,0.0,7752.21,17.86,2579.73,5.9,0.0,0.0,481.45,0.0,601.4,1768.96,0.0,0.78,395.4,1.91,85.29,9.53,241.98,8.9,918.322,0.0,0.0,826.68,273.13,273.13,,,138.64,138.64
2021-11-11 02:30:00+01:00,160.0,160.0,160.0,48962.27,54940.0,11012.97,4370.99,13481.49,9535.84,10973.2,281.06,33.88,239.35,3067.25,1117.29,276.42,8046.79,383.64,188.02,,0.35,0.0,911.55,652.24,1575.77,0.0,354.0,7030.0,1592.0,215.0,,677.0,2330.0,598.0,,40980.0,0.0,258.0,1411.0,34.33,0.0,7739.81,18.59,2588.8,5.87,0.0,0.0,481.45,0.0,580.65,1770.0,0.0,0.8,394.94,1.93,81.88,9.42,242.18,8.34,918.322,0.0,0.0,876.92,283.85,283.85,164.06,181.32,135.73,135.73
2021-11-11 02:45:00+01:00,160.0,160.0,160.0,49074.62,54940.0,10957.63,4369.2,13475.89,9516.23,10815.42,281.06,33.81,238.68,3092.39,1118.39,235.74,8046.06,383.67,187.9,,0.33,0.0,917.17,647.78,1544.36,0.0,354.0,7030.0,1592.0,215.0,,677.0,2330.0,598.0,,40980.0,0.0,258.0,1411.0,34.58,0.0,7740.93,18.66,2588.73,6.23,0.0,0.0,481.45,0.0,580.07,1760.93,0.0,0.85,391.06,1.65,76.08,9.91,241.72,7.94,918.322,0.0,0.0,983.28,253.68,253.68,,,143.78,143.78
2021-11-11 03:00:00+01:00,152.5,152.5,152.5,49554.47,52503.0,10944.21,4368.97,13638.76,9489.07,10711.95,281.06,33.81,303.41,3487.44,1116.6,214.13,8048.89,383.87,187.87,,0.28,0.0,912.51,638.64,1557.24,0.0,351.0,7176.0,1676.0,213.0,,2206.0,2259.0,675.0,,41200.0,0.0,259.0,1410.0,34.8,0.0,7848.12,21.46,2646.93,6.33,0.0,0.0,481.5,0.0,585.92,1763.51,0.0,0.82,388.38,1.48,66.09,9.95,239.16,6.26,593.75,0.715,0.0,1130.24,276.58,276.58,154.71,170.99,554.71,554.71
2021-11-11 03:15:00+01:00,152.5,152.5,152.5,49739.7,52503.0,10800.33,4365.31,13637.44,9503.18,10733.96,281.31,33.71,322.92,3579.56,1118.58,155.57,8052.82,385.2,186.91,,0.32,0.0,905.93,642.15,1544.57,0.0,351.0,7176.0,1676.0,213.0,,2206.0,2259.0,675.0,,41200.0,0.0,259.0,1410.0,34.38,0.0,7904.06,23.04,2729.84,6.57,0.0,0.0,481.42,0.0,592.65,1704.13,0.0,0.83,388.56,1.44,61.3,11.51,232.37,7.73,593.75,0.715,0.0,1340.68,233.93,233.93,,,151.22,151.22
2021-11-11 03:30:00+01:00,152.5,152.5,152.5,49838.69,52503.0,10797.15,4360.2,13641.67,9550.87,10712.32,283.86,33.78,309.66,3500.2,1114.93,142.21,8052.98,394.98,191.37,,0.27,0.0,907.09,690.84,1540.66,0.0,351.0,7176.0,1676.0,213.0,,2206.0,2259.0,675.0,,41200.0,0.0,259.0,1410.0,34.72,0.0,7792.31,25.08,2735.16,6.44,0.0,0.0,481.46,0.0,707.3,1704.19,0.0,0.8,399.84,1.36,61.33,12.05,238.62,7.42,593.75,0.715,0.0,1385.28,250.61,250.61,161.81,178.85,149.26,149.26
2021-11-11 03:45:00+01:00,152.5,152.5,152.5,50096.14,52503.0,10861.65,4359.02,13626.23,9526.99,10720.87,285.01,33.84,348.16,3550.13,1114.23,218.57,8057.73,396.61,192.37,,0.36,0.0,901.84,754.61,1528.77,0.0,351.0,7176.0,1676.0,213.0,,2206.0,2259.0,675.0,,41200.0,0.0,259.0,1410.0,34.46,0.0,7781.51,20.28,2714.26,6.33,0.0,0.0,482.02,0.0,738.06,1737.17,0.0,0.83,399.26,1.3,66.21,9.86,249.01,7.18,593.75,0.715,0.0,1422.96,247.96,247.96,,,144.89,144.89
2021-11-11 04:00:00+01:00,155.0,155.0,155.0,50121.66,51263.0,10887.57,4362.27,13668.79,9370.73,10853.55,289.34,33.72,163.47,3111.68,1112.56,118.9,8061.16,396.43,193.36,,0.33,0.0,890.47,774.99,1516.44,0.0,350.0,7172.0,1630.0,213.0,,2129.0,2328.0,640.0,,41553.0,0.0,260.0,1364.0,34.27,0.0,7845.7,29.75,2722.61,6.43,0.0,0.0,481.47,0.0,774.06,1751.73,0.0,0.81,400.29,1.23,63.44,4.51,251.67,6.56,14.932,356.129,0.0,1959.52,173.1,173.1,187.19,206.89,158.64,158.64
2021-11-11 04:15:00+01:00,155.0,155.0,155.0,50666.96,51263.0,10944.01,4370.89,13654.95,9497.59,10889.14,293.67,33.4,184.17,2899.5,1114.87,191.35,8060.47,396.36,192.46,,0.29,0.0,891.79,803.56,1551.84,0.0,350.0,7172.0,1630.0,213.0,,2129.0,2328.0,640.0,,41553.0,0.0,260.0,1364.0,35.06,0.0,7958.13,31.71,2726.53,6.14,0.0,0.0,481.5,0.0,818.84,1777.45,0.0,0.8,402.26,1.64,56.59,3.1,245.68,7.22,14.932,356.129,0.0,2083.08,-4.32,-4.32,,,160.43,160.43
2021-11-11 04:30:00+01:00,155.0,155.0,155.0,51467.19,51263.0,10970.32,4370.05,13658.95,9605.56,10861.29,292.52,33.3,188.35,2709.06,1118.42,198.3,8058.8,396.41,192.28,,0.35,0.0,892.14,842.03,1608.61,0.0,350.0,7172.0,1630.0,213.0,,2129.0,2328.0,640.0,,41553.0,0.0,260.0,1364.0,34.33,0.0,8021.7,28.9,2728.02,5.93,0.0,0.0,481.52,0.0,903.26,1787.69,0.0,0.81,392.46,1.28,48.1,4.91,242.66,5.97,14.932,356.129,0.0,2152.6,197.7,197.7,164.93,182.29,148.13,148.13
2021-11-11 04:45:00+01:00,155.0,155.0,155.0,52079.15,51263.0,11043.02,4384.43,13679.18,9621.32,10873.23,292.52,33.46,243.69,2415.25,1120.1,238.35,8058.46,396.36,192.54,,0.34,0.0,894.79,864.75,1750.96,0.0,350.0,7172.0,1630.0,213.0,,2129.0,2328.0,640.0,,41553.0,0.0,260.0,1364.0,34.82,0.0,7965.9,19.7,2745.07,6.0,0.0,0.0,481.5,0.0,934.04,1801.55,0.0,0.78,393.02,1.17,36.86,9.83,228.99,6.15,14.932,356.129,0.0,2125.08,202.76,202.76,,,159.11,159.11
2021-11-11 05:00:00+01:00,160.09,160.09,160.09,53002.89,51980.0,11203.37,4412.35,13629.13,9788.81,10963.48,292.52,33.36,284.06,1772.52,1116.67,222.08,8057.81,396.26,192.6,,0.3,0.0,893.21,807.25,1876.05,0.0,353.0,7086.0,1603.0,213.0,,1200.0,2405.0,750.0,,41552.0,0.0,259.0,1304.0,34.18,0.0,8189.88,24.76,2785.51,5.9,0.0,0.0,481.52,0.0,1085.43,1834.92,0.0,0.81,391.63,1.55,36.53,10.7,230.03,7.0,0.0,645.318,0.0,2484.28,260.29,260.29,166.4,183.92,151.9,151.9
2021-11-11 05:15:00+01:00,160.09,160.09,160.09,53558.14,51980.0,11343.99,4423.55,13619.84,10129.66,11049.99,292.52,33.0,238.28,1334.75,1116.42,180.88,8060.24,396.21,192.33,,0.38,0.0,890.86,701.48,1997.47,0.0,353.0,7086.0,1603.0,213.0,,1200.0,2405.0,750.0,,41552.0,0.0,259.0,1304.0,35.0,0.0,8337.63,19.7,2785.72,5.57,0.0,0.0,481.53,0.0,1161.09,1884.6,0.0,0.82,396.62,1.47,44.85,9.41,220.7,6.54,0.0,645.318,0.0,2551.64,222.94,222.94,,,145.88,145.88
2021-11-11 05:30:00+01:00,160.09,160.09,160.09,54534.7,51980.0,11510.66,4430.41,13631.7,10638.71,11153.03,292.52,32.95,157.62,885.94,1116.33,224.31,8057.34,396.36,190.36,,0.4,0.0,885.6,663.91,2076.67,0.0,353.0,7086.0,1603.0,213.0,,1200.0,2405.0,750.0,,41552.0,0.0,259.0,1304.0,34.45,0.0,8408.17,9.46,2760.09,5.46,0.0,0.0,481.54,0.0,1268.73,1904.5,0.0,0.84,388.17,1.36,37.05,6.88,218.06,6.39,0.0,645.318,0.0,2504.08,285.59,285.59,179.68,198.6,165.11,165.11
2021-11-11 05:45:00+01:00,160.09,160.09,160.09,56271.24,51980.0,11656.45,4443.86,13656.89,11071.37,11230.16,291.76,32.82,568.62,621.48,1116.24,259.17,8059.91,396.11,189.39,,0.32,0.0,894.63,600.13,2176.71,0.0,353.0,7086.0,1603.0,213.0,,1200.0,2405.0,750.0,,41552.0,0.0,259.0,1304.0,34.34,0.0,8502.49,10.22,2738.9,5.57,0.0,0.0,481.56,0.0,1266.7,1880.2,0.0,0.8,363.9,1.77,35.55,4.69,231.08,6.17,0.0,645.318,0.0,2556.2,336.07,336.07,,,421.57,421.57
2021-11-11 06:00:00+01:00,183.87,170.96,140.1,59270.61,53997.0,11972.71,4524.99,13757.81,11316.78,11495.94,286.41,32.66,1111.8,957.45,1109.94,164.86,8057.66,396.13,189.66,,0.44,0.0,881.48,529.89,2317.2,0.0,350.0,6986.0,1605.0,213.0,366.0,,2870.0,1785.0,,41570.0,0.0,257.0,1270.0,34.15,0.0,8643.63,11.64,2746.5,5.83,0.0,0.0,481.52,0.0,1649.4,1903.42,0.0,0.88,361.84,1.63,50.21,4.85,246.93,6.04,0.0,1832.9865,0.0,2143.24,279.04,279.04,169.48,187.32,124.51,124.51
2021-11-11 06:15:00+01:00,183.87,170.96,140.1,61355.43,53997.0,12408.87,4547.49,13854.29,11712.8,11780.54,284.88,32.43,1221.96,334.92,1108.83,287.62,8054.57,396.08,189.77,,0.39,0.0,900.21,534.91,2414.82,0.0,350.0,6986.0,1605.0,213.0,366.0,,2870.0,1785.0,,41570.0,0.0,257.0,1270.0,34.24,0.0,8788.28,11.66,2686.46,5.94,0.0,0.0,481.61,0.0,1673.77,1988.18,0.0,0.83,380.81,1.58,67.27,3.89,239.35,6.05,0.0,1832.9865,0.0,1906.04,241.26,241.26,,,140.53,140.53
2021-11-11 06:30:00+01:00,183.87,170.96,140.1,63098.34,53997.0,12763.06,4566.28,13894.01,12022.28,11945.52,284.88,32.24,1561.34,246.36,1110.16,375.8,8053.92,396.13,189.53,,0.37,0.0,895.08,494.31,2518.79,0.0,350.0,6986.0,1605.0,213.0,366.0,,2870.0,1785.0,,41570.0,0.0,257.0,1270.0,34.54,0.0,9012.41,13.66,2657.26,6.06,0.0,0.0,481.61,0.0,1744.58,2006.21,0.0,0.87,384.97,1.48,66.31,3.86,214.26,6.14,0.0,1832.9865,0.0,1934.84,258.56,258.56,211.86,234.16,186.0,186.0
2021-11-11 06:45:00+01:00,183.87,170.96,140.1,64784.01,53997.0,13142.35,4582.5,13906.9,12135.26,11970.85,284.88,31.85,2016.65,205.57,1108.25,611.13,8057.83,396.18,189.32,,0.46,0.0,897.54,446.98,2630.2,0.0,350.0,6986.0,1605.0,213.0,366.0,,2870.0,1785.0,,41570.0,0.0,257.0,1270.0,34.08,0.0,9285.86,20.19,2692.88,6.17,0.0,0.0,481.57,0.0,1829.3,2015.86,0.0,0.84,383.12,1.25,59.85,4.96,218.04,6.1,0.0,1832.9865,0.0,1993.64,330.26,330.26,,,425.09,425.09
2021-11-11 07:00:00+01:00,214.0,200.6,163.0,66770.34,55952.0,13636.58,4673.85,14006.96,12116.67,11954.8,284.88,31.72,1669.41,296.19,1116.32,251.37,8058.43,399.59,190.64,,0.62,0.0,907.55,468.1,2721.9,0.0,355.0,6972.0,1660.0,213.0,1230.0,,3301.0,3042.0,,41677.0,172.0,259.0,1281.0,34.67,0.0,9199.32,8.42,2810.52,6.27,0.0,0.0,481.18,0.0,2064.31,2046.59,0.0,0.8,385.56,1.2,44.74,7.28,209.15,6.72,0.0,2652.8945,0.0,2104.68,77.95,77.95,234.99,259.73,44.27,44.27
2021-11-11 07:15:00+01:00,214.0,200.6,163.0,67344.24,55952.0,14213.7,4710.29,14099.45,12218.21,11945.37,284.88,31.63,1457.0,211.58,1117.02,364.16,8058.42,402.57,191.86,,38.97,0.0,909.54,481.22,2804.62,0.0,355.0,6972.0,1660.0,213.0,1230.0,,3301.0,3042.0,,41677.0,172.0,259.0,1281.0,34.31,0.0,9306.14,9.16,2813.0,6.1,0.0,0.0,481.51,0.0,2140.52,2136.64,0.0,0.84,378.58,1.22,31.79,7.56,218.75,6.35,0.0,2652.8945,0.0,1974.32,114.34,114.34,,,153.19,153.19
2021-11-11 07:30:00+01:00,214.0,200.6,163.0,68081.95,55952.0,14604.95,4710.33,14062.51,12289.24,11997.11,284.88,31.77,1618.03,219.43,1113.45,425.69,8057.84,402.83,190.47,,196.49,0.0,905.94,557.32,2898.37,0.0,355.0,6972.0,1660.0,213.0,1230.0,,3301.0,3042.0,,41677.0,172.0,259.0,1281.0,34.49,0.0,9687.1,9.2,2851.0,5.86,0.0,0.0,481.51,0.0,2157.93,2172.51,0.0,0.79,352.67,1.3,30.08,9.96,218.06,6.34,0.0,2652.8945,0.0,1959.04,127.34,127.34,237.37,262.35,554.71,554.71
2021-11-11 07:45:00+01:00,214.0,200.6,163.0,68793.07,55952.0,14804.09,4743.14,14133.46,12473.31,12028.88,284.88,31.74,1575.31,166.35,1112.22,420.53,8058.15,402.37,189.28,,622.46,0.0,903.57,722.75,2960.78,0.0,355.0,6972.0,1660.0,213.0,1230.0,,3301.0,3042.0,,41677.0,172.0,259.0,1281.0,33.89,0.0,9860.83,9.04,2871.7,5.87,0.0,0.0,481.47,0.0,2319.91,2130.94,0.12,0.68,336.6,1.35,20.75,10.84,225.24,5.91,0.0,2652.8945,0.0,1931.0,128.0,128.0,,,192.9,192.9
2021-11-11 08:00:00+01:00,219.94,219.94,219.94,69768.63,57247.0,14927.13,4759.25,14142.92,12485.41,12066.01,284.88,31.75,1262.83,114.57,1109.78,375.39,8061.68,401.8,188.96,,1362.85,0.0,901.44,825.27,3034.88,0.0,355.0,7153.0,1738.0,213.0,1220.0,,3438.0,3119.0,,41759.0,493.0,258.0,1230.0,34.42,0.0,9883.14,8.65,2930.76,6.03,0.0,0.0,481.42,0.0,2415.2,2121.16,0.86,0.1,338.45,1.42,14.6,11.28,223.31,5.84,0.0,2285.4905,0.0,2136.04,207.39,207.39,244.7,270.46,119.37,119.37
2021-11-11 08:15:00+01:00,219.94,219.94,219.94,70049.42,57247.0,15048.92,4779.5,14201.43,12454.77,12093.59,284.88,31.59,910.89,104.18,1106.57,365.66,8060.04,401.87,187.37,,2269.08,0.0,896.4,935.95,3147.05,0.0,355.0,7153.0,1738.0,213.0,1220.0,,3438.0,3119.0,,41759.0,493.0,258.0,1230.0,34.11,0.0,9713.29,8.86,2961.21,5.84,0.0,0.0,481.44,0.0,2367.81,2132.98,3.2,0.0,353.36,1.24,14.78,12.91,213.67,5.65,0.0,2285.4905,0.0,1982.36,-36.12,-36.12,,,130.69,130.69
2021-11-11 08:30:00+01:00,219.94,219.94,219.94,70318.83,57247.0,15216.19,4776.95,14284.15,12437.92,12037.3,284.88,31.45,625.55,105.26,1110.16,304.19,8062.0,401.62,185.71,,3245.4,0.0,896.61,1039.61,3221.98,0.0,355.0,7153.0,1738.0,213.0,1220.0,,3438.0,3119.0,,41759.0,493.0,258.0,1230.0,34.46,0.0,9826.06,8.64,2958.69,5.93,0.0,0.0,481.45,0.0,2366.58,2144.41,5.46,0.0,335.25,1.42,21.83,12.57,202.54,5.49,0.0,2285.4905,0.0,1902.12,300.73,300.73,248.24,274.37,142.71,142.71
2021-11-11 08:45:00+01:00,219.94,219.94,219.94,70367.14,57247.0,15354.12,4781.31,14345.88,12201.79,11979.05,284.88,31.38,335.91,40.37,1108.4,100.45,8068.68,401.65,185.74,,4252.86,0.0,895.33,1097.31,3286.03,0.0,355.0,7153.0,1738.0,213.0,1220.0,,3438.0,3119.0,,41759.0,493.0,258.0,1230.0,34.14,0.0,9838.86,8.72,2962.13,6.3,0.0,0.0,481.45,0.0,2385.15,2137.23,7.48,0.0,332.55,1.42,38.79,11.42,189.27,5.44,0.0,2285.4905,0.0,1763.8,241.1,241.1,,,142.72,142.72
2021-11-11 09:00:00+01:00,215.95,215.95,215.95,69791.39,58797.0,15426.25,4768.23,14395.42,12181.56,12024.88,284.88,31.1,1202.16,49.52,1107.12,482.48,8068.38,400.64,185.49,,5341.59,0.0,901.84,1058.48,3245.43,0.0,358.0,7116.0,1750.0,213.0,876.0,,3449.0,2393.0,,41765.0,1763.0,256.0,1205.0,34.11,0.0,9087.97,9.07,2995.63,6.0,0.0,0.0,481.43,0.0,2183.42,2120.73,11.2,0.0,331.59,1.42,57.4,10.16,176.35,5.18,0.0,974.69,0.0,1421.16,282.34,282.34,244.51,270.25,222.42,222.42
2021-11-11 09:15:00+01:00,215.95,215.95,215.95,70075.26,58797.0,15396.6,4756.57,14401.66,12307.7,12015.78,284.88,30.82,966.29,136.03,1104.28,474.71,8060.03,400.49,185.8,,6439.19,0.0,898.37,1079.17,3221.55,0.0,358.0,7116.0,1750.0,213.0,876.0,,3449.0,2393.0,,41765.0,1763.0,256.0,1205.0,34.32,0.0,9310.75,11.29,3020.67,6.3,0.0,0.0,481.38,0.0,2417.15,2065.17,14.92,0.0,356.17,1.42,63.73,7.87,170.69,6.01,0.0,974.69,0.0,1535.68,311.41,311.41,,,308.09,308.09
2021-11-11 09:30:00+01:00,215.95,215.95,215.95,70117.33,58797.0,15325.81,4742.89,14358.99,12379.09,12008.7,284.88,30.63,551.02,118.62,1099.98,420.43,8044.57,400.57,187.07,,7570.27,0.0,896.5,1149.6,3183.12,0.0,358.0,7116.0,1750.0,213.0,876.0,,3449.0,2393.0,,41765.0,1763.0,256.0,1205.0,34.49,0.0,9240.7,11.16,3022.41,6.23,0.0,0.0,481.15,0.0,2508.92,2028.68,18.02,0.0,363.9,1.38,70.95,5.57,165.85,9.03,0.0,974.69,0.0,1469.24,301.28,301.28,238.75,263.89,142.67,142.67
2021-11-11 09:45:00+01:00,215.95,215.95,215.95,70222.68,58797.0,15319.81,4737.13,14406.38,12357.2,11994.78,285.77,30.58,289.48,130.76,1100.14,164.81,8040.59,400.57,187.92,,8543.0,0.0,899.98,1155.1,3150.67,0.0,358.0,7116.0,1750.0,213.0,876.0,,3449.0,2393.0,,41765.0,1763.0,256.0,1205.0,34.4,0.0,9197.86,10.8,3021.3,6.27,0.0,0.0,480.88,0.0,2473.34,2026.66,22.37,0.0,365.49,1.3,74.25,3.65,175.16,7.79,0.0,974.69,0.0,1331.08,39.61,39.61,,,142.71,142.71
2021-11-11 10:00:00+01:00,199.2,199.2,199.2,70391.51,59353.0,15320.07,4681.86,14410.75,12320.19,12023.39,286.79,30.42,1126.51,365.0,1101.27,287.88,8035.47,437.37,186.4,,9390.42,0.0,897.91,1167.14,3037.4,0.0,356.0,7017.0,1726.0,213.0,427.0,,3020.0,1661.0,,41738.0,2999.0,253.0,1028.0,34.31,0.0,8891.05,11.17,3069.92,6.17,0.0,0.0,480.92,0.0,1984.86,2043.06,32.39,0.0,364.26,1.37,82.22,3.0,178.01,5.69,14.749,127.2265,0.0,859.72,374.87,374.87,234.03,258.67,167.86,167.86
2021-11-11 10:15:00+01:00,199.2,199.2,199.2,70674.07,59353.0,15303.5,4648.43,14387.73,12326.43,12025.75,286.79,30.17,1195.29,344.01,1100.75,310.8,8037.57,435.87,185.44,,10285.78,0.0,895.63,1336.99,2910.31,0.0,356.0,7017.0,1726.0,213.0,427.0,,3020.0,1661.0,,41738.0,2999.0,253.0,1028.0,34.04,0.0,8987.43,10.73,3106.48,6.0,0.0,0.0,480.8,0.0,1895.82,2050.48,41.16,0.0,369.28,1.27,69.1,2.52,164.94,6.12,14.749,127.2265,0.0,738.96,313.77,313.77,,,142.68,142.68
2021-11-11 10:30:00+01:00,199.2,199.2,199.2,70860.51,59353.0,15270.56,4652.37,14390.59,12400.43,11978.27,286.79,30.06,881.73,385.95,1100.12,387.83,8045.72,434.31,185.9,,10932.89,0.0,909.07,1443.85,2789.91,0.0,356.0,7017.0,1726.0,213.0,427.0,,3020.0,1661.0,,41738.0,2999.0,253.0,1028.0,34.3,0.0,9016.23,10.87,3103.63,6.1,0.0,0.0,480.8,0.0,1953.35,2046.42,39.47,0.0,359.95,1.42,51.21,2.48,147.07,5.58,14.749,127.2265,0.0,691.12,322.14,322.14,238.48,263.58,176.26,176.26
2021-11-11 10:45:00+01:00,199.2,199.2,199.2,71011.93,59353.0,15253.98,4647.76,14346.65,12447.08,11994.18,286.79,29.97,612.44,417.61,1098.02,316.42,8046.62,422.83,180.53,,11518.9,0.0,908.77,1502.26,2716.62,0.0,356.0,7017.0,1726.0,213.0,427.0,,3020.0,1661.0,,41738.0,2999.0,253.0,1028.0,34.55,0.0,9036.2,10.68,3106.89,6.23,0.0,0.0,480.83,0.0,1963.7,2043.65,48.41,0.0,356.12,1.27,54.4,3.9,129.92,5.36,14.749,127.2265,0.0,784.52,298.12,298.12,,,176.26,176.26
2021-11-11 11:00:00+01:00,168.8,181.3,161.5,71189.84,59511.0,15279.07,4603.7,14351.32,12442.75,11967.77,284.75,30.2,846.67,443.11,1099.06,258.64,8047.0,418.76,177.44,,12026.28,0.0,901.48,1644.06,2679.49,0.0,354.0,6977.0,1702.0,213.0,244.0,,2604.0,1379.0,,41714.0,3936.0,256.0,887.0,34.16,0.0,9006.43,9.56,3106.2,5.93,0.0,0.0,480.86,0.0,1984.94,2054.36,40.17,0.0,368.12,1.21,48.14,3.55,119.61,5.65,80.752,60.9325,0.0,676.52,278.41,278.41,220.62,243.84,151.5,151.5
2021-11-11 11:15:00+01:00,168.8,181.3,161.5,71625.35,59511.0,15274.97,4597.94,14316.59,12448.1,11972.28,282.97,30.2,800.93,445.83,1099.72,236.85,8043.79,418.68,177.29,,12403.09,0.0,898.82,1753.29,2604.98,0.0,354.0,6977.0,1702.0,213.0,244.0,,2604.0,1379.0,,41714.0,3936.0,256.0,887.0,34.73,0.0,9050.05,9.7,3109.78,5.67,0.0,0.0,480.86,0.0,2026.07,2072.16,35.9,0.0,362.71,1.37,41.38,4.14,120.11,6.79,80.752,60.9325,0.0,720.24,293.22,293.22,,,164.5,164.5
2021-11-11 11:30:00+01:00,168.8,181.3,161.5,71655.99,59511.0,15238.1,4587.85,14263.8,12517.33,11954.37,282.97,29.85,683.72,460.8,1100.15,324.63,8044.19,418.81,177.67,,12679.66,0.0,897.26,1793.81,2537.46,0.0,354.0,6977.0,1702.0,213.0,244.0,,2604.0,1379.0,,41714.0,3936.0,256.0,887.0,34.32,0.0,9126.03,9.58,3105.55,5.8,0.0,0.0,480.64,0.0,2048.6,2065.46,33.97,0.0,357.95,1.15,53.01,4.17,108.48,5.25,80.752,60.9325,0.0,700.44,293.21,293.21,221.46,244.78,238.52,238.52
2021-11-11 11:45:00+01:00,168.8,181.3,161.5,71445.15,59511.0,15202.42,4595.73,14218.1,12494.66,11931.95,282.97,29.55,644.92,460.78,1098.97,383.61,8044.66,413.74,175.71,,12773.26,0.0,901.86,1891.98,2354.0,0.0,354.0,6977.0,1702.0,213.0,244.0,,2604.0,1379.0,,41714.0,3936.0,256.0,887.0,34.19,0.0,9131.05,9.87,3108.17,5.77,0.0,0.0,480.59,0.0,2054.5,2034.51,40.55,0.0,356.23,1.13,68.08,4.06,118.65,5.28,80.752,60.9325,0.0,682.76,308.04,308.04,,,164.93,164.93
2021-11-11 12:00:00+01:00,159.58,176.26,149.88,71122.12,60993.0,15184.26,4529.12,14206.51,12464.42,11896.43,281.69,29.29,753.82,233.13,1102.11,227.88,8041.79,410.22,171.7,,12835.36,0.0,941.47,2011.91,2337.34,0.0,352.0,6916.0,1675.0,213.0,601.0,,2393.0,1490.0,,41697.0,4348.0,254.0,840.0,34.08,0.0,9154.29,9.46,3103.63,5.8,0.0,0.0,480.59,0.0,2085.13,2028.27,38.18,0.0,343.46,1.1,71.48,4.25,111.84,6.09,190.9175,4.9525,0.0,689.24,307.79,307.79,218.76,241.78,417.02,417.02
2021-11-11 12:15:00+01:00,159.58,176.26,149.88,71030.67,60993.0,15027.48,4521.93,14217.51,12503.39,11887.58,279.27,29.16,509.15,283.73,1107.64,256.47,8041.33,410.34,172.33,,12740.1,0.0,931.19,2067.99,2350.82,0.0,352.0,6916.0,1675.0,213.0,601.0,,2393.0,1490.0,,41697.0,4348.0,254.0,840.0,34.23,0.0,9112.87,9.51,3107.19,5.73,0.0,0.0,480.2,0.0,2143.56,1954.05,32.2,0.0,348.62,1.19,72.03,4.11,110.28,5.77,190.9175,4.9525,0.0,835.32,289.99,289.99,,,152.88,152.88
2021-11-11 12:30:00+01:00,159.58,176.26,149.88,70790.75,60993.0,14968.61,4528.06,14267.91,12529.13,11873.93,279.14,28.99,422.2,309.88,1107.57,349.34,8041.67,409.47,172.7,,12513.47,0.0,917.27,2107.34,2326.33,0.0,352.0,6916.0,1675.0,213.0,601.0,,2393.0,1490.0,,41697.0,4348.0,254.0,840.0,34.16,0.0,9009.06,10.07,3115.89,5.8,0.0,0.0,480.06,0.0,2064.35,1959.14,36.06,0.0,336.33,1.07,69.09,3.79,117.85,7.24,190.9175,4.9525,0.0,789.88,314.37,314.37,214.26,236.82,145.22,145.22
2021-11-11 12:45:00+01:00,159.58,176.26,149.88,70748.97,60993.0,14968.94,4523.6,14306.72,12514.73,11894.98,279.14,29.06,458.74,290.51,1111.9,469.55,8038.56,406.31,172.43,,12099.22,0.0,921.01,2144.7,2415.16,0.0,352.0,6916.0,1675.0,213.0,601.0,,2393.0,1490.0,,41697.0,4348.0,254.0,840.0,34.52,0.0,8991.76,9.58,3113.22,5.73,0.0,0.0,480.05,0.0,1990.98,1995.12,35.18,0.0,335.37,1.25,73.92,3.57,113.54,7.53,190.9175,4.9525,0.0,891.24,-85.69,-85.69,,,136.52,136.52
2021-11-11 13:00:00+01:00,167.04,176.97,158.38,70699.74,58514.0,15034.88,4499.25,14336.66,12553.2,11895.34,279.14,28.97,372.79,152.34,1105.56,31.33,8037.79,412.36,172.96,,11606.67,0.0,929.02,2162.02,2470.07,0.0,351.0,7071.0,1708.0,213.0,617.0,,2405.0,1944.0,,41667.0,4156.0,254.0,788.0,34.09,0.0,9257.42,9.1,3102.89,5.8,0.0,0.0,480.56,0.0,2101.53,2037.44,32.51,0.0,337.75,1.46,92.13,2.64,117.62,6.92,0.0,759.5435,0.0,1315.4,141.36,141.36,198.67,219.59,410.66,410.66
2021-11-11 13:15:00+01:00,167.04,176.97,158.38,70343.78,58514.0,14965.19,4487.33,14318.63,12676.48,11889.02,279.14,28.97,538.89,202.64,1104.28,27.89,8032.11,412.43,172.88,,11087.36,0.0,933.54,2229.46,2458.82,0.0,351.0,7071.0,1708.0,213.0,617.0,,2405.0,1944.0,,41667.0,4156.0,254.0,788.0,34.7,0.0,9359.15,9.49,3099.48,5.8,0.0,0.0,480.02,0.0,2140.15,1968.72,38.12,0.0,337.24,1.3,93.33,2.52,120.58,7.34,0.0,759.5435,0.0,1581.52,113.99,113.99,,,132.86,132.86
2021-11-11 13:30:00+01:00,167.04,176.97,158.38,69999.25,58514.0,14940.9,4473.92,14281.09,12688.56,11891.79,279.14,28.97,589.33,205.62,1105.25,108.03,8031.92,412.28,172.74,,10421.4,0.0,934.83,2335.99,2416.87,0.0,351.0,7071.0,1708.0,213.0,617.0,,2405.0,1944.0,,41667.0,4156.0,254.0,788.0,34.19,0.0,9259.01,9.47,3097.5,5.7,0.0,0.0,480.07,0.0,2212.21,1955.32,54.8,0.0,336.66,1.12,91.98,1.59,123.54,7.27,0.0,759.5435,0.0,1604.6,83.14,83.14,193.27,213.61,127.8,127.8
2021-11-11 13:45:00+01:00,167.04,176.97,158.38,69573.99,58514.0,14989.42,4469.44,14225.48,12633.02,11869.07,279.14,28.92,786.81,200.62,1109.96,107.06,8032.35,412.31,173.04,,9637.94,0.0,933.11,2266.06,2568.54,0.0,351.0,7071.0,1708.0,213.0,617.0,,2405.0,1944.0,,41667.0,4156.0,254.0,788.0,34.29,0.0,9216.28,9.24,3099.5,5.7,0.0,0.0,480.03,0.0,2122.14,2008.3,43.92,0.0,336.76,0.99,93.97,0.91,107.56,6.92,0.0,759.5435,0.0,1569.48,304.32,304.32,,,148.84,148.84
2021-11-11 14:00:00+01:00,184.54,173.57,163.78,69394.15,55215.0,15019.26,4483.32,14252.22,12580.93,11855.69,278.89,28.97,1020.04,307.27,1113.08,74.7,8036.56,415.26,173.97,,8780.93,0.0,931.19,2136.63,2622.17,0.0,352.0,7065.0,1720.0,213.0,,169.0,2363.0,1549.0,,41629.0,3562.0,253.0,726.0,34.48,0.0,9029.48,9.54,3091.22,5.97,0.0,0.0,480.05,0.0,1990.2,2046.82,47.26,0.0,335.16,0.82,92.04,1.22,104.98,8.19,0.0,1629.5495,0.0,1384.28,349.02,349.02,197.16,217.92,145.86,145.86
2021-11-11 14:15:00+01:00,184.54,173.57,163.78,69112.8,55215.0,15079.34,4489.04,14242.83,12586.17,11739.76,278.76,29.14,1483.45,142.64,1113.73,353.53,8032.26,415.26,173.87,,7822.18,0.0,932.14,2061.66,2689.05,0.0,352.0,7065.0,1720.0,213.0,,169.0,2363.0,1549.0,,41629.0,3562.0,253.0,726.0,34.41,0.0,8991.89,9.34,3086.54,6.06,0.0,0.0,480.04,0.0,1924.17,2080.36,42.06,0.0,348.48,1.11,90.84,1.06,111.07,8.52,0.0,1629.5495,0.0,1426.36,334.14,334.14,,,141.8,141.8
2021-11-11 14:30:00+01:00,184.54,173.57,163.78,68751.6,55215.0,15155.37,4506.73,14219.21,12643.13,11635.74,279.14,29.46,2040.84,49.37,1110.43,638.7,8033.47,415.16,173.74,,6749.85,0.0,932.55,1990.03,2686.79,0.0,352.0,7065.0,1720.0,213.0,,169.0,2363.0,1549.0,,41629.0,3562.0,253.0,726.0,34.44,0.0,8997.72,9.21,3091.0,6.14,0.0,0.0,480.32,0.0,1864.05,2113.18,33.29,0.0,353.75,1.48,94.26,0.45,119.58,7.46,0.0,1629.5495,0.0,1614.56,400.07,400.07,202.32,223.62,145.8,145.8
2021-11-11 14:45:00+01:00,184.54,173.57,163.78,68713.12,55215.0,15246.55,4522.27,14210.99,12663.46,11682.16,279.14,29.67,2577.71,11.36,1109.19,607.14,8034.03,428.75,180.4,,5609.06,0.0,935.11,1860.59,2663.24,0.0,352.0,7065.0,1720.0,213.0,,169.0,2363.0,1549.0,,41629.0,3562.0,253.0,726.0,34.33,0.0,9053.37,9.65,3085.52,5.73,0.0,0.0,480.57,0.0,1836.06,2138.55,23.67,0.0,355.6,1.52,96.77,0.78,121.94,7.77,0.0,1629.5495,0.0,1702.28,345.56,345.56,,,151.41,151.41
2021-11-11 15:00:00+01:00,201.37,174.6,160.0,68780.46,53372.0,15276.17,4519.8,14294.24,12753.59,11697.62,279.14,29.82,1451.43,142.93,1112.61,96.19,8036.54,452.74,190.96,,4477.17,0.0,933.41,1796.71,2553.45,0.0,356.0,7060.0,1714.0,213.0,,38.0,2572.0,1519.0,,41619.0,2387.0,253.0,698.0,34.32,0.0,9073.57,9.46,3102.2,5.77,0.0,0.0,480.54,0.0,2004.0,2167.59,18.58,0.0,352.82,1.57,99.6,1.39,128.28,7.55,0.0,2486.7155,0.0,2042.52,272.17,272.17,200.74,221.87,106.97,106.97
2021-11-11 15:15:00+01:00,201.37,174.6,160.0,68475.8,53372.0,15386.24,4529.91,14376.83,12734.49,11723.59,279.14,29.95,1660.67,33.41,1111.54,237.75,8039.3,453.64,191.67,,3361.68,0.0,934.17,1686.13,2567.02,0.0,356.0,7060.0,1714.0,213.0,,38.0,2572.0,1519.0,,41619.0,2387.0,253.0,698.0,34.33,0.0,9091.81,9.38,3097.78,5.83,0.0,0.0,480.6,0.0,1984.96,2191.12,17.54,0.0,354.22,1.52,91.09,1.41,125.18,7.33,0.0,2486.7155,0.0,2003.48,84.28,84.28,,,151.84,151.84
2021-11-11 15:30:00+01:00,201.37,174.6,160.0,68182.58,53372.0,15511.83,4536.79,14378.22,12613.72,11746.39,279.14,30.13,2186.48,141.78,1112.66,320.97,8039.81,453.69,191.64,,2330.46,0.0,934.97,1571.73,2597.72,0.0,356.0,7060.0,1714.0,213.0,,38.0,2572.0,1519.0,,41619.0,2387.0,253.0,698.0,34.44,0.0,9200.79,9.89,3100.42,5.6,0.0,0.0,480.64,0.0,1903.87,2203.53,11.41,0.0,350.7,1.52,86.52,1.32,115.15,6.65,0.0,2486.7155,0.0,2068.36,304.0,304.0,210.25,232.39,165.84,165.84
2021-11-11 15:45:00+01:00,201.37,174.6,160.0,68150.47,53372.0,15611.9,4557.91,14386.35,12438.88,11747.59,279.14,30.25,2837.48,163.65,1115.04,635.11,8038.29,453.94,193.84,,1394.84,0.0,940.55,1519.03,2633.63,0.0,356.0,7060.0,1714.0,213.0,,38.0,2572.0,1519.0,,41619.0,2387.0,253.0,698.0,34.47,0.0,9261.7,9.68,3101.52,5.77,0.0,0.0,480.67,0.0,1898.04,2207.62,7.13,0.0,349.72,1.58,91.51,0.28,117.39,6.59,0.0,2486.7155,0.0,2045.52,347.36,347.36,,,167.86,167.86
2021-11-11 16:00:00+01:00,219.59,188.99,216.03,68249.95,52911.0,15533.84,4646.53,14422.31,12426.91,11813.72,279.14,30.53,1869.22,49.79,1116.54,122.06,8039.57,455.14,194.9,,681.3,0.0,966.71,1397.13,2458.83,0.0,348.0,7031.0,1670.0,213.0,358.0,,3104.0,1862.0,,41619.0,987.0,252.0,676.0,34.3,0.0,9360.16,9.9,3100.42,5.83,0.0,0.0,480.62,0.0,2166.95,2116.92,3.94,0.0,349.44,1.58,96.79,0.25,115.26,6.66,0.0,2825.148,0.0,1822.0,338.62,338.62,222.74,246.18,479.79,479.79
2021-11-11 16:15:00+01:00,219.59,188.99,216.03,68297.11,52911.0,15518.84,4702.16,14555.31,12495.02,11856.07,279.14,30.65,2238.96,65.34,1110.6,299.14,8042.99,455.31,194.75,,242.03,0.0,965.64,1335.09,2383.13,0.0,348.0,7031.0,1670.0,213.0,358.0,,3104.0,1862.0,,41619.0,987.0,252.0,676.0,34.49,0.0,9405.85,12.74,3115.03,6.23,0.0,0.0,480.64,0.0,2477.9,2011.24,1.78,0.14,358.12,1.85,74.67,1.84,116.26,7.23,0.0,2825.148,0.0,1912.08,300.74,300.74,,,257.93,257.93
2021-11-11 16:30:00+01:00,219.59,188.99,216.03,68873.37,52911.0,15735.85,4729.86,14608.79,12512.68,11833.13,300.44,30.73,2627.47,126.15,1119.35,432.43,8035.58,455.34,194.72,,51.11,0.0,966.53,1142.68,2455.75,0.0,348.0,7031.0,1670.0,213.0,358.0,,3104.0,1862.0,,41619.0,987.0,252.0,676.0,33.88,0.0,9471.34,8.05,3117.23,6.3,0.0,0.0,480.71,0.0,2572.42,1987.19,1.37,0.58,357.5,1.79,51.45,3.04,129.53,7.29,0.0,2825.148,0.0,1947.48,431.96,431.96,214.71,237.31,415.1,415.1
2021-11-11 16:45:00+01:00,219.59,188.99,216.03,69460.32,52911.0,16012.38,4771.04,14621.53,12645.56,11826.82,409.43,30.98,2630.86,36.54,1113.29,284.13,8032.29,455.51,194.58,,2.87,0.0,962.13,1048.87,2449.88,0.0,348.0,7031.0,1670.0,213.0,358.0,,3104.0,1862.0,,41619.0,987.0,252.0,676.0,34.02,0.0,9671.56,8.51,3117.71,6.24,0.0,0.0,480.67,0.0,2744.35,1931.52,1.01,0.83,360.54,1.52,42.82,6.32,125.69,7.06,0.0,2825.148,0.0,1850.12,60.94,60.94,,,554.71,554.71
2021-11-11 17:00:00+01:00,240.02,226.03,238.37,70553.78,56308.0,16228.0,4818.41,14579.07,13050.08,11812.69,436.89,31.18,3192.41,12.28,1108.94,322.82,8026.24,455.76,194.68,,0.74,0.0,962.89,1012.27,2443.52,0.0,348.0,7213.0,1757.0,213.0,1527.0,,3681.0,2341.0,,41659.0,238.0,251.0,767.0,33.54,0.0,9762.41,8.28,3099.31,6.06,0.0,0.0,480.42,0.0,3281.99,1765.19,0.97,0.82,362.14,1.81,42.23,10.32,120.38,8.55,0.0,2047.99,0.0,866.84,184.26,184.26,203.58,225.0,68.37,68.37
2021-11-11 17:15:00+01:00,240.02,226.03,238.37,71109.59,56308.0,16500.07,4843.92,14658.44,13168.9,11809.98,457.79,31.31,3191.73,10.74,1110.55,529.02,8024.31,455.79,194.71,,0.68,0.0,968.13,904.88,2452.4,0.0,348.0,7213.0,1757.0,213.0,1527.0,,3681.0,2341.0,,41659.0,238.0,251.0,767.0,33.9,0.0,9834.01,8.94,3109.06,6.2,0.0,0.0,480.69,0.0,3147.86,1743.61,0.97,0.9,358.23,1.74,44.55,12.99,146.75,6.99,0.0,2047.99,0.0,446.92,356.25,356.25,,,125.37,125.37
2021-11-11 17:30:00+01:00,240.02,226.03,238.37,71380.04,56308.0,16545.52,4862.73,14637.25,13231.25,11862.17,596.0,31.52,3145.72,94.51,1106.41,367.16,8024.63,455.79,196.16,,0.62,0.0,968.83,725.18,2524.16,0.0,348.0,7213.0,1757.0,213.0,1527.0,,3681.0,2341.0,,41659.0,238.0,251.0,767.0,33.57,0.0,9918.96,8.9,3106.42,6.14,0.0,0.0,480.44,0.0,3118.14,1721.74,0.97,0.87,352.82,2.17,48.54,13.9,148.65,6.96,0.0,2047.99,76.36,465.84,310.25,310.25,239.86,265.1,128.58,128.58
2021-11-11 17:45:00+01:00,240.02,226.03,238.37,71327.57,56308.0,16487.28,4850.93,14656.46,13186.99,11913.34,611.77,31.51,3066.04,71.88,1107.87,367.96,8027.2,455.79,193.12,,0.47,0.0,965.54,630.18,2502.37,0.0,348.0,7213.0,1757.0,213.0,1527.0,,3681.0,2341.0,,41659.0,238.0,251.0,767.0,34.07,0.0,9993.09,9.32,3108.41,5.96,0.0,0.0,480.26,0.0,3131.27,1702.95,0.97,0.88,361.82,1.86,50.42,12.08,144.0,6.88,0.0,2047.99,28.8,516.16,375.25,375.25,,,192.8,192.8
2021-11-11 18:00:00+01:00,252.12,252.12,252.12,71085.73,61400.0,16181.41,4846.05,14633.98,13182.87,11929.89,612.93,31.68,2849.18,117.64,1103.73,332.61,8031.2,456.24,193.16,,0.45,0.0,969.72,630.97,2318.87,0.0,349.0,7299.0,1733.0,216.0,2889.0,,4251.0,3366.0,,41672.0,0.0,249.0,943.0,33.64,0.0,10117.98,8.93,3090.4,6.0,0.0,0.0,480.64,0.0,3275.15,1649.81,0.97,0.85,368.08,1.92,50.64,10.74,141.65,7.04,0.0,1359.099,0.0,1497.56,142.69,142.69,241.86,267.32,268.3,268.3
2021-11-11 18:15:00+01:00,252.12,252.12,252.12,70710.08,61400.0,15953.17,4811.42,14617.67,13046.58,11914.48,613.17,31.77,2762.03,76.99,1102.32,159.68,8031.39,456.21,193.77,,0.35,0.0,972.37,646.11,2209.35,0.0,349.0,7299.0,1733.0,216.0,2889.0,,4251.0,3366.0,,41672.0,0.0,249.0,943.0,34.47,0.0,10116.58,9.81,3087.28,6.24,0.0,0.0,480.78,0.0,3261.14,1626.35,0.97,0.89,374.94,2.18,57.48,10.27,152.4,7.05,0.0,1359.099,0.0,1626.52,142.58,142.58,,,177.83,177.83
2021-11-11 18:30:00+01:00,252.12,252.12,252.12,70680.25,61400.0,15801.89,4808.2,14642.82,12945.47,11809.11,614.04,31.96,2713.15,57.82,1099.86,299.47,8030.92,456.34,193.97,,0.38,0.0,963.62,689.65,2205.34,0.0,349.0,7299.0,1733.0,216.0,2889.0,,4251.0,3366.0,,41672.0,0.0,249.0,943.0,34.16,0.0,10107.7,9.62,3087.86,6.2,0.0,0.0,480.83,0.0,3200.93,1618.63,0.97,0.84,369.83,1.96,72.91,9.73,154.12,6.86,0.0,1359.099,0.0,1598.12,166.14,166.14,241.56,266.98,151.83,151.83
2021-11-11 18:45:00+01:00,252.12,252.12,252.12,70450.92,61400.0,15659.08,4815.29,14636.6,12936.16,11825.64,614.52,32.08,2622.09,55.62,1098.31,161.3,8032.38,456.21,193.7,,0.4,0.0,950.85,732.95,2160.47,0.0,349.0,7299.0,1733.0,216.0,2889.0,,4251.0,3366.0,,41672.0,0.0,249.0,943.0,34.4,0.0,10100.04,9.58,3083.61,6.2,0.0,0.0,480.8,0.0,3169.21,1607.36,0.97,0.91,365.75,1.82,71.67,8.93,144.68,6.8,0.0,1359.099,0.0,1616.64,168.12,168.12,,,133.43,145.83
2021-11-11 19:00:00+01:00,232.09,232.09,232.09,69839.5,62322.0,15503.55,4807.45,14624.27,12932.19,11852.27,431.65,32.15,3036.33,144.35,1098.24,251.55,8032.19,456.29,193.61,,0.3,0.0,946.73,741.01,2070.8,0.0,348.0,7363.0,1674.0,216.0,2331.0,,4214.0,3250.0,,41687.0,0.0,249.0,1175.0,34.32,0.0,10069.23,9.83,3087.33,6.33,0.0,0.0,480.79,0.0,3081.82,1597.68,0.97,0.9,367.0,1.75,93.85,6.0,150.56,6.87,0.0,928.8725,0.0,1996.2,158.29,158.29,268.95,297.27,223.28,223.28
2021-11-11 19:15:00+01:00,232.09,232.09,232.09,69191.86,62322.0,15358.12,4798.69,14596.82,12915.18,11885.95,279.14,32.25,2637.95,159.82,1102.18,165.3,8033.47,456.46,193.35,,0.33,0.0,950.9,720.49,2131.61,0.0,348.0,7363.0,1674.0,216.0,2331.0,,4214.0,3250.0,,41687.0,0.0,249.0,1175.0,34.57,0.0,10087.18,9.45,3085.53,6.03,0.0,0.0,480.84,0.0,3074.12,1602.11,0.97,0.89,359.32,2.49,101.2,0.0,168.09,6.83,0.0,928.8725,0.0,2119.6,130.53,130.53,,,162.82,162.82
2021-11-11 19:30:00+01:00,232.09,232.09,232.09,68801.4,62322.0,15237.87,4792.43,14537.16,12888.21,11903.33,279.14,32.31,2693.43,159.59,1100.35,111.35,8033.4,451.67,193.21,,0.34,0.0,948.47,751.9,2081.64,0.0,348.0,7363.0,1674.0,216.0,2331.0,,4214.0,3250.0,,41687.0,0.0,249.0,1175.0,34.43,0.0,10045.39,9.6,3053.36,6.4,0.0,0.0,480.85,0.0,3042.71,1599.81,0.97,0.85,358.73,2.26,147.68,0.0,175.27,6.45,0.0,928.8725,0.0,2042.2,-128.8,-128.8,218.6,241.62,136.88,136.88
2021-11-11 19:45:00+01:00,232.09,232.09,232.09,68161.41,62322.0,15124.95,4789.82,14537.05,12741.45,11906.29,279.14,32.37,2265.99,73.03,1097.44,40.85,8027.54,451.42,193.21,,0.3,0.0,947.93,794.59,2058.79,0.0,348.0,7363.0,1674.0,216.0,2331.0,,4214.0,3250.0,,41687.0,0.0,249.0,1175.0,34.29,0.0,9990.7,9.71,2987.58,6.17,0.0,0.0,480.97,0.0,2993.12,1592.32,0.97,0.92,365.32,2.02,165.99,0.0,192.76,6.8,0.0,928.8725,0.0,1972.08,205.83,205.83,,,134.24,134.24
2021-11-11 20:00:00+01:00,218.0,218.0,218.0,67147.9,59663.0,14926.34,4718.15,14453.56,12620.15,11879.47,279.14,32.33,1590.9,166.06,1096.36,57.41,8030.69,451.44,193.09,,0.34,0.0,911.4,860.87,1957.51,0.0,349.0,7217.0,1671.0,216.0,1443.0,,3762.0,2137.0,,41707.0,0.0,251.0,1225.0,34.35,0.0,10076.64,9.38,2914.69,6.2,0.0,0.0,481.24,0.0,2717.91,1588.86,0.97,0.87,363.45,2.92,182.6,0.0,206.87,6.84,0.0,748.6515,0.0,1984.6,-106.16,-106.16,226.44,250.28,137.89,167.89
2021-11-11 20:15:00+01:00,218.0,218.0,218.0,66100.44,59663.0,14738.67,4700.76,14422.21,12658.5,11866.22,279.14,32.29,1178.54,117.25,1092.42,63.85,8030.83,451.49,192.86,,0.33,0.0,923.36,905.53,2012.06,0.0,349.0,7217.0,1671.0,216.0,1443.0,,3762.0,2137.0,,41707.0,0.0,251.0,1225.0,34.16,0.0,10102.37,9.64,2880.77,5.93,0.0,0.0,480.86,0.0,2719.72,1583.56,0.97,0.9,356.96,2.02,186.71,0.0,223.7,6.8,0.0,748.6515,0.0,2054.84,104.94,104.94,,,177.86,177.86
2021-11-11 20:30:00+01:00,218.0,218.0,218.0,65084.48,59663.0,14583.07,4694.83,14394.79,12532.74,11847.62,279.14,32.32,920.13,29.3,1096.11,22.3,8032.85,451.64,190.7,,0.27,0.0,925.31,894.39,2093.55,0.0,349.0,7217.0,1671.0,216.0,1443.0,,3762.0,2137.0,,41707.0,0.0,251.0,1225.0,34.28,0.0,10061.45,9.33,2940.32,6.34,0.0,0.0,480.82,0.0,2758.07,1587.42,0.97,0.9,368.67,2.44,188.16,0.0,220.24,6.75,0.0,748.6515,0.0,1996.28,15.39,15.39,207.1,228.9,141.88,141.88
2021-11-11 20:45:00+01:00,218.0,218.0,218.0,63737.86,59663.0,14405.89,4674.65,14175.11,12409.99,11858.31,279.14,32.5,433.14,469.23,1093.04,13.34,8031.32,456.1,191.06,,0.32,0.0,925.08,869.73,2085.45,0.0,349.0,7217.0,1671.0,216.0,1443.0,,3762.0,2137.0,,41707.0,0.0,251.0,1225.0,34.71,0.0,9927.81,9.12,3010.63,6.16,0.0,0.0,480.85,0.0,2730.55,1582.42,0.97,0.88,374.08,2.63,185.88,0.0,206.04,6.76,0.0,748.6515,0.0,1850.2,-7.25,-7.25,,,136.85,136.85
2021-11-11 21:00:00+01:00,201.0,201.0,201.0,63077.87,57568.0,14213.52,4573.66,14136.22,12394.88,11884.96,279.14,32.64,1127.45,405.18,1090.97,164.34,8034.51,456.35,191.79,,0.34,0.0,927.11,875.16,2114.27,0.0,349.0,7040.0,1655.0,216.0,818.0,,3249.0,1488.0,,41720.0,0.0,255.0,1194.0,34.14,0.0,9934.7,10.0,3020.03,5.97,0.0,0.0,481.32,0.0,2593.81,1576.5,0.97,0.88,373.51,2.46,207.8,0.0,208.18,6.77,35.095,255.017,0.0,1727.72,111.62,111.62,216.57,239.37,554.71,554.71
2021-11-11 21:15:00+01:00,201.0,201.0,201.0,62224.19,57568.0,13942.68,4548.36,14113.69,12367.55,11890.37,279.14,32.74,926.03,454.84,1090.03,49.6,8032.3,456.4,191.83,,0.28,0.0,925.0,868.28,2089.51,0.0,349.0,7040.0,1655.0,216.0,818.0,,3249.0,1488.0,,41720.0,0.0,255.0,1194.0,34.35,0.0,10139.05,9.52,3030.49,5.9,0.0,0.0,480.84,0.0,2740.72,1540.78,0.97,0.91,375.71,2.13,243.81,0.0,221.12,6.75,35.095,255.017,0.0,2031.96,96.84,96.84,,,122.37,292.85
2021-11-11 21:30:00+01:00,201.0,201.0,201.0,60876.43,57568.0,13673.08,4523.56,14059.68,12135.3,11857.07,279.14,32.82,438.64,334.56,1094.29,21.04,8022.28,456.35,191.35,,0.35,0.0,925.42,900.17,2160.22,0.0,349.0,7040.0,1655.0,216.0,818.0,,3249.0,1488.0,,41720.0,0.0,255.0,1194.0,34.17,0.0,9656.08,9.48,3040.53,5.87,0.0,0.0,480.8,0.0,2722.93,1519.08,0.97,0.88,375.86,2.15,274.7,0.0,230.8,6.82,35.095,255.017,0.0,1791.76,31.99,31.99,133.06,147.06,107.85,107.85
2021-11-11 21:45:00+01:00,201.0,201.0,201.0,59917.06,57568.0,13527.86,4518.98,13968.42,11904.91,11815.94,279.14,32.9,245.98,998.49,1096.97,19.34,8022.38,456.13,191.42,,0.34,0.0,922.96,987.3,2039.64,0.0,349.0,7040.0,1655.0,216.0,818.0,,3249.0,1488.0,,41720.0,0.0,255.0,1194.0,34.7,0.0,9528.57,10.02,3036.65,5.86,0.0,0.0,480.79,0.0,2637.56,1525.91,0.97,0.9,386.57,2.28,274.52,0.0,254.88,7.04,35.095,255.017,0.0,1778.32,-25.07,-25.07,,,133.46,133.46
2021-11-11 22:00:00+01:00,180.01,180.01,180.01,59342.47,57878.0,13290.96,4463.71,14054.03,11631.49,11855.26,279.14,33.16,827.78,1026.47,1094.7,47.07,8023.72,442.34,185.32,,0.26,0.0,931.46,1093.05,1875.7,0.0,352.0,7103.0,1631.0,216.0,972.0,,2692.0,1087.0,,41600.0,0.0,254.0,1208.0,34.43,0.0,9399.22,13.49,3079.67,5.97,0.0,0.0,481.98,0.0,2436.68,1528.94,0.97,0.88,377.36,1.89,290.11,0.0,276.86,6.83,560.2745,25.2075,0.0,1284.6,-55.0,-55.0,206.34,228.06,217.85,217.85
2021-11-11 22:15:00+01:00,180.01,180.01,180.01,58584.07,57878.0,13125.94,4448.25,14058.54,11492.7,11939.86,279.14,33.47,529.55,1212.23,1095.3,29.66,8021.8,440.46,184.58,,0.3,0.0,928.62,1082.95,1968.35,0.0,352.0,7103.0,1631.0,216.0,972.0,,2692.0,1087.0,,41600.0,0.0,254.0,1208.0,34.72,0.0,9395.41,12.8,3086.14,6.43,0.0,0.0,480.77,0.0,2314.4,1544.26,0.97,0.89,380.0,2.02,283.38,0.0,284.31,6.74,560.2745,25.2075,0.0,1218.2,-81.76,-81.76,,,177.83,177.83
2021-11-11 22:30:00+01:00,180.01,180.01,180.01,57531.57,57878.0,12946.29,4457.38,14078.91,11461.11,11996.35,279.14,33.61,284.28,1286.91,1093.81,30.19,8020.93,440.58,184.49,,0.24,0.0,928.72,1012.05,1936.92,0.0,352.0,7103.0,1631.0,216.0,972.0,,2692.0,1087.0,,41600.0,0.0,254.0,1208.0,34.38,0.0,9296.28,12.71,3085.26,6.1,0.0,0.0,480.77,0.0,2263.78,1541.14,0.97,0.86,378.55,2.13,289.5,0.0,281.87,6.56,560.2745,25.2075,0.0,986.12,305.25,305.25,208.14,230.04,185.21,185.21
2021-11-11 22:45:00+01:00,180.01,180.01,180.01,56062.04,57878.0,12730.11,4463.81,14000.22,11134.37,12033.91,279.14,33.67,62.2,1554.59,1095.91,16.88,8021.01,440.51,184.49,,0.3,0.0,925.7,966.66,1801.63,0.0,352.0,7103.0,1631.0,216.0,972.0,,2692.0,1087.0,,41600.0,0.0,254.0,1208.0,34.68,0.0,9243.91,12.32,3084.64,5.84,0.0,0.0,480.78,0.0,2247.72,1547.34,0.97,0.89,362.15,1.5,305.43,0.0,279.02,6.66,560.2745,25.2075,0.0,1016.72,268.26,268.26,,,133.48,133.48
2021-11-11 23:00:00+01:00,156.14,164.79,150.86,55274.76,58748.0,12594.21,4431.29,13839.88,10959.88,12007.45,279.14,33.76,473.9,1595.65,1098.26,80.45,8021.12,429.37,180.04,,0.33,0.0,921.38,984.35,1759.81,0.0,353.0,7153.0,1490.0,217.0,308.0,,2355.0,678.0,,41582.0,0.0,250.0,1214.0,34.59,0.0,9228.65,12.6,3025.66,5.93,0.0,0.0,480.75,0.0,2144.89,1585.07,0.97,0.93,363.34,1.47,315.55,0.0,272.49,6.64,1652.579,0.0,0.0,466.56,282.3,282.3,204.5,226.02,127.85,127.85
2021-11-11 23:15:00+01:00,156.14,164.79,150.86,54389.15,58748.0,12459.99,4418.14,13794.39,10458.15,11989.18,279.14,33.89,247.93,1663.22,1098.35,83.47,8016.57,425.99,178.18,,0.3,0.0,917.99,1071.43,1740.14,0.0,353.0,7153.0,1490.0,217.0,308.0,,2355.0,678.0,,41582.0,0.0,250.0,1214.0,34.5,0.0,9110.29,14.76,3029.86,5.9,0.0,0.0,480.72,0.0,2049.24,1596.98,0.97,0.84,368.34,1.59,350.3,0.0,266.48,6.64,1652.579,0.0,0.0,340.16,270.06,270.06,,,151.84,151.84
2021-11-11 23:30:00+01:00,156.14,164.79,150.86,53716.18,58748.0,12238.39,4410.14,13757.65,10237.16,11922.43,279.78,33.88,93.85,1789.87,1099.99,49.44,8016.17,425.84,178.08,,0.33,0.0,924.15,1105.56,1735.34,0.0,353.0,7153.0,1490.0,217.0,308.0,,2355.0,678.0,,41582.0,0.0,250.0,1214.0,34.64,0.0,8967.49,12.57,3040.74,5.53,0.0,0.0,480.72,0.0,2033.87,1601.31,0.97,0.89,366.26,1.6,401.94,0.0,272.05,6.7,1652.579,0.0,8.56,335.84,293.53,293.53,156.55,173.03,127.37,138.11
2021-11-11 23:45:00+01:00,156.14,164.79,150.86,52728.84,58748.0,12000.12,4386.28,13773.85,9895.76,11781.77,280.29,33.89,31.37,2079.62,1100.06,7.07,8012.6,425.61,178.33,,0.32,0.0,911.81,1113.47,1796.93,0.0,353.0,7153.0,1490.0,217.0,308.0,,2355.0,678.0,,41582.0,0.0,250.0,1214.0,34.4,0.0,8754.55,12.02,3029.05,5.54,0.0,0.0,480.7,0.0,2020.17,1600.29,0.97,0.85,368.98,2.09,458.52,0.0,251.73,7.29,1652.579,0.0,0.0,424.6,150.36,150.36,,,88.88,88.88
2021-11-12 00:00:00+01:00,167.72,167.72,167.72,51649.53,56703.0,11954.0,4366.16,13865.86,9476.27,11752.84,279.14,34.21,535.41,1553.13,1100.74,18.93,8013.66,419.55,174.67,,0.28,0.0,936.55,1144.75,1868.17,0.0,353.0,7145.0,1331.0,217.0,,369.0,2112.0,661.0,,41552.0,0.0,255.0,1260.0,34.24,0.0,8047.86,12.17,2956.48,5.63,0.0,0.0,480.74,0.0,1989.39,1647.38,0.97,0.91,370.26,1.69,436.65,0.0,247.8,7.42,1733.207,0.0,293.28,146.36,270.28,270.28,164.69,182.03,-2.28,147.72
2021-11-12 00:15:00+01:00,167.72,167.72,167.72,51038.64,56703.0,11857.21,4358.2,13847.58,9599.53,11650.36,279.14,34.42,197.92,1726.75,1097.72,6.95,8016.34,419.12,174.51,,0.36,0.0,927.65,1166.23,1794.21,0.0,353.0,7145.0,1331.0,217.0,,369.0,2112.0,661.0,,41552.0,0.0,255.0,1260.0,34.58,0.0,7592.85,21.97,3023.86,5.47,0.0,0.0,480.7,0.0,1963.9,1731.3,0.97,0.87,369.95,1.69,410.41,0.0,242.52,6.8,1733.207,0.0,241.52,1.76,-55.13,-55.13,,,166.4,166.4
2021-11-12 00:30:00+01:00,167.72,167.72,167.72,50625.16,56703.0,11727.12,4350.69,13829.57,9414.97,11556.1,279.14,34.36,212.03,2354.83,1097.31,6.5,8015.45,419.32,174.57,,0.33,0.0,922.34,1123.93,1756.49,0.0,353.0,7145.0,1331.0,217.0,,369.0,2112.0,661.0,,41552.0,0.0,255.0,1260.0,34.01,0.0,7271.33,31.55,3036.24,5.4,0.0,0.0,480.61,0.0,1962.51,1742.27,0.97,0.89,369.65,1.63,470.74,0.0,251.86,6.84,1733.207,0.0,170.72,0.0,266.88,266.88,159.33,176.11,135.89,135.89
2021-11-12 00:45:00+01:00,167.72,167.72,167.72,50043.54,56703.0,11537.31,4355.39,13832.15,9229.0,11480.88,279.14,34.28,144.73,2810.62,1099.55,5.91,8011.06,419.15,175.33,,0.27,0.0,937.26,1232.94,1736.45,0.0,353.0,7145.0,1331.0,217.0,,369.0,2112.0,661.0,,41552.0,0.0,255.0,1260.0,34.65,0.0,7229.78,31.55,3039.42,5.73,0.0,0.0,480.62,0.0,1953.88,1730.06,0.97,0.86,371.68,1.75,520.17,0.0,254.17,6.9,1733.207,0.0,96.4,19.2,-38.16,-38.16,,,139.6,139.6
2021-11-12 01:00:00+01:00,164.25,164.25,164.25,49237.06,55100.0,11437.36,4351.7,13954.12,8910.92,11369.77,279.14,34.34,265.14,2802.67,1099.76,9.56,8017.5,419.25,175.49,,0.3,0.0,934.62,1277.14,1714.77,0.0,352.0,6969.0,1327.0,217.0,,1589.0,2042.0,360.0,,41468.0,0.0,256.0,1233.0,34.21,0.0,7267.64,30.6,3043.94,6.03,0.0,0.0,480.61,0.0,1973.51,1723.56,0.0,0.88,371.08,1.62,541.01,0.0,255.47,6.79,1835.6435,0.0,365.72,0.0,70.68,70.68,158.5,175.18,135.31,135.31
2021-11-12 01:15:00+01:00,164.25,164.25,164.25,48834.79,55100.0,11398.84,4359.83,13894.39,8825.42,11406.43,279.14,34.34,177.02,2812.62,1100.85,6.27,8010.76,419.2,175.49,,0.35,0.0,938.78,1310.32,1674.23,0.0,352.0,6969.0,1327.0,217.0,,1589.0,2042.0,360.0,,41468.0,0.0,256.0,1233.0,34.67,0.0,7286.85,31.07,3041.54,6.17,0.0,0.0,480.6,0.0,1968.6,1738.41,0.0,0.84,373.91,1.72,572.43,0.0,261.31,6.78,1835.6435,0.0,429.2,0.0,70.68,70.68,,,114.7,114.7
2021-11-12 01:30:00+01:00,164.25,164.25,164.25,48561.06,55100.0,11293.11,4365.05,13922.26,8887.75,11464.6,279.14,34.41,131.39,3002.75,1097.17,21.89,8012.99,414.67,175.61,,0.27,0.0,936.7,1367.02,1612.67,0.0,352.0,6969.0,1327.0,217.0,,1589.0,2042.0,360.0,,41468.0,0.0,256.0,1233.0,34.59,0.0,7243.85,29.22,3041.5,5.9,0.0,0.0,480.6,0.0,1945.67,1741.94,0.0,0.9,388.45,1.74,534.44,0.0,271.48,6.72,1835.6435,0.0,449.68,0.0,102.69,102.69,156.96,173.48,138.89,138.89
2021-11-12 01:45:00+01:00,164.25,164.25,164.25,48364.11,55100.0,11189.8,4363.9,13782.24,8893.29,11482.94,279.14,34.4,132.12,3068.23,1100.9,10.34,8013.67,414.54,175.82,,0.34,0.0,931.13,1320.29,1590.33,0.0,352.0,6969.0,1327.0,217.0,,1589.0,2042.0,360.0,,41468.0,0.0,256.0,1233.0,34.5,0.0,7189.04,28.63,3052.7,5.77,0.0,0.0,480.6,0.0,1941.6,1741.08,0.0,0.84,389.9,1.72,529.41,0.0,267.13,6.79,1835.6435,0.0,317.08,0.0,257.6,257.6,,,138.89,138.89
2021-11-12 02:00:00+01:00,162.16,162.16,162.16,48223.62,54151.0,11166.01,4354.71,13726.31,8922.2,11373.4,279.14,34.31,344.76,2958.09,1096.32,23.71,8016.42,414.44,176.58,,0.33,0.0,940.77,1331.85,1593.82,0.0,351.0,7200.0,1443.0,217.0,,2471.0,2017.0,74.0,,41347.0,0.0,256.0,1221.0,34.39,0.0,7174.27,27.76,3056.84,5.66,0.0,0.0,480.76,0.0,1883.15,1737.17,0.0,0.86,404.92,2.0,543.11,0.0,275.54,6.73,1570.6665,0.0,194.64,0.0,254.36,254.36,154.26,170.5,332.94,332.94
2021-11-12 02:15:00+01:00,162.16,162.16,162.16,48072.86,54151.0,11060.18,4351.13,13639.93,8881.44,11360.61,279.14,34.2,341.73,3109.05,1093.38,9.73,8015.49,414.52,176.67,,0.25,0.0,945.13,1442.48,1561.57,0.0,351.0,7200.0,1443.0,217.0,,2471.0,2017.0,74.0,,41347.0,0.0,256.0,1221.0,34.88,0.0,7204.94,28.26,3068.43,5.74,0.0,0.0,480.6,0.0,1899.9,1709.04,0.0,0.86,403.42,2.0,500.52,0.0,270.64,6.71,1570.6665,0.0,62.92,59.6,-52.61,-52.61,,,154.38,154.38
2021-11-12 02:30:00+01:00,162.16,162.16,162.16,47951.64,54151.0,10987.17,4349.52,13649.39,8873.65,11455.11,279.14,34.24,357.93,3128.93,1092.33,5.79,8015.1,414.09,176.07,,0.34,0.0,936.02,1575.65,1517.87,0.0,351.0,7200.0,1443.0,217.0,,2471.0,2017.0,74.0,,41347.0,0.0,256.0,1221.0,34.49,0.0,7133.43,26.74,3077.34,6.2,0.0,0.0,480.58,0.0,1892.35,1706.26,0.0,0.85,394.94,1.94,420.74,0.0,282.17,6.66,1570.6665,0.0,119.28,99.88,99.33,99.33,177.94,196.67,136.77,136.77
2021-11-12 02:45:00+01:00,162.16,162.16,162.16,48008.13,54151.0,10968.25,4347.08,13642.56,8844.25,11452.38,279.14,34.27,325.82,3127.31,1089.67,3.28,8011.57,414.22,176.04,,0.27,0.0,937.38,1783.82,1443.38,0.0,351.0,7200.0,1443.0,217.0,,2471.0,2017.0,74.0,,41347.0,0.0,256.0,1221.0,34.64,0.0,7096.14,27.42,3067.13,6.33,0.0,0.0,480.6,0.0,1888.19,1699.6,0.0,0.91,403.27,2.01,456.92,0.0,296.66,6.61,1570.6665,0.0,118.92,261.68,66.19,66.19,,,140.43,140.43
2021-11-12 03:00:00+01:00,153.0,153.0,153.0,47959.93,52058.0,10893.05,4338.79,13710.9,8784.78,11385.44,279.14,34.23,189.96,3399.7,1078.31,23.25,8015.86,414.02,175.37,,0.32,0.0,942.34,1910.21,1426.44,0.0,352.0,7067.0,1474.0,217.0,,2976.0,2155.0,257.0,,41027.0,0.0,258.0,1370.0,34.32,0.0,6994.74,27.19,3063.59,6.17,0.0,0.0,481.16,0.0,1863.28,1712.54,0.0,0.89,400.72,2.06,536.34,0.0,291.8,6.65,771.2765,167.785,67.0,1022.8,99.24,99.24,179.04,197.88,140.48,140.48
2021-11-12 03:15:00+01:00,153.0,153.0,153.0,48081.49,52058.0,10936.21,4344.43,13706.45,8830.23,11397.7,279.14,34.16,186.17,3282.11,1078.52,5.93,8015.97,414.07,175.75,,0.33,0.0,928.99,1914.65,1467.67,0.0,352.0,7067.0,1474.0,217.0,,2976.0,2155.0,257.0,,41027.0,0.0,258.0,1370.0,34.78,0.0,7019.67,28.53,3072.83,6.16,0.0,0.0,480.62,0.0,1867.79,1724.18,0.0,0.91,398.55,1.94,544.48,0.0,292.57,6.69,771.2765,167.785,73.84,1145.44,104.83,104.83,,,140.48,140.48
2021-11-12 03:30:00+01:00,153.0,153.0,153.0,48306.57,52058.0,10884.48,4342.33,13714.75,8872.61,11466.65,279.14,34.14,186.29,2979.06,1075.63,16.34,8015.92,414.14,176.49,,0.24,0.0,919.92,1792.94,1438.15,0.0,352.0,7067.0,1474.0,217.0,,2976.0,2155.0,257.0,,41027.0,0.0,258.0,1370.0,34.42,0.0,7026.11,28.15,3091.3,5.9,0.0,0.0,480.66,0.0,1926.8,1722.45,0.0,0.85,405.04,2.19,541.76,0.0,294.25,6.81,771.2765,167.785,27.32,1184.6,105.76,105.76,175.41,193.87,145.89,145.89
2021-11-12 03:45:00+01:00,153.0,153.0,153.0,48689.47,52058.0,10863.33,4353.19,13748.01,8878.57,11492.18,279.14,34.07,186.36,2992.33,1076.09,13.51,8017.61,413.97,176.03,,0.31,0.0,923.02,1712.47,1487.47,0.0,352.0,7067.0,1474.0,217.0,,2976.0,2155.0,257.0,,41027.0,0.0,258.0,1370.0,34.88,0.0,7005.35,27.97,3076.7,5.97,0.0,0.0,481.16,0.0,1960.27,1721.42,0.0,0.87,396.61,2.26,530.08,0.0,303.04,6.79,771.2765,167.785,17.8,1242.84,-39.61,-39.61,,,136.77,136.77
2021-11-12 04:00:00+01:00,155.02,159.87,145.28,49403.57,51600.0,10847.91,4372.37,13731.12,8763.3,11579.77,279.14,33.91,199.7,2728.22,1068.06,6.13,8025.82,413.49,175.94,,0.31,0.0,916.26,1597.2,1561.87,0.0,346.0,7052.0,1474.0,217.0,,3084.0,2172.0,,103.0,41410.0,0.0,259.0,1728.0,34.71,0.0,7093.8,28.07,3061.42,5.83,0.0,0.0,480.7,0.0,2042.31,1722.92,0.0,0.92,386.52,2.25,528.82,0.0,343.56,6.78,487.245,430.98,98.28,1441.56,267.51,267.51,172.05,190.17,133.77,133.77
2021-11-12 04:15:00+01:00,155.02,159.87,145.28,49673.62,51600.0,10926.3,4378.91,13698.33,8830.21,11600.31,279.14,33.69,230.17,2644.23,1065.69,7.05,8026.31,413.49,176.14,,0.26,0.0,923.25,1606.79,1557.91,0.0,346.0,7052.0,1474.0,217.0,,3084.0,2172.0,,103.0,41410.0,0.0,259.0,1728.0,34.42,0.0,7111.99,33.78,3060.84,6.1,0.0,0.0,480.67,0.0,2105.98,1737.32,0.0,0.88,383.25,2.09,594.97,0.0,397.87,6.72,487.245,430.98,104.8,1444.04,271.87,271.87,,,95.23,95.23
2021-11-12 04:30:00+01:00,155.02,159.87,145.28,50188.27,51600.0,10939.05,4374.07,13715.29,8891.05,11649.2,279.14,33.67,280.37,2328.47,1062.72,7.92,8026.52,413.52,176.33,,0.35,0.0,915.66,1663.6,1563.74,0.0,346.0,7052.0,1474.0,217.0,,3084.0,2172.0,,103.0,41410.0,0.0,259.0,1728.0,34.69,0.0,7090.01,36.16,3042.38,6.04,0.0,0.0,480.68,0.0,2218.5,1731.73,0.0,0.91,395.12,2.12,621.68,0.0,462.17,6.63,487.245,430.98,84.88,1605.32,296.16,296.16,225.72,249.48,109.81,109.81
2021-11-12 04:45:00+01:00,155.02,159.87,145.28,50772.8,51600.0,10986.8,4381.13,13691.59,9156.91,11754.59,279.14,33.56,209.91,2136.96,1061.3,4.41,8025.75,416.6,177.62,,0.32,0.0,925.23,1842.31,1574.14,0.0,346.0,7052.0,1474.0,217.0,,3084.0,2172.0,,103.0,41410.0,0.0,259.0,1728.0,34.44,0.0,6936.05,40.26,3049.54,5.96,0.0,0.0,480.66,0.0,2301.42,1730.43,0.0,0.91,396.44,2.25,624.47,0.0,503.71,6.64,487.245,430.98,133.04,1643.32,3.67,3.67,,,125.71,125.71
2021-11-12 05:00:00+01:00,155.99,165.5,136.68,52068.49,53816.0,11067.47,4407.88,13738.32,9660.32,11952.49,279.14,33.44,163.97,2192.43,1057.72,6.32,8023.62,428.23,182.76,,0.29,0.0,921.17,1930.3,1679.83,0.0,347.0,6971.0,1612.0,217.0,,2408.0,2328.0,,65.0,41620.0,0.0,257.0,1986.0,34.5,0.0,6599.09,32.29,3059.87,5.54,0.0,0.0,480.62,0.0,2310.96,1739.72,0.0,0.9,389.71,2.14,626.66,0.0,543.29,6.61,370.786,417.9075,145.08,2037.24,158.22,158.22,152.44,168.48,123.89,123.89
2021-11-12 05:15:00+01:00,155.99,165.5,136.68,52577.73,53816.0,11251.1,4430.85,13761.25,9813.92,12085.35,279.14,33.05,223.88,1634.96,1056.84,5.29,8021.8,428.21,181.82,,0.36,0.0,920.14,1884.2,1826.42,0.0,347.0,6971.0,1612.0,217.0,,2408.0,2328.0,,65.0,41620.0,0.0,257.0,1986.0,34.69,0.0,6713.87,29.61,3054.55,5.16,0.0,0.0,480.7,0.0,2310.88,1766.44,0.0,0.87,389.56,2.43,637.84,0.0,548.95,6.6,370.786,417.9075,80.16,2062.36,-56.77,-56.77,,,109.81,109.81
2021-11-12 05:30:00+01:00,155.99,165.5,136.68,53515.93,53816.0,11435.3,4435.64,13751.27,9912.07,12073.44,279.14,33.0,210.01,1088.64,1056.41,8.93,8025.24,428.06,181.51,,0.34,0.0,922.11,1981.2,2015.59,0.0,347.0,6971.0,1612.0,217.0,,2408.0,2328.0,,65.0,41620.0,0.0,257.0,1986.0,34.39,0.0,6886.07,30.51,3064.2,5.2,0.0,0.0,480.76,0.0,2394.97,1783.6,0.0,0.92,384.77,2.51,703.45,0.0,590.43,6.6,370.786,417.9075,43.56,2097.28,282.27,282.27,198.77,219.69,125.89,125.89
2021-11-12 05:45:00+01:00,155.99,165.5,136.68,55193.3,53816.0,11636.89,4447.17,13671.69,10118.1,12170.8,279.14,32.93,498.23,311.05,1061.34,17.35,8021.94,429.69,182.95,,0.29,0.0,929.94,2256.77,2168.5,0.0,347.0,6971.0,1612.0,217.0,,2408.0,2328.0,,65.0,41620.0,0.0,257.0,1986.0,34.73,0.0,7049.83,32.72,3041.38,5.37,0.0,0.0,480.73,0.0,2480.78,1799.94,0.0,0.86,383.13,2.64,861.71,0.0,574.41,6.58,370.786,417.9075,39.72,2089.72,103.7,103.7,,,74.51,74.51
2021-11-12 06:00:00+01:00,180.59,185.36,174.0,57786.88,58133.0,12042.65,4530.07,13473.56,10271.7,12307.49,279.14,32.95,1214.24,706.34,1063.09,19.12,8003.36,431.85,184.11,,0.41,0.0,921.17,2449.09,2292.47,0.0,351.0,7151.0,1675.0,217.0,,705.0,2713.0,892.0,,41719.0,0.0,257.0,2144.0,34.4,0.0,7875.82,20.56,3051.51,5.8,0.0,0.0,480.68,0.0,2411.3,1847.84,0.0,0.87,377.96,2.86,949.04,0.0,535.51,6.58,10.587,813.2265,4.4,2230.24,-14.62,-14.62,154.61,170.89,129.96,129.96
2021-11-12 06:15:00+01:00,180.59,185.36,174.0,60267.02,58133.0,12373.99,4548.99,13589.37,10961.64,12389.08,279.14,32.67,1541.24,203.83,1058.75,20.37,8024.45,431.85,183.54,,0.42,0.0,923.76,2685.31,2481.97,0.0,351.0,7151.0,1675.0,217.0,,705.0,2713.0,892.0,,41719.0,0.0,257.0,2144.0,34.28,0.0,8532.26,14.48,3055.35,5.93,0.0,0.0,480.72,0.0,2456.78,1883.24,0.0,0.84,373.22,2.7,1013.08,0.0,563.21,6.62,10.587,813.2265,0.0,2586.6,107.27,107.27,,,148.11,148.11
2021-11-12 06:30:00+01:00,180.59,185.36,174.0,61983.12,58133.0,12694.63,4581.96,13591.33,11463.56,12460.28,279.65,32.62,1699.76,63.71,1059.28,51.46,8024.7,431.8,182.55,,0.36,0.0,902.98,2935.55,2679.03,0.0,351.0,7151.0,1675.0,217.0,,705.0,2713.0,892.0,,41719.0,0.0,257.0,2144.0,34.46,0.0,8812.52,14.54,3030.57,6.37,0.0,0.0,480.72,0.0,2442.98,1893.1,0.0,0.96,362.39,2.66,1112.98,0.0,582.52,6.65,10.587,813.2265,0.0,2765.0,119.43,119.43,213.86,236.38,116.32,116.32
2021-11-12 06:45:00+01:00,180.59,185.36,174.0,63664.55,58133.0,13100.72,4608.0,13636.23,11879.1,12486.1,279.65,32.53,2055.22,53.58,1057.46,74.18,8020.06,432.7,182.72,,0.43,0.0,927.12,3290.23,2898.58,0.0,351.0,7151.0,1675.0,217.0,,705.0,2713.0,892.0,,41719.0,0.0,257.0,2144.0,34.21,0.0,9169.32,15.02,3023.01,6.13,0.0,0.0,480.7,0.0,2445.88,1890.84,0.0,0.85,358.71,3.14,1235.49,0.0,601.27,6.56,10.587,813.2265,0.0,2725.2,121.31,121.31,,,116.26,116.26
2021-11-12 07:00:00+01:00,212.86,214.19,208.0,65384.48,62501.0,13477.47,4709.26,13538.19,11715.68,12500.33,279.14,32.47,2021.82,154.86,1055.26,115.52,8014.18,445.51,188.14,,0.63,0.0,935.73,3540.75,3137.61,0.0,351.0,7144.0,1636.0,217.0,959.0,,3382.0,1460.0,,41786.0,166.0,255.0,2496.0,34.04,0.0,9373.44,14.72,3048.36,6.17,0.0,0.0,480.17,0.0,2525.94,1918.22,0.0,0.89,359.67,3.16,1278.03,0.0,625.32,6.59,0.0,651.1305,0.0,2862.72,-51.31,-51.31,172.55,190.71,68.24,68.24
2021-11-12 07:15:00+01:00,212.86,214.19,208.0,66254.82,62501.0,13941.59,4735.68,13754.46,11771.56,12526.4,279.14,32.32,2452.06,42.2,1052.52,244.39,8027.25,446.61,186.29,,40.62,0.0,930.46,3795.74,3376.75,0.0,351.0,7144.0,1636.0,217.0,959.0,,3382.0,1460.0,,41786.0,166.0,255.0,2496.0,33.68,0.0,9617.67,14.59,3060.82,6.07,0.0,0.0,480.77,0.0,2530.66,1957.01,0.0,0.91,355.04,3.39,1317.16,0.0,629.65,6.6,0.0,651.1305,0.0,2673.68,98.97,98.97,,,128.15,128.15
2021-11-12 07:30:00+01:00,212.86,214.19,208.0,66823.01,62501.0,14415.6,4735.16,13760.57,12114.36,12544.39,279.14,32.38,2474.65,7.2,1053.12,139.27,8029.42,446.41,185.88,,99.11,0.0,929.46,3999.86,3556.61,0.0,351.0,7144.0,1636.0,217.0,959.0,,3382.0,1460.0,,41786.0,166.0,255.0,2496.0,33.57,0.0,9996.29,15.41,3035.62,6.16,0.0,0.0,480.77,0.0,2587.03,1997.85,0.0,0.84,350.32,3.63,1347.26,0.0,629.5,6.57,0.0,651.1305,1.2,2599.6,130.42,130.42,237.68,262.7,123.5,123.5
2021-11-12 07:45:00+01:00,212.86,214.19,208.0,67603.74,62501.0,14678.06,4754.9,13690.86,12163.58,12550.55,279.14,32.12,2441.93,7.31,1052.62,145.25,8027.43,446.51,185.55,,215.3,0.0,928.35,4078.76,3654.05,0.0,351.0,7144.0,1636.0,217.0,959.0,,3382.0,1460.0,,41786.0,166.0,255.0,2496.0,33.32,0.0,10079.2,15.72,3004.94,6.07,0.0,0.0,480.76,0.0,2577.78,2010.0,0.35,0.56,351.53,3.8,1425.0,0.0,601.63,6.7,0.0,651.1305,0.0,2614.36,80.73,80.73,,,123.5,123.5
2021-11-12 08:00:00+01:00,214.77,224.31,206.76,68644.16,63934.0,14889.33,4775.58,13700.99,12187.52,12529.49,279.14,32.12,3452.02,5.14,1050.03,109.67,8029.96,448.6,186.61,,498.77,0.0,926.4,4250.14,3742.47,0.0,350.0,7366.0,1672.0,217.0,1158.0,,3628.0,1396.0,,41796.0,378.0,248.0,2718.0,33.07,0.0,10087.41,15.23,3019.0,6.57,0.0,0.0,480.77,0.0,2595.09,1998.98,1.84,0.0,349.66,3.6,1464.75,0.0,623.6,6.8,0.0,589.284,0.0,2528.24,316.56,316.56,213.09,235.53,144.34,144.34
2021-11-12 08:15:00+01:00,214.77,224.31,206.76,69271.11,63934.0,15010.79,4791.19,13763.38,12230.32,12469.23,279.14,31.85,3498.67,4.64,1050.05,93.0,8028.01,450.18,190.16,,878.32,0.0,924.63,4381.96,3786.76,0.0,350.0,7366.0,1672.0,217.0,1158.0,,3628.0,1396.0,,41796.0,378.0,248.0,2718.0,33.66,0.0,10134.71,15.06,3030.31,6.6,0.0,0.0,480.76,0.0,2583.88,1974.63,5.59,0.0,353.42,3.66,1461.33,0.0,601.54,6.78,0.0,589.284,11.48,2428.32,273.21,273.21,,,220.47,220.47
2021-11-12 08:30:00+01:00,214.77,224.31,206.76,69600.69,63934.0,15063.77,4810.64,13745.58,12241.62,12407.35,279.14,31.71,3150.81,4.55,1051.8,103.66,8030.4,453.69,190.97,,1369.96,0.0,927.19,4284.11,3818.47,0.0,350.0,7366.0,1672.0,217.0,1158.0,,3628.0,1396.0,,41796.0,378.0,248.0,2718.0,33.68,0.0,10204.33,15.61,3058.84,6.26,0.0,0.0,480.77,0.0,2596.58,1922.18,10.04,0.0,335.68,3.91,1471.02,0.0,572.58,6.85,0.0,589.284,18.48,2431.48,291.87,291.87,207.04,228.84,417.02,417.02
2021-11-12 08:45:00+01:00,214.77,224.31,206.76,69556.58,63934.0,15017.92,4823.44,13697.51,12256.22,12376.42,279.14,31.63,2705.22,4.54,1053.02,208.44,8029.22,453.89,190.54,,1898.8,0.0,924.65,4209.12,3925.89,0.0,350.0,7366.0,1672.0,217.0,1158.0,,3628.0,1396.0,,41796.0,378.0,248.0,2718.0,34.05,0.0,10204.87,15.54,3075.89,6.34,0.0,0.0,480.73,0.0,2695.93,1843.87,15.58,0.0,332.68,5.4,1481.02,0.0,571.97,6.81,0.0,589.284,25.24,2410.68,332.35,332.35,,,218.07,218.07
2021-11-12 09:00:00+01:00,207.67,216.12,200.6,69578.84,64713.0,14962.8,4804.58,13587.97,12380.22,12333.38,279.27,31.53,2732.68,53.91,1053.93,140.38,8023.79,454.07,189.75,,2495.68,0.0,928.31,4123.68,4006.03,0.0,351.0,6947.0,1761.0,217.0,1671.0,,3439.0,1238.0,,41791.0,1298.0,249.0,2664.0,34.5,0.0,10125.26,15.34,3098.0,6.46,0.0,0.0,480.7,0.0,2784.46,1790.24,22.35,0.0,332.48,5.64,1473.03,0.0,567.03,6.78,183.183,458.97,173.84,1519.72,326.44,326.44,207.53,229.37,234.58,234.58
2021-11-12 09:15:00+01:00,207.67,216.12,200.6,69700.59,64713.0,14865.1,4803.01,13587.0,12232.65,12305.23,285.39,31.46,2082.27,161.64,1056.37,27.0,8020.53,453.94,188.8,,3091.04,0.0,920.14,4137.64,3976.64,0.0,351.0,6947.0,1761.0,217.0,1671.0,,3439.0,1238.0,,41791.0,1298.0,249.0,2664.0,34.36,0.0,10092.0,15.25,3101.56,6.54,0.0,0.0,480.7,0.0,2878.54,1744.96,30.96,0.0,328.44,4.5,1438.58,0.0,555.65,6.9,183.183,458.97,161.56,1514.52,317.18,317.18,,,203.6,203.6
2021-11-12 09:30:00+01:00,207.67,216.12,200.6,70027.22,64713.0,14685.69,4804.14,13585.2,12219.5,12358.88,282.71,31.51,1665.33,106.14,1053.92,22.7,8026.34,453.89,187.48,,3652.21,0.0,917.04,4128.73,4030.29,0.0,351.0,6947.0,1761.0,217.0,1671.0,,3439.0,1238.0,,41791.0,1298.0,249.0,2664.0,34.58,0.0,10034.92,15.07,3102.26,6.4,0.0,0.0,480.7,0.0,3035.18,1667.85,42.94,0.0,340.71,6.64,1420.43,0.0,522.97,7.05,183.183,458.97,119.8,1584.12,56.22,56.22,212.9,235.31,208.79,208.79
2021-11-12 09:45:00+01:00,207.67,216.12,200.6,70201.85,64713.0,14490.36,4798.14,13596.15,12218.72,12325.69,314.57,31.54,1206.02,52.84,1056.09,20.09,8028.98,453.92,187.75,,4226.95,0.0,918.9,4103.24,4207.47,0.0,351.0,6947.0,1761.0,217.0,1671.0,,3439.0,1238.0,,41791.0,1298.0,249.0,2664.0,33.85,0.0,9858.15,15.73,3094.48,6.33,0.0,0.0,480.66,0.0,3131.49,1599.23,59.01,0.0,344.75,4.43,1471.47,0.0,498.58,6.7,183.183,458.97,55.52,1681.08,-70.97,-70.97,,,144.09,144.09
2021-11-12 10:00:00+01:00,191.61,204.61,182.0,70380.08,63901.0,14305.22,4747.57,13611.47,12100.92,12276.44,446.9,31.69,2051.24,6.63,1058.15,30.32,8033.55,453.87,188.39,,4719.15,0.0,920.1,4065.12,4309.86,0.0,356.0,6570.0,1739.0,217.0,1329.0,,3069.0,860.0,,41807.0,2575.0,249.0,2496.0,34.61,0.0,9863.1,15.68,3091.52,6.0,0.0,0.0,480.9,0.0,3189.22,1541.97,75.05,0.0,366.6,4.74,1531.76,0.0,530.12,6.84,6.049,625.893,0.0,2533.04,267.14,267.14,222.78,246.24,126.96,126.96
2021-11-12 10:15:00+01:00,191.61,204.61,182.0,70386.99,63901.0,14128.85,4731.02,13555.08,11997.57,12256.96,446.0,31.7,1797.35,7.09,1058.13,29.99,8027.74,453.97,189.2,,5195.08,0.0,920.35,4008.85,4468.9,0.0,356.0,6570.0,1739.0,217.0,1329.0,,3069.0,860.0,,41807.0,2575.0,249.0,2496.0,34.55,0.0,9586.3,14.81,3093.58,5.7,0.0,0.0,480.59,0.0,3251.86,1506.78,95.8,0.0,354.71,4.58,1459.54,0.0,550.06,6.93,6.049,625.893,0.0,2699.36,336.85,336.85,,,122.53,122.53
2021-11-12 10:30:00+01:00,191.61,204.61,182.0,70531.73,63901.0,13925.58,4728.83,13612.24,11990.25,12280.52,445.9,31.67,1627.04,7.87,1057.89,25.66,8025.53,454.07,189.22,,5599.96,0.0,919.19,4038.69,4523.65,0.0,356.0,6570.0,1739.0,217.0,1329.0,,3069.0,860.0,,41807.0,2575.0,249.0,2496.0,34.14,0.0,9319.0,15.01,3091.63,6.13,0.0,0.0,480.6,0.0,3307.13,1454.31,110.75,0.0,353.77,4.76,1439.68,0.0,517.4,6.81,6.049,625.893,0.0,2640.56,302.96,302.96,224.41,248.03,126.96,126.96
2021-11-12 10:45:00+01:00,191.61,204.61,182.0,70660.09,63901.0,13779.97,4720.84,13553.02,11893.58,12300.96,312.0,31.72,1286.27,7.87,1057.6,21.2,8028.35,453.92,189.22,,6016.14,0.0,918.46,4048.87,4319.67,0.0,356.0,6570.0,1739.0,217.0,1329.0,,3069.0,860.0,,41807.0,2575.0,249.0,2496.0,34.48,0.0,9195.36,15.15,3091.82,6.3,0.0,0.0,480.59,0.0,3276.81,1410.31,109.28,0.0,347.5,4.86,1371.43,0.0,498.81,6.38,6.049,625.893,0.0,2566.24,252.06,252.06,,,128.5,128.5
2021-11-12 11:00:00+01:00,179.94,196.54,165.61,70904.13,63416.0,13557.41,4670.91,13315.75,11878.59,12332.07,279.14,31.61,1845.52,6.33,1057.81,60.86,8034.15,454.07,187.81,,6402.13,0.0,920.18,3920.66,4368.82,0.0,354.0,6548.0,1753.0,217.0,221.0,,2824.0,674.0,,41931.0,3502.0,249.0,2406.0,34.3,0.0,9152.73,15.53,3073.03,6.17,0.0,0.0,480.62,0.0,3248.21,1384.26,96.63,0.0,356.12,4.76,1372.33,0.0,484.73,6.31,2.768,562.382,124.52,2169.6,349.42,349.42,228.01,252.01,126.96,126.96
2021-11-12 11:15:00+01:00,179.94,196.54,165.61,70911.65,63416.0,13312.53,4656.34,13304.73,11903.94,12417.58,279.14,31.72,1519.52,5.43,1061.7,33.09,8025.29,454.02,189.33,,6756.51,0.0,916.08,4012.42,4444.61,0.0,354.0,6548.0,1753.0,217.0,221.0,,2824.0,674.0,,41931.0,3502.0,249.0,2406.0,34.54,0.0,8675.0,14.77,3066.14,6.33,0.0,0.0,480.66,0.0,3317.08,1322.45,109.52,0.0,357.91,4.88,1450.14,0.0,509.92,6.4,2.768,562.382,251.92,2205.48,323.39,323.39,,,120.25,120.25
2021-11-12 11:30:00+01:00,179.94,196.54,165.61,70830.64,63416.0,13133.17,4676.97,13305.53,11795.33,12412.23,279.14,31.72,1385.11,6.47,1063.63,12.52,8023.42,453.97,190.26,,7061.6,0.0,911.95,4043.19,4404.11,0.0,354.0,6548.0,1753.0,217.0,221.0,,2824.0,674.0,,41931.0,3502.0,249.0,2406.0,34.11,0.0,8093.03,18.12,3091.7,6.24,0.0,0.0,480.8,0.0,3411.45,1297.52,107.53,0.0,354.7,4.7,1572.39,0.0,599.03,7.04,2.768,562.382,329.08,2284.64,279.48,279.48,229.43,253.58,79.97,79.97
2021-11-12 11:45:00+01:00,179.94,196.54,165.61,70794.49,63416.0,13102.99,4678.27,13300.92,11817.79,12438.3,296.69,31.81,1208.38,6.09,1061.91,9.77,8024.61,454.17,190.39,,7299.98,0.0,917.66,3900.26,4503.75,0.0,354.0,6548.0,1753.0,217.0,221.0,,2824.0,674.0,,41931.0,3502.0,249.0,2406.0,34.22,0.0,7669.52,16.88,3096.13,6.33,0.0,0.0,480.93,0.0,3632.24,1300.13,120.16,0.0,340.27,4.91,1702.86,0.0,634.34,6.96,2.768,562.382,407.64,2217.64,247.92,247.92,,,79.97,79.97
2021-11-12 12:00:00+01:00,164.69,191.54,155.43,70240.03,64184.0,13124.37,4594.17,13327.39,11645.14,12408.99,287.58,31.96,2007.33,3.46,1063.96,4.29,8028.2,445.19,186.19,,7518.76,0.0,925.59,3914.07,4436.33,0.0,353.0,6305.0,1668.0,217.0,408.0,,2670.0,571.0,,42163.0,3876.0,242.0,2278.0,34.12,0.0,6579.22,18.65,3072.98,6.4,0.0,0.0,480.92,0.0,3538.35,1336.68,126.21,0.0,338.94,4.98,1660.71,0.0,661.92,7.12,50.327,453.755,590.32,1793.04,-92.6,-92.6,227.01,250.91,-52.0,-52.0
2021-11-12 12:15:00+01:00,164.69,191.54,155.43,69885.74,64184.0,13206.33,4573.3,13343.5,11612.51,12451.87,279.14,32.17,1573.26,5.06,1070.09,4.32,8029.63,443.13,185.26,,7695.04,0.0,935.31,3955.48,4350.13,0.0,353.0,6305.0,1668.0,217.0,408.0,,2670.0,571.0,,42163.0,3876.0,242.0,2278.0,34.56,0.0,6757.51,27.45,3094.94,6.1,0.0,0.0,480.94,0.0,3638.91,1387.71,115.61,0.0,325.51,4.6,1657.68,0.0,756.98,6.4,50.327,453.755,611.76,1924.4,304.32,304.32,,,117.96,123.37
2021-11-12 12:30:00+01:00,164.69,191.54,155.43,69466.16,64184.0,13293.35,4564.39,13364.55,11589.38,12454.97,279.14,32.05,1123.49,19.71,1073.29,3.62,8023.41,439.62,183.58,,7773.02,0.0,923.33,4209.38,4366.6,0.0,353.0,6305.0,1668.0,217.0,408.0,,2670.0,571.0,,42163.0,3876.0,242.0,2278.0,34.39,0.0,6621.33,28.37,3065.31,6.3,0.0,0.0,480.97,0.0,3600.5,1398.21,131.83,0.0,333.24,4.28,1637.67,0.0,808.82,6.27,50.327,453.755,798.08,1829.76,68.02,68.02,226.99,250.89,113.67,113.67
2021-11-12 12:45:00+01:00,164.69,191.54,155.43,69518.71,64184.0,13527.11,4555.32,13311.88,11450.94,12452.71,279.14,32.07,877.81,361.26,1081.21,3.63,8025.27,437.99,183.68,,7749.02,0.0,922.8,4488.16,4407.15,0.0,353.0,6305.0,1668.0,217.0,408.0,,2670.0,571.0,,42163.0,3876.0,242.0,2278.0,34.51,0.0,6545.64,29.39,3076.16,6.33,0.0,0.0,480.89,0.0,3321.3,1459.44,113.22,0.0,336.84,4.28,1652.9,0.0,832.9,6.3,50.327,453.755,981.84,1868.2,44.36,44.36,,,134.96,134.96
2021-11-12 13:00:00+01:00,156.81,185.53,146.86,69541.59,61804.0,13792.89,4542.54,13376.18,11381.86,12371.2,279.14,32.28,1213.0,153.8,1083.63,4.18,8025.93,435.81,183.88,,7579.23,0.0,917.75,4903.88,4369.46,0.0,357.0,6528.0,1675.0,217.0,462.0,,2466.0,454.0,,42526.0,3693.0,244.0,2301.0,34.33,0.0,6138.97,36.45,3095.72,5.2,0.0,0.0,481.49,0.0,2787.43,1519.63,96.18,0.0,349.67,4.47,1673.12,0.0,859.86,6.33,0.0,1081.922,1243.64,1792.16,296.56,296.56,225.82,249.59,177.68,177.68
2021-11-12 13:15:00+01:00,156.81,185.53,146.86,69122.18,61804.0,14040.49,4536.11,13385.46,11349.54,12333.99,279.14,32.06,917.27,77.14,1086.97,3.56,8024.71,435.74,185.51,,7291.46,0.0,921.87,5114.38,4338.74,0.0,357.0,6528.0,1675.0,217.0,462.0,,2466.0,454.0,,42526.0,3693.0,244.0,2301.0,34.33,0.0,6206.77,36.77,3101.79,3.97,0.0,0.0,480.93,0.0,2438.2,1586.82,82.49,0.0,349.47,4.8,1790.41,0.0,871.02,6.29,0.0,1081.922,1425.2,1879.2,311.65,311.65,,,179.86,179.86
2021-11-12 13:30:00+01:00,156.81,185.53,146.86,68854.77,61804.0,14190.89,4532.7,13346.51,11303.02,12271.13,292.27,32.02,796.47,13.35,1096.99,3.9,8024.76,435.74,185.69,,6859.4,0.0,921.8,5262.33,4363.32,0.0,357.0,6528.0,1675.0,217.0,462.0,,2466.0,454.0,,42526.0,3693.0,244.0,2301.0,34.28,0.0,6218.94,34.17,3102.79,4.03,0.0,0.0,480.88,0.0,2314.27,1604.38,81.98,0.0,341.82,4.68,1943.57,0.0,884.57,6.27,0.0,1081.922,1484.08,1914.08,274.04,274.04,177.8,196.52,155.68,155.68
2021-11-12 13:45:00+01:00,156.81,185.53,146.86,68208.94,61804.0,14325.81,4540.35,13328.09,11254.7,12212.89,280.78,32.03,606.98,206.72,1101.37,8.69,8022.81,435.79,186.58,,6281.27,0.0,921.03,5395.94,4419.89,0.0,357.0,6528.0,1675.0,217.0,462.0,,2466.0,454.0,,42526.0,3693.0,244.0,2301.0,34.34,0.0,5960.46,33.32,3096.44,4.27,0.0,0.0,480.88,0.0,2283.83,1641.78,75.52,0.0,341.09,1.87,1975.66,0.0,923.55,6.31,0.0,1081.922,1517.8,1800.8,253.78,253.78,,,123.5,123.5
2021-11-12 14:00:00+01:00,156.55,184.86,142.0,67954.43,59212.0,14456.79,4548.75,13284.55,11248.44,12303.93,279.14,31.93,404.72,93.54,1104.76,34.23,7992.44,435.51,186.52,,5637.09,0.0,933.22,5455.35,4688.55,0.0,351.0,6653.0,1640.0,217.0,,130.0,2288.0,358.0,,42845.0,3205.0,235.0,2316.0,34.47,0.0,5765.55,29.67,3095.53,4.23,0.0,0.0,480.92,0.0,2202.12,1663.92,64.42,0.0,336.0,0.75,1981.64,0.0,945.78,6.36,0.0,1565.139,1281.64,1519.0,299.23,299.23,225.63,249.39,151.51,151.51
2021-11-12 14:15:00+01:00,156.55,184.86,142.0,67670.17,59212.0,14579.29,4564.86,13234.38,11256.88,12318.5,279.14,32.13,750.28,45.63,1109.55,29.75,7956.05,435.41,186.49,,4916.2,0.0,927.41,5341.44,4929.64,0.0,351.0,6653.0,1640.0,217.0,,130.0,2288.0,358.0,,42845.0,3205.0,235.0,2316.0,34.19,0.0,5759.17,29.95,3101.79,4.4,0.0,0.0,480.9,0.0,2154.02,1721.97,54.19,0.0,348.1,0.75,2029.58,0.0,989.96,6.42,0.0,1565.139,1241.08,1554.16,311.66,311.66,,,157.07,157.07
2021-11-12 14:30:00+01:00,156.55,184.86,142.0,67474.33,59212.0,14710.15,4574.77,13239.56,11307.78,12300.33,279.14,32.1,967.43,87.15,1112.34,29.46,7925.73,435.66,186.83,,4179.39,0.0,922.96,5324.83,5265.95,0.0,351.0,6653.0,1640.0,217.0,,130.0,2288.0,358.0,,42845.0,3205.0,235.0,2316.0,34.34,0.0,5764.67,28.49,3102.1,4.77,0.0,0.0,480.93,0.0,2200.71,1756.56,41.11,0.0,352.97,0.88,2068.01,0.0,1042.91,6.6,0.0,1565.139,1225.2,1638.68,311.27,311.27,175.99,194.51,142.27,142.27
2021-11-12 14:45:00+01:00,156.55,184.86,142.0,67263.12,59212.0,14799.63,4578.13,13265.63,11339.96,12351.79,279.14,32.14,877.59,127.99,1113.95,133.4,7924.37,435.44,186.79,,3399.34,0.0,928.79,5328.78,5609.02,0.0,351.0,6653.0,1640.0,217.0,,130.0,2288.0,358.0,,42845.0,3205.0,235.0,2316.0,34.36,0.0,5831.84,28.35,3097.28,4.67,0.0,0.0,480.92,0.0,2168.12,1780.8,34.03,0.0,344.57,0.62,2055.51,0.0,1096.31,6.7,0.0,1565.139,1232.96,1639.52,337.62,337.62,,,147.51,147.51
2021-11-12 15:00:00+01:00,179.99,181.39,160.35,67378.97,57343.0,14900.28,4592.1,13318.68,11411.88,12350.99,279.14,32.07,600.52,139.17,1115.67,29.8,7923.29,435.36,186.58,,2682.37,0.0,925.14,5350.23,6146.89,0.0,348.0,6975.0,1655.0,217.0,,806.0,2264.0,280.0,,42843.0,2240.0,240.0,2640.0,34.23,0.0,6191.05,28.24,3084.57,4.86,0.0,0.0,480.89,0.0,2125.53,1779.43,28.18,0.0,348.12,0.88,2013.5,0.0,1070.42,6.76,0.0,2064.2835,1137.76,1902.24,311.98,311.98,145.39,160.69,159.48,159.48
2021-11-12 15:15:00+01:00,179.99,181.39,160.35,67247.96,57343.0,14941.45,4586.81,13390.62,11380.94,12252.13,278.0,32.08,633.48,143.21,1115.44,76.23,7922.07,435.56,186.66,,1953.32,0.0,923.43,5368.57,6839.81,0.0,348.0,6975.0,1655.0,217.0,,806.0,2264.0,280.0,,42843.0,2240.0,240.0,2640.0,32.74,0.0,6452.61,28.6,3084.69,5.07,0.0,0.0,480.86,0.0,2087.08,1779.24,19.44,0.0,344.41,0.68,1960.34,0.0,1083.16,6.5,0.0,2064.2835,1130.32,2008.16,116.78,116.78,,,449.43,449.43
2021-11-12 15:30:00+01:00,179.99,181.39,160.35,67153.19,57343.0,14950.79,4591.9,13395.85,11330.39,12150.06,277.23,31.95,834.09,137.4,1117.3,49.31,7923.47,435.56,184.43,,1315.23,0.0,928.63,5353.73,7109.01,0.0,348.0,6975.0,1655.0,217.0,,806.0,2264.0,280.0,,42843.0,2240.0,240.0,2640.0,33.62,0.0,6642.65,28.14,3092.06,4.9,0.0,0.0,480.96,0.0,2191.99,1710.68,13.99,0.0,342.4,0.82,1960.04,0.0,1089.21,6.7,0.0,2064.2835,1081.96,2197.72,285.44,285.44,147.12,162.6,123.5,449.44
2021-11-12 15:45:00+01:00,179.99,181.39,160.35,67283.85,57343.0,15028.08,4603.02,13437.05,11345.34,12067.91,277.23,32.02,1341.61,135.25,1114.16,67.73,7921.18,438.47,185.31,,769.62,0.0,935.39,5282.87,7602.57,0.0,348.0,6975.0,1655.0,217.0,,806.0,2264.0,280.0,,42843.0,2240.0,240.0,2640.0,33.4,0.0,6470.66,29.62,3100.75,4.7,0.0,0.0,480.98,0.0,2298.45,1685.92,10.63,0.0,351.0,1.12,1985.51,0.0,1082.74,6.34,0.0,2064.2835,1073.0,2054.64,273.71,273.71,,,123.5,150.96
2021-11-12 16:00:00+01:00,185.09,185.09,166.45,67634.06,56722.0,15139.81,4689.87,13644.91,11145.76,12041.64,277.23,28.2,1512.11,66.41,1116.23,112.45,7929.61,453.64,192.36,,357.9,0.0,945.87,5259.53,8103.65,0.0,353.0,7055.0,1686.0,217.0,,717.0,2308.0,284.0,,42843.0,903.0,251.0,3234.0,33.31,0.0,6346.42,29.3,3071.11,5.03,0.0,0.0,480.98,0.0,2293.18,1685.56,5.82,0.0,344.72,1.68,1961.72,0.0,1107.65,5.75,0.0,1933.139,1078.32,1754.4,296.13,296.13,184.21,203.61,155.55,155.55
2021-11-12 16:15:00+01:00,185.09,185.09,166.45,67858.07,56722.0,15281.7,4711.68,13700.53,11270.92,11973.0,277.23,28.13,1639.95,21.97,1114.03,91.47,7921.33,453.87,195.29,,121.48,0.0,944.24,5275.54,8529.16,0.0,353.0,7055.0,1686.0,217.0,,717.0,2308.0,284.0,,42843.0,903.0,251.0,3234.0,33.07,0.0,6456.49,28.71,3069.94,4.7,0.0,0.0,480.99,0.0,2367.12,1696.5,2.88,0.0,348.09,2.16,1954.73,0.0,1119.23,5.48,0.0,1933.139,1081.56,1751.84,302.76,302.76,,,160.11,160.11
2021-11-12 16:30:00+01:00,185.09,185.09,166.45,68268.85,56722.0,15423.56,4731.18,13758.94,11328.34,11892.57,276.6,28.4,1557.51,12.34,1115.5,173.85,7925.09,453.74,195.31,,25.55,0.0,942.41,5344.61,8806.36,0.0,353.0,7055.0,1686.0,217.0,,717.0,2308.0,284.0,,42843.0,903.0,251.0,3234.0,34.24,0.0,6511.08,28.13,3086.92,4.67,0.0,0.0,481.02,0.0,2438.22,1686.84,2.03,0.31,349.08,1.57,2021.5,0.0,1116.94,5.6,0.0,1933.139,1075.88,1786.52,298.98,298.98,183.96,203.32,141.99,141.99
2021-11-12 16:45:00+01:00,185.09,185.09,166.45,69316.59,56722.0,15692.43,4763.33,13864.17,11325.5,11824.55,277.23,30.96,2119.19,11.4,1118.41,240.11,7924.12,453.54,195.01,,1.67,0.0,942.48,5312.62,9102.5,0.0,353.0,7055.0,1686.0,217.0,,717.0,2308.0,284.0,,42843.0,903.0,251.0,3234.0,33.06,0.0,6517.79,27.85,3079.58,4.43,0.0,0.0,481.0,0.0,2573.46,1657.4,1.21,0.48,349.09,1.68,2073.67,0.0,1152.13,5.68,0.0,1933.139,1077.04,1655.08,297.15,297.15,,,123.43,123.43
2021-11-12 17:00:00+01:00,211.2,211.2,211.2,69949.12,59933.0,15927.09,4792.85,14011.3,11801.09,11500.06,277.23,31.39,1993.24,6.56,1117.27,215.07,7920.99,453.79,194.84,,0.79,0.0,944.52,5303.71,9645.34,0.0,352.0,7157.0,1561.0,217.0,283.0,,2798.0,759.0,,42777.0,227.0,248.0,3950.0,33.63,0.0,6443.87,26.34,3079.78,4.57,0.0,0.0,480.97,0.0,3141.37,1502.35,0.97,0.88,347.87,1.63,2112.55,0.0,1195.6,5.72,0.0,1228.538,1034.68,1561.92,272.86,272.86,188.05,207.85,123.43,123.43
2021-11-12 17:15:00+01:00,211.2,211.2,211.2,70370.46,59933.0,16241.47,4809.98,14196.84,11832.91,11489.59,277.23,31.33,1933.37,7.06,1116.18,188.15,7925.05,453.82,194.2,,0.74,0.0,948.0,5296.87,10284.01,0.0,352.0,7157.0,1561.0,217.0,283.0,,2798.0,759.0,,42777.0,227.0,248.0,3950.0,34.05,0.0,6484.1,30.46,3086.47,4.83,0.0,0.0,480.97,0.0,3294.84,1466.38,0.97,0.86,343.5,1.38,2166.34,0.0,1214.92,5.64,0.0,1228.538,1092.16,1460.08,280.43,280.43,,,123.43,123.43
2021-11-12 17:30:00+01:00,211.2,211.2,211.2,70605.58,59933.0,16321.06,4823.38,14283.51,11838.39,11414.25,277.23,31.41,1805.83,6.62,1115.33,121.99,7919.45,453.87,193.55,,0.6,0.0,944.42,5303.57,10994.5,0.0,352.0,7157.0,1561.0,217.0,283.0,,2798.0,759.0,,42777.0,227.0,248.0,3950.0,34.17,0.0,6476.63,24.06,3089.69,4.6,0.0,0.0,480.99,0.0,3449.26,1435.28,0.97,0.81,352.98,0.84,2189.56,0.0,1258.59,5.58,0.0,1228.538,1142.8,1425.48,-86.9,-86.9,231.49,255.85,129.96,129.96
2021-11-12 17:45:00+01:00,211.2,211.2,211.2,70662.42,59933.0,16279.38,4821.25,14332.34,11735.5,11293.09,277.23,31.32,1532.73,9.31,1118.25,113.92,7917.96,453.79,192.83,,0.58,0.0,940.73,5342.57,11687.28,0.0,352.0,7157.0,1561.0,217.0,283.0,,2798.0,759.0,,42777.0,227.0,248.0,3950.0,34.22,0.0,6374.0,27.56,3093.76,4.17,0.0,0.0,481.1,0.0,3539.08,1412.48,0.97,0.86,354.25,1.84,2194.72,0.0,1319.9,5.56,0.0,1228.538,1173.44,1440.12,44.06,44.06,,,121.96,121.96
2021-11-12 18:00:00+01:00,193.23,215.1,157.9,70506.49,63651.0,16013.19,4821.28,14339.79,11601.87,11052.88,277.23,31.41,1372.18,10.99,1113.63,151.02,7917.2,453.89,194.67,,0.48,0.0,933.88,5483.38,12331.81,0.0,354.0,7264.0,1576.0,217.0,1222.0,,3401.0,1077.0,,42781.0,0.0,250.0,4184.0,34.36,0.0,6162.58,27.09,3068.16,3.9,0.0,0.0,480.97,0.0,3357.89,1390.23,0.97,0.86,350.29,1.56,2190.2,0.0,1334.68,5.68,238.573,332.585,1274.76,1344.24,252.88,252.88,202.82,224.16,147.49,147.49
2021-11-12 18:15:00+01:00,193.23,215.1,157.9,70395.83,63651.0,15786.09,4804.18,14375.94,11294.36,10937.88,277.23,31.53,1033.38,10.78,1108.49,102.55,7916.67,453.92,195.21,,0.37,0.0,933.73,5589.75,13094.0,0.0,354.0,7264.0,1576.0,217.0,1222.0,,3401.0,1077.0,,42781.0,0.0,250.0,4184.0,34.24,0.0,6155.65,25.83,3064.1,3.93,0.0,0.0,480.99,0.0,3247.46,1381.57,0.97,0.84,358.85,0.87,2180.81,0.0,1363.79,5.63,238.573,332.585,1335.92,1287.76,185.36,185.36,,,128.85,128.85
2021-11-12 18:30:00+01:00,193.23,215.1,157.9,70292.94,63651.0,15574.21,4802.54,14413.73,10878.54,10874.48,277.23,31.58,1011.62,87.21,1106.78,101.26,7916.52,453.84,195.36,,0.43,0.0,927.41,5731.75,13472.0,0.0,354.0,7264.0,1576.0,217.0,1222.0,,3401.0,1077.0,,42781.0,0.0,250.0,4184.0,34.36,0.0,5877.42,25.94,3073.75,4.13,0.0,0.0,481.03,0.0,3173.08,1367.72,0.97,0.87,356.84,1.04,2185.08,0.0,1382.39,5.62,238.573,332.585,1370.28,1228.04,254.19,254.19,223.03,246.51,126.96,126.96
2021-11-12 18:45:00+01:00,193.23,215.1,157.9,70171.98,63651.0,15489.77,4769.27,14377.64,10557.78,10838.4,277.23,31.54,870.64,245.97,1106.68,101.23,7916.17,453.99,195.66,,0.42,0.0,924.6,5808.51,13802.98,0.0,354.0,7264.0,1576.0,217.0,1222.0,,3401.0,1077.0,,42781.0,0.0,250.0,4184.0,34.3,0.0,5665.41,29.84,3074.75,4.5,0.0,0.0,481.06,0.0,3153.48,1369.18,0.97,0.81,357.6,1.38,2192.0,0.0,1402.34,5.6,238.573,332.585,1413.4,1191.36,266.78,266.78,,,133.93,133.93
2021-11-12 19:00:00+01:00,145.19,205.0,111.07,69720.86,63573.0,15127.35,4747.86,14393.97,10382.38,10674.7,277.23,31.52,1196.5,30.68,1108.86,61.93,7870.24,453.77,195.55,,0.31,0.0,913.78,5906.73,13519.41,0.0,352.0,7401.0,1582.0,217.0,1124.0,,3417.0,884.0,,42755.0,0.0,250.0,4409.0,34.58,0.0,4708.5,30.73,3054.85,5.0,0.0,0.0,481.03,0.0,3036.38,1372.21,0.97,0.86,362.4,1.08,2183.25,0.0,1426.02,5.64,366.416,247.9025,1436.76,746.28,253.31,253.31,236.09,260.95,57.28,57.28
2021-11-12 19:15:00+01:00,145.19,205.0,111.07,69380.82,63573.0,14910.38,4730.08,14408.41,10086.34,10495.28,277.23,31.66,869.39,32.51,1104.1,40.35,7798.32,453.82,195.44,,0.34,0.0,924.12,6043.88,13415.87,0.0,352.0,7401.0,1582.0,217.0,1124.0,,3417.0,884.0,,42755.0,0.0,250.0,4409.0,34.54,0.0,4434.51,27.69,3052.1,4.84,0.0,0.0,481.05,0.0,2963.51,1356.69,0.97,0.85,360.21,0.89,2195.65,0.0,1393.0,5.72,366.416,247.9025,1414.92,658.88,254.8,254.8,,,70.25,70.25
2021-11-12 19:30:00+01:00,145.19,205.0,111.07,69346.06,63573.0,14842.07,4731.85,14391.97,9900.34,10373.49,277.23,31.7,509.42,405.02,1101.85,58.88,7794.38,453.84,195.55,,0.36,0.0,919.2,6068.17,13567.75,0.0,352.0,7401.0,1582.0,217.0,1124.0,,3417.0,884.0,,42755.0,0.0,250.0,4409.0,34.14,0.0,4308.59,36.6,3050.26,4.86,0.0,0.0,481.03,0.0,2904.82,1358.54,0.97,0.87,353.22,0.81,2189.02,0.0,1390.62,5.67,366.416,247.9025,1415.8,632.84,295.8,295.8,194.75,215.25,69.28,69.28
2021-11-12 19:45:00+01:00,145.19,205.0,111.07,68403.5,63573.0,14799.52,4737.99,14393.67,9792.51,10188.58,277.23,31.62,268.11,831.12,1100.68,51.39,7793.84,453.94,195.95,,0.29,0.0,926.06,6136.22,13805.5,0.0,352.0,7401.0,1582.0,217.0,1124.0,,3417.0,884.0,,42755.0,0.0,250.0,4409.0,34.33,0.0,4155.3,33.93,3046.88,4.84,0.0,0.0,481.07,0.0,3012.03,1351.34,0.97,0.9,343.75,0.91,2179.87,0.0,1394.7,5.79,366.416,247.9025,1440.12,584.6,238.81,238.81,,,122.38,170.29
2021-11-12 20:00:00+01:00,157.11,185.68,180.06,67062.01,60203.0,14584.37,4667.3,14315.93,9540.48,9954.86,277.23,31.79,1359.56,388.24,1097.66,259.69,7801.56,453.79,195.78,,0.35,0.0,900.5,6184.17,14082.48,0.0,352.0,7167.0,1556.0,217.0,636.0,,2932.0,466.0,,42423.0,0.0,250.0,5303.0,34.34,0.0,3977.34,38.2,3050.05,4.8,0.0,0.0,481.11,0.0,3096.54,1328.65,0.97,0.88,368.88,0.76,2189.98,0.0,1415.68,5.71,631.806,181.37,1465.24,509.64,300.24,300.24,207.11,228.91,123.37,230.58
2021-11-12 20:15:00+01:00,157.11,185.68,180.06,65901.26,60203.0,14401.57,4644.92,14253.13,9213.32,9903.33,277.23,31.79,825.39,494.61,1090.32,106.0,7790.21,453.84,195.74,,0.35,0.0,897.16,6243.36,14395.49,0.0,352.0,7167.0,1556.0,217.0,636.0,,2932.0,466.0,,42423.0,0.0,250.0,5303.0,34.36,0.0,3649.0,47.94,3056.08,4.63,0.0,0.0,481.06,0.0,3061.57,1322.53,0.97,0.9,364.21,1.04,2191.07,0.0,1419.48,5.76,631.806,181.37,1535.68,361.56,64.4,64.4,,,115.55,183.06
2021-11-12 20:30:00+01:00,157.11,185.68,180.06,64491.52,60203.0,14189.35,4619.83,14304.85,8573.38,9734.09,277.23,31.8,355.11,812.63,1092.97,54.26,7792.35,453.92,194.16,,0.31,0.0,899.15,6094.13,14663.75,0.0,352.0,7167.0,1556.0,217.0,636.0,,2932.0,466.0,,42423.0,0.0,250.0,5303.0,34.58,0.0,3495.69,49.93,3049.74,4.27,0.0,0.0,481.05,0.0,3044.92,1313.98,0.97,0.92,367.39,0.75,2198.57,0.0,1454.91,5.83,631.806,181.37,1548.0,396.28,65.68,65.68,177.41,196.09,115.5,174.85
2021-11-12 20:45:00+01:00,157.11,185.68,180.06,63486.66,60203.0,13909.57,4612.97,14324.06,7903.75,9616.87,277.23,31.7,132.21,1223.71,1091.74,64.22,7752.33,453.67,193.26,,0.36,0.0,892.97,6037.66,14737.6,0.0,352.0,7167.0,1556.0,217.0,636.0,,2932.0,466.0,,42423.0,0.0,250.0,5303.0,34.25,0.0,3261.56,47.21,3023.15,4.2,0.0,0.0,481.04,0.0,3087.4,1300.04,0.97,0.84,373.2,0.62,2205.83,0.0,1495.27,5.54,631.806,181.37,1537.2,591.04,55.37,55.37,,,121.96,121.96
2021-11-12 21:00:00+01:00,109.11,179.64,148.6,62631.05,57407.0,13677.55,4554.86,14392.44,7349.63,9389.35,277.23,32.0,244.08,1684.97,1094.97,59.81,7734.03,453.79,193.04,,0.34,0.0,879.25,5984.51,14709.29,0.0,354.0,6984.0,1462.0,216.0,,965.0,2736.0,293.0,,42332.0,0.0,254.0,5834.0,34.35,0.0,2785.72,47.0,2991.08,4.2,0.0,0.0,481.4,0.0,2939.97,1288.73,0.97,0.92,372.46,1.15,2193.37,0.0,1533.48,5.8,191.438,434.005,1476.04,857.44,60.8,60.8,138.61,153.2,63.87,63.87
2021-11-12 21:15:00+01:00,109.11,179.64,148.6,61933.85,57407.0,13527.65,4559.62,14370.61,7318.42,9129.45,277.23,32.19,100.57,2128.83,1090.04,125.24,7726.44,453.84,193.05,,0.31,0.0,888.67,5988.48,14581.1,0.0,354.0,6984.0,1462.0,216.0,,965.0,2736.0,293.0,,42332.0,0.0,254.0,5834.0,34.44,0.0,2613.7,47.14,2972.17,4.03,0.0,0.0,481.08,0.0,2892.3,1302.55,0.97,0.85,372.83,0.88,2199.85,0.0,1527.69,5.76,191.438,434.005,1408.96,873.96,4.8,4.8,,,120.68,120.68
2021-11-12 21:30:00+01:00,109.11,179.64,148.6,60974.92,57407.0,13298.13,4547.56,14369.53,7246.75,9075.27,277.23,32.17,140.15,2584.27,1089.8,35.92,7726.79,454.09,193.07,,0.32,0.0,893.42,5931.61,14547.63,0.0,354.0,6984.0,1462.0,216.0,,965.0,2736.0,293.0,,42332.0,0.0,254.0,5834.0,34.43,0.0,2581.94,49.8,2967.78,3.87,0.0,0.0,481.08,0.0,2895.44,1276.43,0.97,0.9,372.98,0.62,2189.17,0.0,1520.46,5.68,191.438,434.005,1374.96,886.32,8.82,8.82,138.8,153.41,-9.7,-9.7
2021-11-12 21:45:00+01:00,109.11,179.64,148.6,59995.25,57407.0,13103.68,4533.58,14264.06,7166.67,8946.63,277.23,32.19,138.64,2747.76,1087.21,28.06,7726.62,450.34,193.54,,0.3,0.0,895.6,5931.06,14382.29,0.0,354.0,6984.0,1462.0,216.0,,965.0,2736.0,293.0,,42332.0,0.0,254.0,5834.0,34.36,0.0,2256.13,49.18,2956.99,4.1,0.0,0.0,481.06,0.0,2845.84,1282.14,0.97,0.89,372.94,1.1,2171.39,0.0,1490.97,5.66,191.438,434.005,1402.6,805.8,-1.83,-1.83,,,-21.4,-21.4
2021-11-12 22:00:00+01:00,109.54,169.12,140.05,59564.77,57316.0,12895.55,4477.61,14156.18,6885.79,8932.11,277.23,32.36,601.44,2237.78,1087.53,117.63,7742.01,442.67,189.69,,0.36,0.0,893.38,5875.81,13769.7,0.0,356.0,7155.0,1289.0,217.0,,1411.0,2409.0,471.0,,42319.0,0.0,251.0,5660.0,34.46,0.0,2509.43,53.77,2965.72,4.33,0.0,0.0,481.85,0.0,2924.79,1284.72,0.97,0.89,375.6,0.76,2167.53,0.0,1537.07,5.64,347.895,324.1725,1255.68,1019.12,257.76,257.76,138.61,153.21,111.99,554.71
2021-11-12 22:15:00+01:00,109.54,169.12,140.05,58452.23,57316.0,12703.13,4473.67,14067.28,6720.66,9067.1,277.23,32.66,396.93,2178.29,1089.6,65.5,7730.51,431.79,183.89,,0.33,0.0,899.71,5911.05,13536.99,0.0,356.0,7155.0,1289.0,217.0,,1411.0,2409.0,471.0,,42319.0,0.0,251.0,5660.0,34.67,0.0,2335.9,53.44,2980.1,4.53,0.0,0.0,481.06,0.0,3046.52,1277.51,0.97,0.88,372.71,1.05,2146.23,0.0,1545.18,5.57,347.895,324.1725,1198.52,1033.68,266.38,266.38,,,146.29,146.29
2021-11-12 22:30:00+01:00,109.54,169.12,140.05,57308.77,57316.0,12506.85,4476.03,14095.94,6543.51,9074.96,277.23,32.76,178.82,2921.64,1084.43,25.18,7735.43,431.86,183.97,,0.25,0.0,901.22,5796.12,13280.76,0.0,356.0,7155.0,1289.0,217.0,,1411.0,2409.0,471.0,,42319.0,0.0,251.0,5660.0,34.49,0.0,2198.5,57.2,2989.37,4.3,0.0,0.0,481.09,0.0,3068.63,1259.99,0.97,0.81,374.31,0.62,2119.01,0.0,1568.65,5.68,347.895,324.1725,1150.88,927.64,277.82,277.82,170.0,187.9,95.23,95.23
2021-11-12 22:45:00+01:00,109.54,169.12,140.05,56477.51,57316.0,12326.95,4484.79,13929.05,6323.9,8916.04,277.23,32.67,211.52,3463.2,1085.22,40.74,7731.84,431.89,183.9,,0.33,0.0,904.85,5780.03,12983.08,0.0,356.0,7155.0,1289.0,217.0,,1411.0,2409.0,471.0,,42319.0,0.0,251.0,5660.0,34.37,0.0,2075.3,56.2,2995.22,4.4,0.0,0.0,481.04,0.0,3055.24,1257.86,0.97,0.88,377.8,0.86,2124.2,0.0,1583.0,5.7,347.895,324.1725,1130.92,1025.64,253.54,253.54,,,121.96,121.96
2021-11-12 23:00:00+01:00,91.42,165.0,100.0,55156.68,57689.0,12288.89,4454.58,13899.94,5831.77,8740.91,277.23,32.66,391.23,2536.53,1083.02,82.92,7739.32,427.42,181.96,,0.33,0.0,911.43,5755.67,12712.5,0.0,358.0,6734.0,1039.0,217.0,,924.0,2198.0,483.0,,42085.0,0.0,250.0,5745.0,34.21,0.0,1849.54,57.03,3002.41,4.37,0.0,0.0,481.15,0.0,2959.28,1297.44,0.97,0.86,383.88,0.75,2093.23,0.0,1569.51,5.6,272.02,401.0075,1184.76,1224.68,307.2,307.2,165.68,183.12,109.81,164.96
2021-11-12 23:15:00+01:00,91.42,165.0,100.0,53852.54,57689.0,12159.72,4447.41,13878.91,5636.29,8710.4,277.23,32.96,99.72,3361.46,1083.26,65.35,7731.45,424.51,180.54,,0.29,0.0,910.43,5699.59,12428.07,0.0,358.0,6734.0,1039.0,217.0,,924.0,2198.0,483.0,,42085.0,0.0,250.0,5745.0,34.31,0.0,1778.56,55.09,3044.13,4.37,0.0,0.0,481.06,0.0,2892.58,1314.71,0.97,0.88,382.06,0.75,2079.79,0.0,1555.89,5.65,272.02,401.0075,1177.88,1306.2,263.56,263.56,,,148.82,148.82
2021-11-12 23:30:00+01:00,91.42,165.0,100.0,53192.91,57689.0,11994.01,4439.72,13900.07,5586.54,8551.7,277.23,32.97,195.61,3776.49,1084.01,75.09,7732.41,424.54,180.75,,0.34,0.0,909.0,5586.44,12370.01,0.0,358.0,6734.0,1039.0,217.0,,924.0,2198.0,483.0,,42085.0,0.0,250.0,5745.0,34.5,0.0,1717.28,55.78,3032.59,4.46,0.0,0.0,481.03,0.0,2864.85,1320.72,0.97,0.85,392.45,0.77,2087.77,0.0,1577.84,5.6,272.02,401.0075,1156.84,1370.68,215.26,215.26,94.53,104.48,109.81,109.81
2021-11-12 23:45:00+01:00,91.42,165.0,100.0,52609.39,57689.0,11801.26,4446.42,13855.48,5565.71,8361.73,277.23,32.88,158.27,4441.55,1085.68,38.1,7726.15,424.39,180.71,,0.34,0.0,897.77,5518.18,12367.44,0.0,358.0,6734.0,1039.0,217.0,,924.0,2198.0,483.0,,42085.0,0.0,250.0,5745.0,34.16,0.0,1658.51,56.17,3044.14,4.2,0.0,0.0,481.02,0.0,2749.2,1321.09,0.97,0.87,388.46,1.0,2143.3,0.0,1563.96,5.58,272.02,401.0075,1159.12,1436.64,210.24,210.24,,,75.0,75.0
2021-11-13 00:00:00+01:00,99.0,187.93,84.5,52944.2,54604.0,11718.8,4396.16,13640.13,5225.34,8345.76,277.23,32.99,107.46,3286.23,1085.39,20.34,7739.12,426.3,180.97,,0.3,0.0,877.47,5527.46,12405.77,0.0,354.0,5524.0,728.0,213.0,,653.0,2195.0,533.0,,41513.0,0.0,251.0,5726.0,34.3,0.0,1487.67,56.66,2936.2,4.16,0.0,0.0,481.1,0.0,2557.96,1366.7,0.97,0.84,381.96,1.5,2118.38,0.0,1576.61,5.53,432.154,314.7975,1238.6,1208.4,254.92,254.92,180.79,199.82,59.5,59.5
2021-11-13 00:15:00+01:00,99.0,187.93,84.5,51935.96,54604.0,11655.19,4395.62,13503.97,5384.1,8291.83,277.23,33.06,11.73,3710.62,1079.06,4.47,7731.04,426.23,181.02,,0.35,0.0,892.65,5431.09,12266.4,0.0,354.0,5524.0,728.0,213.0,,653.0,2195.0,533.0,,41513.0,0.0,251.0,5726.0,34.26,0.0,1558.57,55.64,2854.51,4.2,0.0,0.0,481.02,0.0,2446.4,1438.62,0.97,0.93,382.4,1.48,2118.53,0.0,1572.65,5.69,432.154,314.7975,1221.52,1231.56,46.37,46.37,,,129.15,129.15
2021-11-13 00:30:00+01:00,99.0,187.93,84.5,51197.97,54604.0,11470.11,4393.71,13436.86,5324.09,8219.05,277.23,33.06,2.93,4065.19,1077.38,11.16,7733.26,426.4,181.19,,0.35,0.0,887.56,5398.96,12060.41,0.0,354.0,5524.0,728.0,213.0,,653.0,2195.0,533.0,,41513.0,0.0,251.0,5726.0,34.69,0.0,1520.03,55.61,2797.38,3.8,0.0,0.0,481.06,0.0,2378.31,1447.35,0.97,0.87,375.1,0.91,2119.7,0.0,1548.16,5.67,432.154,314.7975,1240.0,1321.24,248.29,248.29,129.46,143.08,111.92,111.92
2021-11-13 00:45:00+01:00,99.0,187.93,84.5,50972.4,54604.0,11334.33,4392.24,13122.46,5201.04,8156.89,277.23,33.11,177.25,3963.36,1079.98,43.2,7733.76,426.43,180.82,,0.29,0.0,888.6,5354.07,12013.64,0.0,354.0,5524.0,728.0,213.0,,653.0,2195.0,533.0,,41513.0,0.0,251.0,5726.0,34.46,0.0,1480.52,53.73,2720.5,4.1,0.0,0.0,481.0,0.0,2333.42,1447.8,0.97,0.88,381.92,1.02,2106.55,0.0,1530.51,5.67,432.154,314.7975,1253.92,1399.28,249.52,249.52,,,109.5,109.5
2021-11-13 01:00:00+01:00,92.65,181.14,84.25,50621.75,52242.0,11204.28,4382.42,12850.12,5379.43,8190.06,277.23,33.08,185.95,3984.24,1085.66,9.19,7739.33,426.33,180.8,,0.33,0.0,886.15,5225.75,11962.77,0.0,353.0,4284.0,702.0,213.0,,1705.0,2103.0,432.0,,41024.0,0.0,252.0,6021.0,34.68,0.0,1530.17,55.34,2612.02,4.24,0.0,0.0,481.04,0.0,2339.43,1446.52,0.97,0.93,372.96,1.65,2107.98,0.0,1537.32,5.71,600.752,293.3425,1238.16,1472.48,204.1,204.1,133.23,147.25,129.15,129.15
2021-11-13 01:15:00+01:00,92.65,181.14,84.25,50122.69,52242.0,11070.41,4378.81,12785.01,5393.65,8260.24,277.23,33.23,195.37,3914.21,1090.78,9.4,7732.41,426.3,181.02,,0.32,0.0,881.5,5098.96,11951.8,0.0,353.0,4284.0,702.0,213.0,,1705.0,2103.0,432.0,,41024.0,0.0,252.0,6021.0,34.45,0.0,1639.69,55.2,2525.0,4.1,0.0,0.0,481.04,0.0,2235.11,1469.17,0.97,0.82,381.58,0.58,2015.03,0.0,1522.2,5.7,600.752,293.3425,1189.56,1438.4,262.42,262.42,,,139.54,142.9
2021-11-13 01:30:00+01:00,92.65,181.14,84.25,49529.71,52242.0,10964.46,4363.47,12799.98,5402.39,8252.7,276.98,33.23,140.14,4396.87,1085.93,7.12,7722.58,426.18,181.08,,0.3,0.0,882.71,4947.92,12097.71,0.0,353.0,4284.0,702.0,213.0,,1705.0,2103.0,432.0,,41024.0,0.0,252.0,6021.0,34.55,0.0,1768.4,55.21,2478.02,4.4,0.0,0.0,481.05,0.0,2167.34,1457.5,0.97,0.84,378.9,1.73,1846.12,0.0,1496.14,5.68,600.752,293.3425,1180.32,1415.6,228.64,228.64,137.83,152.33,174.26,174.26
2021-11-13 01:45:00+01:00,92.65,181.14,84.25,49229.81,52242.0,10836.3,4341.4,12691.49,5392.13,8225.73,275.32,33.38,135.87,4548.36,1082.41,6.13,7689.05,426.2,181.26,,0.34,0.0,880.82,4829.37,12057.23,0.0,353.0,4284.0,702.0,213.0,,1705.0,2103.0,432.0,,41024.0,0.0,252.0,6021.0,34.78,0.0,1780.85,55.52,2510.84,4.13,0.0,0.0,481.0,0.0,2092.84,1460.82,0.97,0.84,384.94,0.91,1788.01,0.0,1433.77,5.67,600.752,293.3425,1167.36,1479.2,-9.05,-9.05,,,150.42,150.42
2021-11-13 02:00:00+01:00,97.0,173.46,84.07,49126.95,50762.0,10774.14,4330.83,12575.66,5400.61,8127.47,275.96,33.44,200.26,4304.0,1074.55,7.16,7698.58,426.05,181.4,,0.3,0.0,898.8,4835.74,12220.04,0.0,353.0,3409.0,656.0,212.0,,2713.0,1965.0,,12.0,40820.0,0.0,253.0,6059.0,34.56,0.0,1770.66,52.26,2566.48,4.27,0.0,0.0,481.05,0.0,1959.99,1467.82,0.97,0.84,385.0,1.65,1740.5,0.0,1374.54,5.62,794.085,165.94,1259.48,1190.64,86.8,86.8,124.67,137.79,160.69,160.69
2021-11-13 02:15:00+01:00,97.0,173.46,84.07,48783.82,50762.0,10715.86,4337.98,12563.64,5314.57,8007.41,277.23,33.5,201.63,4369.23,1077.46,7.36,7612.59,425.95,181.21,,0.35,0.0,891.12,4711.25,12366.02,0.0,353.0,3409.0,656.0,212.0,,2713.0,1965.0,,12.0,40820.0,0.0,253.0,6059.0,34.59,0.0,1884.22,55.6,2602.64,4.3,0.0,0.0,481.02,0.0,1818.54,1477.76,0.97,0.82,380.33,1.87,1651.71,0.0,1297.33,5.59,794.085,165.94,1214.36,1234.76,80.09,80.09,,,197.84,197.84
2021-11-13 02:30:00+01:00,97.0,173.46,84.07,48673.62,50762.0,10637.46,4340.73,12577.66,5304.55,7903.02,277.23,33.6,155.3,4317.96,1078.19,7.43,7558.83,425.9,181.27,,0.34,0.0,880.22,4522.77,12411.99,0.0,353.0,3409.0,656.0,212.0,,2713.0,1965.0,,12.0,40820.0,0.0,253.0,6059.0,34.52,0.0,1896.15,50.05,2648.47,4.2,0.0,0.0,481.05,0.0,1765.29,1477.03,0.97,0.91,387.17,1.68,1750.77,0.0,1199.09,5.68,794.085,165.94,1179.48,1242.4,239.72,239.72,123.84,136.88,174.69,174.69
2021-11-13 02:45:00+01:00,97.0,173.46,84.07,48325.8,50762.0,10567.4,4341.03,12581.41,5302.78,7778.35,277.23,33.56,79.31,4363.86,1082.99,8.18,7558.01,426.0,181.05,,0.32,0.0,893.73,4282.61,12440.39,0.0,353.0,3409.0,656.0,212.0,,2713.0,1965.0,,12.0,40820.0,0.0,253.0,6059.0,34.41,0.0,1688.97,49.39,2670.87,4.1,0.0,0.0,481.02,0.0,1709.91,1461.92,0.97,0.84,389.21,1.64,1914.89,0.0,1088.27,5.69,794.085,165.94,1176.2,1139.08,101.43,101.43,,,145.44,147.69
2021-11-13 03:00:00+01:00,107.02,127.62,84.16,48506.38,48109.0,10573.06,4337.74,12476.69,5221.02,7565.97,277.23,33.5,128.93,4384.6,1081.3,27.6,7558.6,425.83,180.99,,0.36,0.0,887.88,4145.16,12023.22,0.0,355.0,2984.0,702.0,209.0,,3332.0,1928.0,,1.0,40335.0,0.0,253.0,5700.0,34.16,0.0,1552.44,54.07,2760.11,4.43,0.0,0.0,481.04,0.0,1589.17,1483.95,0.97,0.83,384.29,2.08,1916.64,0.0,995.33,5.71,614.649,234.34,1148.4,1024.36,275.43,275.43,88.22,97.5,-70.03,-70.03
2021-11-13 03:15:00+01:00,107.02,127.62,84.16,48377.46,48109.0,10608.37,4339.96,12319.28,5238.81,7647.57,277.23,33.56,73.86,4146.56,1079.02,7.01,7555.21,426.0,181.38,,0.36,0.0,890.27,4032.94,11802.01,0.0,355.0,2984.0,702.0,209.0,,3332.0,1928.0,,1.0,40335.0,0.0,253.0,5700.0,34.81,0.0,1518.75,50.74,2808.23,4.43,0.0,0.0,481.01,0.0,1528.18,1553.91,0.97,0.8,389.46,1.97,1848.14,0.0,986.39,5.68,614.649,234.34,1121.92,964.96,255.58,255.58,,,119.16,119.16
2021-11-13 03:30:00+01:00,107.02,127.62,84.16,48262.61,48109.0,10567.12,4346.04,12335.83,5218.37,7813.22,277.23,33.48,87.66,3919.67,1077.48,6.81,7558.09,425.93,181.58,,0.28,0.0,888.47,3848.49,11647.95,0.0,355.0,2984.0,702.0,209.0,,3332.0,1928.0,,1.0,40335.0,0.0,253.0,5700.0,34.8,0.0,1580.33,49.6,2841.97,4.5,0.0,0.0,481.05,0.0,1451.81,1577.32,0.97,0.84,392.4,3.39,1765.01,0.0,898.22,5.66,614.649,234.34,1095.32,924.16,249.92,249.92,89.18,98.56,150.69,150.69
2021-11-13 03:45:00+01:00,107.02,127.62,84.16,48050.13,48109.0,10518.59,4351.2,12242.38,5144.48,7946.83,277.23,33.43,90.48,3961.72,1077.98,14.61,7556.53,426.0,181.49,,0.37,0.0,894.9,3664.71,11658.27,0.0,355.0,2984.0,702.0,209.0,,3332.0,1928.0,,1.0,40335.0,0.0,253.0,5700.0,34.56,0.0,1713.47,53.19,2865.49,4.4,0.0,0.0,481.02,0.0,1378.69,1577.55,0.97,0.82,399.17,2.74,1715.75,0.0,801.09,5.67,614.649,234.34,1099.8,870.16,-18.33,-18.33,,,154.69,154.69
2021-11-13 04:00:00+01:00,111.6,113.37,113.4,48361.03,46997.0,10576.35,4345.1,12048.63,5357.73,8000.44,277.23,33.35,248.04,3718.59,1079.89,54.41,7548.41,425.7,181.4,,0.35,0.0,898.03,3411.96,11841.15,0.0,352.0,2837.0,679.0,210.0,,3605.0,1897.0,,136.0,39925.0,0.0,252.0,5523.0,34.43,0.0,1729.28,53.24,2929.89,4.44,0.0,0.0,481.04,0.0,1335.97,1593.24,0.97,0.85,388.94,1.1,1638.36,0.0,725.09,5.58,853.354,96.5575,1100.88,331.08,195.52,195.52,78.26,86.5,-13.55,-13.55
2021-11-13 04:15:00+01:00,111.6,113.37,113.4,48364.53,46997.0,10569.56,4355.99,12087.16,5388.25,8064.9,277.23,33.4,214.13,3772.73,1078.75,53.97,7549.82,425.8,181.69,,0.31,0.0,900.8,3215.82,11931.99,0.0,352.0,2837.0,679.0,210.0,,3605.0,1897.0,,136.0,39925.0,0.0,252.0,5523.0,34.87,0.0,1616.94,50.57,2954.88,4.53,0.0,0.0,481.08,0.0,1246.21,1642.3,0.97,0.83,391.03,0.75,1627.91,0.0,681.98,5.58,853.354,96.5575,1103.52,116.24,220.91,220.91,,,109.15,109.15
2021-11-13 04:30:00+01:00,111.6,113.37,113.4,49003.18,46997.0,10585.31,4356.5,12065.66,5409.41,8119.58,277.23,33.35,233.33,3474.73,1070.91,54.61,7555.23,425.73,181.74,,0.35,0.0,896.24,2938.13,11880.7,0.0,352.0,2837.0,679.0,210.0,,3605.0,1897.0,,136.0,39925.0,0.0,252.0,5523.0,34.67,0.0,1689.94,51.32,2977.81,4.53,0.0,0.0,481.09,0.0,1195.56,1651.9,0.97,0.88,382.73,1.64,1588.25,0.0,588.77,5.63,853.354,96.5575,1043.16,40.16,220.97,220.97,75.82,83.8,164.92,164.92
2021-11-13 04:45:00+01:00,111.6,113.37,113.4,48800.06,46997.0,10596.0,4372.92,11961.78,5372.29,8249.68,277.23,33.29,206.46,3465.26,1068.89,54.32,7549.42,425.7,180.62,,0.37,0.0,897.79,2628.29,12180.74,0.0,352.0,2837.0,679.0,210.0,,3605.0,1897.0,,136.0,39925.0,0.0,252.0,5523.0,34.27,0.0,1837.6,56.55,3007.47,4.44,0.0,0.0,481.05,0.0,1151.54,1667.41,0.97,0.88,383.09,1.75,1489.73,0.0,596.1,5.64,853.354,96.5575,985.48,58.72,-11.81,-11.81,,,195.0,195.0
2021-11-13 05:00:00+01:00,99.36,101.97,102.0,49320.63,47726.0,10638.01,4392.06,12002.73,5338.96,8270.1,277.23,33.2,253.97,3238.13,1062.58,54.65,7558.03,431.27,182.62,,0.32,0.0,892.16,2396.44,12218.86,0.0,350.0,2937.0,762.0,210.0,,3288.0,1886.0,,119.0,40586.0,0.0,251.0,5336.0,34.49,0.0,1643.65,51.9,3024.38,4.26,0.0,0.0,481.07,0.0,1058.73,1691.81,0.97,0.84,389.54,2.2,1511.37,0.0,585.28,5.34,806.4815,37.2,1036.36,57.12,-15.37,-15.37,105.85,116.99,-68.0,-68.0
2021-11-13 05:15:00+01:00,99.36,101.97,102.0,49139.21,47726.0,10760.47,4408.49,12060.51,5337.05,8349.59,277.23,32.93,229.01,2772.3,1063.08,54.63,7553.4,432.95,182.97,,0.37,0.0,895.97,2195.89,12176.19,0.0,350.0,2937.0,762.0,210.0,,3288.0,1886.0,,119.0,40586.0,0.0,251.0,5336.0,34.45,0.0,1588.23,57.17,2998.19,4.27,0.0,0.0,481.1,0.0,997.06,1766.69,0.97,0.84,382.49,1.86,1443.89,2.09,541.68,5.73,806.4815,37.2,1166.88,0.0,79.9,79.9,,,139.7,139.7
2021-11-13 05:30:00+01:00,99.36,101.97,102.0,49191.68,47726.0,10811.35,4405.1,12043.2,5359.42,8596.41,277.23,32.93,224.32,2692.78,1066.18,54.62,7559.92,432.85,182.85,,0.36,0.0,892.92,1998.61,11902.32,0.0,350.0,2937.0,762.0,210.0,,3288.0,1886.0,,119.0,40586.0,0.0,251.0,5336.0,34.88,0.0,1788.35,58.6,2967.76,4.27,0.0,0.0,481.11,0.0,967.73,1797.96,0.97,0.89,390.59,1.74,1367.1,2.11,515.26,8.66,806.4815,37.2,1095.28,0.0,229.42,229.42,142.44,157.44,158.47,158.47
2021-11-13 05:45:00+01:00,99.36,101.97,102.0,49607.28,47726.0,10891.82,4406.5,11966.77,5401.64,8946.25,277.23,32.79,186.61,2676.78,1067.65,54.88,7559.88,432.65,182.81,,0.36,0.0,891.39,1772.37,11673.58,0.0,350.0,2937.0,762.0,210.0,,3288.0,1886.0,,119.0,40586.0,0.0,251.0,5336.0,34.39,0.0,1882.8,60.59,3020.82,4.26,0.0,0.0,481.1,0.0,924.06,1799.92,0.97,0.8,383.39,2.32,1380.94,2.11,418.5,8.5,806.4815,37.2,1132.12,0.0,-19.98,-19.98,,,167.89,167.89
2021-11-13 06:00:00+01:00,123.64,140.08,131.91,50092.38,49490.0,11034.79,4445.96,12267.98,5589.39,9359.25,277.23,32.63,384.4,834.53,1068.6,58.71,7583.4,432.7,182.78,,0.42,0.0,891.71,1539.41,11584.77,0.0,353.0,3529.0,851.0,209.0,,3059.0,1987.0,,113.0,41456.0,0.0,251.0,5324.0,34.52,0.0,1850.52,57.46,3049.36,4.27,0.0,0.0,481.1,0.0,919.05,1822.16,0.97,0.8,384.44,1.68,1283.15,2.14,408.89,9.41,1228.687,0.045,2070.24,0.0,324.51,324.51,133.08,147.08,-52.0,-52.0
2021-11-13 06:15:00+01:00,123.64,140.08,131.91,50613.75,49490.0,11161.94,4452.91,12489.61,5622.42,9516.43,277.23,32.27,449.8,411.39,1068.69,41.61,7624.63,432.57,182.39,,0.46,0.0,892.39,1390.75,11066.41,0.0,353.0,3529.0,851.0,209.0,,3059.0,1987.0,,113.0,41456.0,0.0,251.0,5324.0,34.45,0.0,1801.66,61.97,2986.1,4.43,0.0,0.0,481.1,0.0,891.38,1877.1,0.97,0.84,382.94,3.23,1270.6,2.12,449.09,9.42,1228.687,0.045,2250.68,0.0,235.61,235.61,,,106.91,106.91
2021-11-13 06:30:00+01:00,123.64,140.08,131.91,51028.49,49490.0,11305.39,4471.92,12680.47,5643.86,9698.01,277.23,32.44,1207.21,287.52,1069.6,40.95,7635.67,432.55,182.36,,0.42,0.0,890.26,1302.54,10765.35,0.0,353.0,3529.0,851.0,209.0,,3059.0,1987.0,,113.0,41456.0,0.0,251.0,5324.0,34.81,0.0,2024.98,62.86,3001.21,4.54,0.0,0.0,481.1,0.0,929.57,1866.03,0.97,0.76,382.98,3.02,1276.59,2.11,425.32,9.5,1228.687,0.045,2240.64,0.0,265.74,265.74,171.7,189.78,137.57,152.57
2021-11-13 06:45:00+01:00,123.64,140.08,131.91,51916.34,49490.0,11472.05,4499.09,12858.75,5714.49,9867.32,277.23,32.49,1560.94,182.01,1065.45,30.88,7680.32,436.38,182.42,,0.55,0.0,890.87,1217.64,10471.79,0.0,353.0,3529.0,851.0,209.0,,3059.0,1987.0,,113.0,41456.0,0.0,251.0,5324.0,34.52,0.0,2143.18,56.45,2994.63,4.6,0.0,0.0,481.08,0.0,982.47,1856.6,0.97,0.84,376.22,1.86,1276.4,2.25,409.49,9.43,1228.687,0.045,2273.16,0.0,314.73,314.73,,,238.77,238.77
2021-11-13 07:00:00+01:00,155.31,155.31,155.31,52908.73,51009.0,11648.93,4561.05,13111.99,6002.33,9982.25,277.23,32.51,728.93,562.32,1060.36,28.65,7757.05,436.17,182.16,,0.71,0.0,888.19,1129.59,10358.41,0.0,355.0,5026.0,967.0,213.0,,2467.0,2062.0,86.0,,41530.0,173.0,252.0,5128.0,34.43,0.0,2761.48,58.88,3035.97,4.86,0.0,0.0,481.6,0.0,1083.6,1776.16,0.97,0.76,379.76,1.79,1226.8,2.43,368.67,9.3,1599.76,0.0,2645.56,0.0,259.57,259.57,175.16,193.6,454.13,454.13
2021-11-13 07:15:00+01:00,155.31,155.31,155.31,53638.18,51009.0,11779.95,4589.12,13379.19,6281.75,10000.27,277.23,32.41,1070.99,206.78,1057.16,97.75,7797.25,436.15,182.27,,35.69,0.0,887.85,989.22,10256.51,0.0,355.0,5026.0,967.0,213.0,,2467.0,2062.0,86.0,,41530.0,173.0,252.0,5128.0,33.98,0.0,3065.83,60.9,3068.96,4.44,0.0,0.0,481.08,0.0,1285.94,1710.52,0.97,0.82,389.21,1.86,1117.47,2.45,333.68,9.4,1599.76,0.0,2659.08,0.0,301.83,301.83,,,454.13,454.13
2021-11-13 07:30:00+01:00,155.31,155.31,155.31,53886.88,51009.0,11973.15,4579.66,13401.48,6561.41,9988.78,277.23,32.4,992.77,125.01,1055.27,111.06,7825.48,436.2,182.23,,88.44,0.0,880.85,869.65,10125.87,0.0,355.0,5026.0,967.0,213.0,,2467.0,2062.0,86.0,,41530.0,173.0,252.0,5128.0,33.53,0.0,3285.17,52.55,3080.24,4.7,0.0,0.0,481.03,0.0,1352.34,1700.6,0.97,0.83,384.64,1.89,1126.22,0.42,304.39,6.27,1599.76,0.0,2574.56,0.0,309.45,309.45,149.8,165.56,454.13,454.13
2021-11-13 07:45:00+01:00,155.31,155.31,155.31,54762.51,51009.0,12139.43,4597.22,13407.4,6943.86,10026.59,277.23,32.27,1155.1,7.57,1052.68,74.31,7864.79,436.55,182.01,,198.38,0.0,888.46,783.25,9909.5,0.0,355.0,5026.0,967.0,213.0,,2467.0,2062.0,86.0,,41530.0,173.0,252.0,5128.0,33.35,0.0,3533.98,54.98,3070.49,4.3,0.0,0.0,480.78,0.0,1354.78,1697.58,0.99,0.74,389.34,1.32,1162.7,1.12,287.07,8.04,1599.76,0.0,2426.36,0.0,290.33,290.33,,,274.45,274.45
2021-11-13 08:00:00+01:00,151.2,151.2,151.2,55904.81,52927.0,12321.67,4628.53,13590.75,7364.93,10251.79,277.23,32.27,1215.66,230.5,1050.21,18.52,7952.44,439.61,183.82,,427.96,0.0,893.71,702.78,9691.47,0.0,350.0,6639.0,1049.0,213.0,,1809.0,2420.0,,10.0,41714.0,358.0,251.0,4806.0,33.43,0.0,4284.25,48.95,3084.47,4.5,0.0,0.0,480.78,0.0,1593.76,1700.77,1.35,0.56,386.07,2.56,1186.56,1.13,247.37,9.01,710.5555,74.655,809.64,0.0,110.74,110.74,152.77,168.85,293.12,293.12
2021-11-13 08:15:00+01:00,151.2,151.2,151.2,56573.96,52927.0,12547.02,4654.27,13831.68,7622.26,10309.98,277.23,32.0,922.72,167.09,1046.42,18.29,8013.41,440.06,184.14,,722.53,0.0,891.54,633.64,9440.74,0.0,350.0,6639.0,1049.0,213.0,,1809.0,2420.0,,10.0,41714.0,358.0,251.0,4806.0,33.6,0.0,4677.86,46.46,3075.12,4.56,0.0,0.0,480.83,0.0,1752.58,1711.56,1.46,0.08,379.26,1.71,1148.88,2.83,233.33,9.36,710.5555,74.655,763.88,0.0,90.06,90.06,,,146.08,146.08
2021-11-13 08:30:00+01:00,151.2,151.2,151.2,57310.59,52927.0,12798.55,4671.75,13802.84,7779.19,10443.33,277.23,31.84,887.31,43.55,1049.32,15.58,8017.52,439.91,184.62,,1092.55,0.0,885.23,601.81,9272.58,0.0,350.0,6639.0,1049.0,213.0,,1809.0,2420.0,,10.0,41714.0,358.0,251.0,4806.0,33.9,0.0,4961.68,40.33,3069.78,4.8,0.0,0.0,480.85,0.0,1827.43,1718.07,3.0,0.0,378.55,2.23,1137.79,4.24,246.9,9.55,710.5555,74.655,726.56,0.0,130.71,130.71,162.6,179.72,134.57,134.57
2021-11-13 08:45:00+01:00,151.2,151.2,151.2,57801.58,52927.0,12930.63,4680.89,13831.96,7988.89,10481.38,276.6,31.43,980.23,5.27,1047.78,23.44,8014.62,439.91,185.22,,1460.18,0.0,882.97,546.88,9029.49,0.0,350.0,6639.0,1049.0,213.0,,1809.0,2420.0,,10.0,41714.0,358.0,251.0,4806.0,33.99,0.0,5095.61,41.12,3075.65,4.7,0.0,0.0,480.88,0.0,1853.02,1702.33,4.82,0.0,380.71,1.95,1144.99,5.78,277.77,9.18,710.5555,74.655,746.44,0.0,105.28,105.28,,,155.57,155.57
2021-11-13 09:00:00+01:00,161.75,161.75,161.75,59121.8,55267.0,13049.95,4689.95,13892.15,8117.64,10511.45,275.32,31.09,1362.1,16.98,1046.3,17.15,8015.91,436.38,184.16,,1801.72,0.0,882.14,481.83,8791.06,0.0,346.0,7337.0,1061.0,213.0,,323.0,2453.0,68.0,,41732.0,1021.0,253.0,4353.0,34.57,0.0,5793.25,24.54,3076.22,4.87,0.0,0.0,480.82,0.0,2029.89,1681.19,7.46,0.0,385.29,1.94,1054.88,8.36,239.04,9.58,601.1485,74.93,284.84,45.24,253.43,253.43,164.26,181.56,172.36,172.36
2021-11-13 09:15:00+01:00,161.75,161.75,161.75,59908.6,55267.0,13112.23,4706.13,14011.65,8513.08,10523.58,275.32,30.96,1818.72,14.03,1046.93,17.44,8024.49,435.85,183.69,,2181.33,0.0,883.61,427.71,8503.06,0.0,346.0,7337.0,1061.0,213.0,,323.0,2453.0,68.0,,41732.0,1021.0,253.0,4353.0,34.4,0.0,6289.01,24.02,3075.54,4.5,0.0,0.0,480.81,0.0,2206.71,1640.59,12.02,0.0,376.14,2.29,1065.82,7.72,204.37,10.28,601.1485,74.93,157.52,216.8,279.95,279.95,,,169.55,169.55
2021-11-13 09:30:00+01:00,161.75,161.75,161.75,60234.86,55267.0,13164.63,4709.49,14031.86,8753.56,10578.99,275.32,30.76,1979.63,5.78,1044.63,14.33,8034.13,436.02,183.9,,2576.18,0.0,888.28,417.39,8151.91,0.0,346.0,7337.0,1061.0,213.0,,323.0,2453.0,68.0,,41732.0,1021.0,253.0,4353.0,34.71,0.0,6421.49,24.56,3079.33,4.33,0.0,0.0,480.85,0.0,2216.58,1610.45,11.47,0.0,381.64,0.96,1072.97,8.46,182.53,10.7,601.1485,74.93,141.56,242.96,299.04,299.04,163.36,180.56,226.75,226.75
2021-11-13 09:45:00+01:00,161.75,161.75,161.75,60582.85,55267.0,13171.81,4715.48,14016.21,8826.33,10643.74,275.32,30.7,1955.34,5.52,1043.93,13.25,8036.73,435.57,183.62,,2934.87,0.0,889.65,421.02,7747.22,0.0,346.0,7337.0,1061.0,213.0,,323.0,2453.0,68.0,,41732.0,1021.0,253.0,4353.0,34.61,0.0,6708.22,25.14,3083.23,4.14,0.0,0.0,480.86,0.0,2363.36,1549.09,16.66,0.0,383.09,0.74,1035.6,9.26,158.25,10.8,601.1485,74.93,121.12,452.76,327.27,327.27,,,144.76,455.1
2021-11-13 10:00:00+01:00,173.89,173.89,173.89,61029.41,55743.0,13096.71,4704.94,14008.77,8792.3,10745.28,275.32,30.46,1731.54,4.86,1039.14,13.62,8042.01,435.95,183.91,,3297.4,0.0,893.12,455.8,7201.15,0.0,346.0,7382.0,1091.0,213.0,255.0,,2351.0,86.0,,41713.0,1869.0,253.0,3936.0,34.36,0.0,7178.1,24.52,3085.47,4.2,0.0,0.0,480.8,0.0,2483.14,1483.96,18.69,0.0,390.75,0.25,1000.58,9.06,137.2,10.9,241.978,234.8825,319.08,715.28,268.97,268.97,165.83,183.29,142.51,229.85
2021-11-13 10:15:00+01:00,173.89,173.89,173.89,61417.72,55743.0,13066.34,4709.48,14069.67,8866.19,10759.94,275.32,30.25,1736.31,11.87,1036.05,13.12,8040.43,435.85,183.75,,3652.46,0.0,893.8,442.78,6751.08,0.0,346.0,7382.0,1091.0,213.0,255.0,,2351.0,86.0,,41713.0,1869.0,253.0,3936.0,34.59,0.0,7528.54,25.52,3081.76,4.2,0.0,0.0,480.7,0.0,2558.8,1463.41,25.38,0.0,390.28,0.25,961.66,9.0,138.58,12.06,241.978,234.8825,237.52,884.8,262.87,262.87,,,453.87,453.87
2021-11-13 10:30:00+01:00,173.89,173.89,173.89,61793.06,55743.0,12977.63,4701.97,14124.83,8928.22,10812.0,275.32,30.23,1744.09,10.79,1031.35,18.94,8039.76,435.77,182.86,,3895.9,0.0,896.41,465.55,6228.98,0.0,346.0,7382.0,1091.0,213.0,255.0,,2351.0,86.0,,41713.0,1869.0,253.0,3936.0,34.51,0.0,7420.01,26.32,3067.27,4.53,0.0,0.0,480.8,0.0,2672.66,1416.35,31.53,0.0,388.22,0.37,834.5,8.4,132.42,12.22,241.978,234.8825,256.68,857.64,268.94,268.94,165.2,182.58,453.87,453.87
2021-11-13 10:45:00+01:00,173.89,173.89,173.89,61864.4,55743.0,12893.65,4695.05,14038.02,9002.37,10915.93,275.32,30.16,1755.99,10.34,1030.66,26.15,8039.8,435.8,183.89,,4057.93,0.0,895.73,462.39,5861.57,0.0,346.0,7382.0,1091.0,213.0,255.0,,2351.0,86.0,,41713.0,1869.0,253.0,3936.0,34.28,0.0,7676.88,27.24,3082.35,4.27,0.0,0.0,480.82,0.0,2790.82,1359.41,36.42,0.0,388.55,0.25,722.38,10.0,119.51,11.82,241.978,234.8825,235.0,1028.68,269.37,269.37,,,453.87,453.87
2021-11-13 11:00:00+01:00,177.47,177.47,177.47,61799.59,56289.0,12831.59,4645.05,13987.2,9085.34,10945.62,276.34,30.3,1135.16,9.64,1028.97,9.73,8035.42,435.85,184.76,,4335.37,0.0,903.06,411.49,5543.15,0.0,348.0,7443.0,1161.0,211.0,345.0,,2240.0,387.0,,41784.0,2398.0,252.0,3659.0,35.1,0.0,7706.27,23.51,3102.69,4.16,0.0,0.0,480.8,0.0,2862.99,1306.62,38.5,0.0,387.82,0.25,724.04,10.16,106.98,12.53,80.928,256.0775,286.48,907.2,280.03,280.03,190.17,210.19,451.48,451.48
2021-11-13 11:15:00+01:00,177.47,177.47,177.47,62421.62,56289.0,12809.61,4632.57,13954.41,9145.23,10923.26,277.23,30.37,1431.18,9.69,1030.82,49.35,8035.6,435.82,184.95,,4500.44,0.0,899.73,382.29,5147.81,0.0,348.0,7443.0,1161.0,211.0,345.0,,2240.0,387.0,,41784.0,2398.0,252.0,3659.0,34.4,0.0,7844.0,23.36,3094.94,4.1,0.0,0.0,480.77,0.0,2998.12,1257.56,36.74,0.0,397.76,0.25,821.36,10.41,105.64,13.06,80.928,256.0775,216.64,1117.72,292.03,292.03,,,451.48,451.48
2021-11-13 11:30:00+01:00,177.47,177.47,177.47,62802.64,56289.0,12770.13,4625.68,13905.12,9262.32,10874.54,277.23,30.37,1516.14,9.54,1032.71,47.3,8035.22,423.41,178.56,,4530.65,0.0,899.34,367.92,4824.3,0.0,348.0,7443.0,1161.0,211.0,345.0,,2240.0,387.0,,41784.0,2398.0,252.0,3659.0,34.47,0.0,8032.07,23.48,3091.99,4.14,0.0,0.0,480.77,0.0,3120.73,1228.96,32.11,0.0,400.2,0.25,888.2,10.39,105.11,13.11,80.928,256.0775,139.04,1247.2,284.17,284.17,184.53,203.95,451.48,451.48
2021-11-13 11:45:00+01:00,177.47,177.47,177.47,62564.22,56289.0,12777.12,4630.89,13928.93,9257.13,10854.82,277.23,30.19,1650.46,13.95,1030.39,100.63,8034.89,420.83,176.67,,4491.21,0.0,898.8,351.02,4466.7,0.0,348.0,7443.0,1161.0,211.0,345.0,,2240.0,387.0,,41784.0,2398.0,252.0,3659.0,34.52,0.0,7844.64,24.2,3084.4,4.2,0.0,0.0,480.8,0.0,3045.84,1211.86,31.99,0.0,399.68,0.25,875.3,10.17,84.14,14.94,80.928,256.0775,177.12,1098.76,289.98,289.98,,,197.47,197.47
2021-11-13 12:00:00+01:00,177.5,177.5,177.5,62286.83,58202.0,12751.2,4556.18,13931.96,9180.12,10933.37,277.23,30.33,1466.94,9.95,1031.78,39.63,8036.36,420.86,176.81,,4542.14,0.0,900.14,308.0,4153.26,0.0,347.0,7386.0,1180.0,209.0,1339.0,,2301.0,576.0,,41824.0,2575.0,251.0,3416.0,34.55,0.0,7939.31,24.64,3086.36,4.33,0.0,0.0,480.76,0.0,3004.1,1212.98,28.57,0.0,400.86,0.38,817.16,9.77,90.4,15.14,0.0,492.091,44.4,1168.92,259.18,259.18,211.0,233.21,450.28,450.28
2021-11-13 12:15:00+01:00,177.5,177.5,177.5,62060.36,58202.0,12742.76,4559.91,13944.57,9199.13,10876.44,277.23,30.08,1135.12,11.54,1030.94,38.71,8035.42,420.68,177.56,,4592.73,0.0,900.64,305.32,3747.81,0.0,347.0,7386.0,1180.0,209.0,1339.0,,2301.0,576.0,,41824.0,2575.0,251.0,3416.0,34.31,0.0,7925.98,21.12,3083.66,4.47,0.0,0.0,480.78,0.0,3033.58,1211.23,28.58,0.0,404.77,0.25,801.45,10.01,105.54,15.21,0.0,492.091,3.16,1252.24,255.72,255.72,,,158.29,158.29
2021-11-13 12:30:00+01:00,177.5,177.5,177.5,61969.75,58202.0,12678.86,4566.8,14020.02,9233.38,10782.23,277.23,29.94,1172.87,15.29,1028.62,55.57,8039.46,421.01,177.82,,4513.25,0.0,898.61,301.72,3541.01,0.0,347.0,7386.0,1180.0,209.0,1339.0,,2301.0,576.0,,41824.0,2575.0,251.0,3416.0,34.7,0.0,7994.68,22.0,3080.46,4.46,0.0,0.0,480.78,0.0,2926.04,1241.64,39.34,0.0,398.41,0.25,791.46,9.97,105.46,15.34,0.0,492.091,0.0,1290.12,289.25,289.25,205.88,227.56,199.25,199.25
2021-11-13 12:45:00+01:00,177.5,177.5,177.5,61497.46,58202.0,12612.2,4555.47,14091.96,9251.02,10654.44,277.23,29.9,1116.7,14.27,1029.62,22.37,8038.04,420.96,178.09,,4362.6,0.0,900.04,304.28,3216.22,0.0,347.0,7386.0,1180.0,209.0,1339.0,,2301.0,576.0,,41824.0,2575.0,251.0,3416.0,34.62,0.0,8041.35,24.02,3084.49,4.57,0.0,0.0,480.79,0.0,2851.92,1244.03,27.69,0.0,394.83,0.25,884.47,11.84,120.51,15.27,0.0,492.091,0.0,1361.08,291.09,291.09,,,157.5,157.5
2021-11-13 13:00:00+01:00,176.52,176.52,176.52,60770.55,56659.0,12586.07,4536.81,14174.26,9316.49,10448.19,277.23,30.05,1304.7,15.21,1026.04,31.52,8041.35,420.91,178.02,,4323.16,0.0,903.38,349.16,2981.72,0.0,347.0,7428.0,1164.0,209.0,1854.0,,2369.0,615.0,,41775.0,2353.0,253.0,3085.0,34.24,0.0,8020.0,16.92,3082.76,4.3,0.0,0.0,480.86,0.0,2668.58,1271.39,33.37,0.0,396.85,0.25,927.0,11.4,137.3,14.87,0.0,796.7035,0.0,1355.32,317.93,317.93,198.99,219.93,450.11,450.11
2021-11-13 13:15:00+01:00,176.52,176.52,176.52,60009.24,56659.0,12526.15,4532.69,14167.65,9326.13,10457.37,278.13,30.0,971.6,73.86,1025.95,22.66,8034.35,420.96,177.94,,4117.27,0.0,903.63,357.9,2748.16,0.0,347.0,7428.0,1164.0,209.0,1854.0,,2369.0,615.0,,41775.0,2353.0,253.0,3085.0,34.53,0.0,8094.31,17.64,3075.88,3.67,0.0,0.0,480.77,0.0,2717.96,1257.7,41.91,0.0,399.94,0.25,859.85,10.24,158.37,14.72,0.0,796.7035,0.0,1532.84,303.8,303.8,,,191.39,191.39
2021-11-13 13:30:00+01:00,176.52,176.52,176.52,59636.25,56659.0,12601.01,4535.66,14168.58,9310.38,10470.69,279.14,29.94,960.35,174.25,1027.78,23.4,8036.13,421.16,178.16,,3865.68,0.0,904.22,381.46,2574.24,0.0,347.0,7428.0,1164.0,209.0,1854.0,,2369.0,615.0,,41775.0,2353.0,253.0,3085.0,34.81,0.0,8137.14,17.92,3077.69,3.46,0.0,0.0,480.8,0.0,2620.12,1302.69,40.19,0.0,389.21,0.25,827.27,7.49,174.99,14.53,0.0,796.7035,0.0,1479.44,284.24,284.24,213.66,236.16,241.52,241.52
2021-11-13 13:45:00+01:00,176.52,176.52,176.52,59059.58,56659.0,12668.32,4527.42,14190.35,9325.78,10489.0,279.14,29.73,736.18,155.47,1028.77,21.38,8028.56,422.74,178.98,,3722.79,0.0,903.79,376.38,2457.41,0.0,347.0,7428.0,1164.0,209.0,1854.0,,2369.0,615.0,,41775.0,2353.0,253.0,3085.0,34.31,0.0,8254.32,13.87,3081.91,3.54,0.0,0.0,480.79,0.0,2549.92,1347.5,50.3,0.0,393.34,0.25,852.64,4.8,166.61,15.03,0.0,796.7035,0.0,1521.96,268.6,268.6,,,191.38,191.38
2021-11-13 14:00:00+01:00,176.52,176.52,176.52,58880.84,54434.0,12739.26,4523.41,14192.53,9553.26,10467.54,279.14,29.67,520.68,72.82,1027.96,22.11,8024.99,445.23,189.29,,3367.03,0.0,903.9,406.35,2303.41,0.0,351.0,7281.0,1148.0,208.0,957.0,,2334.0,469.0,,41755.0,1881.0,252.0,2847.0,34.17,0.0,8504.51,13.59,3085.02,4.0,0.0,0.0,480.82,0.0,2493.91,1379.58,45.77,0.0,391.72,0.25,831.93,2.4,175.82,13.59,0.0,1238.2275,0.0,1758.6,276.64,276.64,214.04,236.57,196.52,196.52
2021-11-13 14:15:00+01:00,176.52,176.52,176.52,58471.81,54434.0,12811.19,4511.5,14169.14,9595.54,10459.52,279.14,29.6,836.82,62.82,1026.99,24.26,8030.76,455.46,194.0,,2940.99,0.0,904.77,399.59,2175.67,0.0,351.0,7281.0,1148.0,208.0,957.0,,2334.0,469.0,,41755.0,1881.0,252.0,2847.0,34.8,0.0,8614.28,13.96,3081.44,4.43,0.0,0.0,480.81,0.0,2376.81,1433.26,37.6,0.0,389.4,0.37,785.47,1.2,191.36,13.68,0.0,1238.2275,0.0,1764.08,277.67,277.67,,,179.52,179.52
2021-11-13 14:30:00+01:00,176.52,176.52,176.52,58291.5,54434.0,12936.61,4503.65,14189.13,9563.08,10508.9,279.14,29.51,1118.53,62.72,1024.97,23.86,8032.49,455.28,193.77,,2441.49,0.0,901.44,360.92,2059.71,0.0,351.0,7281.0,1148.0,208.0,957.0,,2334.0,469.0,,41755.0,1881.0,252.0,2847.0,34.28,0.0,8741.7,13.9,3081.67,4.17,0.0,0.0,480.75,0.0,2250.96,1484.78,37.96,0.0,388.5,0.13,798.45,1.2,185.29,14.98,0.0,1238.2275,0.0,1822.36,288.65,288.65,211.76,234.06,166.52,166.52
2021-11-13 14:45:00+01:00,176.52,176.52,176.52,58180.15,54434.0,13060.56,4510.32,14148.97,9605.49,10562.21,279.14,29.62,1438.53,58.67,1023.33,50.65,8031.35,455.36,193.72,,1959.99,0.0,900.12,370.57,2030.13,0.0,351.0,7281.0,1148.0,208.0,957.0,,2334.0,469.0,,41755.0,1881.0,252.0,2847.0,34.01,0.0,8754.66,14.02,3076.89,4.2,0.0,0.0,480.78,0.0,2121.3,1535.4,35.98,0.0,383.29,0.37,791.43,0.17,175.37,14.83,0.0,1238.2275,0.0,1672.36,300.17,300.17,,,144.01,150.22
2021-11-13 15:00:00+01:00,176.52,176.52,176.52,58059.92,52942.0,13155.36,4540.59,14172.85,9635.85,10573.38,279.14,29.57,1290.8,90.96,1024.76,23.73,8031.2,455.16,193.73,,1499.33,0.0,899.36,411.66,1985.08,0.0,346.0,7318.0,1090.0,208.0,615.0,,2350.0,503.0,,41983.0,1169.0,254.0,2709.0,34.18,0.0,8963.16,13.76,3078.91,4.16,0.0,0.0,480.79,0.0,2225.34,1567.96,26.56,0.0,378.46,0.13,700.12,0.0,169.72,14.54,0.0,1794.3005,0.0,1764.4,293.89,293.89,212.56,234.94,195.0,195.0
2021-11-13 15:15:00+01:00,176.52,176.52,176.52,58197.48,52942.0,13258.07,4557.58,14198.02,9648.16,10564.84,279.14,29.6,1898.3,103.05,1025.65,23.98,8029.29,455.48,194.02,,1088.89,0.0,899.03,411.62,1965.68,0.0,346.0,7318.0,1090.0,208.0,615.0,,2350.0,503.0,,41983.0,1169.0,254.0,2709.0,33.99,0.0,9165.36,14.44,3062.08,4.34,0.0,0.0,480.77,0.0,2231.36,1617.77,20.82,0.0,377.14,0.97,586.8,2.17,157.42,12.2,0.0,1794.3005,0.0,1873.24,289.73,289.73,,,166.52,166.52
2021-11-13 15:30:00+01:00,176.52,176.52,176.52,58274.55,52942.0,13353.85,4555.22,14219.37,9611.9,10590.46,279.14,29.65,1884.86,303.04,1026.33,37.9,8028.59,455.36,193.92,,725.01,0.0,904.18,378.2,1980.66,0.0,346.0,7318.0,1090.0,208.0,615.0,,2350.0,503.0,,41983.0,1169.0,254.0,2709.0,34.23,0.0,9221.78,14.44,3059.38,4.4,0.0,0.0,480.75,0.0,2174.02,1644.88,17.52,0.0,378.23,0.67,510.64,2.0,149.22,12.84,0.0,1794.3005,0.0,1831.4,293.58,293.58,213.96,236.48,192.92,192.92
2021-11-13 15:45:00+01:00,176.52,176.52,176.52,58083.48,52942.0,13453.58,4578.64,14171.0,9610.97,10597.88,279.14,29.68,2069.28,224.96,1024.51,24.94,8026.45,455.36,193.85,,403.6,0.0,910.54,367.3,1977.14,0.0,346.0,7318.0,1090.0,208.0,615.0,,2350.0,503.0,,41983.0,1169.0,254.0,2709.0,34.07,0.0,9298.9,13.68,3073.85,4.3,0.0,0.0,480.74,0.0,2174.43,1671.6,13.89,0.0,384.18,0.3,479.74,2.0,136.4,12.46,0.0,1794.3005,0.0,1765.24,290.81,290.81,,,179.52,179.52
2021-11-13 16:00:00+01:00,180.6,180.6,180.6,58771.42,52231.0,13497.98,4661.14,14200.89,9652.51,10652.71,279.14,29.68,1931.71,286.38,1023.41,41.39,8022.24,455.56,193.95,,166.86,0.0,924.64,378.48,1937.04,0.0,348.0,7287.0,1052.0,209.0,597.0,,2426.0,644.0,,42733.0,483.0,252.0,2536.0,34.24,0.0,9109.96,14.42,3081.57,4.46,0.0,0.0,480.72,0.0,2308.5,1641.21,6.18,0.0,380.29,0.51,474.78,0.4,111.21,12.23,0.0,2208.4035,0.0,1853.64,280.16,280.16,171.57,189.63,147.97,147.97
2021-11-13 16:15:00+01:00,180.6,180.6,180.6,59043.53,52231.0,13628.75,4686.49,14206.66,9643.08,10674.93,279.14,29.65,2303.98,196.85,1021.59,28.16,8020.77,455.66,193.98,,48.47,0.0,912.68,376.35,1986.91,0.0,348.0,7287.0,1052.0,209.0,597.0,,2426.0,644.0,,42733.0,483.0,252.0,2536.0,33.78,0.0,9211.48,14.31,3079.0,4.27,0.0,0.0,481.27,0.0,2312.1,1653.28,2.02,0.0,386.77,0.42,482.58,0.0,95.7,11.71,0.0,2208.4035,0.0,1836.96,270.06,270.06,,,150.23,150.23
2021-11-13 16:30:00+01:00,180.6,180.6,180.6,59459.14,52231.0,13819.35,4701.33,14230.7,9660.53,10700.08,279.14,29.62,2519.21,155.9,1024.47,29.83,8023.22,455.51,193.67,,9.62,0.0,926.56,394.75,1978.8,0.0,348.0,7287.0,1052.0,209.0,597.0,,2426.0,644.0,,42733.0,483.0,252.0,2536.0,33.62,0.0,9248.99,13.95,3077.41,4.0,0.0,0.0,480.74,0.0,2372.45,1635.18,1.16,0.25,385.77,1.45,502.06,0.4,95.13,12.24,0.0,2208.4035,0.0,1831.04,256.95,256.95,179.84,198.78,150.27,150.27
2021-11-13 16:45:00+01:00,180.6,180.6,180.6,60239.16,52231.0,14016.01,4733.48,14197.39,9673.72,10722.91,279.14,29.69,3164.23,207.82,1019.55,47.28,8026.62,455.64,193.97,,1.13,0.0,920.48,406.95,1995.17,0.0,348.0,7287.0,1052.0,209.0,597.0,,2426.0,644.0,,42733.0,483.0,252.0,2536.0,33.36,0.0,9259.84,14.43,3078.97,4.33,0.0,0.0,480.69,0.0,2498.37,1590.93,0.96,0.76,378.27,0.25,499.99,0.4,82.39,12.84,0.0,2208.4035,0.0,1922.64,304.69,304.69,,,152.57,152.57
2021-11-13 17:00:00+01:00,210.0,210.0,210.0,61425.06,54669.0,14168.15,4782.22,14161.83,9801.78,10725.71,279.14,29.73,2344.83,161.64,1020.99,29.02,8023.75,455.53,193.4,,0.79,0.0,923.56,406.14,2015.91,0.0,347.0,7186.0,823.0,208.0,788.0,,2803.0,915.0,,43565.0,198.0,251.0,2551.0,33.34,0.0,9246.01,14.05,3079.41,4.34,0.0,0.0,480.68,0.0,2846.24,1419.47,0.95,0.8,381.48,0.38,482.15,0.4,89.78,11.8,0.0,1637.012,0.0,1343.88,272.83,272.83,178.63,197.43,150.27,150.27
2021-11-13 17:15:00+01:00,210.0,210.0,210.0,62060.9,54669.0,14504.31,4788.39,14194.06,9849.16,10722.22,279.14,29.66,2927.02,206.23,1020.38,37.43,8021.63,455.69,192.5,,0.62,0.0,920.75,390.51,1950.08,0.0,347.0,7186.0,823.0,208.0,788.0,,2803.0,915.0,,43565.0,198.0,251.0,2551.0,33.37,0.0,9269.06,13.92,3079.87,4.43,0.0,0.0,480.7,0.0,2870.0,1402.72,0.95,0.83,383.18,0.88,474.02,1.0,100.31,11.05,0.0,1637.012,0.0,1011.4,254.07,254.07,,,147.98,147.98
2021-11-13 17:30:00+01:00,210.0,210.0,210.0,62205.85,54669.0,14675.06,4802.95,14212.97,9820.25,10749.56,279.14,29.72,3097.27,169.68,1017.24,63.3,8019.32,455.79,193.61,,0.64,0.0,924.02,420.3,1891.98,0.0,347.0,7186.0,823.0,208.0,788.0,,2803.0,915.0,,43565.0,198.0,251.0,2551.0,33.44,0.0,9351.49,14.36,3085.13,4.23,0.0,0.0,480.72,0.0,2902.57,1402.88,0.95,0.83,375.61,0.25,466.07,0.0,113.53,10.97,0.0,1637.012,0.0,947.2,150.05,150.05,177.41,196.09,458.07,458.07
2021-11-13 17:45:00+01:00,210.0,210.0,210.0,62068.02,54669.0,14671.21,4818.18,14210.09,9802.63,10764.6,279.14,29.7,3213.21,168.66,1020.69,64.59,8026.95,455.99,193.91,,0.57,0.0,919.87,413.8,1910.9,0.0,347.0,7186.0,823.0,208.0,788.0,,2803.0,915.0,,43565.0,198.0,251.0,2551.0,33.63,0.0,9401.66,14.46,3080.77,4.07,0.0,0.0,480.7,0.0,3086.99,1366.4,0.95,0.79,382.75,0.63,443.68,0.0,96.87,11.09,0.0,1637.012,0.0,986.68,145.11,145.11,,,199.25,199.25
2021-11-13 18:00:00+01:00,220.0,220.0,220.0,62083.48,57845.0,14509.82,4816.6,14175.0,9765.94,10847.72,279.14,29.74,3582.58,167.92,1020.32,80.31,8021.24,456.51,194.16,,0.42,0.0,919.92,467.08,1906.09,0.0,350.0,7548.0,731.0,209.0,1104.0,,3114.0,1247.0,,43294.0,0.0,245.0,2513.0,33.48,0.0,9432.64,14.17,3037.34,4.17,0.0,0.0,480.7,0.0,3252.62,1349.62,0.95,0.8,377.63,0.78,428.54,0.0,96.95,10.97,0.2275,457.6035,0.0,1063.44,322.25,322.25,177.56,196.26,462.55,462.55
2021-11-13 18:15:00+01:00,220.0,220.0,220.0,61978.33,57845.0,14369.05,4822.42,14202.37,9756.22,10859.2,279.14,29.76,3372.49,167.68,1023.23,70.9,8019.16,456.34,194.02,,0.42,0.0,922.66,539.19,1761.22,0.0,350.0,7548.0,731.0,209.0,1104.0,,3114.0,1247.0,,43294.0,0.0,245.0,2513.0,33.2,0.0,9642.7,13.79,3040.21,4.13,0.0,0.0,480.71,0.0,3302.07,1323.49,0.95,0.8,376.97,0.27,445.73,0.0,104.27,10.26,0.2275,457.6035,0.0,1185.12,339.67,339.67,,,462.55,462.55
2021-11-13 18:30:00+01:00,220.0,220.0,220.0,61545.01,57845.0,14149.16,4830.94,14223.95,9767.17,10851.42,279.14,29.76,3197.62,167.5,1024.52,69.55,8018.8,456.44,194.12,,0.35,0.0,921.57,544.69,1723.32,0.0,350.0,7548.0,731.0,209.0,1104.0,,3114.0,1247.0,,43294.0,0.0,245.0,2513.0,33.67,0.0,9438.68,14.87,3056.42,4.17,0.0,0.0,480.74,0.0,3368.29,1308.65,0.95,0.83,379.11,0.25,481.91,0.0,107.9,10.02,0.2275,457.6035,0.0,1139.72,332.79,332.79,149.58,165.32,140.26,200.0
2021-11-13 18:45:00+01:00,220.0,220.0,220.0,61011.5,57845.0,14075.45,4830.49,14220.91,9725.19,10862.61,279.14,29.64,2268.3,126.25,1022.63,53.19,8014.41,456.59,194.26,,0.37,0.0,919.16,541.08,1653.12,0.0,350.0,7548.0,731.0,209.0,1104.0,,3114.0,1247.0,,43294.0,0.0,245.0,2513.0,33.44,0.0,9334.39,14.25,3056.31,4.36,0.0,0.0,480.73,0.0,3223.12,1311.3,0.95,0.78,374.7,0.5,546.04,0.0,113.5,9.8,0.2275,457.6035,0.0,1097.84,249.74,249.74,,,148.1,148.1
2021-11-13 19:00:00+01:00,213.89,214.0,213.75,60443.35,58049.0,13955.69,4813.73,14218.76,9700.13,10871.2,279.14,29.74,2932.96,165.79,1022.08,62.58,8010.43,456.89,193.55,,0.37,0.0,915.64,544.43,1607.33,0.0,353.0,7497.0,739.0,208.0,1434.0,,3140.0,1405.0,,43128.0,0.0,245.0,2422.0,33.72,0.0,9310.78,13.78,3059.11,4.47,0.0,0.0,480.75,0.0,3068.22,1331.62,0.95,0.79,368.55,0.25,483.91,0.0,90.32,9.36,369.0495,0.095,0.0,1388.04,356.54,356.54,206.0,227.68,148.87,148.87
2021-11-13 19:15:00+01:00,213.89,214.0,213.75,59722.9,58049.0,13829.83,4797.06,14194.95,9660.49,10882.35,279.14,29.75,2495.18,167.08,1019.53,33.38,8015.08,456.96,193.33,,0.3,0.0,912.59,565.4,1548.96,0.0,353.0,7497.0,739.0,208.0,1434.0,,3140.0,1405.0,,43128.0,0.0,245.0,2422.0,33.43,0.0,9306.46,14.48,3067.86,4.4,0.0,0.0,480.74,0.0,2972.56,1352.66,0.95,0.8,368.86,0.25,444.07,0.0,72.86,9.92,369.0495,0.095,0.0,1433.68,335.01,335.01,,,169.55,169.55
2021-11-13 19:30:00+01:00,213.89,214.0,213.75,59168.82,58049.0,13655.58,4770.81,14224.85,9663.88,10913.8,279.14,29.77,1928.31,165.09,1018.01,23.96,8016.71,456.74,192.96,,0.38,0.0,913.02,626.82,1516.36,0.0,353.0,7497.0,739.0,208.0,1434.0,,3140.0,1405.0,,43128.0,0.0,245.0,2422.0,33.45,0.0,9296.59,14.72,3073.03,4.17,0.0,0.0,480.74,0.0,2912.86,1363.4,0.95,0.8,365.42,0.25,429.18,0.0,68.59,11.41,369.0495,0.095,0.0,1360.92,344.22,344.22,226.12,249.92,144.76,144.76
2021-11-13 19:45:00+01:00,213.89,214.0,213.75,58373.31,58049.0,13582.62,4765.6,14219.94,9584.1,10893.18,279.14,29.64,1050.04,74.03,1021.21,31.98,8012.28,457.01,192.87,,0.39,0.0,914.58,689.77,1424.86,0.0,353.0,7497.0,739.0,208.0,1434.0,,3140.0,1405.0,,43128.0,0.0,245.0,2422.0,33.43,0.0,9258.18,13.76,3073.6,4.13,0.0,0.0,480.73,0.0,2863.7,1363.52,0.95,0.79,368.5,0.38,407.97,0.0,77.98,13.12,369.0495,0.095,0.0,1376.04,229.57,229.57,,,137.57,137.57
2021-11-13 20:00:00+01:00,184.0,186.83,180.1,57028.42,55384.0,13437.49,4723.98,14211.09,9413.14,10882.98,279.14,29.71,1449.01,164.43,1019.05,85.23,8005.16,457.11,193.74,,0.29,0.0,923.99,777.57,1340.57,0.0,352.0,7476.0,805.0,209.0,1085.0,,2873.0,1414.0,,42584.0,0.0,244.0,2379.0,33.88,0.0,9192.62,14.58,3070.55,4.37,0.0,0.0,481.19,0.0,2648.3,1377.17,0.95,0.79,369.85,0.5,393.0,0.0,75.69,13.05,483.4055,2.8175,0.0,1584.2,94.46,94.46,206.96,228.74,137.26,137.26
2021-11-13 20:15:00+01:00,184.0,186.83,180.1,56191.04,55384.0,13316.17,4680.66,14188.29,9252.14,10885.61,279.14,29.93,771.13,146.33,1019.79,40.51,8001.59,457.41,194.14,,0.33,0.0,921.39,877.28,1255.65,0.0,352.0,7476.0,805.0,209.0,1085.0,,2873.0,1414.0,,42584.0,0.0,244.0,2379.0,33.35,0.0,9234.64,14.12,3062.14,4.36,0.0,0.0,480.79,0.0,2524.36,1385.33,0.95,0.79,365.45,0.25,405.77,0.0,57.61,13.59,483.4055,2.8175,0.0,1627.24,-94.92,-94.92,,,160.1,160.1
2021-11-13 20:30:00+01:00,184.0,186.83,180.1,55495.69,55384.0,13137.05,4675.63,14194.62,9203.32,10855.15,279.14,29.84,534.08,257.82,1018.24,32.99,8002.32,457.24,194.67,,0.35,0.0,918.77,965.32,1134.31,0.0,352.0,7476.0,805.0,209.0,1085.0,,2873.0,1414.0,,42584.0,0.0,244.0,2379.0,34.92,0.0,9215.37,13.55,3069.61,4.2,0.0,0.0,480.8,0.0,2463.68,1398.87,0.95,0.8,373.16,0.25,417.59,0.0,51.54,13.7,483.4055,2.8175,0.0,1692.96,338.87,338.87,220.88,244.13,149.57,149.57
2021-11-13 20:45:00+01:00,184.0,186.83,180.1,54641.87,55384.0,12912.87,4654.27,14213.53,9025.52,10781.41,279.14,29.79,364.23,494.06,1015.89,27.83,8003.79,457.59,195.23,,0.29,0.0,921.78,984.17,1056.81,0.0,352.0,7476.0,805.0,209.0,1085.0,,2873.0,1414.0,,42584.0,0.0,244.0,2379.0,34.33,0.0,8992.33,14.26,3064.9,4.17,0.0,0.0,480.84,0.0,2414.26,1390.0,0.95,0.79,370.13,0.38,424.3,0.0,53.63,13.63,483.4055,2.8175,0.0,1769.4,263.72,263.72,,,155.14,155.14
2021-11-13 21:00:00+01:00,168.49,171.12,164.83,53830.03,53131.0,12770.0,4608.12,14246.79,8843.67,10781.85,279.14,29.87,801.21,255.48,1014.85,110.99,8004.32,457.57,194.11,,0.35,0.0,919.0,1086.99,1013.85,0.0,354.0,7504.0,1062.0,209.0,282.0,,2495.0,802.0,,42065.0,0.0,250.0,2433.0,34.68,0.0,8356.76,14.36,3057.95,4.2,0.0,0.0,480.91,0.0,2270.71,1416.3,0.95,0.82,372.35,0.12,429.07,0.0,54.44,13.77,383.618,43.1025,0.0,1600.4,324.48,324.48,216.32,239.1,150.27,150.27
2021-11-13 21:15:00+01:00,168.49,171.12,164.83,53315.27,53131.0,12665.25,4575.47,14226.72,8638.03,10794.17,279.14,29.97,565.88,354.79,1008.77,59.82,8003.51,457.64,193.28,,0.35,0.0,917.49,1233.01,950.91,0.0,354.0,7504.0,1062.0,209.0,282.0,,2495.0,802.0,,42065.0,0.0,250.0,2433.0,34.44,0.0,8139.73,19.6,3059.2,3.83,0.0,0.0,480.97,0.0,2206.94,1441.46,0.95,0.81,367.43,0.38,439.72,0.0,51.44,15.33,383.618,43.1025,0.0,1518.12,80.52,80.52,,,168.58,168.58
2021-11-13 21:30:00+01:00,168.49,171.12,164.83,52931.82,53131.0,12558.01,4569.5,14225.85,8504.1,10788.48,279.14,30.0,446.61,327.82,1010.57,48.31,8002.12,457.59,193.58,,0.29,0.0,917.15,1319.49,913.01,0.0,354.0,7504.0,1062.0,209.0,282.0,,2495.0,802.0,,42065.0,0.0,250.0,2433.0,34.35,0.0,8112.17,23.59,3060.01,3.8,0.0,0.0,480.96,0.0,2203.0,1450.79,0.95,0.86,377.2,0.25,442.9,0.0,59.02,15.42,383.618,43.1025,0.0,1512.04,-86.11,-86.11,168.82,186.59,203.51,203.51
2021-11-13 21:45:00+01:00,168.49,171.12,164.83,52377.81,53131.0,12420.58,4555.02,14214.22,8375.24,10778.36,279.14,30.03,243.04,585.92,1011.71,14.4,8000.92,457.26,193.19,,0.35,0.0,914.98,1348.25,851.41,0.0,354.0,7504.0,1062.0,209.0,282.0,,2495.0,802.0,,42065.0,0.0,250.0,2433.0,34.25,0.0,8036.65,23.95,3068.56,3.97,0.0,0.0,480.86,0.0,2198.43,1450.86,0.95,0.88,370.08,0.38,455.0,0.0,55.58,14.13,383.618,43.1025,0.0,1530.8,28.07,28.07,,,134.57,134.57
2021-11-13 22:00:00+01:00,168.82,174.35,161.43,52480.08,53608.0,12279.35,4492.92,14248.08,8163.29,10654.35,279.14,30.25,775.58,352.99,1011.08,102.97,8008.2,457.21,193.16,,0.3,0.0,918.22,1347.11,798.59,0.0,354.0,7392.0,1045.0,208.0,253.0,,2248.0,196.0,,41757.0,0.0,251.0,2348.0,34.58,0.0,7532.41,23.66,3081.37,4.07,0.0,0.0,480.89,0.0,2129.13,1470.22,0.95,0.91,377.86,0.25,453.06,0.0,50.85,12.95,931.6255,0.12,0.0,737.04,-39.77,-39.77,165.63,183.07,129.88,129.88
2021-11-13 22:15:00+01:00,168.82,174.35,161.43,52045.13,53608.0,12162.99,4499.73,14242.34,8058.48,10559.83,279.14,30.28,510.34,298.72,1009.41,96.1,8010.38,457.49,193.54,,0.36,0.0,920.42,1307.93,773.69,0.0,354.0,7392.0,1045.0,208.0,253.0,,2248.0,196.0,,41757.0,0.0,251.0,2348.0,34.3,0.0,7103.12,28.86,3079.36,4.16,0.0,0.0,480.88,0.0,2044.2,1498.06,0.95,0.84,382.63,0.25,443.58,0.0,51.61,11.82,931.6255,0.12,0.0,435.04,281.84,281.84,,,168.45,168.45
2021-11-13 22:30:00+01:00,168.82,174.35,161.43,51239.72,53608.0,12018.5,4503.34,14227.56,7886.44,10372.05,279.14,30.34,469.39,263.98,1006.88,63.04,8010.82,457.52,193.15,,0.35,0.0,919.07,1258.79,761.16,0.0,354.0,7392.0,1045.0,208.0,253.0,,2248.0,196.0,,41757.0,0.0,251.0,2348.0,34.46,0.0,6993.44,27.56,3083.28,4.4,0.0,0.0,480.81,0.0,2046.11,1499.27,0.95,0.84,381.17,0.25,435.34,0.0,49.73,12.28,931.6255,0.12,0.0,172.88,290.56,290.56,184.78,204.24,367.83,367.83
2021-11-13 22:45:00+01:00,168.82,174.35,161.43,50455.89,53608.0,11856.74,4476.49,14222.2,7597.47,10203.16,279.14,30.58,187.05,194.46,1006.84,18.69,8011.0,457.57,194.14,,0.3,0.0,919.14,1274.87,748.29,0.0,354.0,7392.0,1045.0,208.0,253.0,,2248.0,196.0,,41757.0,0.0,251.0,2348.0,34.6,0.0,6944.63,26.95,3071.37,4.47,0.0,0.0,480.82,0.0,2065.91,1470.74,0.95,0.85,382.55,0.13,371.4,0.0,45.52,13.35,931.6255,0.12,0.0,163.28,275.72,275.72,,,175.18,175.18
2021-11-13 23:00:00+01:00,162.79,171.14,151.4,49426.56,54611.0,11736.58,4424.89,14253.31,7446.62,10039.85,279.14,30.73,339.68,590.81,1005.21,85.63,8013.71,454.48,192.65,,0.36,0.0,914.55,1332.45,763.18,0.0,352.0,7064.0,1015.0,209.0,129.0,,2221.0,55.0,,41505.0,0.0,251.0,2274.0,34.56,0.0,6590.67,29.78,3079.63,4.47,0.0,0.0,480.84,0.0,1987.47,1488.01,0.95,0.88,378.5,0.37,316.33,0.0,47.59,13.0,1802.578,0.0,505.68,3.04,280.72,280.72,162.58,179.7,169.55,169.55
2021-11-13 23:15:00+01:00,162.79,171.14,151.4,48925.89,54611.0,11604.9,4415.7,14232.04,7249.0,10027.71,279.14,30.86,377.88,683.73,1003.84,33.63,8013.61,450.82,191.15,,0.37,0.0,915.41,1352.33,783.63,0.0,352.0,7064.0,1015.0,209.0,129.0,,2221.0,55.0,,41505.0,0.0,251.0,2274.0,33.84,0.0,6571.12,30.01,3079.82,4.3,0.0,0.0,480.8,0.0,1982.39,1511.72,0.95,0.89,380.32,0.13,297.22,0.0,48.49,14.64,1802.578,0.0,543.52,0.0,257.68,257.68,,,169.54,169.54
2021-11-13 23:30:00+01:00,162.79,171.14,151.4,48245.07,54611.0,11442.42,4400.64,14230.25,6866.12,10043.43,279.14,30.88,292.95,856.75,1003.0,18.86,8013.14,450.92,191.26,,0.32,0.0,915.5,1385.64,775.59,0.0,352.0,7064.0,1015.0,209.0,129.0,,2221.0,55.0,,41505.0,0.0,251.0,2274.0,33.92,0.0,6392.83,31.94,3079.84,4.36,0.0,0.0,480.78,0.0,1970.12,1523.54,0.95,0.89,376.68,0.37,276.88,0.0,46.63,11.98,1802.578,0.0,762.96,0.0,285.49,285.49,166.43,183.95,153.82,153.82
2021-11-13 23:45:00+01:00,162.79,171.14,151.4,47236.16,54611.0,11269.75,4386.83,14218.8,6541.63,10023.27,279.14,30.81,164.27,1623.49,1003.59,13.93,8011.25,448.26,190.08,,0.38,0.0,918.11,1454.64,839.06,0.0,352.0,7064.0,1015.0,209.0,129.0,,2221.0,55.0,,41505.0,0.0,251.0,2274.0,33.7,0.0,5907.55,30.94,3080.36,4.24,0.0,0.0,480.79,0.0,1838.15,1517.45,0.95,0.84,381.17,0.38,304.39,0.0,45.18,11.58,1802.578,0.0,1199.36,0.0,82.29,82.29,,,159.74,159.74
2021-11-14 00:00:00+01:00,184.73,184.73,184.73,44475.49,52000.0,11227.81,4348.92,14213.06,6005.28,9741.52,279.14,30.87,432.03,1891.95,1005.54,137.66,8006.4,443.88,189.48,,0.38,0.0,907.24,1510.21,892.39,0.0,354.0,5860.0,1038.0,209.0,,409.0,2240.0,413.0,,41629.0,0.0,252.0,2231.0,33.99,0.0,5805.29,32.13,3083.72,4.2,0.0,0.0,480.87,0.0,1797.08,1548.89,0.95,0.91,386.32,0.12,316.56,0.0,43.53,12.55,1737.0975,0.0,1283.04,0.0,285.18,285.18,172.82,191.02,120.25,120.25
2021-11-14 00:15:00+01:00,184.73,184.73,184.73,43909.4,52000.0,11206.25,4333.3,14223.25,5967.63,9430.2,279.14,30.92,449.95,2252.65,1003.78,84.34,7953.05,443.68,189.26,,0.31,0.0,906.22,1656.81,911.14,0.0,354.0,5860.0,1038.0,209.0,,409.0,2240.0,413.0,,41629.0,0.0,252.0,2231.0,33.69,0.0,5371.09,37.9,3093.68,4.26,0.0,0.0,480.82,0.0,1776.68,1642.64,0.95,0.87,376.93,0.38,316.19,0.15,42.0,14.01,1737.0975,0.0,1568.0,0.0,307.15,307.15,,,241.48,241.48
2021-11-14 00:30:00+01:00,184.73,184.73,184.73,43461.88,52000.0,11056.17,4316.22,14197.59,5729.51,9277.23,279.14,30.89,425.44,1980.69,1005.27,37.18,7936.18,443.7,189.3,,0.36,0.0,901.16,1777.4,949.55,0.0,354.0,5860.0,1038.0,209.0,,409.0,2240.0,413.0,,41629.0,0.0,252.0,2231.0,34.15,0.0,5159.54,35.89,3098.09,4.43,0.0,0.0,480.8,0.0,1667.84,1636.48,0.95,0.91,383.02,0.12,305.52,0.33,52.27,13.7,1737.0975,0.0,1480.48,0.0,137.83,137.83,181.49,200.59,222.42,222.42
2021-11-14 00:45:00+01:00,184.73,184.73,184.73,43125.65,52000.0,10923.71,4315.78,14239.47,5344.02,9239.0,279.14,30.94,317.34,2324.33,1006.79,30.55,7946.8,441.22,188.58,,0.34,0.0,904.07,1990.7,956.81,0.0,354.0,5860.0,1038.0,209.0,,409.0,2240.0,413.0,,41629.0,0.0,252.0,2231.0,34.04,0.0,4878.25,33.63,3086.86,4.4,0.0,0.0,480.78,0.0,1549.08,1643.89,0.95,0.88,385.33,0.38,312.56,0.33,57.15,13.23,1737.0975,0.0,1545.04,0.0,60.68,60.68,,,184.0,184.0
2021-11-14 01:00:00+01:00,170.03,170.03,170.03,42672.34,49772.0,10843.89,4310.89,14263.07,5181.49,9263.12,279.14,31.0,621.1,1756.18,1010.57,127.43,7943.35,432.7,184.41,,0.28,0.0,909.79,2070.75,1065.96,0.0,351.0,3883.0,1013.0,209.0,,1224.0,2060.0,193.0,,41434.0,0.0,255.0,2265.0,34.51,0.0,4215.24,34.97,3049.02,4.34,0.0,0.0,480.81,0.0,1141.21,1678.28,0.95,0.88,380.77,0.12,310.51,0.36,59.45,12.48,2066.804,0.0,2209.24,0.0,59.12,59.12,184.52,203.94,421.26,421.26
2021-11-14 01:15:00+01:00,170.03,170.03,170.03,42453.37,49772.0,10682.95,4300.02,14161.84,5095.01,9363.56,279.14,30.99,527.99,2177.79,1014.7,93.87,7938.39,432.87,184.31,,0.34,0.0,908.08,2138.81,1121.46,0.0,351.0,3883.0,1013.0,209.0,,1224.0,2060.0,193.0,,41434.0,0.0,255.0,2265.0,34.63,0.0,4313.2,36.67,3047.81,4.33,0.0,0.0,481.29,0.0,1246.08,1643.26,0.95,0.92,384.24,0.38,311.64,0.46,65.72,11.4,2066.804,0.0,2017.16,0.0,291.88,291.88,,,421.26,421.26
2021-11-14 01:30:00+01:00,170.03,170.03,170.03,41942.42,49772.0,10534.41,4292.71,14209.05,5085.66,9357.99,279.14,31.08,427.15,2606.4,1012.99,90.8,7938.15,438.29,184.46,,0.3,0.0,906.0,2176.22,1192.95,0.0,351.0,3883.0,1013.0,209.0,,1224.0,2060.0,193.0,,41434.0,0.0,255.0,2265.0,34.23,0.0,3873.72,37.66,3062.11,3.97,0.0,0.0,480.77,0.0,1218.71,1599.47,0.95,0.84,385.68,0.25,320.03,0.45,75.34,11.9,2066.804,0.0,2296.84,0.0,17.12,17.12,171.56,189.62,344.22,344.22
2021-11-14 01:45:00+01:00,170.03,170.03,170.03,42066.89,49772.0,10416.12,4299.36,14096.21,5077.91,9310.43,279.14,31.14,268.23,3023.31,1014.7,81.37,7937.54,438.27,184.55,,0.32,0.0,904.4,2242.74,1254.13,0.0,351.0,3883.0,1013.0,209.0,,1224.0,2060.0,193.0,,41434.0,0.0,255.0,2265.0,34.74,0.0,3768.76,39.24,3058.69,3.9,0.0,0.0,480.74,0.0,1109.52,1588.86,0.95,0.91,385.45,0.25,320.22,0.16,86.36,10.78,2066.804,0.0,2181.52,0.0,168.55,168.55,,,362.78,362.78
2021-11-14 02:00:00+01:00,167.24,167.24,167.24,41750.82,48062.0,10343.6,4274.06,13942.61,4738.93,9283.71,279.14,31.11,354.35,2378.26,1014.21,125.28,7935.9,438.19,184.4,,0.32,0.0,903.08,2294.24,1364.04,0.0,352.0,3447.0,812.0,209.0,,1602.0,2018.0,240.0,,41148.0,0.0,254.0,2266.0,34.59,0.0,3630.84,44.95,3046.61,3.96,0.0,0.0,480.83,0.0,854.08,1573.37,0.95,0.88,390.8,0.25,297.48,0.04,94.94,9.51,1788.5345,0.0,2246.12,0.0,268.31,268.31,140.35,155.13,421.25,421.25
2021-11-14 02:15:00+01:00,167.24,167.24,167.24,41433.07,48062.0,10299.63,4274.2,13910.21,4740.68,9271.7,279.14,31.18,151.84,2612.67,1012.34,85.11,7934.7,438.17,184.46,,0.3,0.0,909.49,2365.33,1433.79,0.0,352.0,3447.0,812.0,209.0,,1602.0,2018.0,240.0,,41148.0,0.0,254.0,2266.0,34.41,0.0,3765.62,41.01,3047.1,4.0,0.0,0.0,480.72,0.0,973.03,1555.1,0.95,0.89,390.34,0.25,268.66,0.0,109.8,6.12,1788.5345,0.0,2057.88,0.0,106.26,106.26,,,351.64,351.64
2021-11-14 02:30:00+01:00,167.24,167.24,167.24,41030.22,48062.0,10243.25,4285.51,13889.89,4772.94,9256.5,279.14,31.16,157.92,2726.84,1010.11,73.25,7935.28,438.32,184.62,,0.34,0.0,907.77,2419.08,1529.4,0.0,352.0,3447.0,812.0,209.0,,1602.0,2018.0,240.0,,41148.0,0.0,254.0,2266.0,34.45,0.0,3512.29,41.87,3058.02,4.24,0.0,0.0,480.73,0.0,912.21,1557.93,0.95,0.9,383.79,0.25,285.36,0.6,163.09,6.36,1788.5345,0.0,2183.16,0.0,78.14,78.14,139.68,154.38,187.24,187.24
2021-11-14 02:45:00+01:00,167.24,167.24,167.24,41130.01,48062.0,10222.2,4273.87,13859.28,4819.68,9265.64,279.14,31.1,217.77,2910.3,1007.82,106.81,7936.43,437.64,184.22,,0.35,0.0,908.78,2525.38,1668.87,0.0,352.0,3447.0,812.0,209.0,,1602.0,2018.0,240.0,,41148.0,0.0,254.0,2266.0,34.76,0.0,3408.66,39.83,3082.6,4.56,0.0,0.0,480.67,0.0,704.91,1586.7,0.95,0.9,386.99,0.12,279.38,1.14,215.88,7.5,1788.5345,0.0,2164.68,0.0,44.43,44.43,,,421.26,421.26
2021-11-14 03:00:00+01:00,155.51,155.81,155.63,40797.52,45390.0,10223.15,4280.45,13793.3,5008.17,9342.17,279.14,31.04,215.36,2371.88,1007.65,128.46,7938.56,430.87,180.96,,0.28,0.0,906.58,2712.3,1792.76,0.0,351.0,3599.0,716.0,209.0,,2352.0,1952.0,16.0,,41076.0,0.0,253.0,2291.0,33.94,0.0,3153.15,51.82,3085.61,4.44,0.0,0.0,480.78,0.0,527.9,1607.66,0.95,0.88,385.07,0.5,254.56,2.23,215.27,6.7,1504.162,0.0,2282.48,0.0,57.44,57.44,153.89,170.09,150.54,150.54
2021-11-14 03:15:00+01:00,155.51,155.81,155.63,40527.46,45390.0,10313.33,4280.24,13700.82,4964.81,9371.11,279.14,31.05,114.34,2383.97,1008.8,101.88,7938.68,430.74,180.64,,0.34,0.0,907.03,2771.74,1890.69,0.0,351.0,3599.0,716.0,209.0,,2352.0,1952.0,16.0,,41076.0,0.0,253.0,2291.0,34.74,0.0,3036.09,43.37,3089.25,4.06,0.0,0.0,480.98,0.0,446.5,1689.74,0.95,0.88,376.16,0.13,248.56,3.94,206.1,5.92,1504.162,0.0,2382.76,0.0,84.44,84.44,,,226.3,226.3
2021-11-14 03:30:00+01:00,155.51,155.81,155.63,40775.2,45390.0,10244.56,4286.64,13638.91,4988.84,9325.04,279.14,31.18,144.38,2309.41,1006.87,118.75,7936.93,430.67,180.73,,0.33,0.0,908.51,2821.85,1976.14,0.0,351.0,3599.0,716.0,209.0,,2352.0,1952.0,16.0,,41076.0,0.0,253.0,2291.0,34.42,0.0,3033.73,44.84,3089.81,4.07,0.0,0.0,480.98,0.0,479.01,1676.96,0.95,0.91,381.06,0.25,266.44,4.7,195.85,6.14,1504.162,0.0,2239.28,0.0,101.71,101.71,155.21,171.55,158.77,158.77
2021-11-14 03:45:00+01:00,155.51,155.81,155.63,40782.17,45390.0,10198.98,4287.88,13766.38,4983.62,9332.61,279.14,31.18,178.96,2450.71,1005.04,105.92,7938.95,430.57,180.66,,0.28,0.0,900.78,2766.75,2083.47,0.0,351.0,3599.0,716.0,209.0,,2352.0,1952.0,16.0,,41076.0,0.0,253.0,2291.0,35.15,0.0,2885.33,46.12,3084.08,4.37,0.0,0.0,481.02,0.0,542.38,1650.72,0.95,0.84,383.0,0.38,312.61,3.14,185.07,5.7,1504.162,0.0,2195.48,0.0,-26.5,-26.5,,,156.04,156.04
2021-11-14 04:00:00+01:00,144.22,146.88,145.1,40973.53,44068.0,10208.41,4306.76,13519.62,4916.75,9384.52,279.14,31.08,311.47,2351.88,1006.01,37.66,7937.74,430.67,180.75,,0.35,0.0,897.44,2819.0,2169.76,0.0,352.0,3653.0,775.0,209.0,,2835.0,1890.0,,129.0,40994.0,0.0,253.0,2326.0,34.74,0.0,2827.51,40.99,3080.11,4.2,0.0,0.0,481.02,0.0,569.94,1676.92,0.95,0.91,377.95,0.12,332.01,1.7,197.05,6.15,1341.9355,0.0,1990.48,0.0,307.96,307.96,144.31,159.51,112.61,112.61
2021-11-14 04:15:00+01:00,144.22,146.88,145.1,40879.93,44068.0,10206.18,4326.4,13467.51,4918.46,9275.4,279.14,31.12,246.95,2443.9,1007.09,28.18,7937.92,430.62,180.72,,0.34,0.0,895.02,2792.72,2257.6,0.0,352.0,3653.0,775.0,209.0,,2835.0,1890.0,,129.0,40994.0,0.0,253.0,2326.0,34.47,0.0,2748.3,42.52,3055.68,4.53,0.0,0.0,481.01,0.0,547.07,1709.48,0.95,0.84,379.14,0.38,326.95,0.6,205.98,7.05,1341.9355,0.0,1939.52,0.0,293.55,293.55,,,154.59,154.59
2021-11-14 04:30:00+01:00,144.22,146.88,145.1,40922.78,44068.0,10182.96,4324.84,13483.4,4928.94,8977.6,279.14,31.05,218.13,2296.34,1006.81,40.22,7938.32,430.69,180.68,,0.29,0.0,903.22,2761.52,2324.91,0.0,352.0,3653.0,775.0,209.0,,2835.0,1890.0,,129.0,40994.0,0.0,253.0,2326.0,34.3,0.0,2754.9,44.92,3049.22,4.27,0.0,0.0,480.96,0.0,502.0,1713.0,0.95,0.81,373.79,0.25,312.49,1.37,195.26,6.94,1341.9355,0.0,1890.56,0.0,281.9,281.9,140.15,154.91,156.54,156.54
2021-11-14 04:45:00+01:00,144.22,146.88,145.1,41178.33,44068.0,10192.58,4331.42,13446.35,4902.01,8935.38,279.14,30.99,263.16,2185.81,1009.35,49.99,7938.13,430.77,180.68,,0.33,0.0,908.43,2778.01,2342.01,0.0,352.0,3653.0,775.0,209.0,,2835.0,1890.0,,129.0,40994.0,0.0,253.0,2326.0,34.68,0.0,2840.0,41.83,3044.89,3.87,0.0,0.0,480.98,0.0,443.07,1720.0,0.95,0.87,378.36,0.25,287.59,5.26,185.37,7.09,1341.9355,0.0,1807.6,0.0,290.95,290.95,,,180.54,180.54
2021-11-14 05:00:00+01:00,141.35,145.0,141.35,41461.61,44347.0,10248.91,4345.82,13440.95,4938.21,9017.54,279.14,30.84,301.17,2510.65,1010.37,43.79,7937.54,430.97,180.85,,0.28,0.0,904.39,2740.37,2417.24,0.0,350.0,3456.0,1010.0,209.0,,3028.0,1814.0,,139.0,41012.0,0.0,254.0,2407.0,34.47,0.0,2782.7,46.21,3035.04,4.1,0.0,0.0,480.94,0.0,430.72,1739.1,0.95,0.85,377.98,0.38,284.86,6.54,182.33,7.0,971.7845,1.9325,1511.92,0.0,280.05,280.05,143.41,158.51,162.07,162.07
2021-11-14 05:15:00+01:00,141.35,145.0,141.35,41190.81,44347.0,10333.8,4349.0,13477.14,4952.74,9155.72,280.67,30.56,228.69,2198.2,1018.68,35.89,7939.78,430.77,180.75,,0.32,0.0,901.12,2732.05,2465.11,0.0,350.0,3456.0,1010.0,209.0,,3028.0,1814.0,,139.0,41012.0,0.0,254.0,2407.0,34.85,0.0,2767.13,42.95,3039.3,3.63,0.0,0.0,480.96,0.0,428.05,1767.18,0.95,0.87,374.83,0.12,297.6,5.76,190.92,6.82,971.7845,1.9325,1574.04,0.0,269.34,269.34,,,162.2,162.2
2021-11-14 05:30:00+01:00,141.35,145.0,141.35,41333.02,44347.0,10356.43,4347.54,13502.3,4954.28,9254.63,281.06,30.47,239.39,2131.88,1023.06,32.49,7939.88,430.72,180.86,,0.35,0.0,906.04,2671.08,2536.58,0.0,350.0,3456.0,1010.0,209.0,,3028.0,1814.0,,139.0,41012.0,0.0,254.0,2407.0,34.57,0.0,2778.97,42.6,3053.91,3.66,0.0,0.0,480.96,0.0,462.8,1774.17,0.95,0.84,366.87,0.25,303.7,4.04,190.04,6.17,971.7845,1.9325,1580.96,0.0,246.6,246.6,99.74,110.24,159.67,159.67
2021-11-14 05:45:00+01:00,141.35,145.0,141.35,41052.41,44347.0,10385.21,4355.19,13501.23,4997.27,9313.77,281.06,30.33,155.26,2409.57,1023.18,25.82,7940.18,441.0,184.93,,0.31,0.0,914.33,2700.73,2589.8,0.0,350.0,3456.0,1010.0,209.0,,3028.0,1814.0,,139.0,41012.0,0.0,254.0,2407.0,34.6,0.0,2863.93,42.82,3052.73,3.74,0.0,0.0,480.97,0.0,508.38,1754.44,0.95,0.87,375.02,0.25,290.03,1.16,168.16,5.93,971.7845,1.9325,1528.52,0.0,276.91,276.91,,,159.65,159.65
2021-11-14 06:00:00+01:00,117.2,155.41,195.0,41236.94,45307.0,10405.19,4392.98,13477.0,5036.66,9350.45,279.27,30.36,178.34,2221.14,1025.86,27.03,7937.93,449.1,188.49,,0.38,0.0,901.83,2775.39,2672.36,0.0,349.0,3332.0,1053.0,209.0,,3144.0,1841.0,,54.0,41199.0,0.0,253.0,2356.0,34.48,0.0,2932.76,46.01,3058.17,3.96,0.0,0.0,481.0,0.0,538.88,1718.69,0.95,0.87,374.51,0.38,287.73,0.85,164.25,5.65,999.3725,9.63,1127.08,0.0,73.26,73.26,142.03,156.98,330.19,330.19
2021-11-14 06:15:00+01:00,117.2,155.41,195.0,41511.12,45307.0,10392.15,4392.84,13502.81,5030.32,9402.02,279.14,30.07,184.52,2415.72,1020.9,21.09,7938.24,449.07,188.32,,0.37,0.0,901.68,2848.66,2709.58,0.0,349.0,3332.0,1053.0,209.0,,3144.0,1841.0,,54.0,41199.0,0.0,253.0,2356.0,34.75,0.0,3063.73,42.64,3065.56,4.24,0.0,0.0,481.0,0.0,527.59,1672.98,0.95,0.84,360.19,0.25,331.0,0.02,168.0,5.54,999.3725,9.63,1061.44,44.52,80.8,80.8,,,194.61,194.61
2021-11-14 06:30:00+01:00,117.2,155.41,195.0,42194.43,45307.0,10475.65,4397.71,13507.28,5088.71,9405.86,279.14,30.22,181.59,2049.82,1020.28,38.55,7939.67,449.12,188.09,,0.38,0.0,903.29,2879.97,2715.38,0.0,349.0,3332.0,1053.0,209.0,,3144.0,1841.0,,54.0,41199.0,0.0,253.0,2356.0,34.22,0.0,3061.49,45.12,3057.26,4.4,0.0,0.0,481.02,0.0,512.15,1648.9,0.95,0.85,366.7,0.25,420.12,0.0,178.24,5.59,999.3725,9.63,1045.6,0.0,78.81,78.81,150.67,166.53,179.33,179.33
2021-11-14 06:45:00+01:00,117.2,155.41,195.0,42585.5,45307.0,10552.35,4392.84,13494.72,5090.49,9396.69,279.14,30.18,211.97,1607.68,1015.34,22.9,7940.07,453.46,189.74,,0.66,0.0,903.24,2867.19,2840.34,0.0,349.0,3332.0,1053.0,209.0,,3144.0,1841.0,,54.0,41199.0,0.0,253.0,2356.0,34.1,0.0,3054.89,40.94,3060.43,4.46,0.0,0.0,481.0,0.0,503.61,1651.9,0.95,0.83,369.45,0.25,455.22,0.0,192.15,5.6,999.3725,9.63,1033.88,4.24,270.15,270.15,,,187.74,187.74
2021-11-14 07:00:00+01:00,159.92,164.93,176.87,43547.05,46314.0,10710.05,4431.85,13482.26,5195.09,9388.06,279.14,30.37,184.43,1853.0,1015.48,49.09,7940.24,457.3,192.75,,0.71,0.0,829.77,2788.49,3022.22,0.0,354.0,3430.0,975.0,209.0,,2900.0,1942.0,15.0,,41433.0,165.0,251.0,2426.0,34.13,0.0,3014.23,45.86,3044.38,4.34,0.0,0.0,480.96,0.0,484.63,1657.24,0.95,0.84,361.26,0.12,442.14,0.0,214.69,6.06,774.828,25.9775,1742.0,0.0,215.47,215.47,161.93,178.97,132.4,132.4
2021-11-14 07:15:00+01:00,159.92,164.93,176.87,43897.58,46314.0,10902.13,4432.79,13481.31,5199.9,9400.75,279.14,30.24,210.33,1014.22,1015.7,41.27,7943.76,456.67,191.82,,29.59,0.0,827.41,2697.45,3197.72,0.0,354.0,3430.0,975.0,209.0,,2900.0,1942.0,15.0,,41433.0,165.0,251.0,2426.0,34.28,0.0,3031.24,42.9,3053.86,4.6,0.0,0.0,480.24,0.0,482.75,1665.5,0.95,0.84,368.5,0.38,426.58,0.0,216.8,5.49,774.828,25.9775,1837.08,0.0,190.92,190.92,,,147.25,147.25
2021-11-14 07:30:00+01:00,159.92,164.93,176.87,44437.4,46314.0,11021.45,4440.97,13456.88,5286.47,9424.16,279.14,30.26,173.2,839.89,1015.21,37.9,7946.88,456.6,191.53,,101.51,0.0,827.46,2584.31,3295.63,0.0,354.0,3430.0,975.0,209.0,,2900.0,1942.0,15.0,,41433.0,165.0,251.0,2426.0,34.46,0.0,3136.82,43.52,3050.64,4.6,0.0,0.0,480.0,0.0,493.53,1670.43,0.95,0.79,367.44,0.38,419.36,0.0,223.78,5.31,774.828,25.9775,1795.2,0.0,195.84,195.84,161.95,178.99,153.55,153.55
2021-11-14 07:45:00+01:00,159.92,164.93,176.87,44921.02,46314.0,11075.58,4457.85,13459.63,5376.28,9455.51,279.14,30.23,368.79,752.96,1013.29,40.21,7972.21,456.62,192.0,,196.72,0.0,828.26,2454.83,3434.59,0.0,354.0,3430.0,975.0,209.0,,2900.0,1942.0,15.0,,41433.0,165.0,251.0,2426.0,33.97,0.0,3290.64,40.86,3060.9,4.26,0.0,0.0,480.07,0.0,510.36,1654.31,0.95,0.74,364.21,0.12,418.36,0.0,243.39,5.25,774.828,25.9775,1686.76,0.0,287.32,287.32,,,139.75,139.75
2021-11-14 08:00:00+01:00,159.04,160.54,160.54,45890.06,47663.0,11251.21,4492.02,13498.25,5608.9,9658.77,279.14,30.25,172.8,1175.0,1013.61,57.91,8002.69,456.32,191.87,,389.53,0.0,824.72,2346.93,3476.74,0.0,353.0,3986.0,966.0,209.0,,2715.0,2031.0,142.0,,41558.0,360.0,249.0,2426.0,34.21,0.0,3267.21,39.58,3060.82,4.64,0.0,0.0,479.99,0.0,532.14,1653.28,1.12,0.48,364.56,0.38,392.71,0.0,247.03,5.72,281.483,286.165,1626.72,0.0,-76.62,-76.62,151.05,166.95,66.22,66.22
2021-11-14 08:15:00+01:00,159.04,160.54,160.54,46678.3,47663.0,11464.93,4505.68,13503.44,5734.51,9705.27,279.14,30.12,161.08,601.32,1013.21,61.53,8017.49,456.4,191.41,,655.3,0.0,822.53,2197.23,3474.9,0.0,353.0,3986.0,966.0,209.0,,2715.0,2031.0,142.0,,41558.0,360.0,249.0,2426.0,34.61,0.0,3370.44,39.79,3058.29,4.6,0.0,0.0,480.05,0.0,550.54,1650.99,1.6,0.01,352.75,0.12,357.56,0.0,253.83,5.48,281.483,286.165,1601.56,0.0,222.01,222.01,,,124.32,124.32
2021-11-14 08:30:00+01:00,159.04,160.54,160.54,47431.04,47663.0,11599.6,4511.91,13508.24,5811.07,9755.38,279.14,29.91,303.91,491.88,1012.1,43.67,8015.57,456.57,191.42,,992.97,0.0,823.39,2079.69,3398.63,0.0,353.0,3986.0,966.0,209.0,,2715.0,2031.0,142.0,,41558.0,360.0,249.0,2426.0,34.48,0.0,3561.09,39.69,3055.91,3.96,0.0,0.0,480.09,0.0,570.7,1625.16,4.17,0.01,353.04,0.25,348.65,0.0,255.39,6.16,281.483,286.165,1489.4,0.0,234.54,234.54,151.83,167.81,134.75,134.75
2021-11-14 08:45:00+01:00,159.04,160.54,160.54,48238.65,47663.0,11765.13,4522.05,13520.25,5998.47,9813.24,279.14,29.92,557.81,392.04,1014.59,61.1,8010.36,456.55,192.07,,1366.23,0.0,819.02,1949.91,3330.61,0.0,353.0,3986.0,966.0,209.0,,2715.0,2031.0,142.0,,41558.0,360.0,249.0,2426.0,34.45,0.0,3679.71,40.98,3063.44,3.77,0.0,0.0,480.11,0.0,583.5,1603.26,6.62,0.0,355.77,2.68,324.73,0.0,256.62,6.49,281.483,286.165,1509.88,0.0,269.01,269.01,,,115.92,115.92
2021-11-14 09:00:00+01:00,170.07,170.07,170.07,49162.72,50339.0,11956.98,4545.3,13501.45,6328.45,9868.95,279.14,29.89,527.71,462.15,1015.44,51.77,8008.76,456.45,193.15,,1799.64,0.0,819.44,1837.76,3129.42,0.0,352.0,4821.0,1088.0,209.0,,2092.0,2160.0,296.0,,41648.0,1022.0,249.0,2371.0,34.44,0.0,3803.06,37.14,3045.1,3.83,0.0,0.0,480.07,0.0,630.96,1564.07,10.98,0.0,361.1,0.25,302.3,0.0,261.04,6.47,0.0,366.754,1622.6,0.0,320.69,320.69,148.87,164.55,190.07,190.07
2021-11-14 09:15:00+01:00,170.07,170.07,170.07,49865.83,50339.0,12047.06,4571.39,13502.79,6728.71,9913.19,279.14,29.81,450.03,249.88,1017.64,66.03,8011.57,456.52,193.31,,2219.64,0.0,830.53,1833.32,2959.92,0.0,352.0,4821.0,1088.0,209.0,,2092.0,2160.0,296.0,,41648.0,1022.0,249.0,2371.0,34.79,0.0,3909.09,42.15,3042.09,3.7,0.0,0.0,480.14,0.0,681.82,1521.56,15.46,0.0,357.79,0.38,276.07,0.0,265.17,6.56,0.0,366.754,1565.24,0.0,312.65,312.65,,,347.94,347.94
2021-11-14 09:30:00+01:00,170.07,170.07,170.07,50584.11,50339.0,12079.07,4569.93,13507.12,6876.24,9908.12,279.53,29.72,581.43,145.7,1017.28,142.45,8008.04,456.47,193.4,,2729.02,0.0,828.11,1735.9,2901.51,0.0,352.0,4821.0,1088.0,209.0,,2092.0,2160.0,296.0,,41648.0,1022.0,249.0,2371.0,34.27,0.0,4012.89,43.06,3066.93,3.67,0.0,0.0,480.16,0.0,734.14,1453.51,16.38,0.0,353.65,0.12,275.34,0.88,264.52,6.62,0.0,366.754,1516.12,0.0,280.18,280.18,154.32,170.56,244.18,244.18
2021-11-14 09:45:00+01:00,170.07,170.07,170.07,51045.69,50339.0,12189.29,4584.6,13512.53,6910.71,9927.22,280.04,29.64,788.7,17.26,1016.43,149.3,8009.61,456.47,193.17,,3163.52,0.0,816.88,1648.07,2821.02,0.0,352.0,4821.0,1088.0,209.0,,2092.0,2160.0,296.0,,41648.0,1022.0,249.0,2371.0,34.37,0.0,4089.85,36.18,3074.64,3.73,0.0,0.0,480.14,0.0,859.26,1388.25,18.49,0.0,345.07,0.25,285.26,0.46,253.04,6.63,0.0,366.754,1381.76,0.0,302.76,302.76,,,421.26,421.26
2021-11-14 10:00:00+01:00,177.2,177.2,177.2,51648.35,52215.0,12139.5,4563.05,13541.38,6964.08,9965.12,279.14,29.68,833.48,64.44,1016.47,84.19,8016.44,456.47,193.25,,3553.92,0.0,820.21,1544.3,2806.59,0.0,350.0,5255.0,1098.0,209.0,,1693.0,2259.0,263.0,,41690.0,1742.0,251.0,2465.0,34.66,0.0,4181.22,35.55,3083.33,3.74,0.0,0.0,480.13,0.0,1135.9,1320.0,22.2,0.0,345.04,0.38,289.09,0.32,260.02,6.63,0.0,502.2315,1335.24,0.0,327.23,327.23,151.57,167.53,355.35,355.35
2021-11-14 10:15:00+01:00,177.2,177.2,177.2,52151.23,52215.0,12198.13,4584.25,13517.98,7171.56,9947.03,279.14,29.71,922.17,84.85,1013.92,59.41,8023.47,456.57,192.98,,3915.57,0.0,820.49,1558.76,2671.36,0.0,350.0,5255.0,1098.0,209.0,,1693.0,2259.0,263.0,,41690.0,1742.0,251.0,2465.0,34.57,0.0,4058.87,34.75,3075.19,3.7,0.0,0.0,480.12,0.0,1255.59,1296.2,25.24,0.0,353.56,0.12,326.27,0.0,260.89,6.58,0.0,502.2315,1247.12,0.0,103.22,103.22,,,150.4,150.4
2021-11-14 10:30:00+01:00,177.2,177.2,177.2,52697.4,52215.0,12332.89,4596.51,13576.86,7250.35,9941.51,279.14,29.55,867.92,161.27,1016.32,188.38,8021.4,456.45,192.85,,4238.64,0.0,819.29,1468.68,2645.43,0.0,350.0,5255.0,1098.0,209.0,,1693.0,2259.0,263.0,,41690.0,1742.0,251.0,2465.0,34.42,0.0,4092.76,37.33,3072.56,3.76,0.0,0.0,480.63,0.0,1165.25,1332.78,27.54,0.0,364.02,0.38,388.98,0.0,269.42,6.47,0.0,502.2315,1415.2,0.0,118.24,118.24,168.34,186.06,91.87,91.87
2021-11-14 10:45:00+01:00,177.2,177.2,177.2,53309.68,52215.0,12351.72,4606.05,13545.23,7450.83,9945.03,279.14,29.56,756.52,232.13,1021.2,87.01,8023.09,456.24,192.52,,4531.92,0.0,818.47,1404.93,2632.42,0.0,350.0,5255.0,1098.0,209.0,,1693.0,2259.0,263.0,,41690.0,1742.0,251.0,2465.0,34.18,0.0,4136.49,40.66,3071.09,3.84,0.0,0.0,480.11,0.0,1148.9,1343.02,27.62,0.0,363.93,0.38,434.65,0.0,275.27,6.1,0.0,502.2315,1408.08,0.0,116.97,116.97,,,157.2,157.2
2021-11-14 11:00:00+01:00,178.93,178.93,178.93,53764.75,53707.0,12420.73,4559.21,13507.51,7723.3,9954.88,279.14,29.63,767.46,328.28,1024.18,122.31,8020.66,456.22,192.62,,4772.5,0.0,817.09,1261.87,2636.61,0.0,350.0,5367.0,1092.0,209.0,,1100.0,2101.0,268.0,,41741.0,2123.0,251.0,2660.0,34.66,0.0,4196.72,39.01,3059.21,3.96,0.0,0.0,480.11,0.0,1123.56,1339.17,28.02,0.0,367.48,0.12,434.8,0.0,278.63,6.15,37.2275,432.187,1261.56,0.0,-105.01,-105.01,190.78,210.86,211.93,211.93
2021-11-14 11:15:00+01:00,178.93,178.93,178.93,54499.03,53707.0,12389.72,4544.91,13534.72,7964.19,9962.05,279.14,29.66,814.42,260.35,1025.43,166.26,8014.67,456.3,192.48,,4978.97,0.0,816.71,1107.93,2669.87,0.0,350.0,5367.0,1092.0,209.0,,1100.0,2101.0,268.0,,41741.0,2123.0,251.0,2660.0,34.18,0.0,4312.08,42.36,3051.65,3.9,0.0,0.0,480.12,0.0,1158.71,1308.02,32.33,0.0,369.86,0.38,425.15,0.0,266.23,6.13,37.2275,432.187,1266.48,0.0,378.02,378.02,,,174.49,174.49
2021-11-14 11:30:00+01:00,178.93,178.93,178.93,54967.55,53707.0,12382.03,4544.69,13527.63,8022.97,9965.66,279.14,29.63,986.26,201.01,1027.89,180.79,8016.73,456.22,192.39,,5161.31,0.0,819.21,1114.7,2602.45,0.0,350.0,5367.0,1092.0,209.0,,1100.0,2101.0,268.0,,41741.0,2123.0,251.0,2660.0,34.65,0.0,4351.48,39.28,3051.75,3.94,0.0,0.0,480.05,0.0,1164.33,1293.82,31.99,0.0,363.42,0.12,441.13,0.0,244.3,6.13,37.2275,432.187,1140.48,0.0,323.42,323.42,186.91,206.59,173.0,173.0
2021-11-14 11:45:00+01:00,178.93,178.93,178.93,54952.18,53707.0,12474.57,4535.9,13538.67,8001.6,9959.54,279.14,29.69,814.48,238.91,1034.54,169.67,8014.89,456.27,192.3,,5268.98,0.0,820.4,1165.7,2622.0,0.0,350.0,5367.0,1092.0,209.0,,1100.0,2101.0,268.0,,41741.0,2123.0,251.0,2660.0,34.28,0.0,4368.97,39.94,3051.38,4.0,0.0,0.0,480.09,0.0,1181.16,1281.28,32.11,0.0,369.73,0.25,472.69,0.0,268.42,5.98,37.2275,432.187,1256.16,0.0,-112.76,-112.76,,,355.35,355.35
2021-11-14 12:00:00+01:00,184.58,184.58,184.58,55106.48,56317.0,12444.65,4477.59,13540.6,8123.68,9952.66,279.14,29.67,704.48,324.85,1039.38,124.23,8012.77,456.35,192.59,,5274.66,0.0,820.84,1244.15,2460.4,0.0,347.0,5390.0,1098.0,209.0,,67.0,2100.0,776.0,,41749.0,2517.0,253.0,2980.0,34.66,0.0,4752.88,31.54,3047.11,3.9,0.0,0.0,480.08,0.0,1345.74,1225.28,33.07,0.0,366.16,0.5,488.98,0.0,269.56,5.86,110.4125,121.268,910.32,0.0,338.42,338.42,186.38,206.0,483.04,483.04
2021-11-14 12:15:00+01:00,184.58,184.58,184.58,55022.48,56317.0,12439.48,4469.13,13504.4,8240.5,9948.12,279.14,29.58,409.96,389.86,1036.6,75.54,8014.17,456.15,192.56,,5220.81,0.0,821.0,1374.9,2416.85,0.0,347.0,5390.0,1098.0,209.0,,67.0,2100.0,776.0,,41749.0,2517.0,253.0,2980.0,34.41,0.0,4747.9,32.08,3039.71,3.73,0.0,0.0,480.06,0.0,1415.19,1207.93,29.19,0.0,369.93,0.12,501.17,0.0,258.28,5.78,110.4125,121.268,781.68,0.0,308.94,308.94,,,141.51,141.51
2021-11-14 12:30:00+01:00,184.58,184.58,184.58,54735.46,56317.0,12489.63,4463.84,13502.03,8191.65,9933.22,279.14,29.67,469.73,355.43,1035.49,104.3,8012.75,456.1,192.36,,5120.19,0.0,818.33,1362.29,2618.06,0.0,347.0,5390.0,1098.0,209.0,,67.0,2100.0,776.0,,41749.0,2517.0,253.0,2980.0,34.23,0.0,4786.98,33.66,3029.34,3.7,0.0,0.0,480.02,0.0,1302.7,1235.53,28.08,0.0,370.67,0.25,528.51,0.0,255.64,6.22,110.4125,121.268,1005.72,0.0,287.53,287.53,195.66,216.26,175.18,175.18
2021-11-14 12:45:00+01:00,184.58,184.58,184.58,54258.69,56317.0,12512.01,4459.42,13469.66,8192.28,9949.49,279.14,29.63,198.49,456.38,1037.11,71.6,8010.42,456.07,192.67,,4840.13,0.0,825.83,1543.34,2645.17,0.0,347.0,5390.0,1098.0,209.0,,67.0,2100.0,776.0,,41749.0,2517.0,253.0,2980.0,34.64,0.0,4883.84,35.92,3066.81,3.87,0.0,0.0,480.04,0.0,1286.44,1265.37,30.6,0.0,363.05,0.25,538.72,0.0,253.48,6.16,110.4125,121.268,936.92,0.0,261.92,261.92,,,116.05,187.58
2021-11-14 13:00:00+01:00,170.02,170.02,170.02,54238.41,54316.0,12423.65,4428.53,13515.99,8283.99,9970.14,278.76,29.58,325.43,513.08,1034.78,93.1,8010.96,456.07,192.6,,4598.9,0.0,827.95,1682.75,2703.89,0.0,347.0,5346.0,1109.0,209.0,,722.0,2173.0,881.0,,41609.0,2346.0,249.0,3266.0,34.45,0.0,4910.81,30.93,3083.11,3.86,0.0,0.0,480.32,0.0,1192.89,1292.49,30.23,0.0,349.49,0.25,554.32,0.0,247.06,6.1,0.0,542.3985,826.44,0.0,304.51,304.51,186.7,206.36,137.96,137.96
2021-11-14 13:15:00+01:00,170.02,170.02,170.02,53575.42,54316.0,12537.78,4411.28,13548.39,8234.61,9985.29,279.02,29.56,108.84,719.09,1032.63,42.12,8011.09,456.22,192.61,,4292.82,0.0,825.21,1703.48,2936.15,0.0,347.0,5346.0,1109.0,209.0,,722.0,2173.0,881.0,,41609.0,2346.0,249.0,3266.0,34.39,0.0,4926.5,31.7,3089.96,3.77,0.0,0.0,480.04,0.0,1090.82,1342.14,28.93,0.0,341.69,0.38,546.72,0.0,261.07,6.23,0.0,542.3985,786.96,0.0,295.61,295.61,,,160.4,160.4
2021-11-14 13:30:00+01:00,170.02,170.02,170.02,53325.61,54316.0,12452.76,4397.51,13658.22,8247.4,9978.87,279.14,29.52,183.2,1025.01,1028.83,116.06,8007.95,459.36,193.86,,3970.04,0.0,826.13,1685.84,3225.07,0.0,347.0,5346.0,1109.0,209.0,,722.0,2173.0,881.0,,41609.0,2346.0,249.0,3266.0,34.59,0.0,4944.44,31.12,3101.25,3.87,0.0,0.0,480.06,0.0,1058.86,1336.19,28.12,0.0,324.94,0.25,521.76,0.0,265.23,6.24,0.0,542.3985,766.92,0.0,308.96,308.96,151.72,167.69,156.02,156.02
2021-11-14 13:45:00+01:00,170.02,170.02,170.02,53174.39,54316.0,12417.39,4409.49,13664.15,8315.77,9978.09,279.14,29.58,178.45,1212.03,1025.12,88.06,8008.92,459.93,193.96,,3596.18,0.0,829.68,1694.75,3398.18,0.0,347.0,5346.0,1109.0,209.0,,722.0,2173.0,881.0,,41609.0,2346.0,249.0,3266.0,34.39,0.0,4958.54,29.52,3081.33,3.76,0.0,0.0,480.09,0.0,1058.14,1357.48,26.2,0.0,334.48,0.25,514.97,0.0,255.42,6.23,0.0,542.3985,707.08,0.0,284.78,284.78,,,91.89,91.89
2021-11-14 14:00:00+01:00,156.12,158.0,158.0,52442.25,51528.0,12451.87,4409.64,13744.87,8279.35,9982.76,279.14,29.79,64.23,271.52,1025.72,70.44,8008.54,459.76,193.87,,3158.85,0.0,824.86,1661.52,3658.57,0.0,349.0,5320.0,1069.0,209.0,,2017.0,2129.0,274.0,,41478.0,1958.0,248.0,3445.0,34.52,0.0,5085.11,28.95,3069.36,3.94,0.0,0.0,480.44,0.0,1033.33,1382.56,23.29,0.0,347.12,0.25,526.5,0.0,259.79,5.95,0.0,793.245,661.2,0.0,298.83,298.83,175.58,194.06,166.4,166.4
2021-11-14 14:15:00+01:00,156.12,158.0,158.0,52073.28,51528.0,12479.66,4408.12,13692.19,8253.98,9984.52,279.14,29.7,108.29,103.75,1026.85,31.9,8008.43,459.63,193.91,,2726.86,0.0,824.34,1691.74,3946.43,0.0,349.0,5320.0,1069.0,209.0,,2017.0,2129.0,274.0,,41478.0,1958.0,248.0,3445.0,34.53,0.0,5169.2,34.66,3052.34,4.03,0.0,0.0,480.56,0.0,1024.87,1417.56,21.4,0.0,358.58,0.25,531.81,0.0,264.57,5.51,0.0,793.245,547.6,0.0,296.68,296.68,,,150.4,150.4
2021-11-14 14:30:00+01:00,156.12,158.0,158.0,51904.83,51528.0,12532.37,4413.72,13730.32,8197.08,10010.95,279.14,29.6,202.52,55.08,1021.36,14.52,8009.75,459.41,193.59,,2321.17,0.0,829.71,1714.71,4237.12,0.0,349.0,5320.0,1069.0,209.0,,2017.0,2129.0,274.0,,41478.0,1958.0,248.0,3445.0,34.38,0.0,5166.0,31.3,3047.68,4.23,0.0,0.0,480.55,0.0,981.89,1449.18,20.1,0.0,362.14,0.25,483.72,0.0,258.45,5.33,0.0,793.245,642.84,0.0,308.91,308.91,192.41,212.67,163.52,163.52
2021-11-14 14:45:00+01:00,156.12,158.0,158.0,51810.22,51528.0,12629.44,4423.95,13734.37,8211.2,10013.66,279.14,29.65,154.32,69.17,1017.22,14.69,8009.84,459.58,193.67,,1845.43,0.0,823.25,1731.55,4476.32,0.0,349.0,5320.0,1069.0,209.0,,2017.0,2129.0,274.0,,41478.0,1958.0,248.0,3445.0,34.44,0.0,5323.61,34.68,3057.04,4.4,0.0,0.0,480.54,0.0,941.68,1463.13,19.38,0.0,366.58,0.25,412.49,0.0,261.51,5.29,0.0,793.245,708.72,0.0,287.74,287.74,,,344.22,344.22
2021-11-14 15:00:00+01:00,160.0,160.0,160.0,52166.53,49917.0,12553.77,4465.19,13808.38,8373.32,10127.82,279.14,29.55,194.66,429.07,1017.24,13.68,8009.04,459.48,193.47,,1451.32,0.0,824.53,1778.54,4780.96,0.0,349.0,5544.0,1041.0,209.0,,2419.0,2138.0,422.0,,40977.0,1240.0,248.0,3414.0,34.37,0.0,5303.46,32.87,3079.12,4.47,0.0,0.0,480.51,0.0,973.01,1402.89,17.92,0.0,367.94,0.25,378.08,0.0,256.73,5.24,0.0,708.0845,989.76,0.0,266.87,266.87,198.89,219.83,184.18,184.18
2021-11-14 15:15:00+01:00,160.0,160.0,160.0,52102.97,49917.0,12663.56,4474.58,13769.7,8370.39,10108.56,279.14,29.59,98.59,90.2,1014.3,13.97,8006.02,459.63,193.74,,1082.5,0.0,823.78,1817.63,5081.79,0.0,349.0,5544.0,1041.0,209.0,,2419.0,2138.0,422.0,,40977.0,1240.0,248.0,3414.0,33.75,0.0,5402.1,37.0,3084.72,4.5,0.0,0.0,480.55,0.0,950.87,1420.96,15.63,0.0,361.2,0.37,320.75,0.0,258.37,5.31,0.0,708.0845,1076.04,0.0,230.68,230.68,,,411.79,411.79
2021-11-14 15:30:00+01:00,160.0,160.0,160.0,52438.07,49917.0,12729.96,4463.35,13793.3,8399.16,9998.09,278.89,29.56,205.46,113.51,1012.86,14.95,8006.48,459.78,193.79,,741.03,0.0,823.94,1893.25,5409.78,0.0,349.0,5544.0,1041.0,209.0,,2419.0,2138.0,422.0,,40977.0,1240.0,248.0,3414.0,33.0,0.0,5470.49,42.54,3074.21,4.43,0.0,0.0,480.56,0.0,984.23,1436.0,11.94,0.0,367.61,0.25,322.2,0.0,255.73,5.43,0.0,708.0845,1048.24,0.0,270.77,270.77,173.04,191.26,271.03,271.03
2021-11-14 15:45:00+01:00,160.0,160.0,160.0,52467.42,49917.0,12848.91,4471.78,13804.25,8419.15,9998.1,278.51,29.53,552.04,323.8,1010.0,17.63,8004.85,459.93,193.63,,435.64,0.0,830.78,1919.24,5761.69,0.0,349.0,5544.0,1041.0,209.0,,2419.0,2138.0,422.0,,40977.0,1240.0,248.0,3414.0,33.5,0.0,5469.24,36.67,3065.78,4.4,0.0,0.0,480.51,0.0,1025.69,1453.85,7.04,0.0,368.96,0.25,312.67,0.0,242.9,5.39,0.0,708.0845,1148.08,0.0,312.22,312.22,,,309.56,309.56
2021-11-14 16:00:00+01:00,166.68,166.8,166.6,53006.45,49538.0,12967.42,4540.44,13802.32,8258.07,10088.18,279.14,29.52,198.51,406.31,1014.12,14.09,8002.46,459.83,193.53,,205.23,0.0,842.24,2007.39,6017.26,0.0,350.0,6192.0,1015.0,209.0,,1005.0,2203.0,640.0,,40690.0,534.0,252.0,3391.0,33.54,0.0,5351.99,34.53,3066.32,4.34,0.0,0.0,480.4,0.0,1265.75,1431.86,2.77,0.0,370.13,0.25,304.21,0.0,224.97,4.93,0.0,1276.1915,1537.08,0.0,104.84,104.84,195.78,216.38,179.33,179.33
2021-11-14 16:15:00+01:00,166.68,166.8,166.6,53452.34,49538.0,13232.75,4548.58,13865.12,8155.91,10087.18,279.14,29.4,569.4,503.97,1016.89,16.71,8003.65,459.76,193.79,,65.38,0.0,845.83,1978.77,6366.76,0.0,350.0,6192.0,1015.0,209.0,,1005.0,2203.0,640.0,,40690.0,534.0,252.0,3391.0,33.2,0.0,5329.86,35.32,3048.08,4.3,0.0,0.0,480.5,0.0,1303.12,1468.97,1.85,0.48,378.82,0.25,325.64,0.0,237.34,4.88,0.0,1276.1915,1739.68,0.0,233.89,233.89,,,116.07,164.51
2021-11-14 16:30:00+01:00,166.68,166.8,166.6,54485.09,49538.0,13493.4,4556.2,13875.75,8157.82,10099.76,279.14,29.57,749.55,501.71,1018.99,20.59,8010.91,459.91,193.9,,10.3,0.0,849.26,2153.51,6660.35,0.0,350.0,6192.0,1015.0,209.0,,1005.0,2203.0,640.0,,40690.0,534.0,252.0,3391.0,33.3,0.0,5596.3,33.83,3045.57,4.16,0.0,0.0,480.62,0.0,1386.22,1474.58,1.21,0.68,379.23,0.25,320.19,0.0,252.05,4.91,0.0,1276.1915,1644.08,0.0,300.67,300.67,158.46,175.14,200.0,200.0
2021-11-14 16:45:00+01:00,166.68,166.8,166.6,55754.68,49538.0,13805.19,4595.31,13877.43,8292.72,10090.76,279.14,29.6,810.99,386.69,1019.42,59.87,8009.56,459.86,194.05,,1.45,0.0,850.18,2268.77,7053.45,0.0,350.0,6192.0,1015.0,209.0,,1005.0,2203.0,640.0,,40690.0,534.0,252.0,3391.0,33.54,0.0,5849.72,34.49,3025.78,4.24,0.0,0.0,480.46,0.0,1568.64,1451.44,0.97,0.75,381.26,0.25,316.94,0.0,244.46,4.9,0.0,1276.1915,1596.04,0.0,307.01,307.01,,,169.6,169.6
2021-11-14 17:00:00+01:00,197.94,197.94,197.94,57076.07,52525.0,14140.5,4639.12,13854.24,8285.25,10078.27,279.14,29.62,1462.52,477.3,1022.01,76.23,8010.78,460.03,193.86,,1.06,0.0,843.95,2259.22,7369.03,0.0,348.0,6738.0,1090.0,209.0,,265.0,2478.0,857.0,,40870.0,202.0,249.0,3736.0,33.02,0.0,5980.74,33.81,3031.76,4.13,0.0,0.0,480.44,0.0,1877.98,1303.5,0.97,0.81,370.48,0.38,331.04,0.0,243.64,4.91,0.8625,854.1245,1513.28,0.0,266.04,266.04,180.28,199.26,143.69,143.69
2021-11-14 17:15:00+01:00,197.94,197.94,197.94,57709.86,52525.0,14456.33,4686.88,13919.51,8229.36,10107.43,279.14,29.51,2006.72,169.39,1021.82,119.8,8013.17,459.91,193.73,,0.88,0.0,847.42,2334.41,7587.85,0.0,348.0,6738.0,1090.0,209.0,,265.0,2478.0,857.0,,40870.0,202.0,249.0,3736.0,34.01,0.0,6091.45,32.35,3047.13,4.27,0.0,0.0,480.44,0.0,1941.08,1288.6,0.97,0.82,375.82,0.25,322.33,0.0,255.4,5.08,0.8625,854.1245,1796.36,0.0,288.77,288.77,,,177.94,177.94
2021-11-14 17:30:00+01:00,197.94,197.94,197.94,58293.54,52525.0,14610.74,4686.59,13924.06,8251.03,10111.13,279.14,29.32,2261.95,166.54,1020.89,169.39,8016.71,459.73,193.29,,0.78,0.0,847.13,2355.73,7731.25,0.0,348.0,6738.0,1090.0,209.0,,265.0,2478.0,857.0,,40870.0,202.0,249.0,3736.0,33.44,0.0,6159.82,34.62,3055.49,4.23,0.0,0.0,480.4,0.0,1930.27,1286.17,0.97,0.83,369.06,0.12,363.29,0.0,270.84,5.51,0.8625,854.1245,1777.72,0.0,305.94,305.94,171.95,190.05,177.94,177.94
2021-11-14 17:45:00+01:00,197.94,197.94,197.94,58613.93,52525.0,14629.34,4702.86,13927.44,8330.79,10139.94,279.14,29.49,2022.9,166.5,1022.75,173.92,8007.24,459.86,192.98,,0.54,0.0,850.88,2230.63,7952.05,0.0,348.0,6738.0,1090.0,209.0,,265.0,2478.0,857.0,,40870.0,202.0,249.0,3736.0,34.22,0.0,6194.14,34.49,3063.49,4.3,0.0,0.0,480.4,0.0,2003.04,1281.44,0.97,0.81,373.38,0.38,401.25,0.0,274.97,5.69,0.8625,854.1245,1833.8,0.0,307.72,307.72,,,187.94,187.94
2021-11-14 18:00:00+01:00,204.47,204.47,204.47,58832.15,56518.0,14408.99,4722.77,13906.93,8349.8,10171.06,279.14,29.64,1502.39,165.47,1022.86,260.5,8004.22,459.91,192.87,,0.52,0.0,836.93,2214.77,7964.44,0.0,349.0,7000.0,1149.0,209.0,,37.0,2774.0,1127.0,,40961.0,0.0,252.0,4061.0,34.17,0.0,6176.95,32.1,3052.88,4.3,0.0,0.0,480.4,0.0,2117.82,1259.41,0.97,0.83,376.74,0.12,433.85,0.0,272.41,5.74,582.529,0.0,2084.84,0.0,307.55,307.55,183.99,203.35,194.47,194.47
2021-11-14 18:15:00+01:00,204.47,204.47,204.47,58465.58,56518.0,14217.14,4728.2,13933.58,8389.79,10193.55,279.14,29.56,1345.65,217.45,1022.19,239.99,7998.79,455.9,193.15,,0.4,0.0,835.82,2117.89,7929.25,0.0,349.0,7000.0,1149.0,209.0,,37.0,2774.0,1127.0,,40961.0,0.0,252.0,4061.0,33.82,0.0,6153.77,31.27,3048.95,4.2,0.0,0.0,480.44,0.0,2090.2,1253.59,0.97,0.83,375.48,0.38,463.51,0.0,271.48,5.71,582.529,0.0,2155.2,0.0,267.8,267.8,,,174.47,174.47
2021-11-14 18:30:00+01:00,204.47,204.47,204.47,58105.65,56518.0,13987.18,4740.18,13927.07,8392.43,10240.64,279.14,29.44,1257.75,203.97,1026.59,157.3,8000.34,455.95,193.13,,0.41,0.0,835.59,1955.9,8028.57,0.0,349.0,7000.0,1149.0,209.0,,37.0,2774.0,1127.0,,40961.0,0.0,252.0,4061.0,34.56,0.0,6121.94,33.73,3051.35,4.23,0.0,0.0,480.44,0.0,2081.42,1254.14,0.97,0.79,367.76,0.37,542.17,0.0,263.85,5.71,582.529,0.0,2075.48,0.0,306.39,306.39,173.97,192.29,207.47,207.47
2021-11-14 18:45:00+01:00,204.47,204.47,204.47,57751.49,56518.0,13866.47,4743.06,13923.63,8383.13,10251.89,279.14,29.5,868.13,376.44,1027.65,194.41,8001.12,455.92,193.01,,0.38,0.0,832.55,1963.28,8110.57,0.0,349.0,7000.0,1149.0,209.0,,37.0,2774.0,1127.0,,40961.0,0.0,252.0,4061.0,34.12,0.0,6077.48,27.93,3054.83,4.27,0.0,0.0,480.42,0.0,2101.06,1249.88,0.97,0.8,364.1,0.13,602.11,0.0,277.49,5.73,582.529,0.0,1960.12,0.0,301.16,301.16,,,142.47,142.47
2021-11-14 19:00:00+01:00,206.21,206.21,206.21,57495.51,57519.0,13735.83,4707.39,13913.36,8379.89,10201.91,279.14,29.65,1024.63,174.77,1030.87,350.74,8000.46,456.1,192.97,,0.31,0.0,824.93,1917.79,8217.03,0.0,350.0,7082.0,1101.0,209.0,432.0,,2879.0,960.0,,40991.0,0.0,253.0,4405.0,34.62,0.0,6004.83,33.18,3044.66,4.3,0.0,0.0,480.42,0.0,2012.82,1262.5,0.97,0.83,369.66,0.37,637.26,0.0,294.64,5.76,887.868,0.0,1843.64,0.0,324.32,324.32,178.51,197.31,127.4,127.4
2021-11-14 19:15:00+01:00,206.21,206.21,206.21,56741.52,57519.0,13629.11,4689.6,13906.01,8419.03,10119.83,279.14,29.58,780.9,224.87,1032.94,261.36,8001.92,456.52,193.4,,0.39,0.0,830.47,1924.51,8077.07,0.0,350.0,7082.0,1101.0,209.0,432.0,,2879.0,960.0,,40991.0,0.0,253.0,4405.0,34.66,0.0,5838.71,28.76,3046.93,4.27,0.0,0.0,480.44,0.0,1945.55,1263.86,0.97,0.88,372.78,0.13,689.38,0.0,268.11,5.89,887.868,0.0,1906.08,0.0,70.15,70.15,,,127.4,127.4
2021-11-14 19:30:00+01:00,206.21,206.21,206.21,56276.47,57519.0,13478.36,4688.48,13925.63,8410.58,10253.45,279.14,29.61,487.7,359.9,1028.86,91.69,8001.17,456.72,193.43,,0.38,0.0,825.8,1787.29,8122.47,0.0,350.0,7082.0,1101.0,209.0,432.0,,2879.0,960.0,,40991.0,0.0,253.0,4405.0,34.25,0.0,5749.89,30.96,3043.69,4.43,0.0,0.0,480.99,0.0,1880.08,1269.3,0.97,0.8,373.96,0.37,712.93,0.0,248.23,5.55,887.868,0.0,1978.6,0.0,83.58,83.58,188.39,208.23,112.8,112.8
2021-11-14 19:45:00+01:00,206.21,206.21,206.21,55951.51,57519.0,13450.73,4667.33,13944.25,8151.89,10350.31,279.14,29.72,605.42,682.19,1028.08,103.01,8007.65,456.67,193.02,,0.33,0.0,826.17,1754.97,8144.12,0.0,350.0,7082.0,1101.0,209.0,432.0,,2879.0,960.0,,40991.0,0.0,253.0,4405.0,34.6,0.0,5683.46,28.53,3047.5,4.33,0.0,0.0,480.48,0.0,1824.66,1272.96,0.97,0.83,368.94,0.38,697.39,0.0,251.0,5.68,887.868,0.0,2056.6,0.0,208.45,208.45,,,127.4,127.4
2021-11-14 20:00:00+01:00,190.61,194.08,195.0,55504.57,55535.0,13375.2,4630.94,13971.16,7838.7,10415.57,279.14,29.89,821.88,247.18,1026.35,274.78,7999.55,456.52,193.05,,0.4,0.0,826.79,1720.89,8090.53,0.0,354.0,7163.0,1046.0,209.0,512.0,,2727.0,434.0,,40915.0,0.0,253.0,4458.0,34.43,0.0,5899.02,30.1,3055.62,4.14,0.0,0.0,480.65,0.0,1721.27,1284.1,0.97,0.8,372.42,0.12,658.78,0.0,246.24,5.53,1309.4335,0.0,2324.16,0.0,326.22,326.22,184.38,203.78,116.2,198.0
2021-11-14 20:15:00+01:00,190.61,194.08,195.0,54808.83,55535.0,13268.73,4626.8,13925.25,7670.35,10290.97,279.14,29.7,853.45,250.87,1022.85,68.2,7998.41,456.25,193.06,,0.37,0.0,828.33,1689.18,8117.1,0.0,354.0,7163.0,1046.0,209.0,512.0,,2727.0,434.0,,40915.0,0.0,253.0,4458.0,34.47,0.0,6043.01,33.01,3053.8,4.4,0.0,0.0,480.48,0.0,1583.82,1298.19,0.97,0.92,367.63,0.38,596.73,0.0,234.82,5.39,1309.4335,0.0,2325.16,0.0,372.16,372.16,,,92.17,92.17
2021-11-14 20:30:00+01:00,190.61,194.08,195.0,54093.76,55535.0,13080.9,4622.69,13935.66,7571.63,9956.28,279.14,29.78,770.06,580.08,1020.58,73.18,7980.75,456.3,192.94,,0.34,0.0,837.91,1644.27,8098.03,0.0,354.0,7163.0,1046.0,209.0,512.0,,2727.0,434.0,,40915.0,0.0,253.0,4458.0,34.45,0.0,6039.26,28.4,3052.92,4.43,0.0,0.0,480.53,0.0,1488.17,1303.95,0.97,0.84,370.09,0.12,594.75,0.0,231.76,5.7,1309.4335,0.0,2314.84,0.0,326.45,326.45,178.26,197.02,134.32,134.32
2021-11-14 20:45:00+01:00,190.61,194.08,195.0,53405.6,55535.0,12951.38,4618.74,13940.66,7404.58,9996.53,279.14,29.99,477.44,609.39,1020.42,57.56,7977.13,456.0,192.83,,0.44,0.0,837.07,1589.62,7956.57,0.0,354.0,7163.0,1046.0,209.0,512.0,,2727.0,434.0,,40915.0,0.0,253.0,4458.0,34.26,0.0,5865.79,33.02,3043.2,4.47,0.0,0.0,480.52,0.0,1408.6,1309.91,0.97,0.84,368.02,0.25,612.15,0.0,219.38,5.52,1309.4335,0.0,2425.6,0.0,-109.33,-109.33,,,134.85,134.85
2021-11-14 21:00:00+01:00,168.68,175.26,167.61,52753.11,53458.0,12827.87,4554.09,13988.89,7200.08,9991.75,279.14,30.23,1079.84,454.9,1024.17,51.02,7980.6,455.72,192.37,,0.4,0.0,837.19,1577.66,7893.18,0.0,354.0,7134.0,1114.0,209.0,59.0,,2458.0,126.0,,40939.0,0.0,251.0,4311.0,34.66,0.0,5630.86,30.79,3048.31,4.36,0.0,0.0,481.4,0.0,1232.22,1350.26,0.97,0.88,374.38,0.25,627.36,0.0,201.65,5.42,908.525,0.0,2139.56,0.0,127.01,127.01,167.61,185.25,388.11,388.11
2021-11-14 21:15:00+01:00,168.68,175.26,167.61,52527.76,53458.0,12727.89,4528.01,13895.65,7052.36,9948.56,279.14,30.21,984.35,528.54,1018.19,72.5,7982.44,455.72,192.24,,0.32,0.0,836.73,1611.35,7713.16,0.0,354.0,7134.0,1114.0,209.0,59.0,,2458.0,126.0,,40939.0,0.0,251.0,4311.0,34.18,0.0,5661.33,33.19,3073.24,4.04,0.0,0.0,480.56,0.0,1331.7,1362.0,0.97,0.84,372.55,0.38,640.97,0.0,196.45,5.64,908.525,0.0,1904.44,0.0,320.94,320.94,,,135.14,135.14
2021-11-14 21:30:00+01:00,168.68,175.26,167.61,52006.17,53458.0,12539.6,4524.19,13909.15,6893.17,10062.56,279.14,30.3,795.33,539.04,1020.96,42.19,7988.39,455.77,192.49,,0.37,0.0,834.42,1588.3,7599.86,0.0,354.0,7134.0,1114.0,209.0,59.0,,2458.0,126.0,,40939.0,0.0,251.0,4311.0,34.34,0.0,5392.88,33.46,3060.93,4.26,0.0,0.0,480.53,0.0,1448.72,1341.06,0.97,0.89,370.84,0.12,616.63,0.0,184.13,5.53,908.525,0.0,1929.92,0.0,-2.06,-2.06,178.34,197.12,133.95,133.95
2021-11-14 21:45:00+01:00,168.68,175.26,167.61,51999.06,53458.0,12428.75,4511.16,13861.99,6851.79,10083.57,279.14,30.46,473.32,661.16,1019.0,47.47,7987.48,455.87,192.54,,0.32,0.0,833.2,1595.42,7457.82,0.0,354.0,7134.0,1114.0,209.0,59.0,,2458.0,126.0,,40939.0,0.0,251.0,4311.0,34.66,0.0,5214.45,37.29,3062.86,4.37,0.0,0.0,480.53,0.0,1419.14,1353.03,0.97,0.81,373.71,0.38,537.75,0.0,171.58,5.77,908.525,0.0,1938.6,0.0,235.78,235.78,,,116.2,116.2
2021-11-14 22:00:00+01:00,173.18,173.18,173.18,51723.3,53770.0,12306.24,4457.17,13875.18,6699.0,10132.71,278.51,30.47,860.26,419.68,1021.13,212.58,7991.31,455.95,192.61,,0.39,0.0,837.33,1693.65,7159.76,0.0,351.0,6588.0,1113.0,209.0,,94.0,2271.0,39.0,,40462.0,0.0,258.0,4064.0,34.54,0.0,5276.5,37.57,3050.36,4.33,0.0,0.0,480.67,0.0,1302.25,1360.16,0.97,0.76,367.22,0.25,470.84,0.0,173.37,5.6,1391.982,0.0,1695.2,0.0,316.58,316.58,149.78,165.54,153.4,153.4
2021-11-14 22:15:00+01:00,173.18,173.18,173.18,51524.35,53770.0,12153.45,4447.47,13847.97,6524.01,10146.33,279.14,30.36,768.06,459.95,1018.46,208.29,7993.79,456.02,192.65,,0.37,0.0,839.61,1754.06,7087.74,0.0,351.0,6588.0,1113.0,209.0,,94.0,2271.0,39.0,,40462.0,0.0,258.0,4064.0,34.66,0.0,5284.08,37.1,3044.98,4.44,0.0,0.0,480.6,0.0,1221.13,1385.79,0.97,0.86,370.81,0.25,427.16,0.0,181.3,5.58,1391.982,0.0,1687.88,0.0,305.26,305.26,,,193.18,193.18
2021-11-14 22:30:00+01:00,173.18,173.18,173.18,51082.3,53770.0,12000.06,4445.09,13795.91,6516.6,10146.23,279.14,30.64,815.15,1083.49,1017.16,184.85,7995.01,455.85,192.61,,0.33,0.0,841.72,1652.94,7030.77,0.0,351.0,6588.0,1113.0,209.0,,94.0,2271.0,39.0,,40462.0,0.0,258.0,4064.0,34.79,0.0,5355.8,37.15,3049.32,4.86,0.0,0.0,480.62,0.0,1218.75,1381.05,0.97,0.74,376.73,0.25,397.17,0.0,196.07,5.61,1391.982,0.0,1792.08,0.0,355.61,355.61,212.63,235.01,355.35,355.35
2021-11-14 22:45:00+01:00,173.18,173.18,173.18,50194.38,53770.0,11799.5,4455.56,13767.63,6524.71,10232.98,279.14,30.76,464.77,1752.79,1016.07,165.73,7997.64,454.79,192.2,,0.39,0.0,836.88,1705.82,6936.0,0.0,351.0,6588.0,1113.0,209.0,,94.0,2271.0,39.0,,40462.0,0.0,258.0,4064.0,34.24,0.0,5178.54,39.62,3066.47,4.8,0.0,0.0,480.58,0.0,1220.03,1371.8,0.97,0.83,378.55,0.25,370.58,0.0,186.74,5.68,1391.982,0.0,1936.08,0.0,323.57,323.57,,,142.05,142.05
2021-11-14 23:00:00+01:00,159.16,162.0,158.5,49640.01,54357.0,11671.28,4418.24,13770.61,6345.3,10095.36,279.14,30.8,550.09,2054.7,1016.16,48.33,7994.5,439.3,185.12,,0.4,0.0,839.36,1661.43,7011.93,0.0,351.0,6616.0,1080.0,209.0,,676.0,2158.0,355.0,,39487.0,0.0,268.0,3807.0,34.63,0.0,4905.67,39.56,3065.57,4.57,0.0,0.0,480.59,0.0,1137.76,1431.07,0.97,0.77,382.64,0.38,341.83,0.0,184.4,5.62,1763.495,0.0,2715.96,0.0,330.77,330.77,206.97,228.75,421.25,421.25
2021-11-14 23:15:00+01:00,159.16,162.0,158.5,49006.12,54357.0,11454.37,4404.95,13664.47,6336.29,10079.66,279.14,30.97,378.32,2383.57,1015.48,38.43,7991.14,437.47,184.3,,0.36,0.0,840.68,1643.56,6979.01,0.0,351.0,6616.0,1080.0,209.0,,676.0,2158.0,355.0,,39487.0,0.0,268.0,3807.0,34.56,0.0,4824.09,39.52,3067.53,4.8,0.0,0.0,480.61,0.0,1132.8,1437.97,0.97,0.8,376.64,0.12,306.86,0.0,175.65,5.7,1763.495,0.0,2689.4,0.0,294.07,294.07,,,189.51,189.51
2021-11-14 23:30:00+01:00,159.16,162.0,158.5,48216.31,54357.0,11306.86,4387.96,13652.25,6328.92,10093.41,279.14,31.15,352.56,2529.55,1015.42,39.47,7992.26,437.57,184.94,,0.42,0.0,840.16,1462.47,7162.57,0.0,351.0,6616.0,1080.0,209.0,,676.0,2158.0,355.0,,39487.0,0.0,268.0,3807.0,34.73,0.0,4731.53,43.86,3068.96,4.7,0.0,0.0,480.59,0.0,1151.54,1448.28,0.97,0.83,383.05,0.25,294.27,0.0,177.37,5.68,1763.495,0.0,2777.76,0.0,290.42,290.42,210.72,232.9,189.02,189.02
2021-11-14 23:45:00+01:00,159.16,162.0,158.5,47342.61,54357.0,11173.65,4391.4,13589.33,6350.65,10093.24,287.7,31.18,280.78,2891.67,1010.72,39.57,7973.54,437.37,184.82,,0.4,0.0,836.74,1378.73,7243.54,0.0,351.0,6616.0,1080.0,209.0,,676.0,2158.0,355.0,,39487.0,0.0,268.0,3807.0,33.9,0.0,4354.55,40.53,3069.88,4.87,0.0,0.0,480.59,0.0,1086.37,1464.55,0.97,0.77,380.62,0.37,313.96,0.0,176.58,5.62,1763.495,0.0,2963.92,0.0,202.56,202.56,,,421.26,421.26
