debs_symbol,yahoo_ticker,exchange,status,shortName,longName,sector,industry,country,city,currency,quoteType,marketCap,fullTimeEmployees,website,isin_yf
157484.ETR,CMCSA,ETR,ok_isin,Comcast Corporation,Comcast Corporation,Communication Services,Telecom Services,United States,Philadelphia,USD,EQUITY,80908910592,179000,https://corporate.comcast.com,US20030N1019
120471.ETR,TIAJF,ETR,ok_isin,TELECOM ITALIA SPA,Telecom Italia S.p.A.,Communication Services,Telecom Services,Italy,Rome,USD,EQUITY,20455303168,25782,https://www.gruppotim.it/en.html,IT0003497176
252092.ETR,CCK,ETR,ok_isin,"Crown Holdings, Inc.","Crown Holdings, Inc.",Consumer Cyclical,Packaging & Containers,United States,Tampa,USD,EQUITY,12883376128,23000,https://www.crowncork.com,US2283681060
126215.ETR,DTD2.DE,ETR,ok_isin,B+S Banksysteme AG            I,B+S Banksysteme Aktiengesellschaft,Technology,Software - Application,Germany,Munich,EUR,EQUITY,11674674,88,https://bs-ag.com,DE0001262152
164456.ETR,EAD.F,ETR,ok_isin,Erlebnis Akademie AG          I,Erlebnis Akademie AG,Consumer Cyclical,Leisure,Germany,Bad Kötzting,EUR,EQUITY,9947933,213,https://www.eak-ag.de,DE0001644565
200417.ETR,MO,ETR,ok_isin,"Altria Group, Inc.","Altria Group, Inc.",Consumer Defensive,Tobacco,United States,Richmond,USD,EQUITY,121718366208,5900,https://www.altria.com,US02209S1033
120470.ETR,,ETR,isin_not_found,,,,,,,,,,,,IT0003497168
121806.ETR,A7A.DE,ETR,ok_isin,Heliad AG                     N,Heliad AG,Financial Services,Asset Management,Germany,Frankfurt am Main,EUR,EQUITY,129769456,10,https://www.heliad.com,DE0001218063
120071.ETR,,ETR,isin_not_found,,,,,,,,,,,,GB0031215220
260555.ETR,B8A.MU,ETR,ok_isin,BAVARIA Industries Group AG   I,BAVARIA Industries Group AG,Financial Services,Asset Management,Germany,Munich,EUR,EQUITY,454645024,542,https://www.baikap.de,DE0002605557
2CRSI.FR,AL2SI.PA,FR,ok_isin,2CRSI,2CRSI S.A.,Technology,Computer Hardware,France,Strasbourg,EUR,EQUITY,578278720,112,https://2crsi.com,FR0013341781
2MX.FR,,FR,isin_not_found,,,,,,,,,,,,FR0014000T90
2MXBS.FR,,FR,isin_not_found,,,,,,,,,,,,FR0014000TB2
3BA.NL,BA3.L,NL,ok_isin,LEVERAGE SHARES PUBLIC LIMITED ,Leverage Shares 3x Boeing ETP Securities,,,,,USD,ETF,,,,XS2297551371
3BAC.NL,,NL,isin_not_found,,,,,,,,,,,,XS2297618626
357818.ETR,,ETR,isin_not_found,,,,,,,,,,,,CA98462Y1007
3HSB.NL,,NL,isin_not_found,,,,,,,,,,,,XS2297618030
3RDS.NL,,NL,isin_not_found,,,,,,,,,,,,XS2297634318
3VOD.NL,,NL,isin_not_found,,,,,,,,,,,,XS2297637253
500800.ETR,,ETR,isin_not_found,,,,,,,,,,,,DE0005008007
501451.ETR,VIE.PA,ETR,ok_isin,VEOLIA ENVIRON.,Veolia Environnement SA,Industrials,Waste Management,France,Aubervilliers,EUR,EQUITY,26115567616,203100,https://www.veolia.com/fr,FR0000124141
508810.ETR,BWB.DE,ETR,ok_isin,Baader Bank AG                I,Baader Bank Aktiengesellschaft,Financial Services,Capital Markets,Germany,Unterschleissheim,EUR,EQUITY,332797664,688,https://www.baaderbank.de,DE0005088108
502665.ETR,,ETR,isin_not_found,,,,,,,,,,,,US4851703029
509310.ETR,AAD.DE,ETR,ok_isin,AMADEUS FIRE AG               I,Amadeus FiRe AG,Industrials,Staffing & Employment Services,Germany,Frankfurt am Main,EUR,EQUITY,140692864,1662,https://www.amadeus-fire.de,DE0005093108
502391.ETR,F,ETR,ok_isin,Ford Motor Company,Ford Motor Company,Consumer Cyclical,Auto Manufacturers,United States,Dearborn,USD,EQUITY,58495291392,168000,https://www.ford.com,US3453708600
508903.ETR,UTDI.F,ETR,ok_isin,UNITED INTERNET AG            N,United Internet AG,Communication Services,Telecom Services,Germany,Montabaur,EUR,EQUITY,4182663168,10514,https://www.united-internet.de,DE0005089031
510200.ETR,BSL.DE,ETR,ok_isin,BASLER AG                     I,Basler Aktiengesellschaft,Technology,Consumer Electronics,Germany,Ahrensburg,EUR,EQUITY,771845760,836,https://www.baslerweb.com,DE0005102008
510440.ETR,AOF.DE,ETR,ok_isin,ATOSS Software SE             I,ATOSS Software SE,Technology,Software - Application,Germany,Munich,EUR,EQUITY,1331354880,861,https://www.atoss.com,DE0005104400
510300.ETR,ADV.DE,ETR,ok_isin,Adtran Networks SE            I,Adtran Networks SE,Technology,Communication Equipment,Germany,Munich,EUR,EQUITY,1202459008,2182,https://www.adtran.com,DE0005103006
511170.ETR,ZO1.HM,ETR,ok_isin,zooplus SE                    I,zooplus SE,Consumer Cyclical,Specialty Retail,Germany,Munich,EUR,EQUITY,1525644160,897,https://www.zooplus.com,DE0005111702
510480.ETR,SYZ.DE,ETR,ok_isin,Syzygy AG                     I,SYZYGY AG,Communication Services,Advertising Agencies,Germany,Bad Homburg vor der Höhe,EUR,EQUITY,17280032,454,https://www.syzygy-group.net,DE0005104806
515600.ETR,GGS.F,ETR,ok_isin,Gigaset AG                    I,Gigaset AG,Technology,Communication Equipment,Germany,Bocholt,EUR,EQUITY,1457014,857,https://www.gigaset.com,DE0005156004
511880.ETR,TGT.DE,ETR,ok_isin,11 88 0 Solutions AG          I,11880 Solutions AG,Communication Services,Telecom Services,Germany,Essen,EUR,EQUITY,12434063,422,https://www.11880.com,DE0005118806
513700.ETR,,ETR,isin_not_found,,,,,,,,,,,,DE0005137004
514680.ETR,DEX.DE,ETR,ok_isin,Delticom AG                   N,Delticom AG,Consumer Cyclical,Auto Parts,Germany,Sehnde,EUR,EQUITY,33357986,100,https://www.delti.com,DE0005146807
511000.ETR,A1OS.DE,ETR,ok_isin,All for One Group SE          N,All for One Group SE,Technology,Information Technology Services,Germany,Filderstadt,EUR,EQUITY,313829216,2417,https://www.all-for-one.com,DE0005110001
515623.ETR,SCE.DE,ETR,ok_isin,SCHWEIZER ELECTRONIC AG       N,Schweizer Electronic AG,Technology,Electronic Components,Germany,Schramberg,EUR,EQUITY,19532292,428,https://www.schweizer.ag,DE0005156236
514000.ETR,DBK.DE,ETR,ok_isin,DEUTSCHE BANK AG              N,Deutsche Bank Aktiengesellschaft,Financial Services,Banks - Regional,Germany,Frankfurt am Main,EUR,EQUITY,59422863360,90067,https://www.db.com,DE0005140008
516790.ETR,UUU.DE,ETR,ok_isin,3U Holding AG                 I,3U Holding AG,Industrials,Building Products & Equipment,Germany,Marburg,EUR,EQUITY,67359336,187,https://www.3u.net,DE0005167902
515870.ETR,BC8.DE,ETR,ok_isin,BECHTLE AG                    I,Bechtle AG,Technology,Information Technology Services,Germany,Neckarsulm,EUR,EQUITY,4601520128,16496,https://www.bechtle.com,DE0005158703
517800.ETR,SYT.DE,ETR,ok_isin,SOFTING AG                    I,Softing AG,Technology,Information Technology Services,Germany,Haar,EUR,EQUITY,28060464,407,https://company.softing.com/de,DE0005178008
515710.ETR,HNL.DE,ETR,ok_isin,Hoenle AG                     I,Hoenle AG,Industrials,Electrical Equipment & Parts,Germany,Gilching,EUR,EQUITY,46797512,494,https://www.hoenle.de,DE0005157101
516810.ETR,,ETR,isin_not_found,,,,,,,,,,,,DE0005168108
518160.ETR,WFA.F,ETR,ok_isin,Weng Fine Art AG              N,Weng Fine Art AG,Consumer Cyclical,Specialty Retail,Germany,Monheim am Rhein,EUR,EQUITY,,,https://www.wengfineart.com,DE0005181606
519000.ETR,BMW.DE,ETR,ok_isin,BAYERISCHE MOTOREN WERKE AG   S,Bayerische Motoren Werke Aktiengesellschaft,Consumer Cyclical,Auto Manufacturers,Germany,Munich,EUR,EQUITY,35553128448,154540,https://www.bmwgroup.com,DE0005190003
517690.ETR,SUR.DE,ETR,ok_isin,SURTECO GROUP SE              I,Surteco Group SE,Consumer Cyclical,"Furnishings, Fixtures & Appliances",Germany,Buttenwiesen,EUR,EQUITY,140326864,3620,https://www.surteco.com,DE0005176903
519003.ETR,,ETR,isin_not_found,,,,,,,,,,,,DE0005190037
519406.ETR,BYW6.DE,ETR,ok_isin,BAYWA AG                      V,BayWa Aktiengesellschaft,Industrials,Conglomerates,Germany,Munich,EUR,EQUITY,172235824,18391,https://www.baywa.com,DE0005194062
519400.ETR,BYW.DE,ETR,ok_isin,BAYWA AG                      N,BayWa Aktiengesellschaft,Industrials,Conglomerates,Germany,Munich,EUR,EQUITY,628644736,18391,https://www.baywa.com,DE0005194005
520230.ETR,QB7.DE,ETR,ok_isin,Quirin Privatbank AG          I,Quirin Privatbank AG,Financial Services,Banks - Regional,Germany,Berlin,EUR,EQUITY,142394384,280,https://quirinprivatbank.de,DE0005202303
520160.ETR,BEZ.F,ETR,ok_isin,BERENTZEN-GRUPPE AG           I,Berentzen-Gruppe Aktiengesellschaft,Consumer Defensive,Beverages - Wineries & Distilleries,Germany,Haselünne,EUR,EQUITY,29496190,428,https://www.berentzen-gruppe.de,DE0005201602
519990.ETR,ECK.F,ETR,ok_isin,LUDW.BECK A.RATH.ECK-TEXTIL.AGI,LUDWIG BECK am Rathauseck - Textilhaus Feldmeier AG,Consumer Cyclical,Department Stores,Germany,Munich,EUR,EQUITY,82768000,255,https://www.ludwigbeck.de,DE0005199905
521830.ETR,MBQ.F,ETR,ok_isin,MOBOTIX AG                    I,Mobotix AG,Industrials,Security & Protection Services,Germany,Winnweiler,EUR,EQUITY,12866329,249,https://www.mobotix.com,DE0005218309
520000.ETR,BEI.DE,ETR,ok_isin,BEIERSDORF AG                 I,Beiersdorf Aktiengesellschaft,Consumer Defensive,Household & Personal Products,Germany,Hamburg,EUR,EQUITY,17630496768,20778,https://www.beiersdorf.com,DE0005200000
520394.ETR,BNN.F,ETR,ok_isin,BRAIN Biotech AG              N,BRAIN Biotech AG,Basic Materials,Specialty Chemicals,Germany,Zwingenberg,EUR,EQUITY,59206716,280,https://www.brain-biotech.com,DE0005203947
522000.ETR,EBK.DE,ETR,ok_isin,ENBW ENERGIE BAD.-WUE. ON,EnBW Energie Baden-Württemberg AG,Utilities,Utilities - Diversified,Germany,Karlsruhe,EUR,EQUITY,22643900416,29713,https://www.enbw.com,DE0005220008
520958.ETR,A6T.F,ETR,ok_isin,ARTEC TECHNOLOGIES AG         I,artec technologies AG,Technology,Consumer Electronics,Germany,Diepholz,EUR,EQUITY,6038183,22,https://www.artec.de,DE0005209589
522090.ETR,,ETR,isin_not_found,,,,,,,,,,,,DE0005220909
522723.ETR,,ETR,isin_not_found,,,,,,,,,,,,DE0005227235
522877.ETR,OBS.DE,ETR,ok_isin,ORBIS SE                      I,ORBIS AG,Technology,Information Technology Services,Germany,Saarbrücken,EUR,EQUITY,45643276,900,https://www.orbis.de,DE0005228779
522720.ETR,,ETR,isin_not_found,,,,,,,,,,,,DE0005227201
522950.ETR,BIJ.DE,ETR,ok_isin,BIJOU BRIGITTE MOD. ACCESS. AGI,Bijou Brigitte modische Accessoires Aktiengesellschaft,Consumer Cyclical,Luxury Goods,Germany,Hamburg,EUR,EQUITY,358176192,3588,https://www.group.bijou-brigitte.com,DE0005229504
523280.ETR,BDT.F,ETR,ok_isin,BERTRANDT AG                  I,Bertrandt Aktiengesellschaft,Consumer Cyclical,Auto Parts,Germany,Ehningen,EUR,EQUITY,84887544,11744,https://www.bertrandt.com,DE0005232805
529498.ETR,,ETR,isin_not_found,,,,,,,,,,,,US9129091081
531350.ETR,EKT.DE,ETR,ok_isin,ENERGIEKONTOR AG              I,Energiekontor AG,Utilities,Utilities - Renewable,Germany,Bremen,EUR,EQUITY,476499424,260,https://www.energiekontor.de,DE0005313506
540710.ETR,CSH.DE,ETR,ok_isin,CENIT AG                      I,CENIT Aktiengesellschaft,Technology,Software - Application,Germany,Stuttgart,EUR,EQUITY,60080500,901,https://www.cenit.com,DE0005407100
531370.ETR,AFX.DE,ETR,ok_isin,Carl Zeiss Meditec AG         I,Carl Zeiss Meditec AG,Healthcare,Medical Instruments & Supplies,Germany,Jena,EUR,EQUITY,2461514752,5798,https://www.zeiss.com/meditec-ag/de/investor-relations.html?vaURL=www.zeiss.de/meditec-ag/ir,DE0005313704
540390.ETR,CWC.DE,ETR,ok_isin,CEWE Stiftung & Co. KGaA      I,CEWE Stiftung & Co. KGaA,Consumer Cyclical,Personal Services,Germany,Oldenburg,EUR,EQUITY,661532288,4422,https://www.cewe.de,DE0005403901
540811.ETR,,ETR,isin_not_found,,,,,,,,,,,,DE0005408116
540888.ETR,,ETR,isin_not_found,,,,,,,,,,,,DE0005408884
540868.ETR,VVV3.DE,ETR,ok_isin,KOWORLD AG                   Na,Ökoworld AG,Financial Services,Financial Conglomerates,Germany,Hilden,EUR,EQUITY,175413680,65,https://www.oekoworld.com,DE0005408686
540740.ETR,CEK.F,ETR,ok_isin,CEOTRONICS AG                 I,CeoTronics AG,Technology,Communication Equipment,Germany,Rödermark,EUR,EQUITY,82832400,138,https://ceotronics.com,DE0005407407
541561.ETR,,ETR,isin_not_found,,,,,,,,,,,,US92343X1000
541867.ETR,JBLU,ETR,ok_isin,JetBlue Airways Corporation,JetBlue Airways Corporation,Industrials,Airlines,United States,Long Island City,USD,EQUITY,2020062464,19447,https://www.jetblue.com,US4771431016
543900.ETR,CON.DE,ETR,ok_isin,CONTINENTAL AG                I,Continental Aktiengesellschaft,Consumer Cyclical,Auto Parts,Germany,Hanover,EUR,EQUITY,14352430080,22076,https://www.continental.com,DE0005439004
547030.ETR,EVD.DE,ETR,ok_isin,CTS Eventim AG & Co. KGaA     I,CTS Eventim AG & Co. KGaA,Communication Services,Entertainment,Germany,Hamburg,EUR,EQUITY,5812273152,5057,https://corporate.eventim.de,DE0005470306
549227.ETR,,ETR,isin_not_found,,,,,,,,,,,,DE0005492276
547040.ETR,LXS.DE,ETR,ok_isin,LANXESS AG                    I,LANXESS Aktiengesellschaft,Basic Materials,Specialty Chemicals,Germany,Cologne,EUR,EQUITY,1324552320,11630,https://lanxess.com,DE0005470405
541910.ETR,COK.DE,ETR,ok_isin,CANCOM SE                     I,Cancom SE,Technology,Information Technology Services,Germany,Munich,EUR,EQUITY,711307648,5234,https://www.cancom.de,DE0005419105
549309.ETR,BVB.DE,ETR,ok_isin,BORUSSIA DORTMUND GMBH&CO.KGAAI,Borussia Dortmund GmbH & Co. Kommanditgesellschaft auf Aktien,Communication Services,Entertainment,Germany,Dortmund,EUR,EQUITY,338306496,1057,https://aktie.bvb.de,DE0005493092
547930.ETR,,ETR,isin_not_found,,,,,,,,,,,,DE0005479307
548956.ETR,ULC.DE,ETR,ok_isin,UNITED LABELS AG              I,UNITEDLABELS Aktiengesellschaft,Consumer Cyclical,Leisure,Germany,Münster,EUR,EQUITY,6583500,36,https://www.unitedlabels.com,DE0005489561
549293.ETR,MZX.DE,ETR,ok_isin,Masterflex SE                 I,Masterflex SE,Basic Materials,Specialty Chemicals,Germany,Gelsenkirchen,EUR,EQUITY,133694840,608,https://www.masterflexgroup.com,DE0005492938
549336.ETR,HYQ.DE,ETR,ok_isin,Hypoport SE                   N,Hypoport SE,Financial Services,Credit Services,Germany,Berlin,EUR,EQUITY,559996992,2201,https://www.hypoport.com,DE0005493365
549532.ETR,HOC.HM,ETR,ok_isin,HolidayCheck Group AG         I,HolidayCheck Group AG,,,,,EUR,EQUITY,373996160,,,DE0005495329
549890.ETR,DAM.DE,ETR,ok_isin,DATA MODUL AG PROD.U.V.V.E.S. I,DATA MODUL Aktiengesellschaft Produktion und Vertrieb von elektronischen Systemen,Technology,Electronic Components,Germany,Munich,EUR,EQUITY,98733096,518,https://www.data-modul.com,DE0005498901
549562.ETR,GME.DE,ETR,ok_isin,GERATHERM MEDICAL AG          I,Geratherm Medical AG,Healthcare,Medical Devices,Germany,Geschwenda,EUR,EQUITY,14341657,151,https://www.geratherm.com,DE0005495626
552484.ETR,NFLX,ETR,ok_isin,"Netflix, Inc.","Netflix, Inc.",Communication Services,Entertainment,United States,Los Gatos,USD,EQUITY,293141348352,16000,https://www.netflix.com,US64110L1061
549416.ETR,,ETR,isin_not_found,,,,,,,,,,,,DE0005494165
553860.ETR,,ETR,isin_not_found,,,,,,,,,,,,DE0005538607
553340.ETR,DGR.DE,ETR,ok_isin,DT. GRUNDSTUECKSAUKTIONEN AG  I,Deutsche Grundstücksauktionen AG,Real Estate,Real Estate Services,Germany,Berlin,EUR,EQUITY,8480000,12,https://www.dga-ag.de,DE0005533400
554550.ETR,1U1.DE,ETR,ok_isin,1&1 AG                        I,1&1 AG,Communication Services,Telecom Services,Germany,Montabaur,EUR,EQUITY,3653881088,4645,https://www.1und1.ag,DE0005545503
555060.ETR,DRW8.DE,ETR,ok_isin,DRAEGERWERK ST.A.O.N.,Drägerwerk AG & Co. KGaA,Healthcare,Medical Devices,Germany,Lübeck,EUR,EQUITY,1452024064,16033,https://www.draeger.com,DE0005550602
555063.ETR,DRW3.DE,ETR,ok_isin,DRAEGERWERK VZO O.N.,Drägerwerk AG & Co. KGaA,Healthcare,Medical Devices,Germany,Lübeck,EUR,EQUITY,1806588032,16033,https://www.draeger.com,DE0005550636
555750.ETR,DTE.DE,ETR,ok_isin,DEUTSCHE TELEKOM AG           N,Deutsche Telekom AG,Communication Services,Telecom Services,Germany,Bonn,EUR,EQUITY,133094006784,196586,https://www.telekom.com,DE0005557508
555200.ETR,DHL.DE,ETR,ok_isin,DEUTSCHE POST AG              N,Deutsche Post AG,Industrials,Integrated Freight & Logistics,Germany,Bonn,EUR,EQUITY,64490795008,579479,https://group.dhl.com,DE0005552004
555869.ETR,PGN.DE,ETR,ok_isin,paragon GmbH & Co. KGaA       I,paragon GmbH & Co. KGaA,Consumer Cyclical,Auto Parts,Germany,Delbrück,EUR,EQUITY,7490970,680,https://www.paragon.ag,DE0005558696
557080.ETR,UBK.DE,ETR,ok_isin,UMWELTBANK AG                 I,UmweltBank AG,Financial Services,Banks - Regional,Germany,Nuremberg,EUR,EQUITY,158541984,435,https://www.umweltbank.de,DE0005570808
564950.ETR,EDL.DE,ETR,ok_isin,Edel SE & Co. KGaA            I,Edel SE & Co. KGaA,Communication Services,Entertainment,Germany,Hamburg,EUR,EQUITY,102969048,1021,https://www.edel.com,DE0005649503
558000.ETR,DIE.F,ETR,ok_isin,DIERIG HOLDING AG             I,Dierig Holding AG,Consumer Cyclical,Textile Manufacturing,Germany,Augsburg,EUR,EQUITY,32824800,137,https://dierig.de,DE0005580005
556520.ETR,DUE.DE,ETR,ok_isin,DUERR AG                      I,Dürr Aktiengesellschaft,Industrials,Specialty Industrial Machinery,Germany,Bietigheim-Bissingen,EUR,EQUITY,1238717184,17731,https://www.durr-group.com,DE0005565204
565493.ETR,,ETR,isin_not_found,,,,,,,,,,,,DE0005654933
565970.ETR,EUZ.DE,ETR,ok_isin,Eckert & Ziegler SE           I,Eckert & Ziegler SE,Healthcare,Medical Devices,Germany,Berlin,EUR,EQUITY,841028480,1100,https://www.ezag.com,DE0005659700
575302.ETR,COP,ETR,ok_isin,ConocoPhillips,ConocoPhillips,Energy,Oil & Gas E&P,United States,Houston,USD,EQUITY,140810420224,9700,https://www.conocophillips.com,US20825C1045
566480.ETR,EVT.DE,ETR,ok_isin,Evotec SE                     I,Evotec SE,Healthcare,Drug Manufacturers - Specialty & Generic,Germany,Hamburg,EUR,EQUITY,612699392,4526,https://www.evotec.com,DE0005664809
575198.ETR,,ETR,isin_not_found,,,,,,,,,,,,DE0005751986
575440.ETR,LSX.DE,ETR,ok_isin,LS TELCOM AG                  I,LS telcom AG,Communication Services,Telecom Services,Germany,Lichtenau,EUR,EQUITY,22940280,273,https://www.lstelcom.com,DE0005754402
575980.ETR,IXX.DE,ETR,ok_isin,init innov.in traffic syst.SE I,init innovation in traffic systems SE,Technology,Information Technology Services,Germany,Karlsruhe,EUR,EQUITY,535627712,1520,https://www.initse.com,DE0005759807
577220.ETR,FIE.DE,ETR,ok_isin,Fielmann Group AG             I,Fielmann Group AG,Healthcare,Medical Instruments & Supplies,Germany,Hamburg,EUR,EQUITY,3433901568,18213,https://www.fielmann-group.com,DE0005772206
567710.ETR,ELG.DE,ETR,ok_isin,Elmos Semiconductor SE        I,Elmos Semiconductor SE,Technology,Semiconductors,Germany,Leverkusen,EUR,EQUITY,2535510528,1204,https://www.elmos.com,DE0005677108
576002.ETR,DE0005760029.SG,ETR,ok_isin,ABO Energy GmbH & Co. KGaA,,,,,,EUR,EQUITY,,,,DE0005760029
576550.ETR,XTP.F,ETR,ok_isin,SINO AG                       I,Sino AG,Financial Services,Capital Markets,Germany,Düsseldorf,EUR,EQUITY,246606256,25,https://www.sino.de,DE0005765507
577330.ETR,FRA.DE,ETR,ok_isin,Fraport AG Ffm.Airport.Ser.AG I,Fraport AG,Industrials,Airports & Air Services,Germany,Frankfurt am Main,EUR,EQUITY,6264754688,19603,https://www.fraport.com,DE0005773303
577410.ETR,FEV.F,ETR,ok_isin,FORTEC Elektronik AG          I,FORTEC Elektronik AG,Technology,Electronics & Computer Distribution,Germany,Germering,EUR,EQUITY,36079840,241,https://www.fortecag.de,DE0005774103
577580.ETR,FRS.DE,ETR,ok_isin,FORIS AG                      I,FORIS AG,Financial Services,Credit Services,Germany,Bonn,EUR,EQUITY,14802857,34,https://www.foris.com,DE0005775803
578580.ETR,FME.DE,ETR,ok_isin,Fresenius Medical Care AG     I,Fresenius Medical Care AG,Healthcare,Medical Care Facilities,Germany,Bad Homburg,EUR,EQUITY,11553650688,108165,https://www.freseniusmedicalcare.com,DE0005785802
580060.ETR,GFT.DE,ETR,ok_isin,GFT Technologies SE           I,GFT Technologies SE,Technology,Information Technology Services,Germany,Stuttgart,EUR,EQUITY,570095168,11645,https://www.gft.com,DE0005800601
578560.ETR,FRE.DE,ETR,ok_isin,Fresenius SE & Co. KGaA       I,Fresenius SE & Co. KGaA,Healthcare,Medical Care Facilities,Germany,Bad Homburg vor der Höhe,EUR,EQUITY,24827498496,177783,https://www.fresenius.com,DE0005785604
581005.ETR,DB1.DE,ETR,ok_isin,DEUTSCHE BOERSE AG            N,Deutsche Börse AG,Financial Services,Financial Data & Stock Exchanges,Germany,Eschborn,EUR,EQUITY,47595941888,17120,https://deutsche-boerse.com/dbg-de/,DE0005810055
585434.ETR,E4C.DE,ETR,ok_isin,ecotel communication ag       I,ecotel communication ag,Communication Services,Telecom Services,Germany,Düsseldorf,EUR,EQUITY,25155158,202,https://www.ecotel.de,DE0005854343
587484.ETR,IS7.DE,ETR,ok_isin,InTiCa Systems SE             I,InTiCa Systems SE,Consumer Cyclical,Auto Parts,Germany,Passau,EUR,EQUITY,6756113,513,https://www.intica-systems.com,DE0005874846
585969.ETR,,ETR,isin_not_found,,,,,,,,,,,,DE0005859698
587800.ETR,GIL.F,ETR,ok_isin,DMG MORI AG                   I,DMG MORI AKTIENGESELLSCHAFT,Industrials,Tools & Accessories,Germany,Bielefeld,EUR,EQUITY,3680800256,7428,https://www.dmgmori.com,DE0005878003
585518.ETR,MSAG.DE,ETR,ok_isin,MS Industrie AG               I,MS Industrie AG,Consumer Cyclical,Auto Parts,Germany,Munich,EUR,EQUITY,34781384,389,https://www.ms-industrie.de,DE0005855183
590375.ETR,ALGN,ETR,ok_isin,"Align Technology, Inc.","Align Technology, Inc.",Healthcare,Medical Instruments & Supplies,United States,Tempe,USD,EQUITY,12035426304,20275,https://www.aligntech.com,US0162551016
588811.ETR,TKA.VI,ETR,ok_isin,Telekom Austria AG,Telekom Austria AG,Communication Services,Telecom Services,Austria,Vienna,EUR,EQUITY,6840074240,16616,https://a1.group,AT0000720008
589540.ETR,GMM.F,ETR,ok_isin,GRAMMER AG                    I,Grammer AG,Consumer Cyclical,Auto Parts,Germany,Ursensollen,EUR,EQUITY,156532656,11400,https://www.grammer.com,DE0005895403
591068.ETR,VIV.PA,ETR,ok_isin,VIVENDI SE,Vivendi SE,Communication Services,Electronic Gaming & Multimedia,France,Paris,EUR,EQUITY,1947516288,2500,https://www.vivendi.com,FR0000127771
590900.ETR,GBF.DE,ETR,ok_isin,Bilfinger SE                  I,Bilfinger SE,Industrials,Engineering & Construction,Germany,Mannheim,EUR,EQUITY,3069691136,30570,https://www.bilfinger.com,DE0005909006
593612.ETR,OHB.DE,ETR,ok_isin,OHB SE                        I,OHB SE,Industrials,Aerospace & Defense,Germany,Bremen,EUR,EQUITY,4692049408,3974,https://www.ohb.de,DE0005936124
603111.ETR,GPN,ETR,ok_isin,Global Payments Inc.,Global Payments Inc.,Industrials,Specialty Business Services,United States,Atlanta,USD,EQUITY,22994067456,26000,https://www.globalpayments.com,US37940X1028
593273.ETR,YOC.DE,ETR,ok_isin,YOC AG                        I,YOC AG,Communication Services,Advertising Agencies,Germany,Berlin,EUR,EQUITY,19676870,134,https://yoc.com,DE0005932735
604270.ETR,HAW.DE,ETR,ok_isin,Hawesko Holding SE            I,Hawesko Holding SE,Consumer Defensive,Beverages - Wineries & Distilleries,Germany,Hamburg,EUR,EQUITY,159904560,1156,https://www.hawesko-holding.com,DE0006042708
604700.ETR,HEI.DE,ETR,ok_isin,Heidelberg Materials AG       I,Heidelberg Materials AG,Basic Materials,Building Materials,Germany,Heidelberg,EUR,EQUITY,29937971200,47552,https://www.heidelbergmaterials.de,DE0006047004
604611.ETR,,ETR,isin_not_found,,,,,,,,,,,,DE0006046113
604400.ETR,MAK.F,ETR,ok_isin,MATERNUS-KLINIKEN AG          I,Maternus-Kliniken Aktiengesellschaft,Healthcare,Medical Care Facilities,Germany,Berlin,EUR,EQUITY,21270008,1860,https://www.maternus.de,DE0006044001
604840.ETR,HEN.DE,ETR,ok_isin,Henkel AG & Co. KGaA          I,Henkel AG & Co. KGaA,Consumer Defensive,Household & Personal Products,Germany,Düsseldorf,EUR,EQUITY,29109141504,42200,https://www.henkel.com,DE0006048408
606110.ETR,HMU.F,ETR,ok_isin,HMS Bergbau AG                I,HMS Bergbau AG,Energy,Thermal Coal,Germany,Berlin,EUR,EQUITY,183532320,56,https://www.hms-ag.com,DE0006061104
607000.ETR,HOT.DE,ETR,ok_isin,HOCHTIEF AG                   I,HOCHTIEF Aktiengesellschaft,Industrials,Engineering & Construction,Germany,Essen,EUR,EQUITY,33136404480,63483,https://www.hochtief.com,DE0006070006
604843.ETR,HEN3.DE,ETR,ok_isin,Henkel AG & Co. KGaA          I,Henkel AG & Co. KGaA,Consumer Defensive,Household & Personal Products,Germany,Düsseldorf,EUR,EQUITY,30882410496,42200,https://www.henkel.com,DE0006048432
606214.ETR,1COV.F,ETR,ok_isin,Covestro AG                   I,Covestro AG,Basic Materials,Specialty Chemicals,Germany,Leverkusen,EUR,EQUITY,12458420224,17806,https://www.covestro.com,DE0006062144
608440.ETR,HBM.HM,ETR,ok_isin,HORNBACH Baumarkt AG          I,HORNBACH Baumarkt AG,Consumer Cyclical,Home Improvement Retail,Germany,Bornheim,EUR,EQUITY,2003828992,24145,https://www.hornbach.com,DE0006084403
609500.ETR,,ETR,isin_not_found,,,,,,,,,,,,DE0006095003
620110.ETR,CEA.DE,ETR,ok_isin,FRIWO AG                      I,FRIWO AG,Industrials,Electrical Equipment & Parts,Germany,Ostbevern,EUR,EQUITY,37639784,828,https://www.friwo.com,DE0006201106
620010.ETR,INH.F,ETR,ok_isin,INDUS HOLDING AG              I,INDUS Holding AG,Industrials,Conglomerates,Germany,Bergisch Gladbach,EUR,EQUITY,726264640,8859,https://indus.eu,DE0006200108
620840.ETR,IUR.DE,ETR,ok_isin,KAP AG                        I,KAP AG,Industrials,Conglomerates,Germany,Fulda,EUR,EQUITY,14416125,1552,https://www.kap.de,DE0006208408
620458.ETR,,ETR,isin_not_found,,,,,,,,,,,,DE0006204589
620440.ETR,,ETR,isin_not_found,,,,,,,,,,,,DE0006204407
620200.ETR,SZG.F,ETR,ok_isin,SALZGITTER AG                 I,Salzgitter AG,Basic Materials,Steel,Germany,Salzgitter,EUR,EQUITY,2912601088,23331,https://www.salzgitter-ag.com/de,DE0006202005
622340.ETR,PCZ.DE,ETR,ok_isin,ProCredit Holding AG          N,ProCredit Holding AG,Financial Services,Banks - Diversified,Germany,Frankfurt am Main,EUR,EQUITY,486501568,4558,https://www.procredit-holding.com,DE0006223407
621993.ETR,JUN3.F,ETR,ok_isin,JUNGHEINRICH AG               I,Jungheinrich Aktiengesellschaft,Industrials,Specialty Industrial Machinery,Germany,Hamburg,EUR,EQUITY,2525520128,20856,https://www.jungheinrich.com,DE0006219934
621468.ETR,MLL.DE,ETR,ok_isin,MUELLER-LILA LOG. INH ON,Müller - Die lila Logistik SE,Industrials,Integrated Freight & Logistics,Germany,Besigheim,EUR,EQUITY,36119104,2037,https://www.lila-logistik.com/de,DE0006214687
628656.ETR,O4B.DE,ETR,ok_isin,OVB Holding AG                I,OVB Holding AG,Financial Services,Capital Markets,Germany,Cologne,EUR,EQUITY,266499584,906,https://www.ovb.eu,DE0006286560
608340.ETR,HBH.DE,ETR,ok_isin,Hornbach Holding AG&Co.KGaA   I,HORNBACH Holding AG & Co. KGaA,Consumer Cyclical,Home Improvement Retail,Germany,Bornheim,EUR,EQUITY,1323115776,25936,https://www.hornbach-holding.de,DE0006083405
623100.ETR,IFX.DE,ETR,ok_isin,INFINEON TECHNOLOGIES AG      N,Infineon Technologies AG,Technology,Semiconductors,Germany,Neubiberg,EUR,EQUITY,76384583680,56500,https://www.infineon.com,DE0006231004
633500.ETR,KRN.DE,ETR,ok_isin,KRONES AG                     I,Krones AG,Industrials,Specialty Industrial Machinery,Germany,Neutraubling,EUR,EQUITY,3576335616,21299,https://www.krones.com,DE0006335003
622360.ETR,ITN.DE,ETR,ok_isin,INTERTAINMENT AG              I,Intertainment AG,Communication Services,Entertainment,Germany,Feldafing,EUR,EQUITY,5133508,,https://www.intertainment.de,DE0006223605
629200.ETR,KSB.DE,ETR,ok_isin,KSB SE & Co. KGaA             I,KSB SE & Co. KGaA,Industrials,Specialty Industrial Machinery,Germany,Frankenthal,EUR,EQUITY,1670765952,16838,https://www.ksb.com,DE0006292006
632305.ETR,ANDR.VI,ETR,ok_isin,Andritz AG,Andritz AG,Industrials,Specialty Industrial Machinery,Austria,Graz,EUR,EQUITY,7330310144,30487,https://www.andritz.com,AT0000730007
630500.ETR,DEZ.DE,ETR,ok_isin,DEUTZ AG                      I,DEUTZ Aktiengesellschaft,Industrials,Specialty Industrial Machinery,Germany,Cologne,EUR,EQUITY,1538592128,6014,https://www.deutz.com,DE0006305006
629203.ETR,KSB3.DE,ETR,ok_isin,KSB SE & Co. KGaA             I,KSB SE & Co. KGaA,Industrials,Specialty Industrial Machinery,Germany,Frankenthal,EUR,EQUITY,1441342080,16838,https://www.ksb.com,DE0006292030
633835.ETR,SJM,ETR,ok_isin,The J.M. Smucker Company,The J. M. Smucker Company,Consumer Defensive,Packaged Foods,United States,Orrville,USD,EQUITY,12937907200,,https://www.jmsmucker.com,US8326964058
645290.ETR,NEM.DE,ETR,ok_isin,Nemetschek SE                 I,Nemetschek SE,Technology,Software - Application,Germany,Munich,EUR,EQUITY,7184197120,4089,https://www.nemetschek.com,DE0006452907
645000.ETR,LPK.DE,ETR,ok_isin,LPKF Laser & Electronics SE   I,LPKF Laser & Electronics SE,Industrials,Specialty Industrial Machinery,Germany,Garbsen,EUR,EQUITY,336827520,727,https://www.lpkf.com,DE0006450000
646450.ETR,LEI.F,ETR,ok_isin,LEIFHEIT AG                   I,Leifheit Aktiengesellschaft,Consumer Defensive,Household & Personal Products,Germany,Nassau,EUR,EQUITY,119651240,873,https://www.leifheit-group.com,DE0006464506
645932.ETR,,ETR,isin_not_found,,,,,,,,,,,,DE0006459324
656990.ETR,MLP.F,ETR,ok_isin,MLP SE                        I,MLP SE,Financial Services,Asset Management,Germany,Wiesloch,EUR,EQUITY,810655104,2539,https://mlp-se.com,DE0006569908
656940.ETR,ALG.DE,ETR,ok_isin,ALBIS LEASING AG              I,ALBIS Leasing AG,Financial Services,Credit Services,Germany,Hamburg,EUR,EQUITY,66553652,93,https://www.albis-leasing.de,DE0006569403
657710.ETR,NN6.F,ETR,ok_isin,NanoRepro AG                  I,NanoRepro AG,Healthcare,Diagnostics & Research,Germany,Marburg,EUR,EQUITY,26361746,20,https://www.nanorepro.com,DE0006577109
659510.ETR,MED.DE,ETR,ok_isin,MEDICLIN AG                   I,MEDICLIN Aktiengesellschaft,Healthcare,Medical Care Facilities,Germany,Offenburg,EUR,EQUITY,191900000,7416,https://www.mediclin.de,DE0006595101
658080.ETR,MUM.DE,ETR,ok_isin,Mensch u. Maschine Software SEI,Mensch und Maschine Software SE,Technology,Software - Application,Germany,Starnberg,EUR,EQUITY,607604416,1192,https://www.mum.de,DE0006580806
657800.ETR,KWG.DE,ETR,ok_isin,KHD Humboldt Wedag Intl AG    I,KHD Humboldt Wedag International AG,Industrials,Industrial Distribution,Germany,Cologne,EUR,EQUITY,92945680,1016,https://www.khd.com,DE0006578008
660200.ETR,G1A.F,ETR,ok_isin,GEA Group AG                  I,GEA Group Aktiengesellschaft,Industrials,Specialty Industrial Machinery,Germany,Düsseldorf,EUR,EQUITY,10289064960,19670,https://www.gea.com,DE0006602006
659990.ETR,MRK.DE,ETR,ok_isin,MERCK KGAA                    I,Merck KGaA,Healthcare,Drug Manufacturers - Specialty & Generic,Germany,Darmstadt,EUR,EQUITY,61608026112,59077,https://www.emdgroup.com,DE0006599905
660500.ETR,,ETR,isin_not_found,,,,,,,,,,,,DE0006605009
662720.ETR,MUB.DE,ETR,ok_isin,MUEHLBAUER HOLD.AG O.N.,Mühlbauer Holding AG,Technology,Computer Hardware,Germany,Roding,EUR,EQUITY,567673664,3969,https://www.muehlbauer.de,DE0006627201
661830.ETR,CHG.DE,ETR,ok_isin,CHAPTERS Group AG             I,CHAPTERS Group AG,Technology,Information Technology Services,Germany,Hamburg,EUR,EQUITY,947725568,1300,https://www.chaptersgroup.com,DE0006618309
662541.ETR,DKS,ETR,ok_isin,Dick's Sporting Goods Inc,"DICK'S Sporting Goods, Inc.",Consumer Cyclical,Specialty Retail,United States,Coraopolis,USD,EQUITY,18401722368,31600,https://www.dickssportinggoods.com,US2533931026
663200.ETR,,ETR,isin_not_found,,,,,,,,,,,,DE0006632003
665610.ETR,,ETR,isin_not_found,,,,,,,,,,,,DE0006656101
663244.ETR,WYNN,ETR,ok_isin,"Wynn Resorts, Limited","Wynn Resorts, Limited",Consumer Cyclical,Resorts & Casinos,United States,Las Vegas,USD,EQUITY,10347536384,28500,https://www.wynnresorts.com,US9831341071
692650.ETR,,ETR,isin_not_found,,,,,,,,,,,,DE0006926504
676650.ETR,NDA.DE,ETR,ok_isin,Aurubis AG                    I,Aurubis AG,Industrials,Metal Fabrication,Germany,Hamburg,EUR,EQUITY,7614134784,7239,https://www.aurubis.com,DE0006766504
691660.ETR,PFV.F,ETR,ok_isin,PFEIFFER VACUUM TECHNOLOGY AG I,Pfeiffer Vacuum Technology AG,Industrials,Specialty Industrial Machinery,Germany,Aßlar,EUR,EQUITY,1616322560,3809,https://group.pfeiffer-vacuum.com,DE0006916604
696780.ETR,,ETR,isin_not_found,,,,,,,,,,,,DE0006967805
694280.ETR,PZS.DE,ETR,ok_isin,Scherzer & Co. AG             I,Scherzer & Co. AG,Financial Services,Asset Management,Germany,Cologne,EUR,EQUITY,72173824,3,https://www.scherzer-ag.de,DE0006942808
696960.ETR,PUM.DE,ETR,ok_isin,PUMA SE                       I,PUMA SE,Consumer Cyclical,Footwear & Accessories,Germany,Herzogenaurach,EUR,EQUITY,4235200512,20000,https://www.about.puma.com,DE0006969603
696800.ETR,PWO.F,ETR,ok_isin,PWO AG                        I,PWO AG,Consumer Cyclical,Auto Parts,Germany,Oberkirch,EUR,EQUITY,69375000,3286,https://www.pwo-group.com,DE0006968001
703000.ETR,RHM.DE,ETR,ok_isin,RHEINMETALL AG                I,Rheinmetall AG,Industrials,Aerospace & Defense,Germany,Düsseldorf,EUR,EQUITY,50954203136,28815,https://www.rheinmetall.com,DE0007030009
697250.ETR,PBY.SG,ETR,ok_isin,publity AG,Publity AG,,,Germany,Frankfurt am Main,EUR,EQUITY,13844,17,https://www.publity.org/de,DE0006972508
663668.ETR,VQT.HM,ETR,ok_isin,Envirotainer AG               N,Envirotainer AG,Industrials,Specialty Industrial Machinery,Germany,Würzburg,EUR,EQUITY,383316288,99,https://www.va-q-tec.com,DE0006636681
701080.ETR,RAA.DE,ETR,ok_isin,RATIONAL AG                   I,RATIONAL Aktiengesellschaft,Industrials,Specialty Industrial Machinery,Germany,Landsberg am Lech,EUR,EQUITY,7543994880,2887,https://www.rational-online.com,DE0007010803
700890.ETR,RTC.DE,ETR,ok_isin,REALTECH AG                   I,RealTech AG,Technology,Information Technology Services,Germany,Leimen,EUR,EQUITY,6031930,69,https://www.realtech.com,DE0007008906
704230.ETR,RHK.DE,ETR,ok_isin,RHOEN-KLINIKUM AG             I,RHÖN-KLINIKUM Aktiengesellschaft,Healthcare,Medical Care Facilities,Germany,Bad Neustadt an der Saale,EUR,EQUITY,863506240,19184,https://www.rhoen-klinikum-ag.com,DE0007042301
703712.ETR,RWE.DE,ETR,ok_isin,RWE AG                        I,RWE Aktiengesellschaft,Utilities,Utilities - Diversified,Germany,Essen,EUR,EQUITY,42418520064,19969,https://www.rwe.com,DE0007037129
716460.ETR,SAP.DE,ETR,ok_isin,SAP SE                        I,SAP SE,Technology,Software - Application,Germany,Walldorf,EUR,EQUITY,179500531712,112019,https://www.sap.com,DE0007164600
710000.ETR,MBG.DE,ETR,ok_isin,Mercedes-Benz Group AG        N,Mercedes-Benz Group AG,Consumer Cyclical,Auto Manufacturers,Germany,Stuttgart,EUR,EQUITY,44817412096,152528,https://group.mercedes-benz.com,DE0007100000
707400.ETR,KWS.DE,ETR,ok_isin,KWS SAAT SE & Co. KGaA        I,KWS SAAT SE & Co. KGaA,Basic Materials,Agricultural Inputs,Germany,Einbeck,EUR,EQUITY,2385900032,4957,https://www.kws.com,DE0007074007
720190.ETR,SIS.DE,ETR,ok_isin,First Sensor AG               I,First Sensor AG,Technology,Semiconductor Equipment & Materials,Germany,Berlin,EUR,EQUITY,542771072,538,https://www.first-sensor.com,DE0007201907
716560.ETR,SRT.F,ETR,ok_isin,SARTORIUS AG                  I,Sartorius Aktiengesellschaft,Healthcare,Medical Instruments & Supplies,Germany,Göttingen,EUR,EQUITY,11614595072,14279,https://www.sartorius.com,DE0007165607
716563.ETR,SRT3.DE,ETR,ok_isin,SARTORIUS AG                  V,Sartorius Aktiengesellschaft,Healthcare,Medical Instruments & Supplies,Germany,Göttingen,EUR,EQUITY,14611464192,14279,https://www.sartorius.com,DE0007165631
723132.ETR,SIX2.F,ETR,ok_isin,Sixt SE                       I,Sixt SE,Industrials,Rental & Leasing Services,Germany,Pullach,EUR,EQUITY,3370533376,8178,https://www.sixt.com,DE0007231326
719350.ETR,SKB.F,ETR,ok_isin,Koenig & Bauer AG             I,Koenig & Bauer AG,Industrials,Specialty Industrial Machinery,Germany,Würzburg,EUR,EQUITY,140460656,5434,https://www.koenig-bauer.com,DE0007193500
720370.ETR,SHF.DE,ETR,ok_isin,SNP Schnei.Neureith.&Partn.SE I,SNP Schneider-Neureither & Partner SE,Technology,Information Technology Services,Germany,Heidelberg,EUR,EQUITY,584603456,1668,https://www.snpgroup.com,DE0007203705
722900.ETR,SWA.DE,ETR,ok_isin,Schloss Wachenheim AG         I,Schloss Wachenheim AG,Consumer Defensive,Beverages - Wineries & Distilleries,Germany,Trier,EUR,EQUITY,110088000,1778,https://www.schloss-wachenheim.com,DE0007229007
723530.ETR,SGL.DE,ETR,ok_isin,SGL CARBON SE                 I,SGL Carbon SE,Basic Materials,Chemicals,Germany,Wiesbaden,EUR,EQUITY,457293440,3577,https://www.sglcarbon.com,DE0007235301
725753.ETR,,ETR,isin_not_found,,,,,,,,,,,,DE0007257537
723133.ETR,SIX3.DE,ETR,ok_isin,Sixt SE                       I,Sixt SE,Industrials,Rental & Leasing Services,Germany,Pullach,EUR,EQUITY,2840073216,8178,https://www.sixt.com,DE0007231334
723610.ETR,SIE.DE,ETR,ok_isin,SIEMENS AG                    N,Siemens Aktiengesellschaft,Industrials,Specialty Industrial Machinery,Germany,Munich,EUR,EQUITY,205711900672,303061,https://www.siemens.com,DE0007236101
725750.ETR,CEC.F,ETR,ok_isin,CECONOMY AG                   I,Ceconomy AG,Consumer Cyclical,Specialty Retail,Germany,Düsseldorf,EUR,EQUITY,1923901568,30630,https://www.ceconomy.de,DE0007257503
727650.ETR,YSN.DE,ETR,ok_isin,SECUNET SECURITY NETWORKS AG  I,secunet Security Networks Aktiengesellschaft,Technology,Software - Infrastructure,Germany,Essen,EUR,EQUITY,1060998336,1133,https://www.secunet.com,DE0007276503
731400.ETR,HDD.DE,ETR,ok_isin,HEIDELBERGER DRUCKMASCHINEN AGI,Heidelberger Druckmaschinen Aktiengesellschaft,Industrials,Specialty Industrial Machinery,Germany,Heidelberg,EUR,EQUITY,418766784,9448,https://www.heidelberg.com,DE0007314007
727950.ETR,SPM.HM,ETR,ok_isin,SPLENDID MEDIEN AG            I,Splendid Medien AG,,,Germany,Cologne,EUR,EQUITY,11633745,11,https://www.splendidmedien.com,DE0007279507
729700.ETR,SZU.F,ETR,ok_isin,SUEDZUCKER AG                 I,Südzucker AG,Consumer Defensive,Packaged Foods,Germany,Mannheim,EUR,EQUITY,2376693760,18991,https://www.suedzuckergroup.com,DE0007297004
727413.ETR,STO3.F,ETR,ok_isin,Sto SE & Co. KGaA             I,Sto SE & Co. KGaA,Industrials,Building Products & Equipment,Germany,Stühlingen,EUR,EQUITY,615580544,5147,https://www.sto.de,DE0007274136
744600.ETR,TTK.DE,ETR,ok_isin,TAKKT AG                      I,TAKKT AG,Industrials,Business Equipment & Supplies,Germany,Stuttgart,EUR,EQUITY,148566592,1982,https://www.takkt.de,DE0007446007
749399.ETR,SAX.F,ETR,ok_isin,STROEER SE + CO. KGAA,Ströer SE & Co. KGaA,Communication Services,Advertising Agencies,Germany,Cologne,EUR,EQUITY,2063859968,11292,https://www.stroeer.de,DE0007493991
750000.ETR,TKA.DE,ETR,ok_isin,thyssenkrupp AG               I,thyssenkrupp AG,Industrials,Conglomerates,Germany,Essen,EUR,EQUITY,7694491648,90916,https://www.thyssenkrupp.com,DE0007500001
748020.ETR,DEQ.DE,ETR,ok_isin,DEUTSCHE EUROSHOP AG          N,Deutsche EuroShop AG,Real Estate,Real Estate Services,Germany,Hamburg,EUR,EQUITY,1399746432,7,https://www.deutsche-euroshop.de/Home-en,DE0007480204
750750.ETR,WSU.DE,ETR,ok_isin,WashTec AG                    I,WashTec AG,Industrials,Specialty Industrial Machinery,Germany,Augsburg,EUR,EQUITY,507268128,1874,https://www.washtec.de,DE0007507501
746100.ETR,TPE.DE,ETR,ok_isin,PVA TePla AG                  I,PVA TePla AG,Industrials,Specialty Industrial Machinery,Germany,Wettenberg,EUR,EQUITY,660058112,1003,https://www.pvatepla.com,DE0007461006
744850.ETR,IVU.DE,ETR,ok_isin,IVU TRAFFIC TECHNOLOGIES  AG  I,IVU Traffic Technologies AG,Technology,Software - Application,Germany,Berlin,EUR,EQUITY,398591232,1077,https://www.ivu.com,DE0007448508
750100.ETR,TTO.DE,ETR,ok_isin,TTL Beteiligungs-u.Grundbes.AGI,TTL Beteiligungs- und Grundbesitz-AG,Real Estate,Real Estate Services,Germany,Munich,EUR,EQUITY,3516012,2,https://www.ttl-ag.de,DE0007501009
755150.ETR,UZU.F,ETR,ok_isin,Uzin Utz SE                   I,Uzin Utz SE,Basic Materials,Specialty Chemicals,Germany,Ulm,EUR,EQUITY,296605952,1599,https://www.uzin-utz.com,DE0007551509
753718.ETR,ZBH,ETR,ok_isin,"Zimmer Biomet Holdings, Inc.","Zimmer Biomet Holdings, Inc.",Healthcare,Medical Devices,United States,Warsaw,USD,EQUITY,17812090880,17000,https://www.zimmerbiomet.com,US98956P1021
756857.ETR,F3C.DE,ETR,ok_isin,SFC Energy AG                 I,SFC Energy AG,Industrials,Electrical Equipment & Parts,Germany,Brunnthal,EUR,EQUITY,339956480,499,https://www.sfc.com,DE0007568578
761210.ETR,,ETR,isin_not_found,,,,,,,,,,,,DE0007612103
766149.ETR,COR,ETR,ok_isin,"Cencora, Inc.","Cencora, Inc.",Healthcare,Medical Distribution,United States,Conshohocken,USD,EQUITY,60537671680,47000,https://www.cencora.com,US03073E1055
757142.ETR,,ETR,isin_not_found,,,,,,,,,,,,DE0007571424
766400.ETR,VOW.DE,ETR,ok_isin,VOLKSWAGEN AG                 I,Volkswagen AG,Consumer Cyclical,Auto Manufacturers,Germany,Wolfsburg,EUR,EQUITY,37045719040,594022,https://www.volkswagen-group.com,DE0007664005
764959.ETR,PRU,ETR,ok_isin,"Prudential Financial, Inc.","Prudential Financial, Inc.",Financial Services,Insurance - Life,United States,Newark,USD,EQUITY,42335457280,36607,https://www.prudential.com,US7443201022
783057.ETR,4DS.F,ETR,ok_isin,DALDRUP & SOEHNE AG           I,Daldrup & Söhne Aktiengesellschaft,Energy,Oil & Gas Drilling,Germany,Grünwald,EUR,EQUITY,141281120,157,https://www.daldrup.eu,DE0007830572
766403.ETR,VOW3.DE,ETR,ok_isin,VOLKSWAGEN AG                 V,Volkswagen AG,Consumer Cyclical,Auto Manufacturers,Germany,Wolfsburg,EUR,EQUITY,36323856384,594022,https://www.volkswagen-group.com,DE0007664039
765723.ETR,VIB3.F,ETR,ok_isin,VILLEROY & BOCH AG            I,Villeroy & Boch AG,Industrials,Building Products & Equipment,Germany,Mettlach,EUR,EQUITY,420341152,11028,https://www.villeroyboch-group.com,DE0007657231
783078.ETR,IS8.HM,ETR,ok_isin,ifa systems AG                I,ifa systems AG,Healthcare,Health Information Services,Germany,Frechen,EUR,EQUITY,4950000,73,https://www.ifasystems.de,DE0007830788
766710.ETR,VOS.F,ETR,ok_isin,VOSSLOH AG                    I,Vossloh AG,Industrials,Railroads,Germany,Werdohl,EUR,EQUITY,1137983104,5588,https://www.vossloh.com,DE0007667107
784686.ETR,V6C.DE,ETR,ok_isin,Viscom SE                     I,Viscom SE,Technology,Scientific & Technical Instruments,Germany,Hanover,EUR,EQUITY,43092540,423,https://www.viscom.com,DE0007846867
785602.ETR,ZIL2.F,ETR,ok_isin,ElringKlinger AG              N,ElringKlinger AG,Consumer Cyclical,Auto Parts,Germany,Dettingen an der Erms,EUR,EQUITY,303177568,8542,https://www.elringklinger.com,DE0007856023
789617.ETR,BIIB,ETR,ok_isin,Biogen Inc.,Biogen Inc.,Healthcare,Drug Manufacturers - General,United States,Cambridge,USD,EQUITY,29548093440,7500,https://www.biogen.com,US09062X1037
785747.ETR,KA8.DE,ETR,ok_isin,Klassik Radio AG              N,Klassik Radio AG,Communication Services,Broadcasting,Germany,Augsburg,EUR,EQUITY,14475000,66,https://www.klassikradio.de,DE0007857476
794796.ETR,BT-A.L,ETR,ok_isin,BT GROUP PLC ORD 5P,BT Group plc,Communication Services,Telecom Services,United Kingdom,London,GBp,EQUITY,19943729152,77200,https://www.bt.com,GB0030913577
823212.ETR,LHA.DE,ETR,ok_isin,DEUTSCHE LUFTHANSA AG         V,Deutsche Lufthansa AG,Industrials,Airlines,Germany,Cologne,EUR,EQUITY,10890546176,103406,https://www.lufthansagroup.com,DE0008232125
805100.ETR,WUW.DE,ETR,ok_isin,WUESTENROT+WUERTT.AG O.N.,Wüstenrot & Württembergische AG,Financial Services,Insurance - Life,Germany,Kornwestheim,EUR,EQUITY,1370620928,5513,https://www.ww-ag.com,DE0008051004
801900.ETR,PBB.DE,ETR,ok_isin,Deutsche Pfandbriefbank AG    I,Deutsche Pfandbriefbank AG,Financial Services,Mortgage Finance,Germany,Garching bei Munchen,EUR,EQUITY,471201472,1148,https://www.pfandbriefbank.com,DE0008019001
813135.ETR,AMI.DE,ETR,ok_isin,medondo holding AG            I,medondo holding AG,Technology,Information Technology Services,Germany,Munich,EUR,EQUITY,3943768,,https://holding.medondo.com,DE0008131350
804100.ETR,,ETR,isin_not_found,,,,,,,,,,,,DE0008041005
814820.ETR,MBK.DE,ETR,ok_isin,MERKUR PRIVATBANK KGaA        I,Merkur PrivatBank KgaA,Financial Services,Banks - Regional,Germany,Munich,EUR,EQUITY,85566248,532,https://www.merkur-privatbank.de,DE0008148206
813516.ETR,NDAQ,ETR,ok_isin,"Nasdaq, Inc.","Nasdaq, Inc.",Financial Services,Financial Data & Stock Exchanges,United States,New York,USD,EQUITY,52510334976,9630,https://www.nasdaq.com,US6311031081
812861.ETR,KGF.L,ETR,ok_isin,KINGFISHER PLC ORD 15 5/7P,Kingfisher plc,Consumer Cyclical,Home Improvement Retail,United Kingdom,London,GBp,EQUITY,5020779008,69720,https://www.kingfisher.com,GB0033195214
830350.ETR,TEG.DE,ETR,ok_isin,TAG Immobilien AG             I,TAG Immobilien AG,Real Estate,Real Estate - Diversified,Germany,Hamburg,EUR,EQUITY,2576812288,1907,https://www.tag-ag.com,DE0008303504
840221.ETR,HNR1.DE,ETR,ok_isin,HANNOVER RUECK SE NA O.N.,Hannover Rück SE,Financial Services,Insurance - Reinsurance,Germany,Hanover,EUR,EQUITY,31114061824,3732,https://www.hannover-re.com,DE0008402215
843002.ETR,MUV2.DE,ETR,ok_isin,MUENCHENER RUECKVERS.-GES. AG N,Münchener Rückversicherungs-Gesellschaft Aktiengesellschaft in München,Financial Services,Insurance - Reinsurance,Germany,Munich,EUR,EQUITY,67205586944,44369,https://www.munichre.com,DE0008430026
843596.ETR,NBG6.DE,ETR,ok_isin,NUERNBERGER BET.AG VNA,NÜRNBERGER Beteiligungs-AG,Financial Services,Insurance - Diversified,Germany,Nuremberg,EUR,EQUITY,1381760640,3700,https://www.nuernberger.com,DE0008435967
850103.ETR,ABT,ETR,ok_isin,Abbott Laboratories,Abbott Laboratories,Healthcare,Medical Devices,United States,Abbott Park,USD,EQUITY,182002057216,122000,https://www.abbott.com,US0028241000
850222.ETR,AEP,ETR,ok_isin,American Electric Power Company,"American Electric Power Company, Inc.",Utilities,Utilities - Regulated Electric,United States,Columbus,USD,EQUITY,72686985216,17581,https://www.aep.com,US0255371017
850001.ETR,ERIC-B.ST,ETR,ok_isin,"Ericsson, Telefonab. L M ser. B",Telefonaktiebolaget LM Ericsson (publ),Technology,Communication Equipment,Sweden,Stockholm,SEK,EQUITY,307681034240,86536,https://www.ericsson.com,SE0000108656
850133.ETR,AI.PA,ETR,ok_isin,AIR LIQUIDE,L'Air Liquide S.A.,Basic Materials,Specialty Chemicals,France,Paris,EUR,EQUITY,109534781440,63126,https://www.airliquide.com,FR0000120073
840400.ETR,ALV.DE,ETR,ok_isin,Allianz SE                    v,Allianz SE,Financial Services,Insurance - Diversified,Germany,Munich,EUR,EQUITY,163662020608,138378,https://www.allianz.com,DE0008404005
850185.ETR,POS.VI,ETR,ok_isin,PORR AG,PORR AG,Industrials,Engineering & Construction,Austria,Vienna,EUR,EQUITY,1463114752,18971,https://www.porr-group.com,AT0000609607
850226.ETR,AXP,ETR,ok_isin,American Express Company,American Express Company,Financial Services,Credit Services,United States,New York,USD,EQUITY,226492170240,76800,https://www.americanexpress.com,US0258161092
850312.ETR,G.MI,ETR,ok_isin,GENERALI,Assicurazioni Generali S.p.A.,Financial Services,Insurance - Diversified,Italy,Trieste,EUR,EQUITY,65149841408,82941,https://www.generali.com,IT0000062072
850471.ETR,BA,ETR,ok_isin,Boeing Company (The),The Boeing Company,Industrials,Aerospace & Defense,United States,Arlington,USD,EQUITY,166725943296,182000,https://www.boeing.com,US0970231058
850354.ETR,AVY,ETR,ok_isin,Avery Dennison Corporation,Avery Dennison Corporation,Consumer Cyclical,Packaging & Containers,United States,Mentor,USD,EQUITY,12470226944,35000,https://www.averydennison.com,US0536111091
850403.ETR,BARC.L,ETR,ok_isin,BARCLAYS PLC ORD 25P,Barclays PLC,Financial Services,Banks - Diversified,United Kingdom,London,GBp,EQUITY,67541450752,93000,https://home.barclays,GB0031348658
850517.ETR,BP.L,ETR,ok_isin,BP PLC $0.25,BP p.l.c.,Energy,Oil & Gas Integrated,United Kingdom,London,GBp,EQUITY,82306318336,93700,https://www.bp.com,GB0007980591
850347.ETR,ADP,ETR,ok_isin,"Automatic Data Processing, Inc.","Automatic Data Processing, Inc.",Technology,Software - Application,United States,Roseland,USD,EQUITY,101924241408,67000,https://www.adp.com,US0530151036
850501.ETR,BMY,ETR,ok_isin,Bristol-Myers Squibb Company,Bristol-Myers Squibb Company,Healthcare,Drug Manufacturers - General,United States,Princeton,USD,EQUITY,127751979008,32500,https://www.bms.com,US1101221083
850605.ETR,ISP.MI,ETR,ok_isin,INTESA SANPAOLO,Intesa Sanpaolo S.p.A.,Financial Services,Banks - Regional,Italy,Turin,EUR,EQUITY,114465128448,89931,https://www.intesasanpaolo.com,IT0000072618
850628.ETR,JPM,ETR,ok_isin,JP Morgan Chase & Co.,JPMorgan Chase & Co.,Financial Services,Banks - Diversified,United States,New York,USD,EQUITY,946850889728,320560,https://www.jpmorganchase.com,US46625H1005
850598.ETR,CAT,ETR,ok_isin,"Caterpillar, Inc.",Caterpillar Inc.,Industrials,Farm & Heavy Construction Machinery,United States,Irving,USD,EQUITY,402225758208,118000,https://www.caterpillar.com,US1491231015
850561.ETR,CPB,ETR,ok_isin,The Campbell's Company,The Campbell's Company,Consumer Defensive,Packaged Foods,United States,Camden,USD,EQUITY,6670873600,13700,https://www.thecampbellscompany.com,US1344291091
850663.ETR,KO,ETR,ok_isin,Coca-Cola Company (The),The Coca-Cola Company,Consumer Defensive,Beverages - Non-Alcoholic,United States,Atlanta,USD,EQUITY,361709699072,65900,https://www.coca-colacompany.com,US1912161007
850727.ETR,TTE.PA,ETR,ok_isin,TOTALENERGIES,TotalEnergies SE,Energy,Oil & Gas Integrated,France,Courbevoie,EUR,EQUITY,165500305408,94847,https://totalenergies.com,FR0000120271
850775.ETR,TEF.MC,ETR,ok_isin,"TELEFONICA,S.A.","Telefónica, S.A.",Communication Services,Telecom Services,Spain,Madrid,EUR,EQUITY,21136556032,82175,https://www.telefonica.com,ES0178430E18
850866.ETR,DE,ETR,ok_isin,Deere & Company,Deere & Company,Industrials,Farm & Heavy Construction Machinery,United States,Moline,USD,EQUITY,168822472704,73100,https://www.deere.com,US2441991054
850795.ETR,CMS,ETR,ok_isin,CMS Energy Corporation,CMS Energy Corporation,Utilities,Utilities - Regulated Electric,United States,Jackson,USD,EQUITY,22943459328,8350,https://www.cmsenergy.com,US1258961002
850667.ETR,CL,ETR,ok_isin,Colgate-Palmolive Company,Colgate-Palmolive Company,Consumer Defensive,Household & Personal Products,United States,New York,USD,EQUITY,73601417216,33600,https://www.colgatepalmolive.com,US1941621039
850808.ETR,GLW,ETR,ok_isin,Corning Incorporated,Corning Incorporated,Technology,Electronic Components,United States,Corning,USD,EQUITY,123381039104,67200,https://www.corning.com,US2193501051
851143.ETR,GD,ETR,ok_isin,General Dynamics Corporation,General Dynamics Corporation,Industrials,Aerospace & Defense,United States,Reston,USD,EQUITY,105235202048,110000,https://www.gd.com,US3695501086
851194.ETR,BN.PA,ETR,ok_isin,DANONE,Danone S.A.,Consumer Defensive,Packaged Foods,France,Paris,EUR,EQUITY,46373593088,88670,https://www.danone.com,FR0000120644
850875.ETR,HRL,ETR,ok_isin,Hormel Foods Corporation,Hormel Foods Corporation,Consumer Defensive,Packaged Foods,United States,Austin,USD,EQUITY,14334903296,20000,https://www.hormelfoods.com,US4404521001
850981.ETR,EMR,ETR,ok_isin,Emerson Electric Company,Emerson Electric Co.,Industrials,Specialty Industrial Machinery,United States,Saint Louis,USD,EQUITY,83622928384,71000,https://www.emerson.com,US2910111044
851247.ETR,DGE.L,ETR,ok_isin,DIAGEO PLC ORD 28 101/108P,Diageo plc,Consumer Defensive,Beverages - Wineries & Distilleries,United Kingdom,London,GBp,EQUITY,36444553216,29632,https://www.diageo.com,GB0002374006
851223.ETR,KER.PA,ETR,ok_isin,KERING,Kering SA,Consumer Cyclical,Luxury Goods,France,Paris,EUR,EQUITY,30513825792,41399,https://www.kering.com,FR0000121485
851204.ETR,GT,ETR,ok_isin,The Goodyear Tire & Rubber Comp,The Goodyear Tire & Rubber Company,Consumer Cyclical,Auto Parts,United States,Akron,USD,EQUITY,2043688704,63000,https://www.goodyear.com,US3825501014
851297.ETR,HSY,ETR,ok_isin,The Hershey Company,The Hershey Company,Consumer Defensive,Confectioners,United States,Hershey,USD,EQUITY,36550348800,17550,https://www.thehersheycompany.com,US4278661081
851704.ETR,MAT,ETR,ok_isin,"Mattel, Inc.","Mattel, Inc.",Consumer Cyclical,Leisure,United States,El Segundo,USD,EQUITY,4300421120,31000,https://corporate.mattel.com,US5770811025
851544.ETR,KR,ETR,ok_isin,Kroger Company (The),The Kroger Co.,Consumer Defensive,Grocery Stores,United States,Cincinnati,USD,EQUITY,35521290240,400000,https://www.thekrogerco.com,US5010441013
851413.ETR,IP,ETR,ok_isin,International Paper Company,International Paper Company,Consumer Cyclical,Packaging & Containers,United States,Memphis,USD,EQUITY,22456813568,62602,https://www.internationalpaper.com,US4601461035
851399.ETR,IBM,ETR,ok_isin,International Business Machines,International Business Machines Corporation,Technology,Information Technology Services,United States,Armonk,USD,EQUITY,203764826112,264300,https://www.ibm.com,US4592001014
851915.ETR,NOC,ETR,ok_isin,Northrop Grumman Corporation,Northrop Grumman Corporation,Industrials,Aerospace & Defense,United States,Falls Church,USD,EQUITY,77790871552,95000,https://www.northropgrumman.com,US6668071029
851745.ETR,MMM,ETR,ok_isin,3M Company,3M Company,Industrials,Conglomerates,United States,Saint Paul,USD,EQUITY,91917205504,60500,https://www.3m.com,US88579Y1010
851781.ETR,,ETR,isin_not_found,,,,,,,,,,,,US4606901001
851962.ETR,PCG,ETR,ok_isin,Pacific Gas & Electric Co.,PG&E Corporation,Utilities,Utilities - Regulated Electric,United States,Oakland,USD,EQUITY,38761660416,29010,https://www.pgecorp.com,US69331C1080
851936.ETR,OLN,ETR,ok_isin,Olin Corporation,Olin Corporation,Basic Materials,Chemicals,United States,Clayton,USD,EQUITY,2493936640,7849,https://www.olin.com,US6806652052
852009.ETR,PFE,ETR,ok_isin,"Pfizer, Inc.",Pfizer Inc.,Healthcare,Drug Manufacturers - General,United States,New York,USD,EQUITY,140605292544,75000,https://www.pfizer.com,US7170811035
851921.ETR,OXY,ETR,ok_isin,Occidental Petroleum Corporatio,Occidental Petroleum Corporation,Energy,Oil & Gas E&P,United States,Houston,USD,EQUITY,54635282432,10412,https://www.oxy.com,US6745991058
852011.ETR,EXC,ETR,ok_isin,Exelon Corporation,Exelon Corporation,Utilities,Utilities - Regulated Electric,United States,Chicago,USD,EQUITY,48244264960,20000,https://www.exeloncorp.com,US30161N1019
851995.ETR,PEP,ETR,ok_isin,"Pepsico, Inc.","PepsiCo, Inc.",Consumer Defensive,Beverages - Non-Alcoholic,United States,Purchase,USD,EQUITY,190953127936,306000,https://www.pepsico.com,US7134481081
852026.ETR,PPG,ETR,ok_isin,"PPG Industries, Inc.","PPG Industries, Inc.",Basic Materials,Specialty Chemicals,United States,Pittsburgh,USD,EQUITY,26406963200,43500,https://www.ppg.com,US6935061076
852062.ETR,PG,ETR,ok_isin,Procter & Gamble Company (The),The Procter & Gamble Company,Consumer Defensive,Household & Personal Products,United States,Cincinnati,USD,EQUITY,346099679232,109000,https://www.pginvestor.com,US7427181091
852147.ETR,RIO.L,ETR,ok_isin,RIO TINTO PLC ORD 10P,Rio Tinto Group,Basic Materials,Other Industrial Metals & Mining,United Kingdom,London,GBp,EQUITY,110081015808,56890,https://www.riotinto.com,GB0007188757
852362.ETR,CA.PA,ETR,ok_isin,CARREFOUR,Carrefour SA,Consumer Defensive,Grocery Stores,France,Massy,EUR,EQUITY,11324454912,298604,https://www.carrefour.com,FR0000120172
852523.ETR,SO,ETR,ok_isin,Southern Company (The),The Southern Company,Utilities,Utilities - Regulated Electric,United States,Atlanta,USD,EQUITY,108762013696,29502,https://www.southerncompany.com,US8425871071
852654.ETR,TXN,ETR,ok_isin,Texas Instruments Incorporated,Texas Instruments Incorporated,Technology,Semiconductors,United States,Dallas,USD,EQUITY,255170543616,33000,https://www.ti.com,US8825081040
852069.ETR,PRU.L,ETR,ok_isin,PRUDENTIAL PLC ORD 5P,Prudential plc,Financial Services,Insurance - Life,Hong Kong,Central,GBp,EQUITY,26697412608,15338,https://www.prudentialplc.com,GB0007099541
852549.ETR,XOM,ETR,ok_isin,ExxonMobil Holdings Corporation,ExxonMobil Holdings Corporation,Energy,Oil & Gas Integrated,United States,Spring,USD,EQUITY,641513488384,57900,https://corporate.exxonmobil.com,US30231G1022
852070.ETR,PEG,ETR,ok_isin,Public Service Enterprise Group,Public Service Enterprise Group Incorporated,Utilities,Utilities - Regulated Electric,United States,Newark,USD,EQUITY,39472037888,13189,https://investor.pseg.com,US7445731067
852552.ETR,CVX,ETR,ok_isin,Chevron Corporation,Chevron Corporation,Energy,Oil & Gas Integrated,United States,Houston,USD,EQUITY,378403553280,43039,https://www.chevron.com,US1667641005
852927.ETR,LNZ.VI,ETR,ok_isin,Lenzing AG,Lenzing Aktiengesellschaft,Consumer Cyclical,Textile Manufacturing,Austria,Lenzing,EUR,EQUITY,838014528,7589,https://www.lenzing.com,AT0000644505
852789.ETR,,ETR,isin_not_found,,,,,,,,,,,,US5658491064
852894.ETR,WIE.VI,ETR,ok_isin,Wienerberger AG,Wienerberger AG,Basic Materials,Building Materials,Austria,Vienna,EUR,EQUITY,2238638336,20220,https://www.wienerberger.com,AT0000831706
853260.ETR,JNJ,ETR,ok_isin,Johnson & Johnson,Johnson & Johnson,Healthcare,Drug Manufacturers - General,United States,New Brunswick,USD,EQUITY,640912523264,138200,https://www.jnj.com,US4781601046
853121.ETR,CMI,ETR,ok_isin,Cummins Inc.,Cummins Inc.,Industrials,Specialty Industrial Machinery,United States,Columbus,USD,EQUITY,91326693376,67400,https://www.cummins.com,US2310211063
853265.ETR,,ETR,isin_not_found,,,,,,,,,,,,US4878361082
853707.ETR,DOV,ETR,ok_isin,Dover Corporation,Dover Corporation,Industrials,Specialty Industrial Machinery,United States,Downers Grove,USD,EQUITY,27723925504,24000,https://www.dovercorporation.com,US2600031080
853292.ETR,MC.PA,ETR,ok_isin,LVMH,"LVMH Moët Hennessy - Louis Vuitton, Société Européenne",Consumer Cyclical,Luxury Goods,France,Paris,EUR,EQUITY,226061352960,196647,https://www.lvmh.com,FR0000121014
853081.ETR,AFL,ETR,ok_isin,AFLAC Incorporated,Aflac Incorporated,Financial Services,Insurance - Life,United States,Columbus,USD,EQUITY,64417128448,12716,https://www.aflac.com,US0010551028
853373.ETR,RI.PA,ETR,ok_isin,PERNOD RICARD,Pernod Ricard SA,Consumer Defensive,Beverages - Wineries & Distilleries,France,Paris,EUR,EQUITY,16685101056,17225,https://www.pernod-ricard.com,FR0000120693
853815.ETR,BAX,ETR,ok_isin,Baxter International Inc.,Baxter International Inc.,Healthcare,Medical Instruments & Supplies,United States,Deerfield,USD,EQUITY,12054386688,37500,https://www.baxter.com,US0718131099
853823.ETR,NEM,ETR,ok_isin,Newmont Corporation,Newmont Corporation,Basic Materials,Gold,United States,Denver,USD,EQUITY,98488623104,17500,https://www.newmont.com,US6516391066
853881.ETR,IFF,ETR,ok_isin,International Flavors & Fragran,International Flavors & Fragrances Inc.,Basic Materials,Specialty Chemicals,United States,New York,USD,EQUITY,19505184768,21500,https://www.iff.com,US4595061015
853862.ETR,GIS,ETR,ok_isin,"General Mills, Inc.","General Mills, Inc.",Consumer Defensive,Packaged Foods,United States,Minneapolis,USD,EQUITY,19539064832,30000,https://www.generalmills.com,US3703341046
853887.ETR,SNA,ETR,ok_isin,Snap-On Incorporated,Snap-on Incorporated,Industrials,Tools & Accessories,United States,Kenosha,USD,EQUITY,21074665472,13000,https://www.snapon.com,US8330341012
853888.ETR,OR.PA,ETR,ok_isin,L'OREAL,L'Oréal S.A.,Consumer Defensive,Household & Personal Products,France,Clichy,EUR,EQUITY,202418176000,79033,https://www.loreal.com,FR0000120321
853986.ETR,HAL,ETR,ok_isin,Halliburton Company,Halliburton Company,Energy,Oil & Gas Equipment & Services,United States,Houston,USD,EQUITY,26841331712,46000,https://www.halliburton.com,US4062161017
854075.ETR,BRKA.VI,ETR,ok_isin,BERKSHIRE HATHAWAY INC,Berkshire Hathaway Inc.,Financial Services,Insurance - Diversified,United States,Omaha,EUR,EQUITY,946140151808,387800,https://www.berkshirehathaway.com,US0846701086
854566.ETR,CNP,ETR,ok_isin,"CenterPoint Energy, Inc (Holdin","CenterPoint Energy, Inc.",Utilities,Utilities - Regulated Electric,United States,Houston,USD,EQUITY,28789997568,8794,https://www.centerpointenergy.com,US15189T1079
853915.ETR,PNW,ETR,ok_isin,Pinnacle West Capital Corporati,Pinnacle West Capital Corporation,Utilities,Utilities - Regulated Electric,United States,Phoenix,USD,EQUITY,12770703360,6610,https://www.pinnaclewest.com,US7234841010
854013.ETR,AV.L,ETR,ok_isin,AVIVA PLC ORD 32 17/19P,Aviva plc,Financial Services,Insurance - Diversified,United Kingdom,London,GBp,EQUITY,20656166912,39359,https://www.aviva.com,GB0002162385
854545.ETR,ECL,ETR,ok_isin,Ecolab Inc.,Ecolab Inc.,Basic Materials,Specialty Chemicals,United States,Saint Paul,USD,EQUITY,76376514560,48000,https://www.ecolab.com,US2788651006
854161.ETR,ADM,ETR,ok_isin,Archer-Daniels-Midland Company,Archer-Daniels-Midland Company,Consumer Defensive,Farm Products,United States,Chicago,USD,EQUITY,40093962240,40798,https://www.adm.com,US0394831020
855178.ETR,KMB,ETR,ok_isin,Kimberly-Clark Corporation,Kimberly-Clark Corporation,Consumer Defensive,Household & Personal Products,United States,Dallas,USD,EQUITY,36991434752,36000,https://www.kimberly-clark.com,US4943681035
854618.ETR,EFX,ETR,ok_isin,"Equifax, Inc.",Equifax Inc.,Industrials,Consulting Services,United States,Atlanta,USD,EQUITY,20831246336,15000,https://www.equifax.com,US2944291051
854693.ETR,HL,ETR,ok_isin,Hecla Mining Company,Hecla Mining Company,Basic Materials,Other Precious Metals & Mining,United States,Coeur d'Alene,USD,EQUITY,10188121088,1865,https://www.hecla.com,US4227041062
854912.ETR,APD,ETR,ok_isin,"Air Products and Chemicals, Inc","Air Products and Chemicals, Inc.",Basic Materials,Specialty Chemicals,United States,Allentown,USD,EQUITY,65151913984,21087,https://www.airproducts.com,US0091581068
854854.ETR,TJX,ETR,ok_isin,"TJX Companies, Inc. (The)","The TJX Companies, Inc.",Consumer Cyclical,Apparel Retail,United States,Framingham,USD,EQUITY,172753682432,377000,https://www.tjx.com,US8725401090
855009.ETR,XEL,ETR,ok_isin,Xcel Energy Inc.,Xcel Energy Inc.,Utilities,Utilities - Regulated Electric,United States,Minneapolis,USD,EQUITY,50384797696,11534,https://www.my.xcelenergy.com/s,US98389B1008
855225.ETR,ARW,ETR,ok_isin,"Arrow Electronics, Inc.","Arrow Electronics, Inc.",Technology,Electronics & Computer Distribution,United States,Centennial,USD,EQUITY,10903290880,22230,https://www.arrow.com,US0427351004
855705.ETR,CS.PA,ETR,ok_isin,AXA,AXA SA,Financial Services,Insurance - Diversified,France,Paris,EUR,EQUITY,92239077376,107756,https://www.axa.com,FR0000120628
855451.ETR,WMB,ETR,ok_isin,"Williams Companies, Inc. (The)","The Williams Companies, Inc.",Energy,Oil & Gas Midstream,United States,Tulsa,USD,EQUITY,86576046080,5987,https://www.williams.com,US9694571004
855786.ETR,CMC,ETR,ok_isin,Commercial Metals Company,Commercial Metals Company,Industrials,Metal Fabrication,United States,Irving,USD,EQUITY,7526879744,12690,https://www.cmc.com,US2017231034
855853.ETR,TFX,ETR,ok_isin,Teleflex Incorporated,Teleflex Incorporated,Healthcare,Medical Instruments & Supplies,United States,Wayne,USD,EQUITY,5801611264,15500,https://www.teleflex.com,US8793691069
856243.ETR,TGT,ETR,ok_isin,Target Corporation,Target Corporation,Consumer Defensive,Discount Stores,United States,Minneapolis,USD,EQUITY,63741177856,415000,https://corporate.target.com,US87612E1064
855950.ETR,PH,ETR,ok_isin,Parker-Hannifin Corporation,Parker-Hannifin Corporation,Industrials,Specialty Industrial Machinery,United States,Cleveland,USD,EQUITY,124486352896,57950,https://www.parker.com,US7010941042
855686.ETR,DIS,ETR,ok_isin,Walt Disney Company (The),The Walt Disney Company,Communication Services,Entertainment,United States,Burbank,USD,EQUITY,167833845760,175560,https://thewaltdisneycompany.com,US2546871060
855681.ETR,INTC,ETR,ok_isin,Intel Corporation,Intel Corporation,Technology,Semiconductors,United States,Santa Clara,USD,EQUITY,462383448064,85100,https://www.intel.com,US4581401001
856050.ETR,SHW,ETR,ok_isin,Sherwin-Williams Company (The),The Sherwin-Williams Company,Basic Materials,Specialty Chemicals,United States,Cleveland,USD,EQUITY,80716431360,64249,https://www.sherwin-williams.com,US8243481061
856331.ETR,WHR,ETR,ok_isin,Whirlpool Corporation,Whirlpool Corporation,Consumer Cyclical,"Furnishings, Fixtures & Appliances",United States,Benton Harbor,USD,EQUITY,2439293952,41000,https://www.whirlpoolcorp.com,US9633201069
856244.ETR,,ETR,isin_not_found,,,,,,,,,,,,US2536511031
857621.ETR,VFC,ETR,ok_isin,V.F. Corporation,V.F. Corporation,Consumer Cyclical,Apparel Manufacturing,United States,Denver,USD,EQUITY,6716981760,14560,https://www.vfc.com,US9182041080
857498.ETR,GWW,ETR,ok_isin,"W.W. Grainger, Inc.","W.W. Grainger, Inc.",Industrials,Industrial Distribution,United States,Lake Forest,USD,EQUITY,66048790528,22100,https://www.grainger.com,US3848021040
857463.ETR,ERIC-A.ST,ETR,ok_isin,"Ericsson, Telefonab. L M ser. A",Telefonaktiebolaget LM Ericsson (publ),Technology,Communication Equipment,Sweden,Stockholm,SEK,EQUITY,309791621120,86536,https://www.ericsson.com,SE0000108649
857209.ETR,TMO,ETR,ok_isin,Thermo Fisher Scientific Inc,Thermo Fisher Scientific Inc.,Healthcare,Diagnostics & Research,United States,Waltham,USD,EQUITY,207933374464,125000,https://www.thermofisher.com,US8835561023
856958.ETR,MCD,ETR,ok_isin,McDonald's Corporation,McDonald's Corporation,Consumer Cyclical,Restaurants,United States,Chicago,USD,EQUITY,192312623104,150000,https://www.mcdonalds.com,US5801351017
856678.ETR,CLX,ETR,ok_isin,Clorox Company (The),The Clorox Company,Consumer Defensive,Household & Personal Products,United States,Oakland,USD,EQUITY,11778949120,7600,https://www.thecloroxcompany.com,US1890541097
856632.ETR,MAS,ETR,ok_isin,Masco Corporation,Masco Corporation,Industrials,Building Products & Equipment,United States,Livonia,USD,EQUITY,16372767744,18000,https://masco.com,US5745991068
857760.ETR,SWKS,ETR,ok_isin,"Skyworks Solutions, Inc.","Skyworks Solutions, Inc.",Technology,Semiconductors,United States,Irvine,USD,EQUITY,9541754880,10000,https://www.skyworksinc.com,US83088M1027
857675.ETR,BDX,ETR,ok_isin,"Becton, Dickinson and Company","Becton, Dickinson and Company",Healthcare,Medical Instruments & Supplies,United States,Franklin Lakes,USD,EQUITY,43788881920,60000,https://www.bd.com,US0758871091
857949.ETR,WFC,ETR,ok_isin,Wells Fargo & Company,Wells Fargo & Company,Financial Services,Banks - Diversified,United States,San Francisco,USD,EQUITY,264298528768,197466,https://www.wellsfargo.com,US9497461015
858388.ETR,BAC,ETR,ok_isin,Bank of America Corporation,Bank of America Corporation,Financial Services,Banks - Diversified,United States,Charlotte,USD,EQUITY,436026343424,211304,https://www.bankofamerica.com,US0605051046
858560.ETR,LLY,ETR,ok_isin,Eli Lilly and Company,Eli Lilly and Company,Healthcare,Drug Manufacturers - General,United States,Indianapolis,USD,EQUITY,1067887099904,50000,https://www.lilly.com,US5324571083
858415.ETR,MRSH,ETR,ok_isin,Marsh,"Marsh & McLennan Companies, Inc.",Financial Services,Insurance Brokers,United States,New York,USD,EQUITY,87477592064,95000,https://www.corporate.marsh.com,US5717481023
858144.ETR,UNP,ETR,ok_isin,Union Pacific Corporation,Union Pacific Corporation,Industrials,Railroads,United States,Omaha,USD,EQUITY,177806802944,28716,https://www.up.com,US9078181081
858266.ETR,PSON.L,ETR,ok_isin,PEARSON PLC ORD 25P,Pearson plc,Communication Services,Publishing,United Kingdom,London,GBp,EQUITY,7646291456,13665,https://plc.pearson.com,GB0006776081
858406.ETR,GPC,ETR,ok_isin,Genuine Parts Company,Genuine Parts Company,Consumer Cyclical,Auto Parts,United States,Atlanta,USD,EQUITY,17604689920,65000,https://www.genpt.com,US3724601055
859034.ETR,CVS,ETR,ok_isin,CVS Health Corporation,CVS Health Corporation,Healthcare,Healthcare Plans,United States,Woonsocket,USD,EQUITY,136613535744,219000,https://www.cvshealth.com,US1266501006
858872.ETR,SAN.MC,ETR,ok_isin,BANCO SANTANDER S.A.,"Banco Santander, S.A.",Financial Services,Banks - Diversified,Spain,Madrid,EUR,EQUITY,174902427648,185279,https://www.santander.com,ES0113900J37
859121.ETR,SYY,ETR,ok_isin,Sysco Corporation,Sysco Corporation,Consumer Defensive,Food Distribution,United States,Houston,USD,EQUITY,40210370560,75000,https://www.sysco.com,US8718291078
860180.ETR,SU.PA,ETR,ok_isin,SCHNEIDER ELECTRIC SE,Schneider Electric S.E.,Industrials,Specialty Industrial Machinery,France,Rueil-Malmaison,EUR,EQUITY,148420689920,156399,https://www.se.com,FR0000121972
859892.ETR,TER,ETR,ok_isin,"Teradyne, Inc.","Teradyne, Inc.",Technology,Semiconductor Equipment & Materials,United States,North Reading,USD,EQUITY,52405616640,6600,https://www.teradyne.com,US8807701029
861114.ETR,PCAR,ETR,ok_isin,PACCAR Inc.,PACCAR Inc,Industrials,Farm & Heavy Construction Machinery,United States,Bellevue,USD,EQUITY,70227640320,25900,https://www.paccar.com,US6937181088
861149.ETR,RRTL.DE,ETR,ok_isin,RTL GROUP S.A.                A,RTL Group S.A.,Communication Services,Broadcasting,Luxembourg,Luxembourg,EUR,EQUITY,5075563520,11931,https://rtl.com,LU0061462528
860408.ETR,BALL,ETR,ok_isin,Ball Corporation,Ball Corporation,Consumer Cyclical,Packaging & Containers,United States,Westminster,USD,EQUITY,17218160640,16000,https://www.ball.com,US0584981064
861219.ETR,ITW,ETR,ok_isin,Illinois Tool Works Inc.,Illinois Tool Works Inc.,Industrials,Specialty Industrial Machinery,United States,Glenview,USD,EQUITY,81942716416,43000,https://www.itw.com,US4523081093
859888.ETR,HAS,ETR,ok_isin,"Hasbro, Inc.","Hasbro, Inc.",Consumer Cyclical,Leisure,United States,Pawtucket,USD,EQUITY,12820471808,4520,https://corporate.hasbro.com,US4180561072
860853.ETR,WMT,ETR,ok_isin,Walmart Inc.,Walmart Inc.,Consumer Defensive,Discount Stores,United States,Bentonville,USD,EQUITY,889235701760,2100000,https://www.stock.walmart.com,US9311421039
862837.ETR,LUV,ETR,ok_isin,Southwest Airlines Company,Southwest Airlines Co.,Industrials,Airlines,United States,Dallas,USD,EQUITY,22200268800,73456,https://www.southwest.com,US8447411088
862485.ETR,ADI,ETR,ok_isin,"Analog Devices, Inc.","Analog Devices, Inc.",Technology,Semiconductors,United States,Wilmington,USD,EQUITY,181142798336,24500,https://www.analog.com,US0326541051
863186.ETR,AMD,ETR,ok_isin,"Advanced Micro Devices, Inc.","Advanced Micro Devices, Inc.",Technology,Semiconductors,United States,Santa Clara,USD,EQUITY,807065747456,31000,https://www.amd.com,US0079031078
863060.ETR,WDC,ETR,ok_isin,Western Digital Corporation,Western Digital Corporation,Technology,Computer Hardware,United States,San Jose,USD,EQUITY,171624136704,40000,https://www.westerndigital.com,US9581021055
863582.ETR,MTB,ETR,ok_isin,M&T Bank Corporation,M&T Bank Corporation,Financial Services,Banks - Regional,United States,Buffalo,USD,EQUITY,35983962112,21662,https://www.mtb.com,US55261F1049
864330.ETR,WST,ETR,ok_isin,"West Pharmaceutical Services, I","West Pharmaceutical Services, Inc.",Healthcare,Medical Instruments & Supplies,United States,Exton,USD,EQUITY,23311970304,10800,https://www.westpharma.com,US9553061055
864371.ETR,CHD,ETR,ok_isin,"Church & Dwight Company, Inc.","Church & Dwight Co., Inc.",Consumer Defensive,Household & Personal Products,United States,Ewing,USD,EQUITY,23386333184,5550,https://www.churchdwight.com,US1713401024
863533.ETR,GAP,ETR,ok_isin,"Gap, Inc. (The)","The Gap, Inc.",Consumer Cyclical,Apparel Retail,United States,San Francisco,USD,EQUITY,7069986304,79000,https://www.gapinc.com,US3647601083
864777.ETR,STT,ETR,ok_isin,State Street Corporation,State Street Corporation,Financial Services,Asset Management,United States,Boston,USD,EQUITY,50726576128,51503,https://www.statestreet.com,US8574771031
865177.ETR,AMAT,ETR,ok_isin,"Applied Materials, Inc.","Applied Materials, Inc.",Technology,Semiconductor Equipment & Materials,United States,Santa Clara,USD,EQUITY,410389708800,36400,https://www.appliedmaterials.com,US0382221051
865985.ETR,AAPL,ETR,ok_isin,Apple Inc.,Apple Inc.,Technology,Consumer Electronics,United States,Cupertino,USD,EQUITY,4948317175808,166000,https://www.apple.com,US0378331005
866131.ETR,BA.L,ETR,ok_isin,BAE SYSTEMS PLC ORD 2.5P,BAE Systems plc,Industrials,Aerospace & Defense,United Kingdom,London,GBp,EQUITY,59929559040,111400,https://www.baesystems.com,GB0002634946
864952.ETR,SYK,ETR,ok_isin,Stryker Corporation,Stryker Corporation,Healthcare,Medical Devices,United States,Portage,USD,EQUITY,129092902912,56000,https://www.stryker.com,US8636671013
865406.ETR,BIO,ETR,ok_isin,"Bio-Rad Laboratories, Inc.","Bio-Rad Laboratories, Inc.",Healthcare,Medical Devices,United States,Hercules,USD,EQUITY,8467637248,7450,https://www.bio-rad.com,US0905722072
865857.ETR,CSX,ETR,ok_isin,CSX Corporation,CSX Corporation,Industrials,Railroads,United States,Jacksonville,USD,EQUITY,95958196224,22200,https://www.csx.com,US1264081035
865884.ETR,KLAC,ETR,ok_isin,KLA Corporation,KLA Corporation,Technology,Semiconductor Equipment & Materials,United States,Milpitas,USD,EQUITY,265644130304,15000,https://www.kla.com,US4824801009
867028.ETR,NSC,ETR,ok_isin,Norfolk Southern Corporation,Norfolk Southern Corporation,Industrials,Railroads,United States,Atlanta,USD,EQUITY,77119283200,19300,https://www.norfolksouthern.com,US6558441084
867475.ETR,DG.PA,ETR,ok_isin,VINCI,Vinci SA,Industrials,Engineering & Construction,France,Nanterre,EUR,EQUITY,65760399360,292101,https://www.vinci.com,FR0000125486
866197.ETR,DHR,ETR,ok_isin,Danaher Corporation,Danaher Corporation,Healthcare,Diagnostics & Research,United States,Washington,USD,EQUITY,138136764416,58000,https://www.danaher.com,US2358511028
866671.ETR,BBD-B.TO,ETR,ok_isin,"BOMBARDIER INC., CL. B, SV",Bombardier Inc.,Industrials,Aerospace & Defense,Canada,Dorval,CAD,EQUITY,36838031360,18000,https://www.bombardier.com,CA0977512007
866993.ETR,NKE,ETR,ok_isin,"Nike, Inc.","NIKE, Inc.",Consumer Cyclical,Footwear & Accessories,United States,Beaverton,USD,EQUITY,62514634752,73000,https://www.nike.com,US6541061031
866953.ETR,HD,ETR,ok_isin,"Home Depot, Inc. (The)","The Home Depot, Inc.",Consumer Cyclical,Home Improvement Retail,United States,Atlanta,USD,EQUITY,335120924672,470000,https://www.homedepot.com,US4370761029
867622.ETR,HBAN,ETR,ok_isin,Huntington Bancshares Incorpora,Huntington Bancshares Incorporated,Financial Services,Banks - Regional,United States,Columbus,USD,EQUITY,34670317568,26407,https://www.huntington.com,US4461501045
867679.ETR,PNC,ETR,ok_isin,"PNC Financial Services Group, I","The PNC Financial Services Group, Inc.",Financial Services,Banks - Regional,United States,Pittsburgh,USD,EQUITY,99606355968,55704,https://www.pnc.com,US6934751057
868284.ETR,PAYX,ETR,ok_isin,"Paychex, Inc.","Paychex, Inc.",Technology,Software - Application,United States,Rochester,USD,EQUITY,41074257920,17600,https://www.paychex.com,US7043261079
867900.ETR,AMGN,ETR,ok_isin,Amgen Inc.,Amgen Inc.,Healthcare,Drug Manufacturers - General,United States,Thousand Oaks,USD,EQUITY,203070652416,31500,https://www.amgen.com,US0311621009
868746.ETR,ATO,ETR,ok_isin,Atmos Energy Corporation,Atmos Energy Corporation,Utilities,Utilities - Regulated Gas,United States,Dallas,USD,EQUITY,29748451328,5487,https://www.atmosenergy.com,US0495601058
868402.ETR,VZ,ETR,ok_isin,Verizon Communications Inc.,Verizon Communications Inc.,Communication Services,Telecom Services,United States,New York,USD,EQUITY,197587451904,97600,https://www.verizon.com,US92343V1044
869020.ETR,MU,ETR,ok_isin,"Micron Technology, Inc.","Micron Technology, Inc.",Technology,Semiconductors,United States,Boise,USD,EQUITY,1016679759872,53000,https://www.micron.com,US5951121038
868891.ETR,GNTX,ETR,ok_isin,Gentex Corporation,Gentex Corporation,Consumer Cyclical,Auto Parts,United States,Zeeland,USD,EQUITY,4880856064,6398,https://www.gentex.com,US3719011096
869964.ETR,ADSK,ETR,ok_isin,"Autodesk, Inc.","Autodesk, Inc.",Technology,Software - Application,United States,San Francisco,USD,EQUITY,47699824640,14300,https://www.autodesk.com,US0527691069
869686.ETR,LRCX.MX,ETR,ok_isin,LAM RESEARCH CORP,Lam Research Corporation,Technology,Semiconductor Equipment & Materials,United States,Fremont,MXN,EQUITY,6253067632640,20600,https://www.lamresearch.com,US5128071082
869561.ETR,UNH,ETR,ok_isin,UnitedHealth Group Incorporated,UnitedHealth Group Incorporated,Healthcare,Healthcare Plans,United States,Eden Prairie,USD,EQUITY,379277443072,390000,https://www.unitedhealthgroup.com,US91324P1021
869353.ETR,KEY,ETR,ok_isin,KeyCorp,KeyCorp,Financial Services,Banks - Regional,United States,Cleveland,USD,EQUITY,24131508224,17493,https://www.key.com,US4932671088
870053.ETR,ROST,ETR,ok_isin,"Ross Stores, Inc.","Ross Stores, Inc.",Consumer Cyclical,Apparel Retail,United States,Dublin,USD,EQUITY,78062075904,111000,https://www.rossstores.com,US7782961038
870153.ETR,HON,ETR,ok_isin,Honeywell International Inc.,Honeywell International Inc.,Industrials,Conglomerates,United States,Charlotte,USD,EQUITY,77888004096,101000,https://www.honeywell.com,US4385161066
870315.ETR,BEN,ETR,ok_isin,"Franklin Resources, Inc.","Franklin Resources, Inc.",Financial Services,Asset Management,United States,San Mateo,USD,EQUITY,17262346240,10000,https://www.franklinresources.com,US3546131018
870625.ETR,TSN,ETR,ok_isin,"Tyson Foods, Inc.","Tyson Foods, Inc.",Consumer Defensive,Farm Products,United States,Springdale,USD,EQUITY,21377775616,133000,https://www.tysonfoods.com,US9024941034
870737.ETR,NOKIA.HE,ETR,ok_isin,Nokia Corporation,Nokia Oyj,Technology,Communication Equipment,Finland,Espoo,EUR,EQUITY,44894740480,78005,https://www.nokia.com,FI0009000681
870450.ETR,,ETR,isin_not_found,,,,,,,,,,,,CA0679011084
870967.ETR,TROW,ETR,ok_isin,"T. Rowe Price Group, Inc.","T. Rowe Price Group, Inc.",Financial Services,Asset Management,United States,Baltimore,USD,EQUITY,25542721536,7507,https://www.troweprice.com,US74144T1088
871004.ETR,STERV.HE,ETR,ok_isin,Stora Enso Oyj R,Stora Enso Oyj,Consumer Cyclical,Packaging & Containers,Finland,Helsinki,EUR,EQUITY,7594410496,19000,https://www.storaenso.com,FI0009005961
871394.ETR,HOG,ETR,ok_isin,"Harley-Davidson, Inc.","Harley-Davidson, Inc.",Consumer Cyclical,Recreational Vehicles,United States,Milwaukee,USD,EQUITY,2609601280,5500,https://www.harley-davidson.com,US4128221086
870747.ETR,MSFT,ETR,ok_isin,Microsoft Corporation,Microsoft Corporation,Technology,Software - Infrastructure,United States,Redmond,USD,EQUITY,2890404200448,228000,https://www.microsoft.com,US5949181045
871784.ETR,LLOY.L,ETR,ok_isin,LLOYDS BANKING GROUP PLC ORD 10,Lloyds Banking Group plc,Financial Services,Banks - Regional,United Kingdom,London,GBp,EQUITY,65659731968,60061,https://www.lloydsbankinggroup.com,GB0008706128
871706.ETR,OMC,ETR,ok_isin,Omnicom Group Inc.,Omnicom Group Inc.,Communication Services,Advertising Agencies,United States,New York,USD,EQUITY,23487363072,120000,https://www.omc.com,US6819191064
871460.ETR,ORCL,ETR,ok_isin,Oracle Corporation,Oracle Corporation,Technology,Software - Infrastructure,United States,Austin,USD,EQUITY,345368494080,141000,https://www.oracle.com,US68389X1054
871918.ETR,STZ,ETR,ok_isin,"Constellation Brands, Inc.","Constellation Brands, Inc.",Consumer Defensive,Beverages - Brewers,United States,Rochester,USD,EQUITY,22155034624,9400,https://www.cbrands.com,US21036P1084
871981.ETR,ADBE,ETR,ok_isin,Adobe Inc.,Adobe Inc.,Technology,Software - Application,United States,San Jose,USD,EQUITY,94505623552,31360,https://www.adobe.com,US00724F1012
874171.ETR,SCHW,ETR,ok_isin,Charles Schwab Corporation (The,The Charles Schwab Corporation,Financial Services,Capital Markets,United States,Westlake,USD,EQUITY,181183135744,33700,https://www.aboutschwab.com,US8085131055
872087.ETR,SGO.PA,ETR,ok_isin,SAINT GOBAIN,Compagnie de Saint-Gobain S.A.,Industrials,Building Products & Equipment,France,Courbevoie,EUR,EQUITY,37064884224,155544,https://www.saint-gobain.com,FR0000125007
873131.ETR,,ETR,isin_not_found,,,,,,,,,,,,US0079241032
872318.ETR,HM-B.ST,ETR,ok_isin,"Hennes & Mauritz AB, H & M ser.",H & M Hennes & Mauritz AB (publ),Consumer Cyclical,Apparel Manufacturing,Sweden,Stockholm,SEK,EQUITY,272181592064,63292,https://hmgroup.com,SE0000106270
873567.ETR,CDNS,ETR,ok_isin,"Cadence Design Systems, Inc.","Cadence Design Systems, Inc.",Technology,Software - Application,United States,San Jose,USD,EQUITY,93394051072,15110,https://www.cadence.com,US1273871087
875272.ETR,EXPD,ETR,ok_isin,Expeditors International of Was,"Expeditors International of Washington, Inc.",Industrials,Integrated Freight & Logistics,United States,Bellevue,USD,EQUITY,22409752576,20361,https://www.expeditors.com,US3021301094
873403.ETR,GLE.PA,ETR,ok_isin,SOCIETE GENERALE,Société Générale Société anonyme,Financial Services,Banks - Regional,France,Paris,EUR,EQUITY,56765247488,110000,https://www.societegenerale.com,FR0000130809
876845.ETR,REP.MC,ETR,ok_isin,"REPSOL,  S.A.","Repsol, S.A.",Energy,Oil & Gas Integrated,Spain,Madrid,EUR,EQUITY,28046465024,24881,https://www.repsol.com,ES0173516115
874341.ETR,OMV.VI,ETR,ok_isin,OMV AG,OMV Aktiengesellschaft,Energy,Oil & Gas Integrated,Austria,Vienna,EUR,EQUITY,20195766272,16056,https://www.omv.com,AT0000743059
875773.ETR,BBVA.MC,ETR,ok_isin,BANCO BILBAO VIZCAYA ARGENTARIA,"Banco Bilbao Vizcaya Argentaria, S.A.",Financial Services,Banks - Diversified,Spain,Bilbao,EUR,EQUITY,127965609984,123193,https://www.bbva.com,ES0113211835
876872.ETR,FMCC,ETR,ok_isin,Freddie Mac,Federal Home Loan Mortgage Corporation,Financial Services,Mortgage Finance,United States,McLean,USD,EQUITY,3627332352,7334,https://www.freddiemac.com,US3134003017
877738.ETR,VER.VI,ETR,ok_isin,VERBUND AG Kat. A,VERBUND AG,Utilities,Utilities - Renewable,Austria,Vienna,EUR,EQUITY,20184850432,4536,https://www.verbund.com,AT0000746409
880135.ETR,,ETR,isin_not_found,,,,,,,,,,,,US9839191015
878279.ETR,EVN.VI,ETR,ok_isin,EVN AG,EVN AG,Utilities,Utilities - Diversified,Austria,Maria Enzersdorf,EUR,EQUITY,5286775296,7672,https://www.evn.at,AT0000741053
878613.ETR,,ETR,isin_not_found,,,,,,,,,,,,US45253H1014
877961.ETR,EOG,ETR,ok_isin,"EOG Resources, Inc.","EOG Resources, Inc.",Energy,Oil & Gas E&P,United States,Houston,USD,EQUITY,74733109248,3400,https://www.eogresources.com,US26875P1012
878372.ETR,EA,ETR,ok_isin,Electronic Arts Inc.,Electronic Arts Inc.,Communication Services,Electronic Gaming & Multimedia,United States,Redwood City,USD,EQUITY,52424613888,14600,https://www.ea.com,US2855121099
879100.ETR,,ETR,isin_not_found,,,,,,,,,,,,US4364401012
878841.ETR,CSCO,ETR,ok_isin,"Cisco Systems, Inc.","Cisco Systems, Inc.",Technology,Communication Equipment,United States,San Jose,USD,EQUITY,451570171904,86200,https://www.cisco.com,US17275R1023
880205.ETR,CTAS,ETR,ok_isin,Cintas Corporation,Cintas Corporation,Industrials,Specialty Business Services,United States,Cincinnati,USD,EQUITY,84423016448,,https://www.cintas.com,US1729081059
881535.ETR,REGN,ETR,ok_isin,"Regeneron Pharmaceuticals, Inc.","Regeneron Pharmaceuticals, Inc.",Healthcare,Biotechnology,United States,Tarrytown,USD,EQUITY,69945458688,15343,https://www.regeneron.com,US75886F1075
881793.ETR,FISV,ETR,ok_isin,"Fiserv, Inc.","Fiserv, Inc.",,,,,USD,EQUITY,27894515712,,,US3377381088
882578.ETR,ZBRA,ETR,ok_isin,Zebra Technologies Corporation,Zebra Technologies Corporation,Technology,Communication Equipment,United States,Lincolnshire,USD,EQUITY,12603319296,10700,https://www.zebra.com,US9892071054
880883.ETR,MGM,ETR,ok_isin,MGM Resorts International,MGM Resorts International,Consumer Cyclical,Resorts & Casinos,United States,Las Vegas,USD,EQUITY,11845911552,60000,https://www.mgmresorts.com,US5529531015
881646.ETR,,ETR,isin_not_found,,,,,,,,,,,,US1270971039
881905.ETR,SSE.L,ETR,ok_isin,SSE PLC ORD 50P,SSE plc,Utilities,Utilities - Diversified,United Kingdom,Perth,GBp,EQUITY,28456462336,15197,https://www.sse.com,GB0007908733
883121.ETR,QCOM,ETR,ok_isin,QUALCOMM Incorporated,QUALCOMM Incorporated,Technology,Semiconductors,United States,San Diego,USD,EQUITY,179222151168,52000,https://www.qualcomm.com,US7475251036
882749.ETR,APH,ETR,ok_isin,Amphenol Corporation,Amphenol Corporation,Technology,Electronic Components,United States,Wallingford,USD,EQUITY,183649402880,170000,https://www.amphenol.com,US0320951017
882177.ETR,AES,ETR,ok_isin,The AES Corporation,The AES Corporation,Utilities,Utilities - Diversified,United States,Arlington,USD,EQUITY,10576129024,8336,https://www.aes.com,US00130H1059
882807.ETR,VRTX,ETR,ok_isin,Vertex Pharmaceuticals Incorpor,Vertex Pharmaceuticals Incorporated,Healthcare,Biotechnology,United States,Boston,USD,EQUITY,121572794368,6400,https://www.vrtx.com,US92532F1003
883703.ETR,SNPS,ETR,ok_isin,"Synopsys, Inc.","Synopsys, Inc.",Technology,Software - Infrastructure,United States,Sunnyvale,USD,EQUITY,74483539968,28000,https://www.synopsys.com,US8716071076
884304.ETR,,ETR,isin_not_found,,,,,,,,,,,,US0758961009
885823.ETR,GILD,ETR,ok_isin,"Gilead Sciences, Inc.","Gilead Sciences, Inc.",Healthcare,Drug Manufacturers - General,United States,Foster City,USD,EQUITY,162049703936,17000,https://www.gilead.com,US3755581036
884113.ETR,BSX,ETR,ok_isin,Boston Scientific Corporation,Boston Scientific Corporation,Healthcare,Medical Devices,United States,Marlborough,USD,EQUITY,67644022784,59000,https://www.bostonscientific.com,US1011371077
886053.ETR,INTU,ETR,ok_isin,Intuit Inc.,Intuit Inc.,Technology,Software - Application,United States,Mountain View,USD,EQUITY,83130630144,18200,https://www.intuit.com,US4612021034
885069.ETR,RDN,ETR,ok_isin,Radian Group Inc.,Radian Group Inc.,Financial Services,Insurance - Specialty,United States,Wayne,USD,EQUITY,5183373312,900,https://www.radian.com,US7502361014
885836.ETR,MS,ETR,ok_isin,Morgan Stanley,Morgan Stanley,Financial Services,Capital Markets,United States,New York,USD,EQUITY,337288331264,82944,https://www.morganstanley.com,US6174464486
884437.ETR,SBUX,ETR,ok_isin,Starbucks Corporation,Starbucks Corporation,Consumer Cyclical,Restaurants,United States,Seattle,USD,EQUITY,118129901568,381000,https://www.starbucks.com,US8552441094
886105.ETR,MCHP,ETR,ok_isin,Microchip Technology Incorporat,Microchip Technology Incorporated,Technology,Semiconductors,United States,Chandler,USD,EQUITY,42300354560,17900,https://www.microchip.com,US5950171042
886429.ETR,ALL,ETR,ok_isin,Allstate Corporation (The),The Allstate Corporation,Financial Services,Insurance - Property & Casualty,United States,Northbrook,USD,EQUITY,67256365056,53000,https://www.allstate.com,US0200021014
886455.ETR,AZN.L,ETR,ok_isin,ASTRAZENECA PLC ORD SHS $0.25,AstraZeneca PLC,Healthcare,Drug Manufacturers - General,United Kingdom,Cambridge,GBp,EQUITY,198419185664,96100,https://www.astrazeneca.com,GB0009895292
886670.ETR,RMS.PA,ETR,ok_isin,HERMES INTL,Hermès International Société en commandite par actions,Consumer Cyclical,Luxury Goods,France,Paris,EUR,EQUITY,174496514048,25414,https://finance.hermes.com,FR0000052292
887771.ETR,BNP.PA,ETR,ok_isin,BNP PARIBAS ACT.A,BNP Paribas SA,Financial Services,Banks - Regional,France,Paris,EUR,EQUITY,118433759232,180000,https://group.bnpparibas,FR0000131104
887891.ETR,FAST,ETR,ok_isin,Fastenal Company,Fastenal Company,Industrials,Industrial Distribution,United States,Winona,USD,EQUITY,54666784768,22230,https://www.fastenal.com,US3119001044
888210.ETR,IDXX,ETR,ok_isin,"IDEXX Laboratories, Inc.","IDEXX Laboratories, Inc.",Healthcare,Diagnostics & Research,United States,Westbrook,USD,EQUITY,43874725888,11000,https://www.idexx.com,US45168D1046
887629.ETR,EIX,ETR,ok_isin,Edison International,Edison International,Utilities,Utilities - Regulated Electric,United States,Rosemead,USD,EQUITY,30260195328,13725,https://www.edison.com,US2810201077
887320.ETR,BWA,ETR,ok_isin,BorgWarner Inc.,BorgWarner Inc.,Consumer Cyclical,Auto Parts,United States,Auburn Hills,USD,EQUITY,13061720064,37500,https://www.borgwarner.com,US0997241064
888024.ETR,ISRG,ETR,ok_isin,"Intuitive Surgical, Inc.","Intuitive Surgical, Inc.",Healthcare,Medical Instruments & Supplies,United States,Sunnyvale,USD,EQUITY,127844352000,17021,https://www.intuitive.com,US46120E6023
888346.ETR,DDD,ETR,ok_isin,3D Systems Corporation,3D Systems Corporation,Technology,Computer Hardware,United States,Rock Hill,USD,EQUITY,429585536,1418,https://www.3dsystems.com,US88554D2053
888282.ETR,AGCO,ETR,ok_isin,AGCO Corporation,AGCO Corporation,Industrials,Farm & Heavy Construction Machinery,United States,Duluth,USD,EQUITY,8706401280,22000,https://www.agcocorp.com,US0010841023
888903.ETR,URBN,ETR,ok_isin,"Urban Outfitters, Inc.","Urban Outfitters, Inc.",Consumer Cyclical,Apparel Retail,United States,Philadelphia,USD,EQUITY,6217963008,11780,https://www.urbn.com,US9170471026
888351.ETR,COST,ETR,ok_isin,Costco Wholesale Corporation,Costco Wholesale Corporation,Consumer Defensive,Discount Stores,United States,Issaquah,USD,EQUITY,422005571584,341000,https://www.costco.com,US22160K1051
890167.ETR,ALB,ETR,ok_isin,Albemarle Corporation,Albemarle Corporation,Basic Materials,Specialty Chemicals,United States,Charlotte,USD,EQUITY,13701647360,7800,https://www.albemarle.com,US0126531013
889290.ETR,ETR,ETR,ok_isin,Entergy Corporation,Entergy Corporation,Utilities,Utilities - Regulated Electric,United States,New Orleans,USD,EQUITY,53079859200,12000,https://www.entergy.com,US29364G1031
889826.ETR,TSCO,ETR,ok_isin,Tractor Supply Company,Tractor Supply Company,Consumer Cyclical,Specialty Retail,United States,Brentwood,USD,EQUITY,16677496832,54000,https://www.tractorsupply.com,US8923561067
890963.ETR,KPN.AS,ETR,ok_isin,KPN KON,Koninklijke KPN N.V.,Communication Services,Telecom Services,Netherlands,Rotterdam,EUR,EQUITY,16090516480,4789,https://www.kpn.com,NL0000009082
892502.ETR,ROS.VI,ETR,ok_isin,Rosenbauer International AG,Rosenbauer International AG,Industrials,Farm & Heavy Construction Machinery,Austria,Leonding,EUR,EQUITY,642600000,5000,https://www.rosenbauer.com,AT0000922554
893579.ETR,WM,ETR,ok_isin,"Waste Management, Inc.","Waste Management, Inc.",Industrials,Waste Management,United States,Houston,USD,EQUITY,95534866432,60500,https://www.wm.com,US94106L1098
894298.ETR,DECK,ETR,ok_isin,Deckers Outdoor Corporation,Deckers Outdoor Corporation,Consumer Cyclical,Footwear & Accessories,United States,Goleta,USD,EQUITY,13309052928,6000,https://www.deckers.com,US2435371073
893413.ETR,COF,ETR,ok_isin,Capital One Financial Corporati,Capital One Financial Corporation,Financial Services,Credit Services,United States,McLean,USD,EQUITY,127025184768,78400,https://www.capitalone.com,US14040H1059
893113.ETR,RNO.PA,ETR,ok_isin,RENAULT,Renault SA,Consumer Cyclical,Auto Manufacturers,France,Boulogne-Billancourt,EUR,EQUITY,7874962432,100541,https://www.renaultgroup.com,FR0000131906
893438.ETR,STMPA.PA,ETR,ok_isin,STMICROELECTRONICS,STMicroelectronics N.V.,Technology,Semiconductors,Netherlands,Schiphol,EUR,EQUITY,39810150400,49000,https://www.st.com/content/st_com/en.html,NL0000226223
896022.ETR,WAB,ETR,ok_isin,Westinghouse Air Brake Technolo,Westinghouse Air Brake Technologies Corporation,Industrials,Railroads,United States,Pittsburgh,USD,EQUITY,50825273344,31000,https://www.wabteccorp.com,US9297401088
895738.ETR,DRI,ETR,ok_isin,"Darden Restaurants, Inc.","Darden Restaurants, Inc.",Consumer Cyclical,Restaurants,United States,Orlando,USD,EQUITY,23376594944,209931,https://www.darden.com,US2371941053
895250.ETR,PPL,ETR,ok_isin,PPL Corporation,PPL Corporation,Utilities,Utilities - Regulated Electric,United States,Allentown,USD,EQUITY,27092133888,6546,https://www.pplweb.com,US69351T1060
894648.ETR,LMT,ETR,ok_isin,Lockheed Martin Corporation,Lockheed Martin Corporation,Industrials,Aerospace & Defense,United States,Bethesda,USD,EQUITY,133858639872,123000,https://www.lockheedmartin.com,US5398301094
896040.ETR,HLEE.SW,ETR,ok_isin,HIGHLIGHT E AND E I,Highlight Event and Entertainment AG,Communication Services,Entertainment,Switzerland,Pratteln,CHF,EQUITY,71845640,1181,https://www.hlee.ch,CH0003583256
896007.ETR,VECO,ETR,ok_isin,Veeco Instruments Inc.,Veeco Instruments Inc.,Technology,Semiconductor Equipment & Materials,United States,Plainview,USD,EQUITY,2959513856,1265,https://www.veeco.com,US9224171002
896476.ETR,FCX,ETR,ok_isin,"Freeport-McMoRan, Inc.",Freeport-McMoRan Inc.,Basic Materials,Copper,United States,Phoenix,USD,EQUITY,90163748864,29000,https://fcx.com,US35671D8570
897200.ETR,VOE.VI,ETR,ok_isin,voestalpine AG,Voestalpine AG,Basic Materials,Steel,Austria,Linz,EUR,EQUITY,7722136064,41486,https://www.voestalpine.com,AT0000937503
897518.ETR,MYGN,ETR,ok_isin,"Myriad Genetics, Inc.","Myriad Genetics, Inc.",Healthcare,Diagnostics & Research,United States,Salt Lake City,USD,EQUITY,514742720,2700,https://www.myriad.com,US62855J1043
897791.ETR,ENI.MI,ETR,ok_isin,ENI,Eni S.p.A.,Energy,Oil & Gas Integrated,Italy,Rome,EUR,EQUITY,64801718272,32349,https://www.eni.com,IT0003132476
897961.ETR,HSIC,ETR,ok_isin,"Henry Schein, Inc.","Henry Schein, Inc.",Healthcare,Medical Distribution,United States,Melville,USD,EQUITY,9638497280,25000,https://www.henryschein.com,US8064071025
898521.ETR,HIG,ETR,ok_isin,"The Hartford Insurance Group, I","The Hartford Insurance Group, Inc.",Financial Services,Insurance - Diversified,United States,Hartford,USD,EQUITY,38416691200,19200,https://www.thehartford.com,US4165151048
899676.ETR,FFH.TO,ETR,ok_isin,FAIRFAX FINANCIAL HOLDINGS LTD.,Fairfax Financial Holdings Limited,Financial Services,Insurance - Property & Casualty,Canada,Toronto,CAD,EQUITY,49302986752,62500,https://www.fairfax.ca,CA3039011026
897933.ETR,EL,ETR,ok_isin,"Estee Lauder Companies, Inc. (T",The Estée Lauder Companies Inc.,Consumer Defensive,Household & Personal Products,United States,New York,USD,EQUITY,30101336064,40470,https://www.elcompanies.com,US5184391044
901492.ETR,,ETR,isin_not_found,,,,,,,,,,,,US03662Q1058
898407.ETR,,ETR,isin_not_found,,,,,,,,,,,,US1773761002
903276.ETR,,ETR,isin_not_found,,,,,,,,,,,,US3682872078
903978.ETR,ROK,ETR,ok_isin,"Rockwell Automation, Inc.","Rockwell Automation, Inc.",Industrials,Specialty Industrial Machinery,United States,Milwaukee,USD,EQUITY,51853660160,26000,https://www.rockwellautomation.com,US7739031091
903000.ETR,IMB.L,ETR,ok_isin,IMPERIAL BRANDS PLC ORD 10P,Imperial Brands PLC,Consumer Defensive,Tobacco,United Kingdom,Bristol,GBp,EQUITY,22234492928,25100,https://www.imperialbrandsplc.com,GB0004544929
903016.ETR,ANF,ETR,ok_isin,Abercrombie & Fitch Company,Abercrombie & Fitch Co.,Consumer Cyclical,Apparel Retail,United States,New Albany,USD,EQUITY,4414290432,6600,https://corporate.abercrombie.com,US0028962076
906849.ETR,ORA.PA,ETR,ok_isin,ORANGE,Orange S.A.,Communication Services,Telecom Services,France,Issy-les-Moulineaux,EUR,EQUITY,45474430976,121242,https://www.orange.com,FR0000133308
905249.ETR,CERS,ETR,ok_isin,Cerus Corporation,Cerus Corporation,Healthcare,Medical Devices,United States,Concord,USD,EQUITY,615132736,261,https://www.cerus.com,US1570851014
902388.ETR,,ETR,isin_not_found,,,,,,,,,,,,AT0000652250
904533.ETR,DGX,ETR,ok_isin,Quest Diagnostics Incorporated,Quest Diagnostics Incorporated,Healthcare,Diagnostics & Research,United States,Secaucus,USD,EQUITY,25588959232,46000,https://www.questdiagnostics.com,US74834L1008
906866.ETR,AMZN,ETR,ok_isin,"Amazon.com, Inc.","Amazon.com, Inc.",Consumer Cyclical,Internet Retail,United States,Seattle,USD,EQUITY,2489087688704,1575000,https://www.amazon.com,US0231351067
906870.ETR,RMBS,ETR,ok_isin,"Rambus, Inc.",Rambus Inc.,Technology,Semiconductors,United States,San Jose,USD,EQUITY,10426566656,791,https://www.rambus.com,US7509171069
909190.ETR,YUM,ETR,ok_isin,"Yum! Brands, Inc.","Yum! Brands, Inc.",Consumer Cyclical,Restaurants,United States,Louisville,USD,EQUITY,40736817152,49000,https://www.yum.com,US9884981013
910509.ETR,FE,ETR,ok_isin,FirstEnergy Corp.,FirstEnergy Corp.,Utilities,Utilities - Regulated Electric,United States,Akron,USD,EQUITY,28528224256,11186,https://www.firstenergycorp.com,US3379321074
908668.ETR,AME,ETR,ok_isin,"AMETEK, Inc.","AMETEK, Inc.",Industrials,Specialty Industrial Machinery,United States,Berwyn,USD,EQUITY,55723835392,22500,https://www.ametek.com,US0311001004
908683.ETR,VLO,ETR,ok_isin,Valero Energy Corporation,Valero Energy Corporation,Energy,Oil & Gas Refining & Marketing,United States,San Antonio,USD,EQUITY,90543710208,9785,https://www.valero.com,US91913Y1001
907466.ETR,ING,ETR,ok_isin,"ING Group, N.V.",ING Groep N.V.,Financial Services,Banks - Diversified,Netherlands,Amsterdam,USD,EQUITY,95695806464,60000,https://www.ing.com,US4568371037
907391.ETR,SBO.VI,ETR,ok_isin,SBO AG,SBO AG,Energy,Oil & Gas Equipment & Services,Austria,Ternitz,EUR,EQUITY,468056128,1533,https://www.sbo.at/en,AT0000946652
909943.ETR,EBS.VI,ETR,ok_isin,Erste Group Bank AG,Erste Group Bank AG,Financial Services,Banks - Regional,Austria,Vienna,EUR,EQUITY,44550189056,55431,https://www.erstegroup.com,AT0000652011
910553.ETR,MTD,ETR,ok_isin,"Mettler-Toledo International, I",Mettler-Toledo International Inc.,Healthcare,Diagnostics & Research,Switzerland,Greifensee,USD,EQUITY,27003213824,16600,https://www.mt.com,US5926881054
911090.ETR,VRSN,ETR,ok_isin,"VeriSign, Inc.","VeriSign, Inc.",Technology,Software - Infrastructure,United States,Reston,USD,EQUITY,24843728896,926,https://www.verisign.com,US92343E1029
911060.ETR,OKE,ETR,ok_isin,"ONEOK, Inc.","ONEOK, Inc.",Energy,Oil & Gas Midstream,United States,Tulsa,USD,EQUITY,56362737664,6326,https://www.oneok.com,US6826801036
911443.ETR,URI,ETR,ok_isin,"United Rentals, Inc.","United Rentals, Inc.",Industrials,Rental & Leasing Services,United States,Stamford,USD,EQUITY,70203924480,28500,https://www.unitedrentals.com,US9113631090
911535.ETR,AEE,ETR,ok_isin,Ameren Corporation,Ameren Corporation,Utilities,Utilities - Regulated Electric,United States,Saint Louis,USD,EQUITY,31026624512,8913,https://www.amereninvestors.com,US0236081024
914076.ETR,LAD,ETR,ok_isin,"Lithia Motors, Inc.","Lithia Motors, Inc.",Consumer Cyclical,Auto & Truck Dealerships,United States,Medford,USD,EQUITY,7878955008,30000,https://www.lithia.com,US5367971034
911563.ETR,ED,ETR,ok_isin,"Consolidated Edison, Inc.","Consolidated Edison, Inc.",Utilities,Utilities - Regulated Electric,United States,New York,USD,EQUITY,41091059712,15407,https://www.conedison.com,US2091151041
913070.ETR,MAR,ETR,ok_isin,Marriott International,"Marriott International, Inc.",Consumer Cyclical,Lodging,United States,Bethesda,USD,EQUITY,101008564224,414000,https://www.marriott.com,US5719032022
912029.ETR,FDX,ETR,ok_isin,FedEx Corporation,FedEx Corporation,Industrials,Integrated Freight & Logistics,United States,Memphis,USD,EQUITY,73527066624,300000,https://www.fedex.com,US31428X1063
914508.ETR,TTWO,ETR,ok_isin,"Take-Two Interactive Software, ","Take-Two Interactive Software, Inc.",Communication Services,Electronic Gaming & Multimedia,United States,New York,USD,EQUITY,45293379584,12909,https://www.take2games.com,US8740541094
915272.ETR,CTSH,ETR,ok_isin,Cognizant Technology Solutions ,Cognizant Technology Solutions Corporation,Technology,Information Technology Services,United States,Teaneck,USD,EQUITY,22254649344,357600,https://www.cognizant.com,US1924461023
916018.ETR,BATS.L,ETR,ok_isin,BRITISH AMERICAN TOBACCO PLC OR,British American Tobacco p.l.c.,Consumer Defensive,Tobacco,United Kingdom,London,GBp,EQUITY,100585537536,47797,https://www.bat.com,GB0002875804
915266.ETR,SRE,ETR,ok_isin,DBA Sempra,Sempra,Utilities,Utilities - Diversified,United States,San Diego,USD,EQUITY,59650797568,15938,https://www.sempra.com,US8168511090
915210.ETR,DOC.VI,ETR,ok_isin,DO & CO AG,DO & CO Aktiengesellschaft,Industrials,Airports & Air Services,Austria,Vienna,EUR,EQUITY,2207675136,16395,https://www.doco.com,AT0000818802
916529.ETR,EBAY,ETR,ok_isin,eBay Inc.,eBay Inc.,Consumer Cyclical,Internet Retail,United States,San Jose,USD,EQUITY,50265239552,12300,https://www.ebayinc.com,US2786421030
920657.ETR,SAN.PA,ETR,ok_isin,SANOFI,Sanofi,Healthcare,Drug Manufacturers - General,France,Paris,EUR,EQUITY,93907558400,74846,https://www.sanofi.com,FR0000120578
917523.ETR,USB,ETR,ok_isin,U.S. Bancorp,U.S. Bancorp,Financial Services,Banks - Regional,United States,Minneapolis,USD,EQUITY,98900385792,70000,https://www.usbank.com,US9029733048
920299.ETR,HLG.DE,ETR,ok_isin,HIGHLIGHT COMMUNICATIONS AG   I,Highlight Communications AG,Communication Services,Entertainment,Switzerland,Pratteln,EUR,EQUITY,30075102,1383,https://www.highlight-communications.ch,CH0006539198
918422.ETR,NVDA,ETR,ok_isin,NVIDIA Corporation,NVIDIA Corporation,Technology,Semiconductors,United States,Santa Clara,USD,EQUITY,4759668391936,42000,https://www.nvidia.com,US67066G1040
923889.ETR,,ETR,isin_not_found,,,,,,,,,,,,US48203R1041
923893.ETR,HSBA.L,ETR,ok_isin,HSBC HOLDINGS PLC ORD $0.50 (UK,HSBC Holdings plc,Financial Services,Banks - Diversified,United Kingdom,London,GBp,EQUITY,266620370944,208844,https://www.hsbc.com,GB0005405286
922985.ETR,FAA.DE,ETR,ok_isin,FABASOFT AG                   I,Fabasoft AG,Technology,Software - Application,Austria,Linz,EUR,EQUITY,141869920,505,https://www.fabasoft.com,AT0000785407
920332.ETR,GS,ETR,ok_isin,"Goldman Sachs Group, Inc. (The)","The Goldman Sachs Group, Inc.",Financial Services,Capital Markets,United States,New York,USD,EQUITY,309235613696,46200,https://www.goldmansachs.com,US38141G1040
924801.ETR,BMRN,ETR,ok_isin,BioMarin Pharmaceutical Inc.,BioMarin Pharmaceutical Inc.,Healthcare,Biotechnology,United States,San Rafael,USD,EQUITY,11649252352,3221,https://www.biomarin.com,US09061G1013
922977.ETR,FFIV,ETR,ok_isin,"F5, Inc.","F5, Inc.",Technology,Software - Infrastructure,United States,Seattle,USD,EQUITY,23016796160,6512,https://www.f5.com,US3156161024
922230.ETR,ATS.VI,ETR,ok_isin,AT&S Austria Tech.&Systemtech.,AT & S Austria Technologie & Systemtechnik Aktiengesellschaft,Technology,Electronic Components,Austria,Leoben,EUR,EQUITY,5073810432,12944,https://ats.net,AT0000969985
928193.ETR,,ETR,isin_not_found,,,,,,,,,,,,US09247X1019
924838.ETR,LII,ETR,ok_isin,"Lennox International, Inc.",Lennox International Inc.,Industrials,Building Products & Equipment,United States,Richardson,USD,EQUITY,19047761920,5400,https://www.lennox.com,US5261071071
927079.ETR,ILMN,ETR,ok_isin,"Illumina, Inc.","Illumina, Inc.",Healthcare,Diagnostics & Research,United States,San Diego,USD,EQUITY,28666810368,8600,https://www.illumina.com,US4523271090
925345.ETR,DVN,ETR,ok_isin,Devon Energy Corporation,Devon Energy Corporation,Energy,Oil & Gas E&P,United States,Houston,USD,EQUITY,49780879360,2200,https://www.devonenergy.com,US25179M1036
928624.ETR,ENEL.MI,ETR,ok_isin,ENEL,Enel SpA,Utilities,Utilities - Diversified,Italy,Rome,EUR,EQUITY,98994470912,61544,https://www.enel.com,IT0003128367
930124.ETR,ON,ETR,ok_isin,ON Semiconductor Corporation,ON Semiconductor Corporation,Technology,Semiconductors,United States,Scottsdale,USD,EQUITY,34653085696,22600,https://www.onsemi.com,US6821891057
928906.ETR,AKAM,ETR,ok_isin,"Akamai Technologies, Inc.","Akamai Technologies, Inc.",Technology,Software - Infrastructure,United States,Cambridge,USD,EQUITY,16406748160,11419,https://www.akamai.com,US00971T1016
931083.ETR,ATI,ETR,ok_isin,ATI Inc.,ATI Inc.,Industrials,Metal Fabrication,United States,Dallas,USD,EQUITY,26289664000,7600,https://www.atimaterials.com,US01741R1023
929198.ETR,UPS,ETR,ok_isin,"United Parcel Service, Inc.","United Parcel Service, Inc.",Industrials,Integrated Freight & Logistics,United States,Atlanta,USD,EQUITY,96008208384,460000,https://www.ups.com,US9113121068
928900.ETR,UQA.VI,ETR,ok_isin,UNIQA Insurance Group AG,UNIQA Insurance Group AG,Financial Services,Insurance - Diversified,Austria,Vienna,EUR,EQUITY,5408728064,14850,https://www.uniqagroup.com,AT0000821103
934623.ETR,MET,ETR,ok_isin,"MetLife, Inc.","MetLife, Inc.",Financial Services,Insurance - Life,United States,New York,USD,EQUITY,61248749568,46000,https://www.metlife.com,US59156R1086
932798.ETR,D,ETR,ok_isin,"Dominion Energy, Inc.","Dominion Energy, Inc.",Utilities,Utilities - Regulated Electric,United States,Richmond,USD,EQUITY,61803339776,15200,https://www.dominionenergy.com,US25746U1097
936386.ETR,SGMOQ,ETR,ok_isin,"Sangamo Therapeutics, Inc.","Sangamo Therapeutics, Inc.",,,United States,Richmond,USD,EQUITY,,142,https://www.sangamo.com,US8006771062
936718.ETR,EXEL,ETR,ok_isin,"Exelixis, Inc.","Exelixis, Inc.",Healthcare,Biotechnology,United States,Alameda,USD,EQUITY,14028128256,1077,https://www.exelixis.com,US30161Q1040
939391.ETR,CRL,ETR,ok_isin,Charles River Laboratories Inte,"Charles River Laboratories International, Inc.",Healthcare,Diagnostics & Research,United States,Wilmington,USD,EQUITY,10804021248,18300,https://www.criver.com,US1598641074
938914.ETR,AIR.PA,ETR,ok_isin,AIRBUS SE,Airbus SE,Industrials,Aerospace & Defense,Netherlands,Leiden,EUR,EQUITY,166813630464,166876,https://www.airbus.com,NL0000235190
940883.ETR,APM.DE,ETR,ok_isin,AD PEPPER MEDIA INTL N.V.     A,ad pepper media International N.V.,Communication Services,Advertising Agencies,Germany,Nuremberg,EUR,EQUITY,64561692,315,https://adpeppergroup.com,NL0000238145
940561.ETR,,ETR,isin_not_found,,,,,,,,,,,,GB0009252882
A0B5Z8.ETR,,ETR,isin_not_found,,,,,,,,,,,,ES0143416115
A0B57L.ETR,ITM.L,ETR,ok_isin,ITM POWER PLC ORD 5P,ITM Power Plc,Industrials,Specialty Industrial Machinery,United Kingdom,Sheffield,GBp,EQUITY,692272320,306,https://itm-power.com,GB00B0130H42
940602.ETR,PHIA.AS,ETR,ok_isin,KON.PHILIPS N.V.,Koninklijke Philips N.V.,Healthcare,Medical Devices,Netherlands,Amsterdam,EUR,EQUITY,20586592256,61085,https://www.philips.com,NL0000009538
940936.ETR,PHG,ETR,ok_isin,Koninklijke Philips N.V. NY Reg,Koninklijke Philips N.V.,Healthcare,Medical Devices,Netherlands,Amsterdam,USD,EQUITY,24319006720,61085,https://www.philips.com,US5004723038
936853.ETR,EW,ETR,ok_isin,Edwards Lifesciences Corporatio,Edwards Lifesciences Corporation,Healthcare,Medical Devices,United States,Irvine,USD,EQUITY,47814430720,16000,https://www.edwards.com,US28176E1082
A0B6XA.ETR,RF,ETR,ok_isin,Regions Financial Corporation,Regions Financial Corporation,Financial Services,Banks - Regional,United States,Birmingham,USD,EQUITY,26232885248,20003,https://www.regions.com,US7591EP1005
A0B65S.ETR,,ETR,isin_not_found,,,,,,,,,,,,DE000A0B65S3
A0B87V.ETR,CRM,ETR,ok_isin,"Salesforce, Inc.","Salesforce, Inc.",Technology,Software - Application,United States,San Francisco,USD,EQUITY,142178402304,83334,https://www.salesforce.com,US79466L3024
A0B6VB.ETR,,ETR,isin_not_found,,,,,,,,,,,,US7033951036
A0B9N3.ETR,JDC.DE,ETR,ok_isin,JDC Group AG                  I,JDC Group AG,Financial Services,Financial Conglomerates,Germany,Wiesbaden,EUR,EQUITY,310991008,430,https://www.jdcgroup.de,DE000A0B9N37
A0B8S2.ETR,LVS,ETR,ok_isin,Las Vegas Sands Corp.,Las Vegas Sands Corp.,Consumer Cyclical,Resorts & Casinos,United States,Las Vegas,USD,EQUITY,31647557632,41000,https://www.sands.com,US5178341070
A0B897.ETR,MKTX,ETR,ok_isin,"MarketAxess Holdings, Inc.",MarketAxess Holdings Inc.,Financial Services,Capital Markets,United States,New York,USD,EQUITY,4192589312,859,https://www.marketaxess.com,US57060D1081
A0BVU2.ETR,OSP2.HM,ETR,ok_isin,USU Ventures AG               I,USU Software AG,Technology,Information Technology Services,Germany,Möglingen,EUR,EQUITY,91329280,806,https://www.usu.com,DE000A0BVU28
A0CA0G.ETR,HEIA.AS,ETR,ok_isin,HEINEKEN,Heineken N.V.,Consumer Defensive,Beverages - Brewers,Netherlands,Amsterdam,EUR,EQUITY,43523690496,81028,https://www.theheinekencompany.com,NL0000009165
A0BLR4.ETR,NRG,ETR,ok_isin,"NRG Energy, Inc.","NRG Energy, Inc.",Utilities,Utilities - Independent Power Producers,United States,Houston,USD,EQUITY,28799651840,16702,https://www.nrg.com,US6293775085
A0B9VV.ETR,,ETR,isin_not_found,,,,,,,,,,,,DE000A0B9VV6
A0BL84.ETR,V3V.F,ETR,ok_isin,FamiCord AG                   N,FamiCord AG,Healthcare,Medical Care Facilities,Germany,Leipzig,EUR,EQUITY,51159988,723,https://www.famicord.com,DE000A0BL849
A0BLMY.ETR,GFC.PA,ETR,ok_isin,GECINA,Gecina,Real Estate,REIT - Office,France,Paris,EUR,EQUITY,5584157696,437,https://www.gecina.fr,FR0010040865
A0D655.ETR,NDX1.DE,ETR,ok_isin,Nordex SE                     I,Nordex SE,Industrials,Specialty Industrial Machinery,Germany,Hamburg,EUR,EQUITY,8934815744,11202,https://www.nordex-online.com,DE000A0D6554
A0CBCK.ETR,ALNY,ETR,ok_isin,"Alnylam Pharmaceuticals, Inc.","Alnylam Pharmaceuticals, Inc.",Healthcare,Biotechnology,United States,Cambridge,USD,EQUITY,37169901568,2500,https://www.alnylam.com,US02043Q1076
A0D9PT.ETR,MTX.DE,ETR,ok_isin,MTU Aero Engines AG           N,MTU Aero Engines AG,Industrials,Aerospace & Defense,Germany,Munich,EUR,EQUITY,19379294208,13674,https://www.mtu.de,DE000A0D9PT0
A0D9SU.ETR,RBI.VI,ETR,ok_isin,Raiffeisen Bank Internat. AG,Raiffeisen Bank International AG,Financial Services,Banks - Regional,Austria,Vienna,EUR,EQUITY,18682408960,42154,https://www.rbinternational.com/de/home.html,AT0000606306
A0D9U6.ETR,NESTE.HE,ETR,ok_isin,Neste Corporation,Neste Oyj,Energy,Oil & Gas Refining & Marketing,Finland,Espoo,EUR,EQUITY,22933237760,5178,https://www.neste.com,FI0009013296
A0D94M.ETR,,ETR,isin_not_found,,,,,,,,,,,,GB00B03MLX29
A0D9T1.ETR,DXCM,ETR,ok_isin,"DexCom, Inc.","DexCom, Inc.",Healthcare,Medical Devices,United States,San Diego,USD,EQUITY,28311502848,11000,https://www.dexcom.com,US2521311074
A0DK9X.ETR,ORA,ETR,ok_isin,"Ormat Technologies, Inc.","Ormat Technologies, Inc.",Utilities,Utilities - Renewable,United States,Reno,USD,EQUITY,6275637248,1648,https://www.ormat.com,US6866881021
A0DJ6J.ETR,S92.DE,ETR,ok_isin,SMA Solar Technology AG       I,SMA Solar Technology AG,Technology,Solar,Germany,Niestetal,EUR,EQUITY,1839100032,3659,https://www.sma.de,DE000A0DJ6J9
A0DNAY.ETR,ACX.DE,ETR,ok_isin,bet-at-home.com AG            I,bet-at-home.com AG,Consumer Cyclical,Gambling,Germany,Düsseldorf,EUR,EQUITY,21896160,98,https://www.bet-at-home.ag,DE000A0DNAY5
A0DNCY.ETR,DLB,ETR,ok_isin,Dolby Laboratories,"Dolby Laboratories, Inc.",Industrials,Specialty Business Services,United States,San Francisco,USD,EQUITY,4850045440,2051,https://www.dolby.com,US25659T1079
A0DM94.ETR,K.TO,ETR,ok_isin,KINROSS GOLD CORP.,Kinross Gold Corporation,Basic Materials,Gold,Canada,Toronto,CAD,EQUITY,40325074944,,https://www.kinross.com,CA4969024047
A0ETBQ.ETR,MBB.DE,ETR,ok_isin,MBB SE                        I,MBB SE,Industrials,Conglomerates,Germany,Berlin,EUR,EQUITY,1002626112,4211,https://www.mbb.com,DE000A0ETBQ4
A0ET46.ETR,,ETR,isin_not_found,,,,,,,,,,,,US78486Q1013
A0ET4X.ETR,KNEBV.HE,ETR,ok_isin,KONE Corporation,KONE Oyj,Industrials,Specialty Industrial Machinery,Finland,Espoo,EUR,EQUITY,25986742272,64907,https://www.kone.com,FI0009013403
A0ESP5.ETR,CMG,ETR,ok_isin,"Chipotle Mexican Grill, Inc.","Chipotle Mexican Grill, Inc.",Consumer Cyclical,Restaurants,United States,Newport Beach,USD,EQUITY,42586767360,135000,https://www.chipotle.com,US1696561059
A0ER6S.ETR,,ETR,isin_not_found,,,,,,,,,,,,GB00B03MM408
A0DPTB.ETR,TAP,ETR,ok_isin,Molson Coors Beverage Company,Molson Coors Beverage Company,Consumer Defensive,Beverages - Brewers,United States,Golden,USD,EQUITY,7713987584,16200,https://www.molsoncoors.com,US60871R2094
A0DPRE.ETR,LNSX.F,ETR,ok_isin,Allane SE                     I,Allane SE,Industrials,Rental & Leasing Services,Germany,Munich,EUR,EQUITY,245277936,670,https://www.allane-mobility-group.com,DE000A0DPRE6
A0EQ57.ETR,,ETR,isin_not_found,,,,,,,,,,,,DE000A0EQ578
A0EAT9.ETR,LKFT.AS,ETR,ok_isin,LAKEFRONT BIOTHERAPEUTICS,,Healthcare,Biotechnology,Belgium,Mechelen,EUR,EQUITY,1614851968,452,https://lakefrontbio.com,BE0003818359
A0ER6Q.ETR,ENGI.PA,ETR,ok_isin,ENGIE,Engie SA,Utilities,Utilities - Diversified,France,La Garenne-Colombes,EUR,EQUITY,67715899392,84786,https://www.engie.com,FR0010208488
A0F55S.ETR,AMP,ETR,ok_isin,"Ameriprise Financial, Inc.","Ameriprise Financial, Inc.",Financial Services,Asset Management,United States,Minneapolis,USD,EQUITY,47560085504,13600,https://www.ameriprise.com,US03076C1062
A0F5CC.ETR,,ETR,isin_not_found,,,,,,,,,,,,US4627261005
A0F602.ETR,MA,ETR,ok_isin,Mastercard Incorporated,Mastercard Incorporated,Financial Services,Credit Services,United States,Purchase,USD,EQUITY,487482064896,39800,https://www.mastercard.com,US57636Q1040
A0F5UQ.ETR,,ETR,isin_not_found,,,,,,,,,,,,CH0022237009
A0F7BK.ETR,ALO.PA,ETR,ok_isin,ALSTOM,Alstom SA,Industrials,Railroads,France,Saint-Ouen,EUR,EQUITY,7524449280,87832,https://www.alstom.com,FR0010220475
A0H52F.ETR,MVV1.DE,ETR,ok_isin,MVV Energie AG                N,MVV Energie AG,Utilities,Utilities - Diversified,Germany,Mannheim,EUR,EQUITY,2003566592,6703,https://www.mvv.de,DE000A0H52F5
A0HGDX.ETR,GME,ETR,ok_isin,GameStop Corporation,GameStop Corp.,Consumer Cyclical,Specialty Retail,United States,Grapevine,USD,EQUITY,9655836672,4000,https://www.gamestop.com,US36467W1099
A0HG6A.ETR,,ETR,isin_not_found,,,,,,,,,,,,FR0010242511
A0HGQF.ETR,MF6.SG,ETR,ok_isin,MagForce AG,MagForce AG,Healthcare,Medical Devices,Germany,Berlin,EUR,EQUITY,134692,33,https://www.magforce.de/,DE000A0HGQF5
A0HGF5.ETR,CHRW,ETR,ok_isin,"C.H. Robinson Worldwide, Inc.","C.H. Robinson Worldwide, Inc.",Industrials,Integrated Freight & Logistics,United States,Eden Prairie,USD,EQUITY,20564131840,11705,https://www.chrobinson.com,US12541W2098
A0G9JK.ETR,,ETR,isin_not_found,,,,,,,,,,,,DE000A0G9JK9
A0H0VZ.ETR,LYV,ETR,ok_isin,"Live Nation Entertainment, Inc.","Live Nation Entertainment, Inc.",Communication Services,Entertainment,United States,Beverly Hills,USD,EQUITY,41748676608,17700,https://www.livenationentertainment.com,US5380341090
A0H1FP.ETR,FIS,ETR,ok_isin,Fidelity National Information S,"Fidelity National Information Services, Inc.",Technology,Information Technology Services,United States,Jacksonville,USD,EQUITY,22308503552,44000,https://www.fisglobal.com,US31620M1062
A0HHJR.ETR,CLIQ.DE,ETR,ok_isin,Cliq Digital AG               N,Cliq Digital AG,Communication Services,Entertainment,Germany,Düsseldorf,EUR,EQUITY,20971078,102,https://www.cliqdigital.com,DE000A0HHJR3
A0HL9Z.ETR,T,ETR,ok_isin,AT&T Inc.,AT&T Inc.,Communication Services,Telecom Services,United States,Dallas,USD,EQUITY,167335264256,133030,https://www.att.com,US00206R1023
A0HL4V.ETR,UAA,ETR,ok_isin,"Under Armour, Inc.","Under Armour, Inc.",Consumer Cyclical,Apparel Manufacturing,United States,Baltimore,USD,EQUITY,3018380288,6200,https://www.underarmour.com,US9043111072
A0HL8N.ETR,2GB.F,ETR,ok_isin,2G Energy AG                  I,2G Energy AG,Industrials,Specialty Industrial Machinery,Germany,Heek,EUR,EQUITY,1021683008,1083,https://2-g.com,DE000A0HL8N9
A0HGQS.ETR,P4O.F,ETR,ok_isin,PLANOPTIK AG                  I,Planoptik AG,Technology,Scientific & Technical Instruments,Germany,Elsoff,EUR,EQUITY,35889400,97,https://planoptik.com,DE000A0HGQS8
A0HGWX.ETR,,ETR,isin_not_found,,,,,,,,,,,,US67020Y1001
A0JC0V.ETR,,ETR,isin_not_found,,,,,,,,,,,,DE000A0JC0V8
A0HN5C.ETR,DWNI.DE,ETR,ok_isin,Deutsche Wohnen SE            I,Deutsche Wohnen SE,Real Estate,Real Estate Services,Germany,Berlin,EUR,EQUITY,7414745600,776,https://www.deutsche-wohnen.com,DE000A0HN5C6
A0HNF9.ETR,IC8.SG,ETR,ok_isin,InCity Immobilien AG,InCity Immobilien AG,Real Estate,Real Estate Services,Germany,Schönefeld,EUR,EQUITY,30087304,20,https://www.incity.ag,DE000A0HNF96
A0HNLY.ETR,GTE.L,ETR,ok_isin,GRAN TIERRA ENERGY INC. COM STK,Gran Tierra Energy Inc.,Energy,Oil & Gas E&P,Canada,Calgary,GBp,EQUITY,190660528,406,https://www.grantierra.com,US38500T1016
A0JBPG.ETR,PNE3.DE,ETR,ok_isin,PNE AG                        N,PNE AG,Utilities,Utilities - Renewable,Germany,Cuxhaven,EUR,EQUITY,811995392,666,https://www.pnegroup.com,DE000A0JBPG2
A0JCY1.ETR,,ETR,isin_not_found,,,,,,,,,,,,DE000A0JCY11
A0JDBC.ETR,LIK.DE,ETR,ok_isin,Limes Schlosskliniken AG      I,LIMES Schlosskliniken AG,Healthcare,Medical Care Facilities,Germany,Cologne,EUR,EQUITY,174301920,183,https://www.limes-schlosskliniken.de,DE000A0JDBC7
A0JC8S.ETR,,ETR,isin_not_found,,,,,,,,,,,,DE000A0JC8S7
A0JJTG.ETR,GTY.DE,ETR,ok_isin,Gateway Real Estate AG        I,Gateway Real Estate AG,Real Estate,Real Estate - Development,Germany,Berlin,EUR,EQUITY,72837968,29,https://www.gateway-re.de,DE000A0JJTG7
A0JEJF.ETR,LSEG.L,ETR,ok_isin,LONDON STOCK EXCHANGE GROUP PLC,London Stock Exchange Group plc,Financial Services,Financial Data & Stock Exchanges,United Kingdom,London,GBp,EQUITY,43753730048,28516,https://www.lseg.com,GB00B0SWJX34
A0JDRR.ETR,UEC,ETR,ok_isin,Uranium Energy Corp.,Uranium Energy Corp.,Energy,Uranium,United States,Corpus Christi,USD,EQUITY,4858087936,171,https://www.uraniumenergy.com,US9168961038
A0JK2A.ETR,AR4.HM,ETR,ok_isin,AUR Portfolio III SE&Co.KGaA  I,AURELIUS Equity Opportunities SE & Co. KGaA,Financial Services,Asset Management,United Kingdom,London,EUR,EQUITY,398109664,10144,https://www.aurelius-group.com,DE000A0JK2A8
A0JKWU.ETR,,ETR,isin_not_found,,,,,,,,,,,,AT0000A00Y78
A0JL9W.ETR,VBK.DE,ETR,ok_isin,Verbio SE                     I,Verbio SE,Basic Materials,Specialty Chemicals,Germany,Leipzig,EUR,EQUITY,1865589248,1394,https://www.verbio.de,DE000A0JL9W6
A0JL2Y.ETR,,ETR,isin_not_found,,,,,,,,,,,,NL0000303709
A0JL4D.ETR,O5G.DE,ETR,ok_isin,CPI PROPERTY GROUP S.A.       A,CPI Property Group,Real Estate,Real Estate Services,Luxembourg,Luxembourg City,EUR,EQUITY,6617819648,1790,https://www.cpipg.com,LU0251710041
A0JLPR.ETR,ZAG.VI,ETR,ok_isin,Zumtobel Group AG,Zumtobel Group AG,Industrials,Electrical Equipment & Parts,Austria,Dornbirn,EUR,EQUITY,169350848,4714,https://www.z.lighting,AT0000837307
A0JM2M.ETR,B7E.DE,ETR,ok_isin,Blue Cap AG                   I,Blue Cap AG,Financial Services,Asset Management,Germany,Munich,EUR,EQUITY,74696608,536,https://www.blue-cap.de,DE000A0JM2M1
A0JMVJ.ETR,POOL,ETR,ok_isin,Pool Corporation,Pool Corporation,Industrials,Industrial Distribution,United States,Covington,USD,EQUITY,6727742976,6000,https://www.poolcorp.com,US73278L1052
A0JMQL.ETR,,ETR,isin_not_found,,,,,,,,,,,,US42809H1077
A0JLZ7.ETR,,ETR,isin_not_found,,,,,,,,,,,,NL0000009827
A0JML5.ETR,POST.VI,ETR,ok_isin,Oesterreichische Post AG,Österreichische Post AG,Industrials,Integrated Freight & Logistics,Austria,Vienna,EUR,EQUITY,2178572544,27868,https://www.post.at,AT0000APOST4
A0JNE2.ETR,,ETR,isin_not_found,,,,,,,,,,,,GB00B10RZP78
A0KEXC.ETR,,ETR,isin_not_found,,,,,,,,,,,,DE000A0KEXC7
A0KF6M.ETR,H9Y.HM,ETR,ok_isin,HanseYachts AG                I,HanseYachts AG,Consumer Cyclical,Recreational Vehicles,Germany,Greifswald,EUR,EQUITY,13720708,1542,https://www.hanseyachtsag.com,DE000A0KF6M8
A0JQ5U.ETR,M5Z.F,ETR,ok_isin,Manz AG                       I,Manz AG,Technology,Semiconductor Equipment & Materials,Germany,Reutlingen,EUR,EQUITY,422344,1435,https://www.manz.com,DE000A0JQ5U3
A0KD0F.ETR,M4N.HM,ETR,ok_isin,GIVE AG                       I,Give AG,Industrials,Engineering & Construction,Germany,Hamburg,EUR,EQUITY,18211748,389,https://www.give-ag.com,DE000A0KD0F7
A0KEQF.ETR,,ETR,isin_not_found,,,,,,,,,,,,US4103451021
A0KFKB.ETR,,ETR,isin_not_found,,,,,,,,,,,,DE000A0KFKB3
A0LA17.ETR,WU,ETR,ok_isin,Western Union Company (The),The Western Union Company,Financial Services,Credit Services,United States,Denver,USD,EQUITY,2552594944,9600,https://www.westernunion.com,US9598021098
A0L1NN.ETR,,ETR,isin_not_found,,,,,,,,,,,,DE000A0L1NN5
A0LAUP.ETR,CE2.HM,ETR,ok_isin,CropEnergies AG               I,CropEnergies AG,Basic Materials,Specialty Chemicals,Germany,Mannheim,EUR,EQUITY,1238950016,483,https://www.cropenergies.com,DE000A0LAUP1
A0KPPR.ETR,NTG.DE,ETR,ok_isin,Nabaltec AG                   I,Nabaltec AG,Basic Materials,Specialty Chemicals,Germany,Schwandorf,EUR,EQUITY,109560000,510,https://www.nabaltec.de,DE000A0KPPR7
A0KFKH.ETR,E8X.F,ETR,ok_isin,elexxion AG                   I,elexxion AG,Healthcare,Medical Devices,Germany,Singen,EUR,EQUITY,330530,8,https://www.elexxion.com,DE000A0KFKH0
A0KFRJ.ETR,,ETR,isin_not_found,,,,,,,,,,,,DE000A0KFRJ1
A0KFUJ.ETR,,ETR,isin_not_found,,,,,,,,,,,,DE000A0KFUJ5
A0LBKW.ETR,CFC.DE,ETR,ok_isin,aconnic AG                    I,aconnic AG,Technology,Communication Equipment,Germany,Munich,EUR,EQUITY,8607200,248,https://www.aconnic.com,DE000A0LBKW6
A0LD2U.ETR,,ETR,isin_not_found,,,,,,,,,,,,DE000A0LD2U1
A0LCTL.ETR,,ETR,isin_not_found,,,,,,,,,,,,US38068T1051
A0LD6E.ETR,GXI.F,ETR,ok_isin,Gerresheimer AG               I,Gerresheimer AG,Healthcare,Medical Instruments & Supplies,Germany,Düsseldorf,EUR,EQUITY,974718784,13528,https://www.gerresheimer.com,DE000A0LD6E6
A0LBFE.ETR,M3V.DE,ETR,ok_isin,MeVis Medical Solutions AG    N,MeVis Medical Solutions AG,Healthcare,Health Information Services,Germany,Bremen,EUR,EQUITY,41860000,127,https://www.mevis.de,DE000A0LBFE4
A0LBCR.ETR,,ETR,isin_not_found,,,,,,,,,,,,CA81732W1041
A0LCN9.ETR,OC,ETR,ok_isin,Owens Corning Inc,Owens Corning,Industrials,Building Products & Equipment,United States,Toledo,USD,EQUITY,11551787008,25000,https://www.owenscorning.com,US6907421019
A0LGD8.ETR,,ETR,isin_not_found,,,,,,,,,,,,US02208R1068
A0LEKM.ETR,FSLR,ETR,ok_isin,"First Solar, Inc.","First Solar, Inc.",Technology,Solar,United States,Phoenix,USD,EQUITY,22117126144,7900,https://www.firstsolar.com,US3364331070
A0LGV4.ETR,WXF.VI,ETR,ok_isin,Warimpex Finanz- und Bet. AG,Warimpex Finanz- und Beteiligungs AG,Real Estate,Real Estate Services,Austria,Vienna,EUR,EQUITY,26550966,87,https://www.warimpex.com,AT0000827209
A0LHKJ.ETR,AG.TO,ETR,ok_isin,FIRST MAJESTIC SILVER CORP,First Majestic Silver Corp.,Basic Materials,Silver,Canada,Vancouver,CAD,EQUITY,11297446912,,https://www.firstmajestic.com,CA32076V1031
A0LF18.ETR,NWRN.SW,ETR,ok_isin,NEWRON PHARMA N,Newron Pharmaceuticals S.p.A.,Healthcare,Biotechnology,Italy,Bresso,CHF,EQUITY,246340624,27,https://www.newron.com,IT0004147952
A0LDA7.ETR,CIEN,ETR,ok_isin,Ciena Corporation,Ciena Corporation,Technology,Communication Equipment,United States,Hanover,USD,EQUITY,53403672576,8898,https://www.ciena.com,US1717793095
A0M1W6.ETR,,ETR,isin_not_found,,,,,,,,,,,,GB00B24CGK77
A0M46B.ETR,IBE.MC,ETR,ok_isin,ACCIONES IBERDROLA,"Iberdrola, S.A.",Utilities,Utilities - Diversified,Spain,Bilbao,EUR,EQUITY,141337149440,44573,https://www.iberdrola.com,ES0144580Y14
A0M530.ETR,,ETR,isin_not_found,,,,,,,,,,,,NL0006129074
A0LR4P.ETR,H9W.DE,ETR,ok_isin,HWA AG                        I,HWA AG,Consumer Cyclical,Auto Parts,Germany,Affalterbach,EUR,EQUITY,37292756,264,https://www.hwaag.com,DE000A0LR4P1
A0LR9G.ETR,EXL.DE,ETR,ok_isin,EXASOL AG                     N,Exasol AG,Technology,Software - Infrastructure,Germany,Nuremberg,EUR,EQUITY,54497936,160,https://www.exasol.com,DE000A0LR9G9
A0LR93.ETR,ST5.F,ETR,ok_isin,STEICO SE                     I,STEICO SE,Basic Materials,Lumber & Wood Production,Germany,Feldkirchen,EUR,EQUITY,261389104,1957,https://www.steico.com,DE000A0LR936
A0M63R.ETR,MSCI,ETR,ok_isin,MSCI Inc.,MSCI Inc.,Financial Services,Financial Data & Stock Exchanges,United States,New York,USD,EQUITY,41513881600,6327,https://www.msci.com,US55354G1004
A0MEK9.ETR,,ETR,isin_not_found,,,,,,,,,,,,DE000A0MEK93
A0M93V.ETR,ABX.DE,ETR,ok_isin,Advanced Blockchain AG        I,Advanced Blockchain AG,Technology,Software - Application,Germany,Berlin,EUR,EQUITY,5477317,4,https://www.advancedblockchain.com,DE000A0M93V6
A0M95J.ETR,REL.L,ETR,ok_isin,RELX PLC ORD 14 51/116P,RELX PLC,Industrials,Specialty Business Services,United Kingdom,London,GBp,EQUITY,48611663872,37000,https://www.relx.com,GB00B2B0DG97
A0M9BA.ETR,,ETR,isin_not_found,,,,,,,,,,,,US4837091010
A0MEKV.ETR,,ETR,isin_not_found,,,,,,,,,,,,DE000A0MEKV0
A0MEKW.ETR,,ETR,isin_not_found,,,,,,,,,,,,DE000A0MEKW8
A0MELK.ETR,,ETR,isin_not_found,,,,,,,,,,,,DE000A0MELK1
A0MEP1.ETR,,ETR,isin_not_found,,,,,,,,,,,,DE000A0MEP15
A0MEKX.ETR,,ETR,isin_not_found,,,,,,,,,,,,DE000A0MEKX6
A0MEP0.ETR,,ETR,isin_not_found,,,,,,,,,,,,DE000A0MEP07
A0MEKY.ETR,,ETR,isin_not_found,,,,,,,,,,,,DE000A0MEKY4
A0MEKZ.ETR,,ETR,isin_not_found,,,,,,,,,,,,DE000A0MEKZ1
A0MEP4.ETR,,ETR,isin_not_found,,,,,,,,,,,,DE000A0MEP49
A0MEP8.ETR,,ETR,isin_not_found,,,,,,,,,,,,DE000A0MEP80
A0MEP5.ETR,,ETR,isin_not_found,,,,,,,,,,,,DE000A0MEP56
A0MEP9.ETR,,ETR,isin_not_found,,,,,,,,,,,,DE000A0MEP98
A0MEP2.ETR,,ETR,isin_not_found,,,,,,,,,,,,DE000A0MEP23
A0MEP3.ETR,,ETR,isin_not_found,,,,,,,,,,,,DE000A0MEP31
A0MEP6.ETR,,ETR,isin_not_found,,,,,,,,,,,,DE000A0MEP64
A0MEPL.ETR,,ETR,isin_not_found,,,,,,,,,,,,DE000A0MEPL0
A0MEPQ.ETR,,ETR,isin_not_found,,,,,,,,,,,,DE000A0MEPQ9
A0MEPP.ETR,,ETR,isin_not_found,,,,,,,,,,,,DE000A0MEPP1
A0MEPM.ETR,,ETR,isin_not_found,,,,,,,,,,,,DE000A0MEPM8
A0MEPN.ETR,,ETR,isin_not_found,,,,,,,,,,,,DE000A0MEPN6
A0MEPR.ETR,,ETR,isin_not_found,,,,,,,,,,,,DE000A0MEPR7
A0MEPV.ETR,,ETR,isin_not_found,,,,,,,,,,,,DE000A0MEPV9
A0MEPX.ETR,,ETR,isin_not_found,,,,,,,,,,,,DE000A0MEPX5
A0MEPW.ETR,,ETR,isin_not_found,,,,,,,,,,,,DE000A0MEPW7
A0MEPY.ETR,,ETR,isin_not_found,,,,,,,,,,,,DE000A0MEPY3
A0MEPS.ETR,,ETR,isin_not_found,,,,,,,,,,,,DE000A0MEPS5
A0MEPT.ETR,,ETR,isin_not_found,,,,,,,,,,,,DE000A0MEPT3
A0MEPU.ETR,,ETR,isin_not_found,,,,,,,,,,,,DE000A0MEPU1
A0MEQB.ETR,,ETR,isin_not_found,,,,,,,,,,,,DE000A0MEQB9
A0MEQE.ETR,,ETR,isin_not_found,,,,,,,,,,,,DE000A0MEQE3
A0MEQP.ETR,,ETR,isin_not_found,,,,,,,,,,,,DE000A0MEQP9
A0MEQC.ETR,,ETR,isin_not_found,,,,,,,,,,,,DE000A0MEQC7
A0MEQQ.ETR,,ETR,isin_not_found,,,,,,,,,,,,DE000A0MEQQ7
A0MEQA.ETR,,ETR,isin_not_found,,,,,,,,,,,,DE000A0MEQA1
A0MEPZ.ETR,,ETR,isin_not_found,,,,,,,,,,,,DE000A0MEPZ0
A0MEQR.ETR,,ETR,isin_not_found,,,,,,,,,,,,DE000A0MEQR5
A0MEX2.ETR,,ETR,isin_not_found,,,,,,,,,,,,DE000A0MEX23
A0MEX0.ETR,,ETR,isin_not_found,,,,,,,,,,,,DE000A0MEX07
A0MEQW.ETR,,ETR,isin_not_found,,,,,,,,,,,,DE000A0MEQW5
A0MEX3.ETR,,ETR,isin_not_found,,,,,,,,,,,,DE000A0MEX31
A0MEX1.ETR,,ETR,isin_not_found,,,,,,,,,,,,DE000A0MEX15
A0MEQV.ETR,,ETR,isin_not_found,,,,,,,,,,,,DE000A0MEQV7
A0MEQS.ETR,,ETR,isin_not_found,,,,,,,,,,,,DE000A0MEQS3
A0MEX6.ETR,,ETR,isin_not_found,,,,,,,,,,,,DE000A0MEX64
A0MEX8.ETR,,ETR,isin_not_found,,,,,,,,,,,,DE000A0MEX80
A0MEX9.ETR,,ETR,isin_not_found,,,,,,,,,,,,DE000A0MEX98
A0MEX7.ETR,,ETR,isin_not_found,,,,,,,,,,,,DE000A0MEX72
A0MEXM.ETR,,ETR,isin_not_found,,,,,,,,,,,,DE000A0MEXM2
A0MEX5.ETR,,ETR,isin_not_found,,,,,,,,,,,,DE000A0MEX56
A0MEX4.ETR,,ETR,isin_not_found,,,,,,,,,,,,DE000A0MEX49
A0MEXR.ETR,,ETR,isin_not_found,,,,,,,,,,,,DE000A0MEXR1
A0MEXS.ETR,,ETR,isin_not_found,,,,,,,,,,,,DE000A0MEXS9
A0MEXT.ETR,,ETR,isin_not_found,,,,,,,,,,,,DE000A0MEXT7
A0MEXU.ETR,,ETR,isin_not_found,,,,,,,,,,,,DE000A0MEXU5
A0MEXN.ETR,,ETR,isin_not_found,,,,,,,,,,,,DE000A0MEXN0
A0MEXP.ETR,,ETR,isin_not_found,,,,,,,,,,,,DE000A0MEXP5
A0MEXQ.ETR,,ETR,isin_not_found,,,,,,,,,,,,DE000A0MEXQ3
A0MEXV.ETR,,ETR,isin_not_found,,,,,,,,,,,,DE000A0MEXV3
A0MEYA.ETR,,ETR,isin_not_found,,,,,,,,,,,,DE000A0MEYA5
A0MEXZ.ETR,,ETR,isin_not_found,,,,,,,,,,,,DE000A0MEXZ4
A0MEYB.ETR,,ETR,isin_not_found,,,,,,,,,,,,DE000A0MEYB3
A0MEXY.ETR,,ETR,isin_not_found,,,,,,,,,,,,DE000A0MEXY7
A0MEXW.ETR,,ETR,isin_not_found,,,,,,,,,,,,DE000A0MEXW1
A0MEXX.ETR,,ETR,isin_not_found,,,,,,,,,,,,DE000A0MEXX9
A0MEYG.ETR,,ETR,isin_not_found,,,,,,,,,,,,DE000A0MEYG2
A0MEYD.ETR,,ETR,isin_not_found,,,,,,,,,,,,DE000A0MEYD9
A0MEYH.ETR,,ETR,isin_not_found,,,,,,,,,,,,DE000A0MEYH0
A0MEYE.ETR,,ETR,isin_not_found,,,,,,,,,,,,DE000A0MEYE7
A0MEYF.ETR,,ETR,isin_not_found,,,,,,,,,,,,DE000A0MEYF4
A0MEYM.ETR,,ETR,isin_not_found,,,,,,,,,,,,DE000A0MEYM0
A0MK44.ETR,CNK,ETR,ok_isin,Cinemark Holdings Inc Cinemark ,"Cinemark Holdings, Inc.",Communication Services,Entertainment,United States,Plano,USD,EQUITY,3931076096,8451,https://www.cinemark.com,US17243V1026
A0MEYN.ETR,,ETR,isin_not_found,,,,,,,,,,,,DE000A0MEYN8
A0MEYP.ETR,,ETR,isin_not_found,,,,,,,,,,,,DE000A0MEYP3
A0MEYQ.ETR,,ETR,isin_not_found,,,,,,,,,,,,DE000A0MEYQ1
A0MEYS.ETR,,ETR,isin_not_found,,,,,,,,,,,,DE000A0MEYS7
A0MQV8.ETR,DAL,ETR,ok_isin,"Delta Air Lines, Inc.","Delta Air Lines, Inc.",Industrials,Airlines,United States,Atlanta,USD,EQUITY,56996188160,103000,https://www.delta.com,US2473617023
A0MSY7.ETR,SRV1V.HE,ETR,ok_isin,SRV Group Plc,SRV Yhtiöt Oyj,Industrials,Engineering & Construction,Finland,Helsinki,EUR,EQUITY,91203224,716,https://www.srv.fi,FI0009015309
A0MUES.ETR,,ETR,isin_not_found,,,,,,,,,,,,US2547091080
A0MS7Y.ETR,M,ETR,ok_isin,Macy's Inc,"Macy's, Inc.",Consumer Cyclical,Department Stores,United States,New York,USD,EQUITY,6565427200,90134,https://www.macysinc.com,US55616P1049
A0MSN1.ETR,M7U.F,ETR,ok_isin,Nynomic AG                    I,Nynomic AG,Technology,Scientific & Technical Instruments,Germany,Wedel,EUR,EQUITY,101159824,538,https://www.nynomic.com,DE000A0MSN11
A0MLX4.ETR,TRV,ETR,ok_isin,"The Travelers Companies, Inc.","The Travelers Companies, Inc.",Financial Services,Insurance - Property & Casualty,United States,New York,USD,EQUITY,81417265152,34000,https://www.travelers.com,US89417E1091
A0MUKL.ETR,AAM.SW,ETR,ok_isin,ANGLO PLC,Anglo American plc,Basic Materials,Other Industrial Metals & Mining,United Kingdom,London,CHF,EQUITY,42859515904,26400,https://www.angloamerican.com,GB00B1XZS820
A0MW32.ETR,CME,ETR,ok_isin,CME Group Inc.,CME Group Inc.,Financial Services,Financial Data & Stock Exchanges,United States,Chicago,USD,EQUITY,91822161920,3875,https://www.cmegroup.com,US12572Q1058
A0MVJZ.ETR,VLA.PA,ETR,ok_isin,VALNEVA SE,Valneva SE,Healthcare,Biotechnology,France,Saint-Herblain,EUR,EQUITY,450143360,674,https://valneva.com,FR0004056851
A0MVKA.ETR,BNY,ETR,ok_isin,The Bank of New York Mellon Cor,,Financial Services,Banks - Diversified,United States,New York,USD,EQUITY,107047575552,46500,https://www.bny.com,US0640581007
A0MVLS.ETR,ETG.F,ETR,ok_isin,EnviTec Biogas AG             I,EnviTec Biogas AG,Utilities,Utilities - Renewable,Germany,Löhne,EUR,EQUITY,273982496,699,https://www.envitec-biogas.de,DE000A0MVLS8
A0MXBY.ETR,LULU,ETR,ok_isin,lululemon athletica inc.,lululemon athletica inc.,Consumer Cyclical,Apparel Retail,Canada,Vancouver,USD,EQUITY,13380058112,39000,https://corporate.lululemon.com,US5500211090
A0NBN0.ETR,,ETR,isin_not_found,,,,,,,,,,,,US25470M1099
A0MYC8.ETR,,ETR,isin_not_found,,,,,,,,,,,,US9285634021
A0MZ4B.ETR,DLX.F,ETR,ok_isin,Delignit AG                   I,Delignit AG,Basic Materials,Lumber & Wood Production,Germany,Blomberg,EUR,EQUITY,24786548,373,https://www.delignit-ag.de,DE000A0MZ4B0
A0N4N5.ETR,NFN.DE,ETR,ok_isin,NFON AG                       I,NFON AG,Technology,Software - Infrastructure,Germany,Munich,EUR,EQUITY,61281636,429,https://www.nfon.com,DE000A0N4N52
A0MYNP.ETR,MELI,ETR,ok_isin,"MercadoLibre, Inc.","MercadoLibre, Inc.",Consumer Cyclical,Internet Retail,Uruguay,Montevideo,USD,EQUITY,92255690752,123670,https://www.mercadolibre.com,US58733R1023
A0NHKR.ETR,NTAP,ETR,ok_isin,"NetApp, Inc.","NetApp, Inc.",Technology,Software - Infrastructure,United States,San Jose,USD,EQUITY,33267202048,11700,https://www.netapp.com,US64110D1046
A0NC7B.ETR,V,ETR,ok_isin,Visa Inc.,Visa Inc.,Financial Services,Credit Services,United States,San Francisco,USD,EQUITY,689439178752,34100,https://www.visa.com,US92826C8394
A0NDBJ.ETR,PM,ETR,ok_isin,Philip Morris International Inc,Philip Morris International Inc.,Consumer Defensive,Tobacco,United States,Stamford,USD,EQUITY,304958308352,84900,https://www.pmi.com,US7181721090
A0NFQC.ETR,DLTR,ETR,ok_isin,"Dollar Tree, Inc.","Dollar Tree, Inc.",Consumer Defensive,Discount Stores,United States,Chesapeake,USD,EQUITY,24125597696,150000,https://www.dollartree.com,US2567461080
A0NFN3.ETR,BION.SW,ETR,ok_isin,BB BIOTECH N,BB Biotech AG,Healthcare,Biotechnology,Switzerland,Küsnacht,CHF,EQUITY,2862246144,10,https://www.bbbiotech.ch/en/bb-biotech/,CH0038389992
A0NJ38.ETR,AWK,ETR,ok_isin,"American Water Works Company, I","American Water Works Company, Inc.",Utilities,Utilities - Regulated Water,United States,Camden,USD,EQUITY,26276947968,7000,https://www.amwater.com,US0304201033
A0Q90H.ETR,,ETR,isin_not_found,,,,,,,,,,,,US25470F2039
A0Q4K4.ETR,,ETR,isin_not_found,,,,,,,,,,,,US00507V1098
A0QY6X.ETR,,ETR,isin_not_found,,,,,,,,,,,,DE000A0QY6X6
A0Q90J.ETR,,ETR,isin_not_found,,,,,,,,,,,,US25470F3029
A0Q90G.ETR,,ETR,isin_not_found,,,,,,,,,,,,US25470F1049
A0QY70.ETR,,ETR,isin_not_found,,,,,,,,,,,,DE000A0QY709
A0QY7P.ETR,,ETR,isin_not_found,,,,,,,,,,,,DE000A0QY7P0
A0QY7R.ETR,,ETR,isin_not_found,,,,,,,,,,,,DE000A0QY7R6
A0QY71.ETR,,ETR,isin_not_found,,,,,,,,,,,,DE000A0QY717
A0QY7C.ETR,,ETR,isin_not_found,,,,,,,,,,,,DE000A0QY7C8
A0QY7B.ETR,,ETR,isin_not_found,,,,,,,,,,,,DE000A0QY7B0
A0QY7X.ETR,,ETR,isin_not_found,,,,,,,,,,,,DE000A0QY7X4
A0RENB.ETR,BLDP.TO,ETR,ok_isin,BALLARD POWER SYSTEMS INC,Ballard Power Systems Inc.,Industrials,Electrical Equipment & Parts,Canada,Burnaby,CAD,EQUITY,1230021376,492,https://www.ballard.com,CA0585861085
A0QY7Y.ETR,,ETR,isin_not_found,,,,,,,,,,,,DE000A0QY7Y2
A0QY9K.ETR,,ETR,isin_not_found,,,,,,,,,,,,DE000A0QY9K7
A0QY7Z.ETR,,ETR,isin_not_found,,,,,,,,,,,,DE000A0QY7Z9
A0RFZL.ETR,EQT,ETR,ok_isin,EQT Corporation,EQT Corporation,Energy,Oil & Gas E&P,United States,Canonsburg,USD,EQUITY,32526833664,1523,https://www.eqt.com,US26884L1098
A0RNL2.ETR,CDE,ETR,ok_isin,"Coeur Mining, Inc.","Coeur Mining, Inc.",Basic Materials,Gold,United States,Chicago,USD,EQUITY,15829010432,2620,https://www.coeur.com,US1921085049
A0S3K3.ETR,,ETR,isin_not_found,,,,,,,,,,,,DE000A0S3K30
A0S3K0.ETR,,ETR,isin_not_found,,,,,,,,,,,,DE000A0S3K06
A0S3K4.ETR,,ETR,isin_not_found,,,,,,,,,,,,DE000A0S3K48
A0S3K1.ETR,,ETR,isin_not_found,,,,,,,,,,,,DE000A0S3K14
A0S3K2.ETR,,ETR,isin_not_found,,,,,,,,,,,,DE000A0S3K22
A0S3K5.ETR,,ETR,isin_not_found,,,,,,,,,,,,DE000A0S3K55
A0S3K8.ETR,,ETR,isin_not_found,,,,,,,,,,,,DE000A0S3K89
A0S3K9.ETR,,ETR,isin_not_found,,,,,,,,,,,,DE000A0S3K97
A0S3K7.ETR,,ETR,isin_not_found,,,,,,,,,,,,DE000A0S3K71
A0S3KU.ETR,,ETR,isin_not_found,,,,,,,,,,,,DE000A0S3KU5
A0S3KW.ETR,,ETR,isin_not_found,,,,,,,,,,,,DE000A0S3KW1
A0S3LB.ETR,,ETR,isin_not_found,,,,,,,,,,,,DE000A0S3LB3
A0S3LE.ETR,,ETR,isin_not_found,,,,,,,,,,,,DE000A0S3LE7
A0S3KV.ETR,,ETR,isin_not_found,,,,,,,,,,,,DE000A0S3KV3
A0S3KZ.ETR,,ETR,isin_not_found,,,,,,,,,,,,DE000A0S3KZ4
A0S3KX.ETR,,ETR,isin_not_found,,,,,,,,,,,,DE000A0S3KX9
A0S3LK.ETR,,ETR,isin_not_found,,,,,,,,,,,,DE000A0S3LK4
A0S3LF.ETR,,ETR,isin_not_found,,,,,,,,,,,,DE000A0S3LF4
A0S3K6.ETR,,ETR,isin_not_found,,,,,,,,,,,,DE000A0S3K63
A0S3LG.ETR,,ETR,isin_not_found,,,,,,,,,,,,DE000A0S3LG2
A0S3MB.ETR,,ETR,isin_not_found,,,,,,,,,,,,DE000A0S3MB1
A0S3MA.ETR,,ETR,isin_not_found,,,,,,,,,,,,DE000A0S3MA3
A0SMU8.ETR,NB2.F,ETR,ok_isin,Northern Data AG              I,Northern Data AG,Technology,Information Technology Services,Germany,Frankfurt am Main,EUR,EQUITY,301724352,157,https://northerndata.de,DE000A0SMU87
A0S9R3.ETR,,ETR,isin_not_found,,,,,,,,,,,,DE000A0S9R37
A0S3MC.ETR,,ETR,isin_not_found,,,,,,,,,,,,DE000A0S3MC9
A0S848.ETR,HHFA.DE,ETR,ok_isin,Hamburger Hafen u. Logistik AGN,Hamburger Hafen und Logistik Aktiengesellschaft,Industrials,Marine Shipping,Germany,Hamburg,EUR,EQUITY,1632261888,7341,https://hhla.de,DE000A0S8488
A0S3MD.ETR,,ETR,isin_not_found,,,,,,,,,,,,DE000A0S3MD7
A0S3ME.ETR,,ETR,isin_not_found,,,,,,,,,,,,DE000A0S3ME5
A0SYTW.ETR,,ETR,isin_not_found,,,,,,,,,,,,DE000A0SYTW4
A0STSQ.ETR,M12.DE,ETR,ok_isin,M1 Kliniken AG                I,M1 Kliniken AG,Healthcare,Medical Distribution,Germany,Berlin,EUR,EQUITY,329745984,280,https://www.m1-kliniken.de,DE000A0STSQ8
A0SYTQ.ETR,,ETR,isin_not_found,,,,,,,,,,,,DE000A0SYTQ6
A0V8CD.ETR,,ETR,isin_not_found,,,,,,,,,,,,DE000A0V8CD2
A0V8DE.ETR,,ETR,isin_not_found,,,,,,,,,,,,DE000A0V8DE8
A0TGJ5.ETR,,ETR,isin_not_found,,,,,,,,,,,,DE000A0TGJ55
A0V8CN.ETR,,ETR,isin_not_found,,,,,,,,,,,,DE000A0V8CN1
A0SYTY.ETR,,ETR,isin_not_found,,,,,,,,,,,,DE000A0SYTY0
A0V8CY.ETR,,ETR,isin_not_found,,,,,,,,,,,,DE000A0V8CY8
A0V8D0.ETR,,ETR,isin_not_found,,,,,,,,,,,,DE000A0V8D04
A0V8CX.ETR,,ETR,isin_not_found,,,,,,,,,,,,DE000A0V8CX0
A0V8DH.ETR,,ETR,isin_not_found,,,,,,,,,,,,DE000A0V8DH1
A0V8DN.ETR,,ETR,isin_not_found,,,,,,,,,,,,DE000A0V8DN9
A0V8DM.ETR,,ETR,isin_not_found,,,,,,,,,,,,DE000A0V8DM1
A0V8DL.ETR,,ETR,isin_not_found,,,,,,,,,,,,DE000A0V8DL3
A0V8DK.ETR,,ETR,isin_not_found,,,,,,,,,,,,DE000A0V8DK5
A0V8DG.ETR,,ETR,isin_not_found,,,,,,,,,,,,DE000A0V8DG3
A0V8DF.ETR,,ETR,isin_not_found,,,,,,,,,,,,DE000A0V8DF5
A0V8DW.ETR,,ETR,isin_not_found,,,,,,,,,,,,DE000A0V8DW0
A0V8DX.ETR,,ETR,isin_not_found,,,,,,,,,,,,DE000A0V8DX8
A0V8DY.ETR,,ETR,isin_not_found,,,,,,,,,,,,DE000A0V8DY6
A0V8DP.ETR,,ETR,isin_not_found,,,,,,,,,,,,DE000A0V8DP4
A0V8DQ.ETR,,ETR,isin_not_found,,,,,,,,,,,,DE000A0V8DQ2
A0V8DV.ETR,,ETR,isin_not_found,,,,,,,,,,,,DE000A0V8DV2
A0V8DZ.ETR,,ETR,isin_not_found,,,,,,,,,,,,DE000A0V8DZ3
A0V8F1.ETR,,ETR,isin_not_found,,,,,,,,,,,,DE000A0V8F10
A0V8FE.ETR,,ETR,isin_not_found,,,,,,,,,,,,DE000A0V8FE3
A0V8FC.ETR,,ETR,isin_not_found,,,,,,,,,,,,DE000A0V8FC7
A0V8FD.ETR,,ETR,isin_not_found,,,,,,,,,,,,DE000A0V8FD5
A0V8FZ.ETR,,ETR,isin_not_found,,,,,,,,,,,,DE000A0V8FZ8
A0V8FF.ETR,,ETR,isin_not_found,,,,,,,,,,,,DE000A0V8FF0
A0V8FG.ETR,,ETR,isin_not_found,,,,,,,,,,,,DE000A0V8FG8
A0V8G2.ETR,,ETR,isin_not_found,,,,,,,,,,,,DE000A0V8G27
A0V8FH.ETR,,ETR,isin_not_found,,,,,,,,,,,,DE000A0V8FH6
A0V8FX.ETR,,ETR,isin_not_found,,,,,,,,,,,,DE000A0V8FX3
A0V8FY.ETR,,ETR,isin_not_found,,,,,,,,,,,,DE000A0V8FY1
A0V8G5.ETR,,ETR,isin_not_found,,,,,,,,,,,,DE000A0V8G50
A0V8GJ.ETR,,ETR,isin_not_found,,,,,,,,,,,,DE000A0V8GJ0
A0V8GE.ETR,,ETR,isin_not_found,,,,,,,,,,,,DE000A0V8GE1
A0V8GC.ETR,,ETR,isin_not_found,,,,,,,,,,,,DE000A0V8GC5
A0V8G8.ETR,,ETR,isin_not_found,,,,,,,,,,,,DE000A0V8G84
A0V8GK.ETR,,ETR,isin_not_found,,,,,,,,,,,,DE000A0V8GK8
A0V8GL.ETR,,ETR,isin_not_found,,,,,,,,,,,,DE000A0V8GL6
A0V8J1.ETR,,ETR,isin_not_found,,,,,,,,,,,,DE000A0V8J16
A0V8GZ.ETR,,ETR,isin_not_found,,,,,,,,,,,,DE000A0V8GZ6
A0V8J0.ETR,,ETR,isin_not_found,,,,,,,,,,,,DE000A0V8J08
A0V8HG.ETR,,ETR,isin_not_found,,,,,,,,,,,,DE000A0V8HG4
A0V8J2.ETR,,ETR,isin_not_found,,,,,,,,,,,,DE000A0V8J24
A0V8J7.ETR,,ETR,isin_not_found,,,,,,,,,,,,DE000A0V8J73
A0V8J6.ETR,,ETR,isin_not_found,,,,,,,,,,,,DE000A0V8J65
A0V8J5.ETR,,ETR,isin_not_found,,,,,,,,,,,,DE000A0V8J57
A0V8J3.ETR,,ETR,isin_not_found,,,,,,,,,,,,DE000A0V8J32
A0V8J4.ETR,,ETR,isin_not_found,,,,,,,,,,,,DE000A0V8J40
A0V8J8.ETR,,ETR,isin_not_found,,,,,,,,,,,,DE000A0V8J81
A0V8JK.ETR,,ETR,isin_not_found,,,,,,,,,,,,DE000A0V8JK2
A0V8J9.ETR,,ETR,isin_not_found,,,,,,,,,,,,DE000A0V8J99
A0V8JH.ETR,,ETR,isin_not_found,,,,,,,,,,,,DE000A0V8JH8
A0V8JG.ETR,,ETR,isin_not_found,,,,,,,,,,,,DE000A0V8JG0
A0V8JL.ETR,,ETR,isin_not_found,,,,,,,,,,,,DE000A0V8JL0
A0V8JP.ETR,,ETR,isin_not_found,,,,,,,,,,,,DE000A0V8JP1
A0V8JM.ETR,,ETR,isin_not_found,,,,,,,,,,,,DE000A0V8JM8
A0V8JR.ETR,,ETR,isin_not_found,,,,,,,,,,,,DE000A0V8JR7
A0V8JQ.ETR,,ETR,isin_not_found,,,,,,,,,,,,DE000A0V8JQ9
A0V8JN.ETR,,ETR,isin_not_found,,,,,,,,,,,,DE000A0V8JN6
A0V8JW.ETR,,ETR,isin_not_found,,,,,,,,,,,,DE000A0V8JW7
A0V8JS.ETR,,ETR,isin_not_found,,,,,,,,,,,,DE000A0V8JS5
A0V8JX.ETR,,ETR,isin_not_found,,,,,,,,,,,,DE000A0V8JX5
A0V8JT.ETR,,ETR,isin_not_found,,,,,,,,,,,,DE000A0V8JT3
A0V8JU.ETR,,ETR,isin_not_found,,,,,,,,,,,,DE000A0V8JU1
A0V8JV.ETR,,ETR,isin_not_found,,,,,,,,,,,,DE000A0V8JV9
A0V8JY.ETR,,ETR,isin_not_found,,,,,,,,,,,,DE000A0V8JY3
A0V8JZ.ETR,,ETR,isin_not_found,,,,,,,,,,,,DE000A0V8JZ0
A0V8KC.ETR,,ETR,isin_not_found,,,,,,,,,,,,DE000A0V8KC7
A0V8KB.ETR,,ETR,isin_not_found,,,,,,,,,,,,DE000A0V8KB9
A0V8KA.ETR,,ETR,isin_not_found,,,,,,,,,,,,DE000A0V8KA1
A0V8KE.ETR,,ETR,isin_not_found,,,,,,,,,,,,DE000A0V8KE3
A0V8KD.ETR,,ETR,isin_not_found,,,,,,,,,,,,DE000A0V8KD5
A0V8KJ.ETR,,ETR,isin_not_found,,,,,,,,,,,,DE000A0V8KJ2
A0V8KF.ETR,,ETR,isin_not_found,,,,,,,,,,,,DE000A0V8KF0
A0V8KH.ETR,,ETR,isin_not_found,,,,,,,,,,,,DE000A0V8KH6
A0V8KL.ETR,,ETR,isin_not_found,,,,,,,,,,,,DE000A0V8KL8
A0V8KG.ETR,,ETR,isin_not_found,,,,,,,,,,,,DE000A0V8KG8
A0V9L9.ETR,,ETR,isin_not_found,,,,,,,,,,,,DE000A0V9L94
A0V8KK.ETR,,ETR,isin_not_found,,,,,,,,,,,,DE000A0V8KK0
A0V8KM.ETR,,ETR,isin_not_found,,,,,,,,,,,,DE000A0V8KM6
A0V8KN.ETR,,ETR,isin_not_found,,,,,,,,,,,,DE000A0V8KN4
A0V9LA.ETR,DAR.DE,ETR,ok_isin,DATRON AG                     I,DATRON AG,Industrials,Specialty Industrial Machinery,Germany,Mühltal,EUR,EQUITY,32002392,,https://www.datron.de,DE000A0V9LA7
A0X9LC.ETR,,ETR,isin_not_found,,,,,,,,,,,,US3811191069
A0WMPJ.ETR,AIXA.DE,ETR,ok_isin,AIXTRON SE                    N,AIXTRON SE,Technology,Semiconductor Equipment & Materials,Germany,Herzogenrath,EUR,EQUITY,4029838592,996,https://www.aixtron.com,DE000A0WMPJ6
A0XFWK.ETR,,ETR,isin_not_found,,,,,,,,,,,,DE000A0XFWK2
A0X88Z.ETR,AIG,ETR,ok_isin,"American International Group, I","American International Group, Inc.",Financial Services,Insurance - Diversified,United States,New York,USD,EQUITY,41971126272,22100,https://www.aig.com,US0268747849
A0X9EJ.ETR,KTN.DE,ETR,ok_isin,Kontron AG                    I,Kontron AG,Technology,Information Technology Services,Austria,Linz,EUR,EQUITY,1480917760,6587,https://www.kontron.com,AT0000A0E9W5
A0XFSF.ETR,DMRE.DE,ETR,ok_isin,DEMIRE Dt.Mittelst.R.Est.AG   I,DEMIRE Deutsche Mittelstand Real Estate AG,Real Estate,Real Estate Services,Germany,Langen,EUR,EQUITY,43260164,29,https://www.demire.ag,DE000A0XFSF0
A0YD8Q.ETR,MRK,ETR,ok_isin,"Merck & Company, Inc.","Merck & Co., Inc.",Healthcare,Drug Manufacturers - General,United States,Rahway,USD,EQUITY,322954231808,73000,https://www.merck.com,US58933Y1055
A0XYG7.ETR,DR0.DE,ETR,ok_isin,Deutsche Rohstoff AG          N,Deutsche Rohstoff AG,Energy,Oil & Gas E&P,Germany,Mannheim,EUR,EQUITY,372904672,60,https://www.rohstoff.de,DE000A0XYG76
A0YEES.ETR,DG,ETR,ok_isin,Dollar General Corporation,Dollar General Corporation,Consumer Defensive,Discount Stores,United States,Goodlettsville,USD,EQUITY,27180685312,194000,https://www.dollargeneral.com,US2566771059
A0YCM4.ETR,UIS,ETR,ok_isin,Unisys Corporation New,Unisys Corporation,Technology,Information Technology Services,United States,Blue Bell,USD,EQUITY,244961360,15000,https://www.unisys.com,US9092143067
A0XYGA.ETR,TTR1.F,ETR,ok_isin,technotrans SE                N,technotrans SE,Industrials,Specialty Industrial Machinery,Germany,Sassenberg,EUR,EQUITY,196523072,1443,https://www.technotrans.com,DE000A0XYGA7
A0XYHT.ETR,IBU.F,ETR,ok_isin,IBU-tec advanced materials AG I,IBU-tec advanced materials AG,Basic Materials,Chemicals,Germany,Weimar,EUR,EQUITY,70300000,206,https://www.ibu-tec.de,DE000A0XYHT5
A0YF5P.ETR,H2A.DE,ETR,ok_isin,H2APEX Group S.C.A.           B,H2APEX Group SCA,Basic Materials,Specialty Chemicals,Germany,Rostock,EUR,EQUITY,42602784,155,https://www.h2apex.com,LU0472835155
A0Z23Q.ETR,ADN1.DE,ETR,ok_isin,adesso SE                     I,adesso SE,Technology,Information Technology Services,Germany,Dortmund,EUR,EQUITY,372254176,11497,https://www.adesso.de,DE000A0Z23Q5
A0Z25L.ETR,,ETR,isin_not_found,,,,,,,,,,,,DE000A0Z25L1
A0YHMA.ETR,MSI,ETR,ok_isin,"Motorola Solutions, Inc.","Motorola Solutions, Inc.",Technology,Communication Equipment,United States,Chicago,USD,EQUITY,70348922880,23000,https://www.motorolasolutions.com,US6200763075
A0YJQ2.ETR,BRK-B,ETR,ok_isin,Berkshire Hathaway Inc. New,Berkshire Hathaway Inc.,Financial Services,Insurance - Diversified,United States,Omaha,USD,EQUITY,1072344530944,387800,https://www.berkshirehathaway.com,US0846707026
A0Z1JH.ETR,PSAN.DE,ETR,ok_isin,PSI Software SE               N,PSI Software SE,Technology,Software - Application,Germany,Berlin,EUR,EQUITY,714308736,2295,https://www.psi.de,DE000A0Z1JH9
A0Z26C.ETR,,ETR,isin_not_found,,,,,,,,,,,,DE000A0Z26C8
A0Z268.ETR,,ETR,isin_not_found,,,,,,,,,,,,DE000A0Z2680
A0Z3P0.ETR,,ETR,isin_not_found,,,,,,,,,,,,DE000A0Z3P06
A0Z2Y4.ETR,VROS.SG,ETR,ok_isin,Verianos SE,Verianos SE,Real Estate,Real Estate Services,Germany,Cologne,EUR,EQUITY,70677,37,https://www.verianos.com,DE000A0Z2Y48
A0Z2ZZ.ETR,FNTN.DE,ETR,ok_isin,freenet AG                    N,freenet AG,Communication Services,Telecom Services,Germany,Büdelsdorf,EUR,EQUITY,2968391936,2787,https://www.freenet.ag,DE000A0Z2ZZ5
A0Z3P2.ETR,,ETR,isin_not_found,,,,,,,,,,,,DE000A0Z3P22
A0Z3P1.ETR,,ETR,isin_not_found,,,,,,,,,,,,DE000A0Z3P14
A113Q5.ETR,STM.F,ETR,ok_isin,Stabilus SE                   I,Stabilus SE,Industrials,Specialty Industrial Machinery,Germany,Koblenz,EUR,EQUITY,339872000,7314,https://www.stabilus.com,LU1066226637
A11133.ETR,,ETR,isin_not_found,,,,,,,,,,,,DE000A111338
A0Z3P3.ETR,,ETR,isin_not_found,,,,,,,,,,,,DE000A0Z3P30
A0Z3P4.ETR,,ETR,isin_not_found,,,,,,,,,,,,DE000A0Z3P48
A0Z3PZ.ETR,,ETR,isin_not_found,,,,,,,,,,,,DE000A0Z3PZ4
A1147K.ETR,FACC.VI,ETR,ok_isin,FACC AG,FACC AG,Industrials,Aerospace & Defense,Austria,Ried im Innkreis,EUR,EQUITY,712492416,4017,https://www.facc.com,AT00000FACC2
A117UJ.ETR,SYF,ETR,ok_isin,Synchrony Financial,Synchrony Financial,Financial Services,Credit Services,United States,Stamford,USD,EQUITY,24503676928,20000,https://www.synchrony.com,US87165B1035
A117XM.ETR,,ETR,isin_not_found,,,,,,,,,,,,GB00BN7ZCY67
A115FG.ETR,PNR,ETR,ok_isin,Pentair plc.,Pentair plc,Industrials,Specialty Industrial Machinery,United Kingdom,London,USD,EQUITY,10210237440,9000,https://www.pentair.com,IE00BLS09M33
A117ME.ETR,BABA,ETR,ok_isin,Alibaba Group Holding Limited,Alibaba Group Holding Limited,Consumer Cyclical,Internet Retail,China,Hangzhou,USD,EQUITY,275640287232,131462,https://www.alibabagroup.com,US01609W1027
A118Z8.ETR,,ETR,isin_not_found,,,,,,,,,,,,AT0000A18XM4
A11873.ETR,ITX.MC,ETR,ok_isin,INDUSTRIA DE DISE...O TEXTIL S.,"Industria de Diseño Textil, S.A.",Consumer Cyclical,Apparel Retail,Spain,Corunna,EUR,EQUITY,174971207680,66440,https://www.inditex.com,ES0148396007
A11QW6.ETR,HRPK.DE,ETR,ok_isin,7C Solarparken AG             I,7C Solarparken AG,Technology,Solar,Germany,Bayreuth,EUR,EQUITY,139078800,27,https://www.solarparken.com,DE000A11QW68
A11Q05.ETR,ELB.F,ETR,ok_isin,elumeo SE                     I,elumeo SE,Consumer Cyclical,Luxury Goods,Germany,Berlin,EUR,EQUITY,9602420,163,https://www.elumeo.com,DE000A11Q059
A11QLU.ETR,UDC.HM,ETR,ok_isin,UniDevice AG                  I,UniDevice AG,Technology,Electronics & Computer Distribution,Germany,Schönefeld,EUR,EQUITY,66888,25,,DE000A11QLU3
A11QVV.ETR,HPHA.DE,ETR,ok_isin,Heidelberg Pharma AG          I,Heidelberg Pharma AG,Healthcare,Biotechnology,Germany,Ladenburg,EUR,EQUITY,119300000,41,https://heidelberg-pharma.com,DE000A11QVV0
A12DM8.ETR,G24.DE,ETR,ok_isin,Scout24 SE                    N,Scout24 SE,Communication Services,Internet Content & Information,Germany,Berlin,EUR,EQUITY,5151622656,921,https://www.scout24.com,DE000A12DM80
A12B6J.ETR,KEYS,ETR,ok_isin,Keysight Technologies Inc.,"Keysight Technologies, Inc.",Technology,Scientific & Technical Instruments,United States,Santa Rosa,USD,EQUITY,53606453248,16500,https://www.keysight.com,US49338L1035
A12B8Z.ETR,TLG.HM,ETR,ok_isin,TLG IMMOBILIEN AG             I,TLG Immobilien AG,Real Estate,Real Estate Services,Germany,Berlin,EUR,EQUITY,1099760000,86,https://www.tlg.eu,DE000A12B8Z4
A12CY9.ETR,QRVO,ETR,ok_isin,"Qorvo, Inc.","Qorvo, Inc.",Technology,Semiconductors,United States,Greensboro,USD,EQUITY,7918448640,5200,https://www.qorvo.com,US74736K1016
A12CWQ.ETR,HUBS,ETR,ok_isin,"HubSpot, Inc.","HubSpot, Inc.",Technology,Software - Application,United States,Cambridge,USD,EQUITY,11416039424,9021,https://www.hubspot.com,US4435731009
A12EA8.ETR,GRBK,ETR,ok_isin,"Green Brick Partners, Inc.","Green Brick Partners, Inc.",Consumer Cyclical,Residential Construction,United States,Plano,USD,EQUITY,3124960000,620,https://www.greenbrickpartners.com,US3927091013
A12DQC.ETR,LBRDK,ETR,ok_isin,Liberty Broadband Corporation,Liberty Broadband Corporation,Communication Services,Telecom Services,United States,Englewood,USD,EQUITY,4436950016,,https://www.libertybroadband.com,US5303073051
A12UK0.ETR,ECF.DE,ETR,ok_isin,Mountain Alliance AG          N,Mountain Alliance AG,Consumer Cyclical,Internet Retail,Germany,Munich,EUR,EQUITY,20436854,2,https://www.mountain-alliance.de,DE000A12UK08
A12FMV.ETR,ELV,ETR,ok_isin,"Elevance Health, Inc.","Elevance Health, Inc.",Healthcare,Healthcare Plans,United States,Indianapolis,USD,EQUITY,82054660096,96129,https://www.elevancehealth.com,US0367521038
A12HJF.ETR,,ETR,isin_not_found,,,,,,,,,,,,US9314271084
A12HU0.ETR,TREE,ETR,ok_isin,"LendingTree, Inc.","LendingTree, Inc.",Financial Services,Financial Conglomerates,United States,Charlotte,USD,EQUITY,563701952,919,https://www.lendingtree.com,US52603B1070
A12ULL.ETR,,ETR,isin_not_found,,,,,,,,,,,,DE000A12ULL2
A12UP2.ETR,LQAG.DE,ETR,ok_isin,LAIQON AG                     I,Laiqon AG,Financial Services,Asset Management,Germany,Hamburg,EUR,EQUITY,95763376,150,https://www.laiqon.ag,DE000A12UP29
A13N90.ETR,,ETR,isin_not_found,,,,,,,,,,,,DE000A13N904
A12UP3.ETR,NC5A.DE,ETR,ok_isin,NorCom Information Techn.KGaA I,NorCom Information Technology GmbH & Co. KGaA,Industrials,Specialty Business Services,Germany,Munich,EUR,EQUITY,2923595,30,https://www.norcom.de,DE000A12UP37
A12UPJ.ETR,CAP.DE,ETR,ok_isin,SCP Standard Cap.Partners AG  I,SCP Standard Capital Partners AG,Communication Services,Entertainment,Germany,Munich,EUR,EQUITY,37910004,17,https://www.standardcapitalpartners.xyz,DE000A12UPJ7
A13N94.ETR,,ETR,isin_not_found,,,,,,,,,,,,DE000A13N946
A13PAJ.ETR,,ETR,isin_not_found,,,,,,,,,,,,DE000A13PAJ7
A13N92.ETR,,ETR,isin_not_found,,,,,,,,,,,,DE000A13N920
A13PAX.ETR,,ETR,isin_not_found,,,,,,,,,,,,DE000A13PAX8
A13N9X.ETR,,ETR,isin_not_found,,,,,,,,,,,,DE000A13N9X2
A13N9Y.ETR,,ETR,isin_not_found,,,,,,,,,,,,DE000A13N9Y0
A13PA0.ETR,,ETR,isin_not_found,,,,,,,,,,,,DE000A13PA06
A13PAY.ETR,,ETR,isin_not_found,,,,,,,,,,,,DE000A13PAY6
A13PH4.ETR,,ETR,isin_not_found,,,,,,,,,,,,DE000A13PH41
A13PH5.ETR,,ETR,isin_not_found,,,,,,,,,,,,DE000A13PH58
A13PH6.ETR,,ETR,isin_not_found,,,,,,,,,,,,DE000A13PH66
A13PHF.ETR,,ETR,isin_not_found,,,,,,,,,,,,DE000A13PHF0
A13PAZ.ETR,,ETR,isin_not_found,,,,,,,,,,,,DE000A13PAZ3
A13PGG.ETR,,ETR,isin_not_found,,,,,,,,,,,,DE000A13PGG0
A13PHK.ETR,,ETR,isin_not_found,,,,,,,,,,,,DE000A13PHK0
A13PHN.ETR,,ETR,isin_not_found,,,,,,,,,,,,DE000A13PHN4
A13PHM.ETR,,ETR,isin_not_found,,,,,,,,,,,,DE000A13PHM6
A13PHL.ETR,,ETR,isin_not_found,,,,,,,,,,,,DE000A13PHL8
A13PHH.ETR,,ETR,isin_not_found,,,,,,,,,,,,DE000A13PHH6
A13PHJ.ETR,,ETR,isin_not_found,,,,,,,,,,,,DE000A13PHJ2
A13PHU.ETR,,ETR,isin_not_found,,,,,,,,,,,,DE000A13PHU9
A13PHP.ETR,,ETR,isin_not_found,,,,,,,,,,,,DE000A13PHP9
A13PHS.ETR,,ETR,isin_not_found,,,,,,,,,,,,DE000A13PHS3
A13SUL.ETR,DEF.DE,ETR,ok_isin,DEFAMA Deutsche Fachmarkt AG  I,DEFAMA Deutsche Fachmarkt AG,Real Estate,Real Estate Services,Germany,Berlin,EUR,EQUITY,110400000,44,https://defama.de,DE000A13SUL5
A13PHV.ETR,,ETR,isin_not_found,,,,,,,,,,,,DE000A13PHV7
A13SX2.ETR,HLE.DE,ETR,ok_isin,HELLA GmbH & Co. KGaA         I,HELLA GmbH & Co. KGaA,Consumer Cyclical,Auto Parts,Germany,Lippstadt,EUR,EQUITY,7955555328,33639,https://www.hella.com,DE000A13SX22
A13PHT.ETR,,ETR,isin_not_found,,,,,,,,,,,,DE000A13PHT1
A1401Z.ETR,RYA.IR,ETR,ok_isin,RYANAIR HOLDINGS PLC,Ryanair Holdings plc,Industrials,Airlines,Ireland,Swords,EUR,EQUITY,25705037824,30000,https://www.ryanair.com,IE00BYTBXV33
A141J3.ETR,CCAP.DE,ETR,ok_isin,Corestate Capital Holding S.A A,CORESTATE Capital Holding S.A.,Real Estate,Real Estate Services,Luxembourg,Luxembourg City,EUR,EQUITY,36555080,446,https://www.corestate-capital.com/en/imprint/,LU1296758029
A142VP.ETR,HPQ,ETR,ok_isin,HP Inc.,HP Inc.,Technology,Computer Hardware,United States,Palo Alto,USD,EQUITY,24280576000,55000,https://www.hp.com,US40434L1052
A143D6.ETR,XYZ,ETR,ok_isin,"Block, Inc.","Block, Inc.",Technology,Software - Infrastructure,United States,Oakland,USD,EQUITY,48352501760,10205,https://www.block.xyz,US8522341036
A140KD.ETR,HPE,ETR,ok_isin,Hewlett Packard Enterprise Comp,Hewlett Packard Enterprise Company,Technology,Communication Equipment,United States,Spring,USD,EQUITY,63813365760,67000,https://www.hpe.com,US42824C1099
A13PHG.ETR,,ETR,isin_not_found,,,,,,,,,,,,DE000A13PHG8
A143NB.ETR,ED4.DE,ETR,ok_isin,EDAG Engineering Group AG     I,EDAG Engineering Group AG,Consumer Cyclical,Auto Parts,Switzerland,Arbon,EUR,EQUITY,113250000,7947,https://www.edag.com,CH0303692047
A14KEB.ETR,,ETR,isin_not_found,,,,,,,,,,,,DE000A14KEB5
A14P98.ETR,ETSY,ETR,ok_isin,"Etsy, Inc.","Etsy, Inc.",Consumer Cyclical,Internet Retail,United States,Brooklyn,USD,EQUITY,7956099584,2375,https://www.etsy.com,US29786A1060
A14KR2.ETR,,ETR,isin_not_found,,,,,,,,,,,,DE000A14KR27
A14KRD.ETR,DKG.DE,ETR,ok_isin,DT.KONSUM REAL EST.AG         I,Deutsche Konsum Real Estate AG,Real Estate,REIT - Retail,Germany,Potsdam,EUR,EQUITY,141804640,28,https://www.deutsche-konsum.de,DE000A14KRD3
A14M2J.ETR,MDT,ETR,ok_isin,Medtronic plc.,Medtronic plc,Healthcare,Medical Devices,Ireland,Galway,USD,EQUITY,107805409280,95000,https://www.medtronic.com,IE00BTN1Y115
A14NE5.ETR,ES,ETR,ok_isin,Eversource Energy (D/B/A),Eversource Energy,Utilities,Utilities - Regulated Electric,United States,Springfield,USD,EQUITY,28089417728,10731,https://www.eversource.com,US30040W1080
A14TUX.ETR,TRU,ETR,ok_isin,TransUnion,TransUnion,Financial Services,Financial Data & Stock Exchanges,United States,Chicago,USD,EQUITY,14891871232,13500,https://www.transunion.com,US89400J1079
A14U78.ETR,ADJ.DE,ETR,ok_isin,ADLER Group S.A.              A,Adler Group S.A.,Real Estate,Real Estate Services,Luxembourg,Luxembourg,EUR,EQUITY,21682536,318,https://www.adler-group.com,LU1250154413
A14V1T.ETR,RUN,ETR,ok_isin,Sunrun Inc.,Sunrun Inc.,Technology,Solar,United States,San Francisco,USD,EQUITY,2380721664,9059,https://www.sunrun.com,US86771W1053
A14UQQ.ETR,SRG,ETR,ok_isin,Seritage Growth Properties,Seritage Growth Properties,Real Estate,Real Estate Services,United States,New York,USD,EQUITY,133489312,5,https://www.seritage.com,US81752R1005
A14RPH.ETR,CC,ETR,ok_isin,Chemours Company (The),The Chemours Company,Basic Materials,Specialty Chemicals,United States,Wilmington,USD,EQUITY,2553413376,5700,https://www.chemours.com,US1638511089
A14R7U.ETR,PYPL,ETR,ok_isin,"PayPal Holdings, Inc.","PayPal Holdings, Inc.",Financial Services,Credit Services,United States,San Jose,USD,EQUITY,49459654656,23800,https://www.paypal.com,US70450Y1038
A14TU4.ETR,KHC,ETR,ok_isin,The Kraft Heinz Company,The Kraft Heinz Company,Consumer Defensive,Packaged Foods,United States,Pittsburgh,USD,EQUITY,31091089408,35000,https://www.kraftheinzcompany.com,US5007541064
A14XB9.ETR,,ETR,isin_not_found,,,,,,,,,,,,NL0011375019
A14XLZ.ETR,VIAV,ETR,ok_isin,Viavi Solutions Inc.,Viavi Solutions Inc.,Technology,Communication Equipment,United States,Chandler,USD,EQUITY,9413524480,3600,https://www.viavisolutions.com,US9255501051
A14WK0.ETR,LITE,ETR,ok_isin,Lumentum Holdings Inc.,Lumentum Holdings Inc.,Technology,Communication Equipment,United States,San Jose,USD,EQUITY,55390490624,10562,https://www.lumentum.com,US55024U1097
A14V41.ETR,,ETR,isin_not_found,,,,,,,,,,,,US96145D1054
A14YJM.ETR,ACI,ETR,ok_isin,"Albertsons Companies, Inc.","Albertsons Companies, Inc.",Consumer Defensive,Grocery Stores,United States,Boise,USD,EQUITY,5568780800,106400,https://www.albertsonscompanies.com,US0130911037
A14Y6F.ETR,1GOOGL.MI,ETR,ok_isin,ALPHABET CLASSE A,Alphabet Inc.,Communication Services,Internet Content & Information,United States,Mountain View,EUR,EQUITY,3516106276864,198933,https://abc.xyz,US02079K3059
A161N1.ETR,RTV.F,ETR,ok_isin,Your Family Entertainment AG  N,Your Family Entertainment AG,Communication Services,Entertainment,Germany,Munich,EUR,EQUITY,5014169,10,https://www.yfe.tv,DE000A161N14
A14Y6H.ETR,GOOG,ETR,ok_isin,Alphabet Inc.,Alphabet Inc.,Communication Services,Internet Content & Information,United States,Mountain View,USD,EQUITY,3993930039296,198933,https://abc.xyz,US02079K1079
A16123.ETR,,ETR,isin_not_found,,,,,,,,,,,,DE000A161234
A16140.ETR,HFG.DE,ETR,ok_isin,HelloFresh SE                 I,HelloFresh SE,Consumer Cyclical,Restaurants,Germany,Berlin,EUR,EQUITY,500263872,11447,https://www.hellofreshgroup.com,DE000A161408
A161N2.ETR,TUF.F,ETR,ok_isin,LIBERO football finance AG    I,LIBERO Football Finance AG,Financial Services,Credit Services,Germany,Frankfurt am Main,EUR,EQUITY,6901560,,https://libero-football-finance.com,DE000A161N22
A16107.ETR,ERAG.DE,ETR,ok_isin,Ernst Russ AG                 N,Ernst Russ AG,Industrials,Marine Shipping,Germany,Hamburg,EUR,EQUITY,255364976,47,https://www.ernst-russ.de,DE000A161077
A16811.ETR,,ETR,isin_not_found,,,,,,,,,,,,DE000A168114
A161N3.ETR,GLJ.DE,ETR,ok_isin,GRENKE AG                     N,Grenke AG,Financial Services,Credit Services,Germany,Baden-Baden,EUR,EQUITY,526600320,2500,https://www.grenke.com,DE000A161N30
A161NR.ETR,,ETR,isin_not_found,,,,,,,,,,,,DE000A161NR7
A1A4BJ.ETR,,ETR,isin_not_found,,,,,,,,,,,,DE000A1A4BJ4
A16820.ETR,SVE.DE,ETR,ok_isin,Shareholder Value Beteilig.AG N,Shareholder Value Beteiligungen AG,Financial Services,Asset Management,Germany,Frankfurt am Main,EUR,EQUITY,48069060,,https://svb-ag.de,DE000A168205
A1681X.ETR,SNG.F,ETR,ok_isin,Singulus Technologies AG      I,Singulus Technologies AG,Industrials,Specialty Industrial Machinery,Germany,Kahl am Main,EUR,EQUITY,70994288,286,https://www.singulus.com,DE000A1681X5
A1A4F7.ETR,,ETR,isin_not_found,,,,,,,,,,,,DE000A1A4F73
A1A4DP.ETR,,ETR,isin_not_found,,,,,,,,,,,,DE000A1A4DP7
A1A4E4.ETR,,ETR,isin_not_found,,,,,,,,,,,,DE000A1A4E41
A1A4FV.ETR,,ETR,isin_not_found,,,,,,,,,,,,DE000A1A4FV0
A1A4F8.ETR,,ETR,isin_not_found,,,,,,,,,,,,DE000A1A4F81
A1A4J1.ETR,,ETR,isin_not_found,,,,,,,,,,,,DE000A1A4J12
A1A4J2.ETR,,ETR,isin_not_found,,,,,,,,,,,,DE000A1A4J20
A1A4GR.ETR,,ETR,isin_not_found,,,,,,,,,,,,DE000A1A4GR6
A1A4J3.ETR,,ETR,isin_not_found,,,,,,,,,,,,DE000A1A4J38
A1A4J4.ETR,,ETR,isin_not_found,,,,,,,,,,,,DE000A1A4J46
A1A4J9.ETR,,ETR,isin_not_found,,,,,,,,,,,,DE000A1A4J95
A1A4J5.ETR,,ETR,isin_not_found,,,,,,,,,,,,DE000A1A4J53
A1A4J8.ETR,,ETR,isin_not_found,,,,,,,,,,,,DE000A1A4J87
A1A4JE.ETR,,ETR,isin_not_found,,,,,,,,,,,,DE000A1A4JE8
A1A4J6.ETR,,ETR,isin_not_found,,,,,,,,,,,,DE000A1A4J61
A1A4J7.ETR,,ETR,isin_not_found,,,,,,,,,,,,DE000A1A4J79
A1A4JJ.ETR,,ETR,isin_not_found,,,,,,,,,,,,DE000A1A4JJ7
A1A4JM.ETR,,ETR,isin_not_found,,,,,,,,,,,,DE000A1A4JM1
A1A4JF.ETR,,ETR,isin_not_found,,,,,,,,,,,,DE000A1A4JF5
A1A4JH.ETR,,ETR,isin_not_found,,,,,,,,,,,,DE000A1A4JH1
A1A4JN.ETR,,ETR,isin_not_found,,,,,,,,,,,,DE000A1A4JN9
A1A4JX.ETR,,ETR,isin_not_found,,,,,,,,,,,,DE000A1A4JX8
A1A4K2.ETR,,ETR,isin_not_found,,,,,,,,,,,,DE000A1A4K27
A1A4KA.ETR,,ETR,isin_not_found,,,,,,,,,,,,DE000A1A4KA4
A1A4JR.ETR,,ETR,isin_not_found,,,,,,,,,,,,DE000A1A4JR0
A1A4JQ.ETR,,ETR,isin_not_found,,,,,,,,,,,,DE000A1A4JQ2
A1A4KC.ETR,,ETR,isin_not_found,,,,,,,,,,,,DE000A1A4KC0
A1A4JY.ETR,,ETR,isin_not_found,,,,,,,,,,,,DE000A1A4JY6
A1A4KF.ETR,,ETR,isin_not_found,,,,,,,,,,,,DE000A1A4KF3
A1A4KE.ETR,,ETR,isin_not_found,,,,,,,,,,,,DE000A1A4KE6
A1A4KD.ETR,,ETR,isin_not_found,,,,,,,,,,,,DE000A1A4KD8
A1A4KJ.ETR,,ETR,isin_not_found,,,,,,,,,,,,DE000A1A4KJ5
A1A4KG.ETR,,ETR,isin_not_found,,,,,,,,,,,,DE000A1A4KG1
A1A4KM.ETR,,ETR,isin_not_found,,,,,,,,,,,,DE000A1A4KM9
A1A4KH.ETR,,ETR,isin_not_found,,,,,,,,,,,,DE000A1A4KH9
A1A4KL.ETR,,ETR,isin_not_found,,,,,,,,,,,,DE000A1A4KL1
A1A4KK.ETR,,ETR,isin_not_found,,,,,,,,,,,,DE000A1A4KK3
A1A4KN.ETR,,ETR,isin_not_found,,,,,,,,,,,,DE000A1A4KN7
A1A4KP.ETR,,ETR,isin_not_found,,,,,,,,,,,,DE000A1A4KP2
A1A4KX.ETR,,ETR,isin_not_found,,,,,,,,,,,,DE000A1A4KX6
A1A4KY.ETR,,ETR,isin_not_found,,,,,,,,,,,,DE000A1A4KY4
A1A4KR.ETR,,ETR,isin_not_found,,,,,,,,,,,,DE000A1A4KR8
A1A4KS.ETR,,ETR,isin_not_found,,,,,,,,,,,,DE000A1A4KS6
A1A4KZ.ETR,,ETR,isin_not_found,,,,,,,,,,,,DE000A1A4KZ1
A1A6V4.ETR,KSC.DE,ETR,ok_isin,KPS AG                        N,KPS AG,Technology,Information Technology Services,Germany,Unterföhring,EUR,EQUITY,8642193,456,https://kps.com,DE000A1A6V48
A1A6WE.ETR,AJ91.DE,ETR,ok_isin,DocCheck AG                   N,DocCheck AG,Healthcare,Health Information Services,Germany,Cologne,EUR,EQUITY,58348884,414,https://www.doccheck.ag,DE000A1A6WE6
A1A4LE.ETR,,ETR,isin_not_found,,,,,,,,,,,,DE000A1A4LE4
A1A4M6.ETR,,ETR,isin_not_found,,,,,,,,,,,,DE000A1A4M66
A1A4NH.ETR,,ETR,isin_not_found,,,,,,,,,,,,DE000A1A4NH3
A1A4LG.ETR,,ETR,isin_not_found,,,,,,,,,,,,DE000A1A4LG9
A1C3R3.ETR,,ETR,isin_not_found,,,,,,,,,,,,US3390411052
A1C7VF.ETR,FRCB,ETR,ok_isin,First Republic Bank (San Franci,First Republic Bank,Financial Services,Banks - Regional,United States,San Francisco,USD,EQUITY,55865,7213,,US33616C1009
A1C8XS.ETR,SAV.L,ETR,ok_isin,SAVANNAH RESOURCES PLC ORD 1P,Savannah Resources Plc,Basic Materials,Other Industrial Metals & Mining,United Kingdom,London,GBp,EQUITY,157102432,39,https://www.savannahresources.com,GB00B647W791
A1C9CM.ETR,GM,ETR,ok_isin,General Motors Company,General Motors Company,Consumer Cyclical,Auto Manufacturers,United States,Detroit,USD,EQUITY,78723465216,156000,https://www.gm.com,US37045V1008
A1C5WJ.ETR,NXPI,ETR,ok_isin,NXP Semiconductors N.V.,NXP Semiconductors N.V.,Technology,Semiconductors,Netherlands,Eindhoven,USD,EQUITY,67578933248,32169,https://www.nxp.com,NL0009538784
A1C6TV.ETR,UAL,ETR,ok_isin,"United Airlines Holdings, Inc.","United Airlines Holdings, Inc.",Industrials,Airlines,United States,Chicago,USD,EQUITY,39133372416,117500,https://www.united.com,US9100471096
A1CTQA.ETR,SWK,ETR,ok_isin,"Stanley Black & Decker, Inc.","Stanley Black & Decker, Inc.",Industrials,Tools & Accessories,United States,New Britain,USD,EQUITY,14639250432,43500,https://www.stanleyblackanddecker.com,US8545021011
A1CX36.ETR,,ETR,isin_not_found,,,,,,,,,,,,US8485771021
A1DAHH.ETR,BNR.DE,ETR,ok_isin,Brenntag SE                   N,Brenntag SE,Basic Materials,Specialty Chemicals,Germany,Essen,EUR,EQUITY,8761305088,17300,https://www.brenntag.com,DE000A1DAHH0
A1EWVR.ETR,A62.DU,ETR,ok_isin,IGP Advantag AG               I,IGP Advan­tag AG,Industrials,Engineering & Construction,Germany,Berlin,EUR,EQUITY,277327,182,https://www.igp-advantag.ag,DE000A1EWVR2
A1EMHE.ETR,GTK.DE,ETR,ok_isin,Tonkens Agrar AG              I,Tonkens Agrar AG,Consumer Defensive,Farm Products,Germany,Sülzetal,EUR,EQUITY,11281200,82,https://www.tonkens-agrar.de,DE000A1EMHE0
A1CX3T.ETR,TSLA,ETR,ok_isin,"Tesla, Inc.","Tesla, Inc.",Consumer Cyclical,Auto Manufacturers,United States,Austin,USD,EQUITY,1221279088640,134785,https://www.tesla.com,US88160R1014
A1CUXD.ETR,ARBN.SW,ETR,ok_isin,ARBONIA N,Arbonia AG,Industrials,Building Products & Equipment,Switzerland,Arbon,CHF,EQUITY,271983840,3574,https://www.arbonia.com/de/,CH0110240600
A1EWXA.ETR,ABO.DE,ETR,ok_isin,clearvise AG                  I,clearvise AG,Utilities,Utilities - Renewable,Germany,Frankfurt am Main,EUR,EQUITY,85905304,19,https://www.clearvise.de,DE000A1EWXA4
A1EX0A.ETR,,ETR,isin_not_found,,,,,,,,,,,,DE000A1EX0A1
A1EWWW.ETR,ADS.DE,ETR,ok_isin,adidas AG                     N,adidas AG,Consumer Cyclical,Footwear & Accessories,Germany,Herzogenaurach,EUR,EQUITY,31896205312,48487,https://www.adidas-group.com,DE000A1EWWW0
A1EWVY.ETR,FYB.DE,ETR,ok_isin,Formycon AG                   I,Formycon AG,Healthcare,Biotechnology,Germany,Planegg,EUR,EQUITY,330837216,203,https://www.formycon.com,DE000A1EWVY8
A1EX0B.ETR,,ETR,isin_not_found,,,,,,,,,,,,DE000A1EX0B9
A1EX0C.ETR,,ETR,isin_not_found,,,,,,,,,,,,DE000A1EX0C7
A1EX0F.ETR,,ETR,isin_not_found,,,,,,,,,,,,DE000A1EX0F0
A1EX0G.ETR,,ETR,isin_not_found,,,,,,,,,,,,DE000A1EX0G8
A1EX10.ETR,,ETR,isin_not_found,,,,,,,,,,,,DE000A1EX101
A1EX11.ETR,,ETR,isin_not_found,,,,,,,,,,,,DE000A1EX119
A1EMG5.ETR,WIG1.F,ETR,ok_isin,SPORTTOTAL AG                 I,Sporttotal AG,Communication Services,Entertainment,Germany,Cologne,EUR,EQUITY,70849,100,https://www.sporttotal.com,DE000A1EMG56
A1EX12.ETR,,ETR,isin_not_found,,,,,,,,,,,,DE000A1EX127
A1EX15.ETR,,ETR,isin_not_found,,,,,,,,,,,,DE000A1EX150
A1EX1W.ETR,,ETR,isin_not_found,,,,,,,,,,,,DE000A1EX1W3
A1EX1X.ETR,,ETR,isin_not_found,,,,,,,,,,,,DE000A1EX1X1
A1EX1Y.ETR,,ETR,isin_not_found,,,,,,,,,,,,DE000A1EX1Y9
A1EX1Z.ETR,,ETR,isin_not_found,,,,,,,,,,,,DE000A1EX1Z6
A1EXB4.ETR,,ETR,isin_not_found,,,,,,,,,,,,DE000A1EXB41
A1EXB5.ETR,,ETR,isin_not_found,,,,,,,,,,,,DE000A1EXB58
A1EX2B.ETR,,ETR,isin_not_found,,,,,,,,,,,,DE000A1EX2B5
A1EXB1.ETR,,ETR,isin_not_found,,,,,,,,,,,,DE000A1EXB17
A1EXCG.ETR,,ETR,isin_not_found,,,,,,,,,,,,DE000A1EXCG3
A1EXCM.ETR,,ETR,isin_not_found,,,,,,,,,,,,DE000A1EXCM1
A1EXCN.ETR,,ETR,isin_not_found,,,,,,,,,,,,DE000A1EXCN9
A1EXCK.ETR,,ETR,isin_not_found,,,,,,,,,,,,DE000A1EXCK5
A1EXB6.ETR,,ETR,isin_not_found,,,,,,,,,,,,DE000A1EXB66
A1EXCB.ETR,,ETR,isin_not_found,,,,,,,,,,,,DE000A1EXCB4
A1EXB7.ETR,,ETR,isin_not_found,,,,,,,,,,,,DE000A1EXB74
A1EXEU.ETR,,ETR,isin_not_found,,,,,,,,,,,,DE000A1EXEU0
A1EXCQ.ETR,,ETR,isin_not_found,,,,,,,,,,,,DE000A1EXCQ2
A1EXET.ETR,,ETR,isin_not_found,,,,,,,,,,,,DE000A1EXET2
A1EXCR.ETR,,ETR,isin_not_found,,,,,,,,,,,,DE000A1EXCR0
A1EXH5.ETR,,ETR,isin_not_found,,,,,,,,,,,,DE000A1EXH52
A1EXH4.ETR,,ETR,isin_not_found,,,,,,,,,,,,DE000A1EXH45
A1EXL6.ETR,,ETR,isin_not_found,,,,,,,,,,,,DE000A1EXL64
A1EXJA.ETR,,ETR,isin_not_found,,,,,,,,,,,,DE000A1EXJA1
A1EXFX.ETR,,ETR,isin_not_found,,,,,,,,,,,,DE000A1EXFX1
A1EXK5.ETR,,ETR,isin_not_found,,,,,,,,,,,,DE000A1EXK57
A1EXLF.ETR,,ETR,isin_not_found,,,,,,,,,,,,DE000A1EXLF6
A1EXK6.ETR,,ETR,isin_not_found,,,,,,,,,,,,DE000A1EXK65
A1EXNR.ETR,,ETR,isin_not_found,,,,,,,,,,,,DE000A1EXNR7
A1EXNQ.ETR,,ETR,isin_not_found,,,,,,,,,,,,DE000A1EXNQ9
A1EXLD.ETR,,ETR,isin_not_found,,,,,,,,,,,,DE000A1EXLD1
A1EXLC.ETR,,ETR,isin_not_found,,,,,,,,,,,,DE000A1EXLC3
A1EXK7.ETR,,ETR,isin_not_found,,,,,,,,,,,,DE000A1EXK73
A1EXQ1.ETR,,ETR,isin_not_found,,,,,,,,,,,,DE000A1EXQ10
A1EXQ8.ETR,,ETR,isin_not_found,,,,,,,,,,,,DE000A1EXQ85
A1EXQW.ETR,,ETR,isin_not_found,,,,,,,,,,,,DE000A1EXQW0
A1EXQU.ETR,,ETR,isin_not_found,,,,,,,,,,,,DE000A1EXQU4
A1EXNS.ETR,,ETR,isin_not_found,,,,,,,,,,,,DE000A1EXNS5
A1EXQP.ETR,,ETR,isin_not_found,,,,,,,,,,,,DE000A1EXQP4
A1EXQ6.ETR,,ETR,isin_not_found,,,,,,,,,,,,DE000A1EXQ69
A1EXUG.ETR,,ETR,isin_not_found,,,,,,,,,,,,DE000A1EXUG5
A1EXUJ.ETR,,ETR,isin_not_found,,,,,,,,,,,,DE000A1EXUJ9
A1EXUL.ETR,,ETR,isin_not_found,,,,,,,,,,,,DE000A1EXUL5
A1EXUE.ETR,,ETR,isin_not_found,,,,,,,,,,,,DE000A1EXUE0
A1EXUF.ETR,,ETR,isin_not_found,,,,,,,,,,,,DE000A1EXUF7
A1EXW5.ETR,,ETR,isin_not_found,,,,,,,,,,,,DE000A1EXW53
A1EXW6.ETR,,ETR,isin_not_found,,,,,,,,,,,,DE000A1EXW61
A1EXZW.ETR,,ETR,isin_not_found,,,,,,,,,,,,DE000A1EXZW1
A1EXWH.ETR,,ETR,isin_not_found,,,,,,,,,,,,DE000A1EXWH9
A1EXZV.ETR,,ETR,isin_not_found,,,,,,,,,,,,DE000A1EXZV3
A1EXZS.ETR,,ETR,isin_not_found,,,,,,,,,,,,DE000A1EXZS9
A1H6AJ.ETR,IAG.L,ETR,ok_isin,INTERNATIONAL CONSOLIDATED AIRL,International Consolidated Airlines Group S.A.,Industrials,Airlines,United Kingdom,Harmondsworth,GBp,EQUITY,19539122176,54620,https://www.iairgroup.com,ES0177542018
A1H81M.ETR,SREN.SW,ETR,ok_isin,SWISS RE N,Swiss Re AG,Financial Services,Insurance - Reinsurance,Switzerland,Zurich,CHF,EQUITY,40020586496,13806,https://www.swissre.com,CH0126881561
A1EXZX.ETR,,ETR,isin_not_found,,,,,,,,,,,,DE000A1EXZX9
A1H92V.ETR,C,ETR,ok_isin,"Citigroup, Inc.",Citigroup Inc.,Financial Services,Banks - Diversified,United States,New York,USD,EQUITY,223261966336,219000,https://www.citigroup.com,US1729674242
A1H8BV.ETR,NOEJ.F,ETR,ok_isin,NORMA Group SE                N,NORMA Group SE,Industrials,Metal Fabrication,Germany,Maintal,EUR,EQUITY,512169952,4687,https://www.normagroup.com,DE000A1H8BV3
A1H6GK.ETR,KMI,ETR,ok_isin,"Kinder Morgan, Inc.","Kinder Morgan, Inc.",Energy,Oil & Gas Midstream,United States,Houston,USD,EQUITY,70638223360,11028,https://www.kindermorgan.com,US49456B1017
A1H81L.ETR,RR.L,ETR,ok_isin,ROLLS-ROYCE HOLDINGS PLC ORD SH,Rolls-Royce Holdings plc,Industrials,Aerospace & Defense,United Kingdom,London,GBp,EQUITY,117154291712,43162,https://www.rolls-royce.com,GB00B63H8491
A1J4U4.ETR,ASML.AS,ETR,ok_isin,ASML HOLDING,ASML Holding N.V.,Technology,Semiconductor Equipment & Materials,Netherlands,Veldhoven,EUR,EQUITY,535589060608,43938,https://www.asml.com,NL0010273215
A1J5RX.ETR,O2D.HM,ETR,ok_isin,TELEFONICA DTLD HLDG NA,Telefónica Deutschland Holding AG,Communication Services,Telecom Services,Germany,Munich,EUR,EQUITY,5770636800,7255,https://www.telefonica.de,DE000A1J5RX9
A1J6Y4.ETR,FANG,ETR,ok_isin,"Diamondback Energy, Inc.","Diamondback Energy, Inc.",Energy,Oil & Gas E&P,United States,Midland,USD,EQUITY,55081148416,1762,https://www.diamondbackenergy.com,US25278X1090
A1H9GN.ETR,PTC,ETR,ok_isin,PTC Inc.,PTC Inc.,Technology,Software - Application,United States,Boston,USD,EQUITY,14462480384,7000,https://www.ptc.com,US69370C1009
A1J84E.ETR,ABBV,ETR,ok_isin,AbbVie Inc.,AbbVie Inc.,Healthcare,Drug Manufacturers - General,United States,North Chicago,USD,EQUITY,453906759680,57000,https://www.abbvie.com,US00287Y1091
A1J0EV.ETR,DUK,ETR,ok_isin,Duke Energy Corporation (Holdin,Duke Energy Corporation,Utilities,Utilities - Regulated Electric,United States,Charlotte,USD,EQUITY,100435386368,26441,https://www.duke-energy.com,US26441C2044
A1J4U0.ETR,MDLZ,ETR,ok_isin,"Mondelez International, Inc.","Mondelez International, Inc.",Consumer Defensive,Confectioners,United States,Chicago,USD,EQUITY,77879033856,91000,https://www.mondelezinternational.com,US6092071058
A1JC82.ETR,ENPH,ETR,ok_isin,"Enphase Energy, Inc.","Enphase Energy, Inc.",Technology,Solar,United States,Fremont,USD,EQUITY,5009650176,2872,https://www.enphase.com,US29355A1079
A1J85V.ETR,ASML,ETR,ok_isin,ASML Holding N.V. - New York Re,ASML Holding N.V.,Technology,Semiconductor Equipment & Materials,Netherlands,Veldhoven,USD,EQUITY,635785379840,43938,https://www.asml.com,USN070592100
A1JE0N.ETR,FBIN,ETR,ok_isin,"Fortune Brands Innovations, Inc","Fortune Brands Innovations, Inc.",Industrials,Building Products & Equipment,United States,Deerfield,USD,EQUITY,6141224960,10000,https://www.fbin.com,US34964C1062
A1JD3A.ETR,RL,ETR,ok_isin,Ralph Lauren Corporation,Ralph Lauren Corporation,Consumer Cyclical,Apparel Manufacturing,United States,New York,USD,EQUITY,22612639744,15600,https://www.ralphlauren.com,US7512121010
A1JA81.ETR,PLUG,ETR,ok_isin,"Plug Power, Inc.",Plug Power Inc.,Industrials,Electrical Equipment & Parts,United States,Slingerlands,USD,EQUITY,2873842176,2344,https://www.plugpower.com,US72919P2020
A1JADL.ETR,,ETR,isin_not_found,,,,,,,,,,,,NL0009767532
A1JFWK.ETR,MOS,ETR,ok_isin,Mosaic Company (The),The Mosaic Company,Basic Materials,Agricultural Inputs,United States,Tampa,USD,EQUITY,7100694528,13249,https://www.mosaicco.com,US61945C1036
A1JMBU.ETR,XYL,ETR,ok_isin,Xylem Inc.,Xylem Inc.,Industrials,Specialty Industrial Machinery,United States,Washington,USD,EQUITY,28561250304,22000,https://www.xylem.com,US98419M1009
A1JEXK.ETR,MPC,ETR,ok_isin,Marathon Petroleum Corporation,Marathon Petroleum Corporation,Energy,Oil & Gas Refining & Marketing,United States,Findlay,USD,EQUITY,91186413568,18500,https://www.marathonpetroleum.com,US56585A1025
A1JGT0.ETR,,ETR,isin_not_found,,,,,,,,,,,,MT0000580101
A1JJQC.ETR,PNL.AS,ETR,ok_isin,POSTNL,PostNL N.V.,Industrials,Integrated Freight & Logistics,Netherlands,The Hague,EUR,EQUITY,452725760,31531,https://www.postnl.nl,NL0009739416
A1JMFQ.ETR,,ETR,isin_not_found,,,,,,,,,,,,US98986T1088
A1JNDJ.ETR,VAC,ETR,ok_isin,Marriott Vacations Worldwide Co,Marriott Vacations Worldwide Corporation,Consumer Cyclical,Resorts & Casinos,United States,Orlando,USD,EQUITY,3395498752,21100,https://www.marriottvacationsworldwide.com,US57164Y1073
A1JPJY.ETR,,ETR,isin_not_found,,,,,,,,,,,,US1894641000
A1JS25.ETR,POST,ETR,ok_isin,"Post Holdings, Inc.","Post Holdings, Inc.",Consumer Defensive,Packaged Foods,United States,Saint Louis,USD,EQUITY,4138405120,13180,https://www.postholdings.com,US7374461041
A1JRLK.ETR,TRIP,ETR,ok_isin,"TripAdvisor, Inc.","Tripadvisor, Inc.",Consumer Cyclical,Travel Services,United States,Needham,USD,EQUITY,1661637504,2555,https://www.tripadvisor.com,US8969452015
A1JRLJ.ETR,EXPE,ETR,ok_isin,"Expedia Group, Inc.","Expedia Group, Inc.",Consumer Cyclical,Travel Services,United States,Seattle,USD,EQUITY,33410545664,16000,https://www.expediagroup.com,US30212P3038
A1JS7T.ETR,MUX.MX,ETR,ok_isin,MCEWEN INC,McEwen Inc.,Basic Materials,Other Precious Metals & Mining,Canada,Toronto,MXN,EQUITY,21207732224,1981,https://www.mcewenmining.com,US58039P1075
A1JUDY.ETR,MVIS,ETR,ok_isin,"Microvision, Inc.","MicroVision, Inc.",Technology,Scientific & Technical Instruments,United States,Redmond,USD,EQUITY,88788472,190,https://www.microvision.com,US5949603048
A1JSSD.ETR,AII.TO,ETR,ok_isin,ALMONTY INDUSTRIES INC,Almonty Industries Inc.,Basic Materials,Other Industrial Metals & Mining,United States,Dillon,CAD,EQUITY,5334346752,341,https://almonty.com,CA0203981034
A1JTC1.ETR,EZJ.L,ETR,ok_isin,EASYJET PLC ORD 27 2/7P,easyJet plc,Industrials,Airlines,United Kingdom,Luton,GBp,EQUITY,4609246720,19224,https://www.easyjet.com,GB00B7KR2P84
A1JU1D.ETR,MTSI,ETR,ok_isin,MACOM Technology Solutions Hold,"MACOM Technology Solutions Holdings, Inc.",Technology,Semiconductors,United States,Lowell,USD,EQUITY,20071890944,2000,https://www.macom.com,US55405Y1001
A1JWVX.ETR,META,ETR,ok_isin,"Meta Platforms, Inc.","Meta Platforms, Inc.",Communication Services,Internet Content & Information,United States,Menlo Park,USD,EQUITY,1507493412864,77986,https://www.meta.com,US30303M1027
A1JV4H.ETR,,ETR,isin_not_found,,,,,,,,,,,,US8486371045
A1JWQU.ETR,PSX,ETR,ok_isin,Phillips 66,Phillips 66,Energy,Oil & Gas Refining & Marketing,United States,Houston,USD,EQUITY,83322314752,12600,https://www.phillips66.com,US7185461040
A1JXTD.ETR,NWG.L,ETR,ok_isin,NATWEST GROUP PLC ORD 107.69P,NatWest Group plc,Financial Services,Banks - Regional,United Kingdom,Edinburgh,GBp,EQUITY,53383118848,53200,https://www.natwestgroup.com,GB00B7T77214
A1JYVT.ETR,SANM,ETR,ok_isin,Sanmina Corporation,Sanmina Corporation,Technology,Electronic Components,United States,San Jose,USD,EQUITY,11196566528,35000,https://www.sanmina.com,US8010561020
A1JX4P.ETR,NOW,ETR,ok_isin,"ServiceNow, Inc.","ServiceNow, Inc.",Technology,Software - Application,United States,Santa Clara,USD,EQUITY,109134471168,29187,https://www.servicenow.com,US81762P1021
A1JXCV.ETR,GYC.DE,ETR,ok_isin,Grand City Properties S.A.    A,Grand City Properties S.A.,Real Estate,Real Estate Services,Luxembourg,Luxembourg,EUR,EQUITY,1731315072,586,https://www.grandcityproperties.com,LU0775917882
A1K037.ETR,,ETR,isin_not_found,,,,,,,,,,,,DE000A1K0375
A1K03W.ETR,NXR.F,ETR,ok_isin,NeXR Technologies SE          I,NeXR Technologies SE,Technology,Computer Hardware,Germany,Berlin,EUR,EQUITY,37099,65,https://nexr-technologies.de,DE000A1K03W5
A1JZ0Q.ETR,PANW,ETR,ok_isin,"Palo Alto Networks, Inc.","Palo Alto Networks, Inc.",Technology,Software - Infrastructure,United States,Santa Clara,USD,EQUITY,258615803904,21491,https://www.paloaltonetworks.com,US6974351057
A1K023.ETR,SMHN.DE,ETR,ok_isin,SUSS MicroTec SE              N,SUSS MicroTec SE,Technology,Semiconductor Equipment & Materials,Germany,Garching bei Munchen,EUR,EQUITY,1356247424,1484,https://www.suss.com,DE000A1K0235
A1K020.ETR,GSC1.DE,ETR,ok_isin,GESCO SE                      N,Gesco SE,Industrials,Specialty Industrial Machinery,Germany,Wuppertal,EUR,EQUITY,136077072,1645,https://www.gesco.de,DE000A1K0201
A1KAGC.ETR,COLO-B.CO,ETR,ok_isin,Coloplast B A/S,Coloplast A/S,Healthcare,Medical Instruments & Supplies,Denmark,Humlebæk,DKK,EQUITY,96682360832,17083,https://www.coloplast.com,DK0060448595
A1KBYX.ETR,ZTS,ETR,ok_isin,Zoetis Inc.,Zoetis Inc.,Healthcare,Drug Manufacturers - Specialty & Generic,United States,Parsippany,USD,EQUITY,32247027712,14500,https://www.zoetis.com,US98978V1035
A1ML7J.ETR,VNA.DE,ETR,ok_isin,Vonovia SE                    N,Vonovia SE,Real Estate,Real Estate Services,Germany,Bochum,EUR,EQUITY,18113878016,12898,https://www.vonovia.com,DE000A1ML7J1
A1MME7.ETR,NF4.F,ETR,ok_isin,Netfonds AG                   v,Netfonds AG,Financial Services,Financial Conglomerates,Germany,Hamburg,EUR,EQUITY,187564992,359,https://www.netfonds.de,DE000A1MME74
A1MMEV.ETR,PGH.DE,ETR,ok_isin,The Payments Group Hldg KGaA  N,SGT German Private Equity GmbH & Co. KGaA,Financial Services,Asset Management,Germany,Frankfurt am Main,EUR,EQUITY,2986800,3,https://www.sgt-germanpe.com,DE000A1MMEV4
A1RFMZ.ETR,SMWN.DE,ETR,ok_isin,SM Wirtschaftsberat.AG        N,SM Wirtschaftsberatungs AG,Real Estate,REIT - Diversified,Germany,Sindelfingen,EUR,EQUITY,17591600,6,https://www.smw-ag.de,DE000A1RFMZ1
A1MMCC.ETR,ILM1.DE,ETR,ok_isin,Medios AG                     I,Medios AG,Healthcare,Medical Distribution,Germany,Berlin,EUR,EQUITY,309639488,993,https://www.medios.ag,DE000A1MMCC8
A1TNNN.ETR,ACWN.F,ETR,ok_isin,A.S.CREATION TAPETEN NA,A.S. Création Tapeten AG,Consumer Cyclical,"Furnishings, Fixtures & Appliances",Germany,Gummersbach,EUR,EQUITY,20948268,607,https://www.as-creation.com,DE000A1TNNN5
A1T7LU.ETR,TMUS,ETR,ok_isin,"T-Mobile US, Inc.","T-Mobile US, Inc.",Communication Services,Telecom Services,United States,Bellevue,USD,EQUITY,190088151040,75000,https://www.t-mobile.com,US8725901040
A1PG50.ETR,FF24.F,ETR,ok_isin,Fast Finance 24 Holding AG    I,Fast Finance24 Holding AG,Financial Services,Credit Services,Germany,Berlin,EUR,EQUITY,1821424,2,https://www.fastfinance24.com,DE000A1PG508
A1PHBB.ETR,RSL2.F,ETR,ok_isin,R. Stahl AG                   N,R. STAHL AG,Industrials,Specialty Industrial Machinery,Germany,Waldenburg,EUR,EQUITY,87476680,1617,https://r-stahl.com,DE000A1PHBB5
A1PHFF.ETR,BOSS.DE,ETR,ok_isin,HUGO BOSS AG                  N,Hugo Boss AG,Consumer Cyclical,Apparel Manufacturing,Germany,Metzingen,EUR,EQUITY,2619163648,17046,https://www.hugoboss.com,DE000A1PHFF7
A1RFMY.ETR,RCMN.DE,ETR,ok_isin,RCM Beteiligungs AG           N,RCM Beteiligungs AG,Real Estate,Real Estate - Development,Germany,Sindelfingen,EUR,EQUITY,12260835,19,https://www.rcm-ag.de/,DE000A1RFMY4
A1TNV9.ETR,ADE.DE,ETR,ok_isin,Bitcoin Group SE              I,Bitcoin Group SE,Financial Services,Asset Management,Germany,Herford,EUR,EQUITY,118600000,30,https://www.bitcoingroup.com,DE000A1TNV91
A1W2MF.ETR,ALLY,ETR,ok_isin,Ally Financial Inc.,Ally Financial Inc.,Financial Services,Credit Services,United States,Detroit,USD,EQUITY,13287442432,10300,https://www.ally.com,US02005N1000
A1TNU6.ETR,SF3.DE,ETR,ok_isin,STS Group AG                  I,STS Group AG,Consumer Cyclical,Auto Parts,Germany,Hagen,EUR,EQUITY,18060000,1431,https://www.sts.group,DE000A1TNU68
A1W4ER.ETR,CHGG,ETR,ok_isin,"Chegg, Inc.","Chegg, Inc.",Consumer Defensive,Education & Training Services,United States,Santa Clara,USD,EQUITY,110346632,564,https://www.chegg.com,US1630921096
A1W2YK.ETR,BB.TO,ETR,ok_isin,BLACKBERRY LIMITED,BlackBerry Limited,Technology,Software - Infrastructure,Canada,Waterloo,CAD,EQUITY,6962872832,1749,https://www.blackberry.com,CA09228F1036
A1W5SA.ETR,VEEV,ETR,ok_isin,Veeva Systems Inc.,Veeva Systems Inc.,Healthcare,Health Information Services,United States,Pleasanton,USD,EQUITY,31588724736,7928,https://www.veeva.com,US9224751084
A1W58K.ETR,RNG,ETR,ok_isin,"Ringcentral, Inc.","RingCentral, Inc.",Technology,Software - Application,United States,Belmont,USD,EQUITY,4503207424,7378,https://www.ringcentral.com,US76680R2067
A1W6XZ.ETR,,ETR,isin_not_found,,,,,,,,,,,,US90184L1026
A1W8XE.ETR,SIRI,ETR,ok_isin,SiriusXM Holdings Inc.,Sirius XM Holdings Inc.,Communication Services,Entertainment,United States,New York,USD,EQUITY,10509274112,5119,https://www.siriusxm.com,US82968B1035
A1W5H0.ETR,ICE,ETR,ok_isin,Intercontinental Exchange Inc.,"Intercontinental Exchange, Inc.",Financial Services,Financial Data & Stock Exchanges,United States,Atlanta,USD,EQUITY,84108673024,12694,https://www.ice.com,US45866F1049
A1W5CT.ETR,LDOS,ETR,ok_isin,"Leidos Holdings, Inc.","Leidos Holdings, Inc.",Technology,Information Technology Services,United States,Reston,USD,EQUITY,14459038720,50000,https://www.leidos.com,US5253271028
A1TNUT.ETR,DBAN.F,ETR,ok_isin,Deutsche Beteiligungs AG      N,Deutsche Beteiligungs AG,Financial Services,Asset Management,Germany,Frankfurt am Main,EUR,EQUITY,380803008,122,https://www.dbag.com,DE000A1TNUT7
A1W6RN.ETR,0P0000UF71.F,ETR,ok_isin,0P0000UF71.F,BlackRock ICS Euro Liq Prem Acc EUR,,,,,EUR,MUTUALFUND,,,,IE00B3ZJFC95
A1TNWJ.ETR,MPCK.DE,ETR,ok_isin,MPC MUENCH.PET.CAP.,MPC Münchmeyer Petersen Capital AG,Financial Services,Asset Management,Germany,Hamburg,EUR,EQUITY,182587136,280,https://www.mpc-capital.com,DE000A1TNWJ4
A1W90H.ETR,,ETR,isin_not_found,,,,,,,,,,,,US00165C1045
A1X214.ETR,,ETR,isin_not_found,,,,,,,,,,,,DE000A1X2145
A1W97M.ETR,AAL,ETR,ok_isin,"American Airlines Group, Inc.",American Airlines Group Inc.,Industrials,Airlines,United States,Fort Worth,USD,EQUITY,9896450048,143400,https://www.aa.com,US02376R1023
A1W9NS.ETR,,ETR,isin_not_found,,,,,,,,,,,,FI4000106299
A1WY6X.ETR,COTY,ETR,ok_isin,Coty Inc.,Coty Inc.,Consumer Defensive,Household & Personal Products,United States,New York,USD,EQUITY,2394868736,11636,https://www.coty.com,US2220702037
A1X215.ETR,,ETR,isin_not_found,,,,,,,,,,,,DE000A1X2152
A1X225.ETR,,ETR,isin_not_found,,,,,,,,,,,,DE000A1X2251
A1X226.ETR,,ETR,isin_not_found,,,,,,,,,,,,DE000A1X2269
A1X2V6.ETR,,ETR,isin_not_found,,,,,,,,,,,,DE000A1X2V69
A1X227.ETR,,ETR,isin_not_found,,,,,,,,,,,,DE000A1X2277
A1X22A.ETR,,ETR,isin_not_found,,,,,,,,,,,,DE000A1X22A4
A1X2V7.ETR,,ETR,isin_not_found,,,,,,,,,,,,DE000A1X2V77
A1X2VP.ETR,,ETR,isin_not_found,,,,,,,,,,,,DE000A1X2VP6
A1X2VQ.ETR,,ETR,isin_not_found,,,,,,,,,,,,DE000A1X2VQ4
A1X2VS.ETR,,ETR,isin_not_found,,,,,,,,,,,,DE000A1X2VS0
A1X2W6.ETR,,ETR,isin_not_found,,,,,,,,,,,,DE000A1X2W68
A1X2VR.ETR,,ETR,isin_not_found,,,,,,,,,,,,DE000A1X2VR2
A1X2VU.ETR,,ETR,isin_not_found,,,,,,,,,,,,DE000A1X2VU6
A1X2WD.ETR,,ETR,isin_not_found,,,,,,,,,,,,DE000A1X2WD0
A1X2XJ.ETR,,ETR,isin_not_found,,,,,,,,,,,,DE000A1X2XJ5
A1X2XK.ETR,,ETR,isin_not_found,,,,,,,,,,,,DE000A1X2XK3
A1X2WE.ETR,,ETR,isin_not_found,,,,,,,,,,,,DE000A1X2WE8
A1X2XH.ETR,,ETR,isin_not_found,,,,,,,,,,,,DE000A1X2XH9
A1X2YV.ETR,,ETR,isin_not_found,,,,,,,,,,,,DE000A1X2YV8
A1X2YJ.ETR,,ETR,isin_not_found,,,,,,,,,,,,DE000A1X2YJ3
A1X2XP.ETR,,ETR,isin_not_found,,,,,,,,,,,,DE000A1X2XP2
A1X2YK.ETR,,ETR,isin_not_found,,,,,,,,,,,,DE000A1X2YK1
A1X2XQ.ETR,,ETR,isin_not_found,,,,,,,,,,,,DE000A1X2XQ0
A1X2YL.ETR,,ETR,isin_not_found,,,,,,,,,,,,DE000A1X2YL9
A1X3W0.ETR,,ETR,isin_not_found,,,,,,,,,,,,DE000A1X3W00
A1X3WX.ETR,ERWE.DE,ETR,ok_isin,ERWE Immobilien AG            I,ERWE Immobilien AG,Real Estate,Real Estate - Development,Germany,Frankfurt am Main,EUR,EQUITY,6288108,31,https://www.erwe-ag.com,DE000A1X3WX6
A1X3YY.ETR,BST.F,ETR,ok_isin,BASTEI LUEBBE AG  O.N.,Bastei Lübbe AG,Communication Services,Publishing,Germany,Cologne,EUR,EQUITY,85937312,351,https://bastei-luebbe.de,DE000A1X3YY0
A1X3X3.ETR,WCMK.HM,ETR,ok_isin,WCM Beteil.u.Grundbesitz AG   I,WCM Beteiligungs- und Grundbesitz-AG,Real Estate,Real Estate Services,Germany,Berlin,EUR,EQUITY,272373856,,https://www.wcm.de,DE000A1X3X33
A1X3XX.ETR,BRNK.DE,ETR,ok_isin,BRANICKS Group AG             N,Branicks Group AG,Real Estate,Real Estate Services,Germany,Frankfurt am Main,EUR,EQUITY,81894200,310,https://www.branicks.com,DE000A1X3XX4
A1XFVG.ETR,PAYC,ETR,ok_isin,"Paycom Software, Inc.","Paycom Software, Inc.",Technology,Software - Application,United States,Oklahoma City,USD,EQUITY,7054679552,5770,https://www.paycom.com,US70432V1026
A1XA83.ETR,VOD.L,ETR,ok_isin,VODAFONE GROUP PLC ORD USD0.20 ,Vodafone Group Public Limited Company,Communication Services,Telecom Services,United Kingdom,Newbury,GBp,EQUITY,27989995520,91128,https://www.vodafone.com,GB00BH4HKS39
A1YC99.ETR,PU11.F,ETR,ok_isin,The Social Chain AG           N,The Social Chain AG,Communication Services,Internet Content & Information,Germany,Berlin,EUR,EQUITY,68118,657,https://www.socialchain.de,DE000A1YC996
A1YC91.ETR,FC9.DE,ETR,ok_isin,FCR Immobilien AG             N,FCR Immobilien AG,Real Estate,Real Estate Services,Germany,Pullach,EUR,EQUITY,110549064,39,https://fcr-immobilien.de,DE000A1YC913
A1XE7G.ETR,GPRO,ETR,ok_isin,"GoPro, Inc.","GoPro, Inc.",Technology,Consumer Electronics,United States,San Mateo,USD,EQUITY,119368000,636,https://www.gopro.com,US38268T1034
A1XFG9.ETR,FIVN,ETR,ok_isin,"Five9, Inc.","Five9, Inc.",Technology,Software - Infrastructure,United States,San Ramon,USD,EQUITY,1956209792,2910,https://www.five9.com,US3383071012
A1XDTV.ETR,QURE,ETR,ok_isin,uniQure N.V.,uniQure N.V.,Healthcare,Biotechnology,Netherlands,Amsterdam,USD,EQUITY,2627101696,221,https://www.uniqure.com,NL0010696654
A1YDAZ.ETR,SD1.HM,ETR,ok_isin,Clean Logistics SE            N,Clean Logistics SE,Consumer Cyclical,Auto Parts,Germany,Hamburg,EUR,EQUITY,59199,97,https://cleanlogistics.de,DE000A1YDAZ7
A1XA8R.ETR,NOVO-B.CO,ETR,ok_isin,Novo Nordisk B A/S,Novo Nordisk A/S,Healthcare,Drug Manufacturers - General,Denmark,Bagsvaerd,DKK,EQUITY,1449497329664,67900,https://www.novonordisk.com,DK0060534915
A25429.ETR,IPOK.F,ETR,ok_isin,SQD.AI Strategies AG          I,Heidelberger Beteiligungsholding AG,Financial Services,Asset Management,Germany,Heidelberg,EUR,EQUITY,30319030,,https://heidelberger-beteiligungsholding.de/investor-relations,DE000A254294
A254W5.ETR,,ETR,isin_not_found,,,,,,,,,,,,DE000A254W52
A25421.ETR,ISHA.DE,ETR,ok_isin,INTERSHOP Communications AG   I,INTERSHOP Communications Aktiengesellschaft,Technology,Software - Application,Germany,Jena,EUR,EQUITY,34786052,222,https://www.intershop.com,DE000A254211
A255F1.ETR,DE000A255F11.SG,ETR,ok_isin,Friedrich Vorwerk Group SE,,,,,,EUR,EQUITY,,,,DE000A255F11
A255G0.ETR,H2O.F,ETR,ok_isin,Enapter AG                    I,Enapter AG,Industrials,Specialty Industrial Machinery,Germany,Hamburg,EUR,EQUITY,33034078,193,https://www.enapterag.de,DE000A255G02
A289V0.ETR,93M1.F,ETR,ok_isin,MPH Health Care AG            I,MPH Health Care AG,Financial Services,Asset Management,Germany,Berlin,EUR,EQUITY,101040664,2,https://www.mph-ag.de,DE000A289V03
A255G3.ETR,,ETR,isin_not_found,,,,,,,,,,,,DE000A255G36
A289B0.ETR,TLIK.F,ETR,ok_isin,Arzneiwerk AG VIDA            I,Arzneiwerk AG VIDA,Healthcare,Medical Distribution,Germany,Berlin,EUR,EQUITY,1489801,1,https://www.arzneiwerk.ag,DE000A289B07
A28890.ETR,COP.HM,ETR,ok_isin,CompuGroup Medical SE &Co.KGaAN,CompuGroup Medical SE & Co. KGaA,,,Germany,Koblenz,EUR,EQUITY,,8700,https://www.cgm.com,DE000A288904
A2AA20.ETR,DFTK.DE,ETR,ok_isin,DF Deutsche Forfait AG        N,DF Deutsche Forfait AG,Financial Services,Capital Markets,Germany,Cologne,EUR,EQUITY,19019974,64,https://dfag.de,DE000A2AA204
A289VV.ETR,HAEK.HM,ETR,ok_isin,HAEMATO AG                    I,HAEMATO AG,Healthcare,Drug Manufacturers - Specialty & Generic,Germany,Schönefeld,EUR,EQUITY,67577336,76,https://www.haemato.ag,DE000A289VV1
A2ACKK.ETR,RACE.MI,ETR,ok_isin,FERRARI,Ferrari N.V.,Consumer Cyclical,Auto Manufacturers,Italy,Maranello,EUR,EQUITY,58955538432,5740,https://www.ferrari.com,NL0011585146
A2AAA7.ETR,T3T1.DE,ETR,ok_isin,SEVEN PRINCIPLES AG           I,Seven Principles AG,Technology,Information Technology Services,Germany,Cologne,EUR,EQUITY,18023770,333,https://www.7p-group.com,DE000A2AAA75
A2AF0E.ETR,XRAY,ETR,ok_isin,DENTSPLY SIRONA Inc.,DENTSPLY SIRONA Inc.,Healthcare,Medical Instruments & Supplies,United States,Charlotte,USD,EQUITY,2608253696,14000,https://www.dentsplysirona.com,US24906P1093
A2AAE2.ETR,CY1K.F,ETR,ok_isin,SBF AG                        I,SBF AG,Industrials,Railroads,Germany,Leipzig,EUR,EQUITY,29410480,312,https://www.sbf-ag.com,DE000A2AAE22
A2AF8T.ETR,UA,ETR,ok_isin,"Under Armour, Inc.","Under Armour, Inc.",Consumer Cyclical,Apparel Manufacturing,United States,Baltimore,USD,EQUITY,2954431488,6200,https://www.underarmour.com,US9043112062
A2AJX9.ETR,CHTR,ETR,ok_isin,"Charter Communications, Inc.","Charter Communications, Inc.",Communication Services,Telecom Services,United States,Stamford,USD,EQUITY,17738065920,91900,https://corporate.charter.com,US16119P1084
A2AJ68.ETR,COPN.SW,ETR,ok_isin,COSMO N,Cosmo N.V.,Healthcare,Drug Manufacturers - General,Ireland,Dublin,CHF,EQUITY,1096753536,324,https://www.cosmohealthconfidence.com,NL0011832936
A2AJ0F.ETR,FTV,ETR,ok_isin,Fortive Corporation,Fortive Corporation,Technology,Scientific & Technical Instruments,United States,Everett,USD,EQUITY,19181854720,10000,https://www.fortive.com,US34959J1088
A2AHZ7.ETR,SPGI,ETR,ok_isin,S&P Global Inc.,S&P Global Inc.,Financial Services,Financial Data & Stock Exchanges,United States,New York,USD,EQUITY,130189672448,44500,https://www.spglobal.com,US78409V1044
A2AHZA.ETR,,ETR,isin_not_found,,,,,,,,,,,,SE0008294334
A2AJTS.ETR,ITT,ETR,ok_isin,ITT Inc.,ITT Inc.,Industrials,Specialty Industrial Machinery,United States,Stamford,USD,EQUITY,17770317824,11600,https://www.itt.com,US45073V1089
A2ANT0.ETR,AD.AS,ETR,ok_isin,KONINKLIJKE AHOLD DELHAIZE N.V.,Koninklijke Ahold Delhaize N.V.,Consumer Defensive,Grocery Stores,Netherlands,Zaandam,EUR,EQUITY,30734669824,384000,https://www.aholddelhaize.com,NL0011794037
A2ANV3.ETR,INGA.AS,ETR,ok_isin,ING GROEP N.V.,ING Groep N.V.,Financial Services,Banks - Diversified,Netherlands,Amsterdam,EUR,EQUITY,83501662208,60000,https://www.ing.com,NL0011821202
A2AR94.ETR,RDC.DE,ETR,ok_isin,Redcare Pharmacy N.V.         A,Redcare Pharmacy NV,Healthcare,Pharmaceutical Retailers,Netherlands,Sevenum,EUR,EQUITY,1401775232,2163,https://www.redcare-pharmacy.com,NL0012044747
A2ARCV.ETR,TTD,ETR,ok_isin,"The Trade Desk, Inc.","The Trade Desk, Inc.",Communication Services,Advertising Agencies,United States,Ventura,USD,EQUITY,8405536768,3843,https://www.thetradedesk.com,US88339J1051
A2AQCA.ETR,JCI,ETR,ok_isin,Johnson Controls International ,Johnson Controls International plc,Industrials,Building Products & Equipment,Ireland,Cork,USD,EQUITY,87484473344,87000,https://www.johnsoncontrols.com,IE00BY7QL619
A2AT0H.ETR,ADNT,ETR,ok_isin,Adient plc,Adient plc,Consumer Cyclical,Auto Parts,Ireland,Dublin,USD,EQUITY,1624725248,65000,https://www.adient.com,IE00BD845X29
A2ARTP.ETR,YUMC,ETR,ok_isin,"Yum China Holdings, Inc.","Yum China Holdings, Inc.",Consumer Cyclical,Restaurants,China,Shanghai,USD,EQUITY,15336114176,130000,https://www.yumchina.com,US98850P1093
A2ASZ7.ETR,AA,ETR,ok_isin,Alcoa Corporation,Alcoa Corporation,Basic Materials,Aluminum,United States,Pittsburgh,USD,EQUITY,11632359424,14900,https://www.alcoa.com,US0138721065
A2ASF5.ETR,,ETR,isin_not_found,,,,,,,,,,,,US22266L1061
A2ASUV.ETR,ABI.BR,ETR,ok_isin,AB INBEV,Anheuser-Busch InBev SA/NV,Consumer Defensive,Beverages - Brewers,Belgium,Leuven,EUR,EQUITY,139459837952,137000,https://www.ab-inbev.com,BE0974293251
A2ASAC.ETR,,ETR,isin_not_found,,,,,,,,,,,,NL0012015705
A2BPK3.ETR,VRL.DE,ETR,ok_isin,net digital AG                I,Net-Digital AG,Technology,Software - Application,Germany,Düsseldorf,EUR,EQUITY,37953756,,https://net-digital.com,DE000A2BPK34
A2BPNB.ETR,,ETR,isin_not_found,,,,,,,,,,,,DE000A2BPNB1
A2DA41.ETR,,ETR,isin_not_found,,,,,,,,,,,,DE000A2DA414
A2DA58.ETR,MXHN.F,ETR,ok_isin,MAX Automation SE             N,MAX Automation SE,Industrials,Specialty Industrial Machinery,Germany,Hamburg,EUR,EQUITY,149712752,1682,https://www.maxautomation.com,DE000A2DA588
A2DAM0.ETR,AAG.DE,ETR,ok_isin,Aumann AG                     I,Aumann AG,Industrials,Specialty Industrial Machinery,Germany,Beelen,EUR,EQUITY,170505024,741,https://www.aumann.com,DE000A2DAM03
A2DLMS.ETR,SNAP,ETR,ok_isin,Snap Inc.,Snap Inc.,Communication Services,Internet Content & Information,United States,Santa Monica,USD,EQUITY,7490367488,5381,https://www.snap.com,US83304A1060
A2DME9.ETR,,ETR,isin_not_found,,,,,,,,,,,,US02156B1035
A2DM8U.ETR,DXC,ETR,ok_isin,DXC Technology Company,DXC Technology Company,Technology,Information Technology Services,United States,Ashburn,USD,EQUITY,1679151360,115000,https://dxc.com,US23355L1061
A2DAN1.ETR,,ETR,isin_not_found,,,,,,,,,,,,DE000A2DAN10
A2DJTU.ETR,RH,ETR,ok_isin,RH,RH,Consumer Cyclical,Specialty Retail,United States,Corte Madera,USD,EQUITY,3398581504,6510,https://www.rh.com,US74967X1037
A2DH1A.ETR,HLT,ETR,ok_isin,Hilton Worldwide Holdings Inc.,Hilton Worldwide Holdings Inc.,Consumer Cyclical,Lodging,United States,McLean,USD,EQUITY,75317460992,182000,https://www.hilton.com,US43300A2033
A2DJV6.ETR,UCG.MI,ETR,ok_isin,UNICREDIT,UniCredit S.p.A.,Financial Services,Banks - Regional,Italy,Milan,EUR,EQUITY,122499162112,62806,https://www.unicreditgroup.eu,IT0005239360
A2DKCH.ETR,QIA.HA,ETR,ok_isin,Qiagen N.V.                   A,Qiagen NV,,,,,EUR,EQUITY,,,,NL0012169213
A2DQWX.ETR,NG.L,ETR,ok_isin,NATIONAL GRID PLC ORD 12 204/47,National Grid plc,Utilities,Utilities - Regulated Electric,United Kingdom,London,GBp,EQUITY,61276602368,33026,https://www.nationalgrid.com,GB00BDR05C01
A2DR6L.ETR,BIRG.IR,ETR,ok_isin,BANK OF IRELAND GROUP PLC,Bank of Ireland Group plc,Financial Services,Banks - Regional,Ireland,Dublin,EUR,EQUITY,17396672512,11287,https://www.bankofireland.com,IE00BD1RP616
A2DR54.ETR,TGHN.F,ETR,ok_isin,Logwin AG                     N,Logwin AG,Industrials,Integrated Freight & Logistics,Luxembourg,Grevenmacher,EUR,EQUITY,817697088,3690,https://www.logwin-logistics.com,LU1618151879
A2DR6K.ETR,CPG.L,ETR,ok_isin,COMPASS GROUP PLC ORD 11 1/20P,Compass Group PLC,Consumer Cyclical,Restaurants,United Kingdom,Chertsey,USD,EQUITY,54376013824,590000,https://www.compass-group.com,GB00BD6K4575
A2DPEL.ETR,,ETR,isin_not_found,,,,,,,,,,,,US7479065010
A2DVLE.ETR,SSRM.TO,ETR,ok_isin,SSR MINING INC,SSR Mining Inc.,Basic Materials,Gold,United States,Denver,CAD,EQUITY,7708293632,2900,https://www.ssrmining.com,CA7847301032
A2DRBP.ETR,WPM.TO,ETR,ok_isin,WHEATON PRECIOUS METALS CORP,Wheaton Precious Metals Corp.,Basic Materials,Gold,Canada,Vancouver,CAD,EQUITY,71833501696,,https://www.wheatonpm.com,CA9628791027
A2DSYC.ETR,,ETR,isin_not_found,,,,,,,,,,,,IE00BZ12WP82
A2DRTZ.ETR,MT.AS,ETR,ok_isin,ARCELORMITTAL SA,ArcelorMittal S.A.,Basic Materials,Steel,Luxembourg,Luxembourg,EUR,EQUITY,44397977600,125554,https://corporate.arcelormittal.com,LU1598757687
A2DUAY.ETR,BKR,ETR,ok_isin,Baker Hughes Company,Baker Hughes Company,Energy,Oil & Gas Equipment & Services,United States,Houston,USD,EQUITY,60109438976,56000,https://www.bakerhughes.com,US05722G1004
A2DUDM.ETR,BHF,ETR,ok_isin,"Brighthouse Financial, Inc.","Brighthouse Financial, Inc.",Financial Services,Insurance - Life,United States,Charlotte,USD,EQUITY,3628275712,1400,https://www.brighthousefinancial.com,US10922N1037
A2DVSM.ETR,CLF,ETR,ok_isin,Cleveland-Cliffs Inc.,Cleveland-Cliffs Inc.,Basic Materials,Steel,United States,Cleveland,USD,EQUITY,6989115392,25000,https://www.clevelandcliffs.com,US1858991011
A2DW84.ETR,FRHC,ETR,ok_isin,Freedom Holding Corp.,Freedom Holdings Corp.,Financial Services,Financial Conglomerates,United States,New York,USD,EQUITY,9945412608,11627,https://www.freedomholdingcorp.com,US3563901046
A2DW4X.ETR,ROKU,ETR,ok_isin,"Roku, Inc.","Roku, Inc.",Communication Services,Entertainment,United States,San Jose,USD,EQUITY,21201061888,3600,https://www.roku.com,US77543R1023
A2DWB8.ETR,NTR.TO,ETR,ok_isin,NUTRIEN LTD,Nutrien Ltd.,Basic Materials,Agricultural Inputs,Canada,Saskatoon,CAD,EQUITY,45746245632,,https://www.nutrien.com,CA67077M1086
A2DW8Z.ETR,AT1.DE,ETR,ok_isin,Aroundtown SA                 B,Aroundtown SA,Real Estate,Real Estate Services,Luxembourg,Luxembourg,EUR,EQUITY,2238818048,1440,https://www.aroundtown.de,LU1673108939
A2E370.ETR,,ETR,isin_not_found,,,,,,,,,,,,DE000A2E3707
A2E4T7.ETR,2HRA.DE,ETR,ok_isin,H&R GmbH & Co. KGaA           I,H&R GmbH & Co. KGaA,Basic Materials,Specialty Chemicals,Germany,Salzbergen,EUR,EQUITY,236730304,1692,https://www.hur.com,DE000A2E4T77
A2G833.ETR,NIIN.HM,ETR,ok_isin,niiio finance group AG        N,niiio finance group AG,Technology,Software - Application,Germany,Görlitz,EUR,EQUITY,26219206,4,https://www.niiio.finance,DE000A2G8332
A2E4SV.ETR,CYR.DE,ETR,ok_isin,cyan AG                       I,cyan AG,Technology,Software - Infrastructure,Germany,Munich,EUR,EQUITY,43789976,48,https://www.cyansecurity.com,DE000A2E4SV8
A2E377.ETR,,ETR,isin_not_found,,,,,,,,,,,,DE000A2E3772
A2E4MK.ETR,NUVA.F,ETR,ok_isin,Noratis AG                    I,Noratis AG,Real Estate,Real Estate - Development,Germany,Eschborn,EUR,EQUITY,685331,41,https://www.noratis.de,DE000A2E4MK4
A2E4LE.ETR,VOTR.F,ETR,ok_isin,Voltatron AG                  I,Voltatron AG,Consumer Cyclical,Auto Parts,Germany,Fürth,EUR,EQUITY,85183672,133,https://voltatron.com,DE000A2E4LE9
A2E4K4.ETR,DHER.DE,ETR,ok_isin,Delivery Hero SE              N,Delivery Hero SE,Consumer Cyclical,Internet Retail,Germany,Berlin,EUR,EQUITY,11499942912,54721,https://www.deliveryhero.com,DE000A2E4K43
A2G8X3.ETR,SJJ.DE,ETR,ok_isin,Serviceware SE                I,Serviceware SE,Technology,Software - Application,Germany,Idstein,EUR,EQUITY,156450000,424,https://serviceware-se.com,DE000A2G8X31
A2G9MZ.ETR,S9I.HM,ETR,ok_isin,STEMMER IMAGING AG            I,Stemmer Imaging AG,Industrials,Specialty Industrial Machinery,Germany,Munich,EUR,EQUITY,399750016,253,https://www.stemmer-imaging.com,DE000A2G9MZ9
A2G9M1.ETR,CPX.F,ETR,ok_isin,capsensixx AG                 I,capsensixx AG,Financial Services,Asset Management,Germany,Frankfurt am Main,EUR,EQUITY,55881840,119,https://www.capsensixx.de,DE000A2G9M17
A2G9LL.ETR,,ETR,isin_not_found,,,,,,,,,,,,DE000A2G9LL1
A2G8XP.ETR,,ETR,isin_not_found,,,,,,,,,,,,DE000A2G8XP9
A2GS40.ETR,,ETR,isin_not_found,,,,,,,,,,,,DE000A2GS401
A2GS63.ETR,AEIN.DE,ETR,ok_isin,Allgeier SE                   N,Allgeier SE,Technology,Information Technology Services,Germany,Munich,EUR,EQUITY,193098128,2605,https://www.allgeier.com,DE000A2GS633
A2GS5D.ETR,DMP.DE,ETR,ok_isin,Dermapharm Holding SE         I,Dermapharm Holding SE,Healthcare,Drug Manufacturers - Specialty & Generic,Germany,Grünwald,EUR,EQUITY,2041081344,3503,https://ir.dermapharm.de,DE000A2GS5D8
A2GS62.ETR,CRZK.F,ETR,ok_isin,CR Energy AG                  I,CR Energy AG,Financial Services,Asset Management,Germany,Kleinmachnow,EUR,EQUITY,1645695,5,https://www.cr-capital.de,DE000A2GS625
A2GS60.ETR,SB1.DE,ETR,ok_isin,Smartbroker Holding AG        I,Smartbroker Holding AG,Financial Services,Financial Data & Stock Exchanges,Germany,Berlin,EUR,EQUITY,149353136,251,https://www.smartbroker-holding.de,DE000A2GS609
A2GSU4.ETR,BKHT.DE,ETR,ok_isin,Brockhaus Technologies AG     N,Brockhaus Technologies AG,Technology,Computer Hardware,Germany,Frankfurt am Main,EUR,EQUITY,215221920,488,https://www.brockhaus-technologies.com/en,DE000A2GSU42
A2GSVV.ETR,,ETR,isin_not_found,,,,,,,,,,,,DE000A2GSVV5
A2H7A5.ETR,IFRX,ETR,ok_isin,InflaRx N.V.,InflaRx N.V.,Healthcare,Biotechnology,Germany,Jena,USD,EQUITY,250397872,65,https://www.inflarx.de,NL0012661870
A2H5A3.ETR,UMI.BR,ETR,ok_isin,UMICORE,Umicore SA,Industrials,Waste Management,Belgium,Brussels,EUR,EQUITY,4789587968,10963,https://www.umicore.com,BE0974320526
A2H5Z1.ETR,BFSA.DE,ETR,ok_isin,BEFESA S.A.                   A,Befesa S.A.,Industrials,Waste Management,Luxembourg,Luxembourg,EUR,EQUITY,1366000000,1763,https://www.befesa.com,LU1704650164
A2H7JF.ETR,BAND,ETR,ok_isin,Bandwidth Inc.,Bandwidth Inc.,Technology,Software - Infrastructure,United States,Raleigh,USD,EQUITY,1830749696,1100,https://www.bandwidth.com,US05988J1034
A2JEXP.ETR,BKNG,ETR,ok_isin,Booking Holdings Inc. Common St,Booking Holdings Inc.,Consumer Cyclical,Travel Services,United States,Norwalk,USD,EQUITY,144739549184,24900,https://www.bookingholdings.com,US09857L1089
A2JF28.ETR,ZS,ETR,ok_isin,"Zscaler, Inc.","Zscaler, Inc.",Technology,Software - Infrastructure,United States,San Jose,USD,EQUITY,23819812864,7923,https://www.zscaler.com,US98980G1022
A2JDGJ.ETR,MBHCF,ETR,ok_isin,MBH Corporation PLC,MBH Corporation PLC,Real Estate,Real Estate Services,United Kingdom,London,USD,EQUITY,6667460,476,https://www.mbhcorporation.com,GB00BF1GH114
A2JE3W.ETR,ASWN.SW,ETR,ok_isin,ASMALLWORLD N,Asmallworld AG,Consumer Cyclical,Travel Services,Switzerland,Zurich,CHF,EQUITY,9038411,10,https://www.asmallworldag.com,CH0404880129
A2JEGN.ETR,SPOT,ETR,ok_isin,Spotify Technology S.A.,Spotify Technology S.A.,Communication Services,Internet Content & Information,Sweden,Stockholm,USD,EQUITY,101724356608,7258,https://www.spotify.com,LU1778762911
A2JE48.ETR,DBX,ETR,ok_isin,"Dropbox, Inc.","Dropbox, Inc.",Technology,Software - Infrastructure,United States,San Francisco,USD,EQUITY,7125002240,2113,https://www.dropbox.com,US26210C1045
A2JG9Z.ETR,AVGO,ETR,ok_isin,Broadcom Inc.,Broadcom Inc.,Technology,Semiconductors,United States,Palo Alto,USD,EQUITY,1823199985664,33000,https://www.broadcom.com,US11135F1012
A2JHXV.ETR,,ETR,isin_not_found,,,,,,,,,,,,US74915M1009
A2JKHY.ETR,BMAG.VI,ETR,ok_isin,Bajaj Mobility AG,Bajaj Mobility AG,Consumer Cyclical,Auto Manufacturers,Austria,Mattighofen,EUR,EQUITY,686069632,3662,https://www.bajajmobility.com,AT0000KTMI02
A2JGMQ.ETR,ALFEN.AS,ETR,ok_isin,ALFEN,Alfen N.V.,Industrials,Electrical Equipment & Parts,Netherlands,Almere,EUR,EQUITY,271134976,923,https://alfen.com,NL0012817175
A2JH5S.ETR,URW.PA,ETR,ok_isin,UNIBAIL-RODAMCO-WESTFIELD,Unibail-Rodamco-Westfield SE,Real Estate,REIT - Retail,France,Paris,EUR,EQUITY,15241860096,1933,https://www.urw.com,FR0013326246
A2JM2W.ETR,690D.DE,ETR,ok_isin,Haier Smart Home Co. Ltd.     R,"Haier Smart Home Co., Ltd.",Consumer Cyclical,"Furnishings, Fixtures & Appliances",China,Qingdao,EUR,EQUITY,17236082688,134995,https://smart-home.haier.com,CNE1000031C1
A2JNF4.ETR,ADYEN.AS,ETR,ok_isin,ADYEN,Adyen N.V.,Technology,Software - Infrastructure,Netherlands,Amsterdam,EUR,EQUITY,26717886464,4771,https://www.adyen.com,NL0012969182
A2JSPM.ETR,IQV,ETR,ok_isin,"IQVIA Holdings, Inc.",IQVIA Holdings Inc.,Healthcare,Diagnostics & Research,United States,Durham,USD,EQUITY,35586416640,93000,https://www.iqvia.com,US46266C1053
A2JQTG.ETR,BE,ETR,ok_isin,Bloom Energy Corporation,Bloom Energy Corporation,Industrials,Electrical Equipment & Parts,United States,San Jose,USD,EQUITY,53526646784,2000,https://www.bloomenergy.com,US0937121079
A2JQSC.ETR,,ETR,isin_not_found,,,,,,,,,,,,US88688T1007
A2LQ85.ETR,,ETR,isin_not_found,,,,,,,,,,,,DE000A2LQ850
A2JNWZ.ETR,,ETR,isin_not_found,,,,,,,,,,,,DE000A2JNWZ9
A2LQUA.ETR,,ETR,isin_not_found,,,,,,,,,,,,DE000A2LQUA5
A2JSR1.ETR,TPR,ETR,ok_isin,"Tapestry, Inc.","Tapestry, Inc.",Consumer Cyclical,Luxury Goods,United States,New York,USD,EQUITY,29787451392,12500,https://www.tapestry.com,US8760301072
A2LQ88.ETR,AG1.DE,ETR,ok_isin,AUTO1 Group SE                I,AUTO1 Group SE,Consumer Cyclical,Auto & Truck Dealerships,Germany,Berlin,EUR,EQUITY,5389444096,6984,https://www.auto1-group.com,DE000A2LQ884
A2N6BH.ETR,ELAN,ETR,ok_isin,Elanco Animal Health Incorporat,Elanco Animal Health Incorporated,Healthcare,Drug Manufacturers - Specialty & Generic,United States,Indianapolis,USD,EQUITY,12691013632,9400,https://www.elanco.com,US28414H1032
A2N7XQ.ETR,BYND,ETR,ok_isin,"Beyond Meat, Inc.","Beyond Meat, Inc.",Consumer Defensive,Packaged Foods,United States,El Segundo,USD,EQUITY,282613760,589,https://www.beyondmeat.com,US08862E1091
A2N4H0.ETR,WEW.DE,ETR,ok_isin,Westwing Group SE             I,Westwing Group SE,Consumer Cyclical,"Furnishings, Fixtures & Appliances",Germany,Munich,EUR,EQUITY,278801760,1187,https://www.westwing.com,DE000A2N4H07
A2N5RS.ETR,ESTC,ETR,ok_isin,Elastic N.V.,Elastic N.V.,Technology,Software - Application,Netherlands,Amsterdam,USD,EQUITY,6414980096,4019,https://www.elastic.co,NL0013056914
A2N9D9.ETR,MRNA,ETR,ok_isin,"Moderna, Inc.","Moderna, Inc.",Healthcare,Biotechnology,United States,Cambridge,USD,EQUITY,22073221120,4700,https://www.modernatx.com,US60770K1079
A2JR3A.ETR,,ETR,isin_not_found,,,,,,,,,,,,GB00BZ15CS02
A2N64R.ETR,REZI,ETR,ok_isin,"Resideo Technologies, Inc.","Resideo Technologies, Inc.",Industrials,Industrial Distribution,United States,Scottsdale,USD,EQUITY,5336261632,14800,https://www.resideo.com,US76118Y1047
A2N6WP.ETR,DELL,ETR,ok_isin,Dell Technologies Inc.,Dell Technologies Inc.,Technology,Computer Hardware,United States,Round Rock,USD,EQUITY,275844661248,97000,https://www.dell.com,US24703L2025
A2N5RY.ETR,GH,ETR,ok_isin,"Guardant Health, Inc.","Guardant Health, Inc.",Healthcare,Diagnostics & Research,United States,Palo Alto,USD,EQUITY,19289311232,2490,https://guardanthealth.com,US40131M1099
A2NB37.ETR,AGR.VI,ETR,ok_isin,Agrana Beteiligungs-AG,AGRANA Beteiligungs-Aktiengesellschaft,Consumer Defensive,Packaged Foods,Austria,Vienna,EUR,EQUITY,703000960,8353,https://www.agrana.com,AT000AGRANA3
A2NB60.ETR,JEN.DE,ETR,ok_isin,JENOPTIK AG                   N,Jenoptik AG,Technology,Electronic Components,Germany,Jena,EUR,EQUITY,2133836928,4020,https://www.jenoptik.com,DE000A2NB601
A2N9WV.ETR,,ETR,isin_not_found,,,,,,,,,,,,GB00BH0P3Z91
A2NB7S.ETR,TRU.MU,ETR,ok_isin,Traumhaus AG                  I,Traumhaus AG,Consumer Cyclical,Residential Construction,Germany,Wiesbaden,EUR,EQUITY,1356233,,https://www.traumhaus-familie.de,DE000A2NB7S2
A2P1UZ.ETR,OTIS,ETR,ok_isin,Otis Worldwide Corporation,Otis Worldwide Corporation,Industrials,Specialty Industrial Machinery,United States,Farmington,USD,EQUITY,27861190656,72000,https://www.otis.com,US68902V1070
A2NBTL.ETR,SLT.HM,ETR,ok_isin,Schaltbau Holding AG          N,Schaltbau Holding AG,Industrials,Railroads,Germany,Munich,EUR,EQUITY,698435328,2953,https://schaltbaugroup.com,DE000A2NBTL2
A2P0E9.ETR,,ETR,isin_not_found,,,,,,,,,,,,NL0014332678
A2NB65.ETR,MUX.DE,ETR,ok_isin,Mutares SE & Co. KGaA         N,Mutares SE & Co. KGaA,Financial Services,Asset Management,Germany,Munich,EUR,EQUITY,586016448,35000,https://www.mutares.com/en/,DE000A2NB650
A2P1UY.ETR,CARR,ETR,ok_isin,Carrier Global Corporation,Carrier Global Corporation,Industrials,Building Products & Equipment,United States,Palm Beach Gardens,USD,EQUITY,57584140288,47000,https://www.carrier.com,US14448C1045
A2NBX8.ETR,INS.DE,ETR,ok_isin,Instone Real Estate Group SE  I,Instone Real Estate Group SE,Real Estate,Real Estate - Development,Germany,Essen,EUR,EQUITY,311702592,353,https://instone-group.de,DE000A2NBX80
A2P205.ETR,DKNG,ETR,ok_isin,DraftKings Inc.,DraftKings Inc.,Consumer Cyclical,Gambling,United States,Boston,USD,EQUITY,11961666560,5500,https://www.draftkings.com,US26142R1041
A2P4HL.ETR,123F.F,ETR,ok_isin,123fahrschule SE              I,123fahrschule SE,Consumer Defensive,Education & Training Services,Germany,Cologne,EUR,EQUITY,13673423,273,https://www.123fahrschule.de,DE000A2P4HL9
A2P4A9.ETR,,ETR,isin_not_found,,,,,,,,,,,,US6541101050
A2P4LJ.ETR,,ETR,isin_not_found,,,,,,,,,,,,DE000A2P4LJ5
A2PA9L.ETR,CI,ETR,ok_isin,The Cigna Group,The Cigna Group,Healthcare,Healthcare Plans,United States,Bloomfield,USD,EQUITY,76984213504,65669,https://www.thecignagroup.com,US1255231003
A2P6UE.ETR,GRPN,ETR,ok_isin,"Groupon, Inc.","Groupon, Inc.",Communication Services,Internet Content & Information,United States,Chicago,USD,EQUITY,1045699008,1734,https://www.groupon.com,US3994732069
A2P739.ETR,,ETR,isin_not_found,,,,,,,,,,,,US88337F1057
A2P71U.ETR,,ETR,isin_not_found,,,,,,,,,,,,NL0015436031
A2P9T5.ETR,CMRC,ETR,ok_isin,"Commerce.com, Inc. - Series 1","Commerce.com, Inc.",Technology,Software - Application,United States,Austin,USD,EQUITY,234334752,1079,https://www.commerce.com,US08975P1084
A2NBVD.ETR,DFV.HM,ETR,ok_isin,DFV Dt.Familienvers.AG        I,DFV Deutsche Familienversicherung AG,Financial Services,Insurance - Diversified,Germany,Frankfurt am Main,EUR,EQUITY,109408352,216,https://www.deutsche-familienversicherung.de,DE000A2NBVD5
A2P75D.ETR,MTCH,ETR,ok_isin,"Match Group, Inc.","Match Group, Inc.",Communication Services,Internet Content & Information,United States,Dallas,USD,EQUITY,9050740736,2200,https://mtch.com,US57667L1070
A2PBVH.ETR,,ETR,isin_not_found,,,,,,,,,,,,AT0000A25W06
A2PBX0.ETR,,ETR,isin_not_found,,,,,,,,,,,,US22304C1009
A2PAA5.ETR,IQL.F,ETR,ok_isin,iQ International AG i.L.      N,iQ International AG,Consumer Cyclical,Auto Parts,Switzerland,Zug,EUR,EQUITY,412078,,,CH0451424300
A2PBHR.ETR,WAH.MU,ETR,ok_isin,Wolftank Group AG             I,Wolftank Group AG,Industrials,Pollution & Treatment Controls,Austria,Innsbruck,EUR,EQUITY,18591422,457,https://wolftankgroup.com,AT0000A25NJ6
A2PE38.ETR,LYFT,ETR,ok_isin,"Lyft, Inc.","Lyft, Inc.",Technology,Software - Application,United States,San Francisco,USD,EQUITY,5729409536,3913,https://www.lyft.com,US55087P1049
A2PHG5.ETR,FQT.F,ETR,ok_isin,Frequentis AG                 I,Frequentis AG,Technology,Communication Equipment,Austria,Vienna,EUR,EQUITY,950137728,2783,https://www.frequentis.com/de,ATFREQUENT09
A2PG8A.ETR,WWR,ETR,ok_isin,"Westwater Resources, Inc.","Westwater Resources, Inc.",Basic Materials,Other Industrial Metals & Mining,United States,Centennial,USD,EQUITY,50838768,20,https://westwaterresources.net,US9616842061
A2PF3K.ETR,FOXA,ETR,ok_isin,Fox Corporation,Fox Corporation,Communication Services,Entertainment,United States,New York,USD,EQUITY,23783172096,10400,https://www.foxcorporation.com,US35137L1052
A2PGJ2.ETR,ZM,ETR,ok_isin,"Zoom Communications, Inc.","Zoom Communications, Inc.",Technology,Software - Application,United States,San Jose,USD,EQUITY,26748643328,7438,https://www.zoom.com,US98980L1017
A2PFRC.ETR,DOW,ETR,ok_isin,Dow Inc.,Dow Inc.,Basic Materials,Chemicals,United States,Midland,USD,EQUITY,20767295488,32800,https://www.dow.com,US2605571031
A2PFHR.ETR,LEVI,ETR,ok_isin,Levi Strauss & Co,Levi Strauss & Co.,Consumer Cyclical,Apparel Manufacturing,United States,San Francisco,USD,EQUITY,9825234944,19000,https://www.levistrauss.com,US52736R1023
A2PHHG.ETR,UBER,ETR,ok_isin,"Uber Technologies, Inc.","Uber Technologies, Inc.",Technology,Software - Application,United States,San Francisco,USD,EQUITY,138787143680,35000,https://www.uber.com,US90353T1007
A2PJSK.ETR,KTB,ETR,ok_isin,"Kontoor Brands, Inc.","Kontoor Brands, Inc.",Consumer Cyclical,Apparel Manufacturing,United States,Greensboro,USD,EQUITY,4741262848,10600,https://www.kontoorbrands.com,US50050N1037
A2PKHA.ETR,FCEL,ETR,ok_isin,"FuelCell Energy, Inc.","FuelCell Energy, Inc.",Industrials,Electrical Equipment & Parts,United States,Danbury,USD,EQUITY,1718215552,629,https://www.fuelcellenergy.com,US35952H6018
A2PK6Z.ETR,XLS.SW,ETR,ok_isin,XLIFE SCIENCES N,Xlife Sciences AG,Healthcare,Biotechnology,Switzerland,Zurich,CHF,EQUITY,96606832,20,https://www.xlifesciences.ch,CH0461929603
A2PN69.ETR,NVST,ETR,ok_isin,Envista Holdings Corporation,Envista Holdings Corporation,Healthcare,Medical Instruments & Supplies,United States,Brea,USD,EQUITY,4335071744,12000,https://envistaco.com,US29415F1049
A2PPE1.ETR,XRX,ETR,ok_isin,Xerox Holdings Corporation,Xerox Holdings Corporation,Industrials,Business Equipment & Supplies,United States,Norwalk,USD,EQUITY,357028320,22900,https://www.xerox.com,US98421M1062
A2PKRR.ETR,CTVA,ETR,ok_isin,"Corteva, Inc.","Corteva, Inc.",Basic Materials,Agricultural Inputs,United States,Indianapolis,USD,EQUITY,58575253504,21500,https://www.corteva.com,US22052L1044
A2PLC7.ETR,1DD.MI,ETR,ok_isin,DUPONT DE NEMOURS,"DuPont de Nemours, Inc.",Basic Materials,Specialty Chemicals,United States,Wilmington,EUR,EQUITY,15619045376,15000,https://www.dupont.com,US26614N1028
A2PLC1.ETR,ADME.L,ETR,ok_isin,ADM ENERGY PLC ORD 0.001P,ADM Energy plc,Energy,Oil & Gas E&P,United Kingdom,London,GBp,EQUITY,600742,,https://www.admenergyplc.com,GB00BJFDXW97
A2PLR5.ETR,ADPT,ETR,ok_isin,Adaptive Biotechnologies Corpor,Adaptive Biotechnologies Corporation,Healthcare,Diagnostics & Research,United States,Seattle,USD,EQUITY,3607400448,624,https://www.adaptivebiotech.com,US00650F1093
A2PLUG.ETR,GFG.DE,ETR,ok_isin,Global Fashion Group S.A.     B,Global Fashion Group S.A.,Consumer Cyclical,Apparel Retail,Luxembourg,Senningerberg,EUR,EQUITY,94771120,3212,https://global-fashion-group.com,LU2010095458
A2PM3H.ETR,LHX,ETR,ok_isin,"L3Harris Technologies, Inc.","L3Harris Technologies, Inc.",Industrials,Aerospace & Defense,United States,Melbourne,USD,EQUITY,56536793088,45000,https://www.l3harris.com,US5024311095
A2PPTN.ETR,,ETR,isin_not_found,,,,,,,,,,,,CA98421R1055
A2PRCJ.ETR,SDCCQ,ETR,ok_isin,"SmileDirectClub, Inc.","SmileDirectClub, Inc.",Healthcare,Medical Instruments & Supplies,United States,Nashville,USD,EQUITY,40260,2700,https://investors.smiledirectclub.com,US83192H1068
A2PRDK.ETR,PRX.AS,ETR,ok_isin,PROSUS,Prosus N.V.,Consumer Cyclical,Internet Retail,Netherlands,Amsterdam,EUR,EQUITY,81405952000,41998,https://www.prosus.com,NL0013654783
A2PR0M.ETR,PTON,ETR,ok_isin,"Peloton Interactive, Inc.","Peloton Interactive, Inc.",Consumer Cyclical,Leisure,United States,New York,USD,EQUITY,2710529536,2605,https://www.onepeloton.com,US70614W1009
A2PRLS.ETR,CRNC,ETR,ok_isin,Cerence Inc.,Cerence Inc.,Technology,Software - Application,United States,Burlington,USD,EQUITY,374606912,1300,https://www.cerence.com,US1567271093
A2PWMZ.ETR,TFC,ETR,ok_isin,Truist Financial Corporation,Truist Financial Corporation,Financial Services,Banks - Regional,United States,Charlotte,USD,EQUITY,63671144448,37849,https://www.truist.com,US89832Q1094
A2PSR2.ETR,US09075V1026.SG,ETR,ok_isin,BioNTech SE (ADRs),,,,,,EUR,EQUITY,,,,US09075V1026
A2PX9L.ETR,EQH,ETR,ok_isin,"Equitable Holdings, Inc.","Equitable Holdings, Inc.",Financial Services,Asset Management,United States,New York,USD,EQUITY,13263036416,8000,https://ir.equitableholdings.com,US29452E1010
A2PSFR.ETR,DDOG,ETR,ok_isin,"Datadog, Inc.","Datadog, Inc.",Technology,Software - Application,United States,New York,USD,EQUITY,89652133888,8100,https://www.datadoghq.com,US23804L1035
A2PUZ3.ETR,,ETR,isin_not_found,,,,,,,,,,,,US92556H2067
A2PUXE.ETR,GEN,ETR,ok_isin,Gen Digital Inc.,Gen Digital Inc.,Technology,Software - Infrastructure,United States,Tempe,USD,EQUITY,16109081600,3900,https://www.gendigital.com,US6687711084
A2PUCU.ETR,,ETR,isin_not_found,,,,,,,,,,,,NL0014040206
A2PXQD.ETR,9TS.DU,ETR,ok_isin,tubesolar AG                  I,TubeSolar AG,Technology,Solar,Germany,Augsburg,EUR,EQUITY,45000,,https://www.tubesolar.de,DE000A2PXQD4
A2PZ2D.ETR,HWM,ETR,ok_isin,Howmet Aerospace Inc.,Howmet Aerospace Inc.,Industrials,Aerospace & Defense,United States,Pittsburgh,USD,EQUITY,115206955008,25430,https://www.howmet.com,US4432011082
A2PZZV.ETR,47I.HM,ETR,ok_isin,Upside Gold Corp.             R,,,,,,EUR,EQUITY,,,,US03966V1070
A2PZ0R.ETR,RTX,ETR,ok_isin,RTX Corporation,RTX Corporation,Industrials,Aerospace & Defense,United States,Arlington,USD,EQUITY,294377324544,180000,https://www.rtx.com,US75513E1010
A2QA4J.ETR,PLTR,ETR,ok_isin,Palantir Technologies Inc.,Palantir Technologies Inc.,Technology,Software - Infrastructure,United States,Aventura,USD,EQUITY,315318435840,4395,https://www.palantir.com,US69608A1088
A2QA6Q.ETR,,ETR,isin_not_found,,,,,,,,,,,,US68620A2033
A2QDNX.ETR,C0M.F,ETR,ok_isin,CCS Abwicklungs AG            I,CCS Abwicklungs AG,,,Germany,Dortmund,EUR,EQUITY,32953,665,https://ir.compleo-charging.com,DE000A2QDNX9
A2QAME.ETR,VTRS,ETR,ok_isin,Viatris Inc.,Viatris Inc.,Healthcare,Drug Manufacturers - Specialty & Generic,United States,Canonsburg,USD,EQUITY,20536887296,30000,https://www.viatris.com,US92556V1061
A2QB38.ETR,SNOW,ETR,ok_isin,Snowflake Inc.,Snowflake Inc.,Technology,Software - Application,United States,Menlo Park,USD,EQUITY,94594072576,9250,https://www.snowflake.com,US8334451098
A2QAZJ.ETR,,ETR,isin_not_found,,,,,,,,,,,,CH0563815429
A2QCEQ.ETR,,ETR,isin_not_found,,,,,,,,,,,,US9663875089
A2QEFA.ETR,,ETR,isin_not_found,,,,,,,,,,,,DE000A2QEFA1
A2QG35.ETR,ABNB,ETR,ok_isin,"Airbnb, Inc.","Airbnb, Inc.",Consumer Cyclical,Travel Services,United States,San Francisco,USD,EQUITY,87162126336,8200,https://www.airbnb.com,US0090661010
A2QJV6.ETR,VVY.AS,ETR,ok_isin,VIVORYON THERAPEUTICS N.V.,Vivoryon Therapeutics N.V.,Healthcare,Biotechnology,Germany,Halle,EUR,EQUITY,34352620,13,https://www.vivoryon.com,NL00150002Q7
A2QL01.ETR,STLAM.MI,ETR,ok_isin,STELLANTIS,Stellantis N.V.,Consumer Cyclical,Auto Manufacturers,Netherlands,Hoofddorp,EUR,EQUITY,14536797184,258668,https://www.stellantis.com,NL00150001Q9
A2QJVE.ETR,AI,ETR,ok_isin,"C3.ai, Inc.","C3.ai, Inc.",Technology,Software - Infrastructure,United States,Redwood City,USD,EQUITY,1371062656,764,https://www.c3.ai,US12468P1049
A2QH97.ETR,LMIA.DE,ETR,ok_isin,LION E-Mobility AG            N,LION E-Mobility AG,Industrials,Electrical Equipment & Parts,Switzerland,Zug,EUR,EQUITY,40030612,,https://lionemobility.com,CH0560888270
A2QQMK.ETR,TSCO.L,ETR,ok_isin,TESCO PLC ORD 6 1/3P,Tesco PLC,Consumer Defensive,Grocery Stores,United Kingdom,Welwyn Garden City,GBp,EQUITY,30606030848,340000,https://www.tescoplc.com,GB00BLGZ9862
A2QRHL.ETR,,ETR,isin_not_found,,,,,,,,,,,,DE000A2QRHL6
A2QQQU.ETR,VXT.DE,ETR,ok_isin,VIDINEXT AG                   N,Vidinext AG,Communication Services,Entertainment,Switzerland,Zug,EUR,EQUITY,4920000,20,https://vidinext.com,CH0557519201
A2TR91.ETR,S6P.F,ETR,ok_isin,SpielVGG Unterhaching KGaA    N,Spielvereinigung Unterhaching Fußball GmbH & Co. KGaA,Consumer Cyclical,Leisure,Germany,Unterhaching,EUR,EQUITY,3306533,205,https://www.spvggunterhaching.de,DE000A2TR919
A2QQVE.ETR,APA,ETR,ok_isin,APA Corporation,APA Corporation,Energy,Oil & Gas E&P,United States,Houston,USD,EQUITY,12279557120,1791,https://www.apacorp.com,US03743Q1085
A2QM3K.ETR,HTG.DE,ETR,ok_isin,HomeToGo SE                   A,HomeToGo SE,Communication Services,Internet Content & Information,Luxembourg,Luxembourg,EUR,EQUITY,175604640,1482,https://ir.hometogo.de,LU2290523658
A2QN3E.ETR,,ETR,isin_not_found,,,,,,,,,,,,US9855101062
A2QP7J.ETR,COIN,ETR,ok_isin,"Coinbase Global, Inc.","Coinbase Global, Inc.",Financial Services,Financial Data & Stock Exchanges,United States,New York,USD,EQUITY,44127043584,4951,https://www.coinbase.com,US19260Q1076
A2QMYN.ETR,LUMN,ETR,ok_isin,"Lumen Technologies, Inc.","Lumen Technologies, Inc.",Communication Services,Telecom Services,United States,Monroe,USD,EQUITY,6449747456,21000,https://www.lumen.com,US5502411037
A2TSQH.ETR,,ETR,isin_not_found,,,,,,,,,,,,DE000A2TSQH7
A2TSL7.ETR,,ETR,isin_not_found,,,,,,,,,,,,DE000A2TSL71
A2YN70.ETR,,ETR,isin_not_found,,,,,,,,,,,,DE000A2YN702
A2YN37.ETR,,ETR,isin_not_found,,,,,,,,,,,,DE000A2YN371
A2YN50.ETR,KTA.DE,ETR,ok_isin,Knaus Tabbert AG              I,Knaus Tabbert AG,Consumer Cyclical,Recreational Vehicles,Germany,Jandelsbrunn,EUR,EQUITY,130545920,2643,https://www.knaustabbert.de,DE000A2YN504
A2YPDD.ETR,VIH1.DE,ETR,ok_isin,VIB VERMOEGEN  NA O.N.,VIB Vermögen AG,Real Estate,Real Estate Services,Germany,Neuburg an der Donau,EUR,EQUITY,245265040,44,https://www.vib-ag.de,DE000A2YPDD0
A2YN77.ETR,DE000A2YN777.SG,ETR,ok_isin,pferdewetten.de AG,,,,,,EUR,EQUITY,,,,DE000A2YN777
A2TSU2.ETR,WBAH.F,ETR,ok_isin,Wild Bunch AG                 I,Wild Bunch AG,,,Germany,Berlin,EUR,EQUITY,,102,https://www.wildbunch.eu,DE000A2TSU21
A2YN90.ETR,TMV.DE,ETR,ok_isin,TeamViewer SE                 I,TeamViewer SE,Technology,Software - Application,Germany,Göppingen,EUR,EQUITY,924530688,1900,https://www.teamviewer.com,DE000A2YN900
A2YNT3.ETR,DE000A2YNT30.SG,ETR,ok_isin,AlzChem Group AG,,,,,,EUR,EQUITY,,,,DE000A2YNT30
A2YN99.ETR,ESY.HM,ETR,ok_isin,EASY SOFTWARE AG              N,Easy Software AG,Technology,Software - Application,Germany,Essen,EUR,EQUITY,140384432,355,https://easy-software.com,DE000A2YN991
A3CM9E.ETR,,ETR,isin_not_found,,,,,,,,,,,,LU2334363566
A3CN9R.ETR,14D.DE,ETR,ok_isin,tokentus Investment AG        N,tokentus investment AG,Financial Services,Asset Management,Germany,Frankfurt am Main,EUR,EQUITY,4636912,3,https://www.tokentus.com,DE000A3CN9R8
A3CMGM.ETR,,ETR,isin_not_found,,,,,,,,,,,,DE000A3CMGM5
A3CM2W.ETR,TNIE.F,ETR,ok_isin,tonies SE                     A,tonies SE,Consumer Cyclical,Leisure,Luxembourg,Luxembourg,EUR,EQUITY,1538387328,634,https://www.tonies.de,LU2333563281
A3CMGN.ETR,HGEA.F,ETR,ok_isin,hGears AG                     I,hGears AG,Consumer Cyclical,Auto Parts,Germany,Schramberg,EUR,EQUITY,7696000,603,https://hgears.com,DE000A3CMGN3
A3CMNS.ETR,VWS.CO,ETR,ok_isin,Vestas Wind Systems A/S,Vestas Wind Systems A/S,Industrials,Specialty Industrial Machinery,Denmark,Aarhus,DKK,EQUITY,165266046976,36808,https://www.vestas.com,DK0061539921
A3C4QG.ETR,,ETR,isin_not_found,,,,,,,,,,,,US9778521024
A3CQ7F.ETR,BIKE.F,ETR,ok_isin,Bike24 Holding AG             I,Bike24 Holding AG,Consumer Cyclical,Internet Retail,Germany,Dresden,EUR,EQUITY,110413568,456,https://corporate.bike24.com,DE000A3CQ7F4
A3CRRN.ETR,DE000A3CRRN9.SG,ETR,ok_isin,Cherry AG,,,,,,EUR,EQUITY,,,,DE000A3CRRN9
A3CSML.ETR,GE,ETR,ok_isin,GE Aerospace,GE Aerospace,Industrials,Aerospace & Defense,United States,Evendale,USD,EQUITY,375192944640,57000,https://www.geaerospace.com,US3696043013
A3CS4Z.ETR,LRND.F,ETR,ok_isin,AnchorCore SE                 A,AnchorCore SE,Industrials,Building Products & Equipment,Luxembourg,Luxembourg City,EUR,EQUITY,25530378,392,https://anchorcore.com,LU2358378979
A3CSAE.ETR,DE000A3CSAE2.SG,ETR,ok_isin,Mister Spex SE,,,,,,EUR,EQUITY,,,,DE000A3CSAE2
A3CPKP.ETR,OGN,ETR,ok_isin,Organon & Co.,Organon & Co.,Healthcare,Drug Manufacturers - General,United States,Jersey City,USD,EQUITY,3555731712,10000,https://www.organon.com,US68622V1061
A3CNK4.ETR,,ETR,isin_not_found,,,,,,,,,,,,DE000A3CNK42
A3CNLD.ETR,MRVL,ETR,ok_isin,"Marvell Technology, Inc.","Marvell Technology, Inc.",Technology,Semiconductors,United States,Wilmington,USD,EQUITY,169788489728,7480,https://www.marvell.com,US5738741041
A3CSWZ.ETR,NVM.F,ETR,ok_isin,Novem Group S.A.              R,Novem Group S.A.,Consumer Cyclical,Auto Parts,Luxembourg,Contern,EUR,EQUITY,109296968,4082,https://novem.com,LU2356314745
A3E5A5.ETR,SBX.DU,ETR,ok_isin,SYNBIOTIC SE                  N,SynBiotic SE,,,Germany,Düsseldorf,EUR,EQUITY,,79,https://www.synbiotic.com,DE000A3E5A59
A3E5C0.ETR,CNW.F,ETR,ok_isin,co.don AG                     I,co.don AG,Healthcare,Biotechnology,Germany,Teltow,EUR,EQUITY,427573,26,https://www.codon.de,DE000A3E5C08
A3E5C4.ETR,,ETR,isin_not_found,,,,,,,,,,,,DE000A3E5C40
A3CWHH.ETR,BBWI,ETR,ok_isin,"Bath & Body Works, Inc.","Bath & Body Works, Inc.",Consumer Cyclical,Specialty Retail,United States,Columbus,USD,EQUITY,4130001408,9071,https://www.bbwinc.com,US0708301041
A3E5CC.ETR,,ETR,isin_not_found,,,,,,,,,,,,DE000A3E5CC8
A3E5DP.ETR,,ETR,isin_not_found,,,,,,,,,,,,DE000A3E5DP8
A3E5DK.ETR,,ETR,isin_not_found,,,,,,,,,,,,DE000A3E5DK9
A3E5D6.ETR,DE000A3E5D64.SG,ETR,ok_isin,Fuchs SE,,,,,,EUR,EQUITY,,,,DE000A3E5D64
A3E5D5.ETR,FPE.DE,ETR,ok_isin,FUCHS SE                      N,Fuchs SE,Basic Materials,Specialty Chemicals,Germany,Mannheim,EUR,EQUITY,4539150336,6857,https://www.fuchs.com/group,DE000A3E5D56
A3E5D0.ETR,,ETR,isin_not_found,,,,,,,,,,,,DE000A3E5D07
A3E5ES.ETR,,ETR,isin_not_found,,,,,,,,,,,,DE000A3E5ES0
A3E5E6.ETR,HHHA.MU,ETR,ok_isin,Homes & Holiday AG            N,Homes & Holiday AG,Real Estate,Real Estate Services,Germany,Munich,EUR,EQUITY,1290652,,https://www.homes-holiday.com,DE000A3E5E63
A3E5ED.ETR,VEZ.DE,ETR,ok_isin,PLANETHIC GROUP AG            I,Planethic Group AG,Consumer Defensive,Packaged Foods,Germany,Ludwigsfelde,EUR,EQUITY,2861469,74,https://planethic.group,DE000A3E5ED2
A3E5ET.ETR,,ETR,isin_not_found,,,,,,,,,,,,DE000A3E5ET8
A3E5E5.ETR,HP3A.DE,ETR,ok_isin,Ringmetall SE                 N,Ringmetall SE,Industrials,Tools & Accessories,Germany,Munich,EUR,EQUITY,78486408,975,https://ringmetall.de,DE000A3E5E55
A3H213.ETR,MA10.DE,ETR,ok_isin,Binect AG                     I,Binect AG,Technology,Software - Application,Germany,Weiterstadt,EUR,EQUITY,5370244,43,https://binect.com,DE000A3H2135
A3H222.ETR,,ETR,isin_not_found,,,,,,,,,,,,DE000A3H2226
A3H233.ETR,HABA.HM,ETR,ok_isin,HAMBORNER REIT AG             N,Hamborner REIT AG,,,,,EUR,ETF,,,,DE000A3H2333
A3H210.ETR,AAQ1.DE,ETR,ok_isin,aap Implantate AG             I,aap Implantate AG,Healthcare,Medical Devices,Germany,Berlin,EUR,EQUITY,23841502,99,https://www.aap.de,DE000A3H2101
A3H218.ETR,,ETR,isin_not_found,,,,,,,,,,,,DE000A3H2184
A3H220.ETR,NA9.DE,ETR,ok_isin,Nagarro SE                    N,Nagarro SE,Technology,Information Technology Services,Germany,Munich,EUR,EQUITY,948622784,18543,https://www.nagarro.com,DE000A3H2200
A3H3L4.ETR,2INV.F,ETR,ok_isin,2invest AG                    N,2invest AG,Financial Services,Asset Management,Germany,Heidelberg,EUR,EQUITY,43753176,3,https://2invest-ag.com,DE000A3H3L44
AACW.FR,,FR,isin_not_found,,,,,,,,,,,,FR0014003QK3
A3H3LL.ETR,VTWR.HM,ETR,ok_isin,Vantage Towers AG             N,Vantage Towers AG,Real Estate,Real Estate Services,Germany,Düsseldorf,EUR,EQUITY,19541956608,711,https://www.vantagetowers.com,DE000A3H3LL2
A3H3LB.ETR,,ETR,isin_not_found,,,,,,,,,,,,DE000A3H3LB3
AAC.FR,,FR,isin_not_found,,,,,,,,,,,,FR0014003PZ3
ABIO.FR,,FR,isin_not_found,,,,,,,,,,,,FR0000060402
ACNV.FR,,FR,isin_not_found,,,,,,,,,,,,FR00140015P7
ACCEL.NL,,NL,isin_not_found,,,,,,,,,,,,NL0009767532
ADVIC.FR,ALDVI.PA,FR,ok_isin,ADVICENNE,Advicenne S.A.,Healthcare,Biotechnology,France,Paris,EUR,EQUITY,23920096,11,https://www.advicenne.com,FR0013296746
ADVI.FR,ALAVI.PA,FR,ok_isin,ADVINI,AdVini S.A.,Consumer Defensive,Beverages - Wineries & Distilleries,France,Clermont-l'Hérault,EUR,EQUITY,66930196,892,https://www.advini.com,FR0000053043
ADUX.FR,ALDUX.PA,FR,ok_isin,ADUX,,Communication Services,Advertising Agencies,France,Paris,EUR,EQUITY,9343455,29,https://www.adux.com,FR0012821890
AFME.FR,CVX.PA,FR,ok_isin,CARVOLIX,,Healthcare,Medical Devices,France,Aix-en-Provence,EUR,EQUITY,350740192,,https://www.carvolix.eu,FR0013333077
AKA.FR,,FR,isin_not_found,,,,,,,,,,,,FR0004180537
ALADA.FR,,FR,isin_not_found,,,,,,,,,,,,FR0000053076
ALACT.FR,,FR,isin_not_found,,,,,,,,,,,,FR0014005OJ5
ALADM.FR,,FR,isin_not_found,,,,,,,,,,,,FR0010457531
ALADV.FR,,FR,isin_not_found,,,,,,,,,,,,FR0004152874
ALAMG.FR,,FR,isin_not_found,,,,,,,,,,,,FR0013410370
ALATF.FR,,FR,isin_not_found,,,,,,,,,,,,FR0000079683
ALAVY.FR,ALWIN.PA,FR,ok_isin,WINAMP GROUP,,Communication Services,Internet Content & Information,Belgium,Brussels,EUR,EQUITY,8821581,,https://www.llama-group.com,BE0974334667
ALANT.FR,ALISP.PA,FR,ok_isin,ISPD NETWORK,"ISPD Network, S.A.",Communication Services,Advertising Agencies,Spain,Madrid,EUR,EQUITY,25311972,514,https://www.ispd.com,ES0109429037
ALBDM.FR,ALTRA.PA,FR,ok_isin,TRACTIAL,,Technology,Software - Infrastructure,France,Paris,EUR,EQUITY,11246019,28,https://www.bdmultimedia.fr,FR0000035305
ALCES.FR,,FR,isin_not_found,,,,,,,,,,,,FR0013297165
ALCHI.FR,,FR,isin_not_found,,,,,,,,,,,,FR0014000JX7
ALCG.FR,,FR,isin_not_found,,,,,,,,,,,,FR0013530102
ALCAR.FR,,FR,isin_not_found,,,,,,,,,,,,FR0010907956
ALBUD.FR,ALMIN.PA,FR,ok_isin,MINT,MINT Société anonyme,Utilities,Utilities - Renewable,France,Montpellier,EUR,EQUITY,30754198,70,https://www.mint.eco,FR0004172450
ALCOR.FR,,FR,isin_not_found,,,,,,,,,,,,FR0012788065
ALCYB.FR,ALIBR.PA,FR,ok_isin,CALIBRE,,Industrials,Aerospace & Defense,France,Suresnes,EUR,EQUITY,10023498,191,https://cybergun.com,FR0014004QR6
ALD.FR,AYV.PA,FR,ok_isin,AYVENS,,Industrials,Rental & Leasing Services,France,Puteaux,EUR,EQUITY,9065168896,13000,https://www.ayvens.com,FR0013258662
ALDBY.FR,,FR,isin_not_found,,,,,,,,,,,,FR0013400991
ALDEI.FR,5D8.F,FR,ok_isin,Investment AB Oeresund        N,Investment AB Öresund (publ),Financial Services,Asset Management,Sweden,Stockholm,EUR,EQUITY,527719072,6,https://www.oresund.se,FR0010879056
ALDR.FR,,FR,isin_not_found,,,,,,,,,,,,FR0011522168
ALENE.FR,,FR,isin_not_found,,,,,,,,,,,,FR0011915339
ALENR.FR,,FR,isin_not_found,,,,,,,,,,,,FR0000045122
ALFBA.FR,,FR,isin_not_found,,,,,,,,,,,,FR0004034593
ALESK.FR,,FR,isin_not_found,,,,,,,,,,,,FR0000035818
ALFIL.FR,,FR,isin_not_found,,,,,,,,,,,,FR0010221069
ALFOC.FR,ALPUL.PA,FR,ok_isin,PULLUP ENTERTAINMENT,Pullup Entertainment Société anonyme,Communication Services,Electronic Gaming & Multimedia,France,Paris,EUR,EQUITY,65501344,600,https://pullupent.com,FR0012419307
ALGAU.FR,,FR,isin_not_found,,,,,,,,,,,,FR0013495298
ALGBE.FR,,FR,isin_not_found,,,,,,,,,,,,FR0011052257
ALHEO.FR,,FR,isin_not_found,,,,,,,,,,,,CA4433003064
ALHIO.FR,,FR,isin_not_found,,,,,,,,,,,,FR0000077562
ALHYG.FR,ALTAO.PA,FR,ok_isin,ATON,,Healthcare,Biotechnology,France,Strasbourg,EUR,EQUITY,10681674,9,https://www.aton-group.com,FR0004153930
ALICR.FR,,FR,isin_not_found,,,,,,,,,,,,FR0014005IU4
ALIDS.FR,,FR,isin_not_found,,,,,,,,,,,,FR0000062184
ALIVA.FR,,FR,isin_not_found,,,,,,,,,,,,FR0010082305
ALKER.FR,,FR,isin_not_found,,,,,,,,,,,,IT0005380438
ALLEC.FR,,FR,isin_not_found,,,,,,,,,,,,FR0013335742
ALM.FR,,FR,isin_not_found,,,,,,,,,,,,FR0013421286
ALMBG.FR,,FR,isin_not_found,,,,,,,,,,,,IT0005119109
ALMAK.FR,,FR,isin_not_found,,,,,,,,,,,,FR0000072993
ALMDP.FR,,FR,isin_not_found,,,,,,,,,,,,FR0010844464
ALMIL.FR,,FR,isin_not_found,,,,,,,,,,,,FR0010285965
ALMII.FR,,FR,isin_not_found,,,,,,,,,,,,FR0013270626
ALMNG.FR,ALSRS.PA,FR,ok_isin,SIRIUS MEDIA,Sirius Media,Communication Services,Advertising Agencies,France,Paris,EUR,EQUITY,1584645,3056,https://siriusmedia.fr,FR0010812230
ALMND.FR,,FR,isin_not_found,,,,,,,,,,,,FR00140050Q2
ALNOX.FR,ALTME.PA,FR,ok_isin,TME PHARMA,TME Pharma N.V.,Healthcare,Biotechnology,Germany,Berlin,EUR,EQUITY,5933906,,https://www.tmepharma.com,NL0012044762
ALONC.FR,,FR,isin_not_found,,,,,,,,,,,,FR0011766229
ALOBR.FR,,FR,isin_not_found,,,,,,,,,,,,FR0010330613
ALONX.FR,ALVIO.PA,FR,ok_isin,VALERIO THERAPEUTICS,Valerio Therapeutics Société anonyme,Healthcare,Biotechnology,France,Paris,EUR,EQUITY,388570752,25,https://valeriotx.com,FR0010095596
ALPAR.FR,,FR,isin_not_found,,,,,,,,,,,,FR0013204070
ALOSM.FR,,FR,isin_not_found,,,,,,,,,,,,FR0013231180
ALPCV.FR,,FR,isin_not_found,,,,,,,,,,,,FR0013178712
ALPHA.FR,,FR,isin_not_found,,,,,,,,,,,,FR0011191287
ALPHS.FR,,FR,isin_not_found,,,,,,,,,,,,BE0974302342
ALPHE.FR,,FR,isin_not_found,,,,,,,,,,,,FR0011651694
ALPIX.FR,,FR,isin_not_found,,,,,,,,,,,,FR0011950641
ALPLA.FR,,FR,isin_not_found,,,,,,,,,,,,FR0010211037
ALPRO.FR,,FR,isin_not_found,,,,,,,,,,,,FR0010313486
ALQP.FR,,FR,isin_not_found,,,,,,,,,,,,ES0105118006
ALSER.FR,,FR,isin_not_found,,,,,,,,,,,,FR0000073728
ALSIM.FR,,FR,isin_not_found,,,,,,,,,,,,GB00B19RTX44
ALTAN.FR,,FR,isin_not_found,,,,,,,,,,,,FR0000075673
ALTEV.FR,,FR,isin_not_found,,,,,,,,,,,,FR0010278762
ALTBG.FR,ALCPB.PA,FR,ok_isin,CAPITAL B,Capital B,Technology,Software - Application,France,Puteaux,EUR,EQUITY,145142464,110,https://cptlb.com,FR0011053636
ALTER.FR,,FR,isin_not_found,,,,,,,,,,,,FR0004197747
ALTBM.FR,,FR,isin_not_found,,,,,,,,,,,,FR0011668821
ALTIV.FR,,FR,isin_not_found,,,,,,,,,,,,FR0000060949
ALTRO.FR,,FR,isin_not_found,,,,,,,,,,,,FR0004175099
ALTTI.FR,,FR,isin_not_found,,,,,,,,,,,,FR0010383877
ALUMS.FR,,FR,isin_not_found,,,,,,,,,,,,FR0013263878
ALUCR.FR,,FR,isin_not_found,,,,,,,,,,,,FR0011070457
ALTUR.FR,,FR,isin_not_found,,,,,,,,,,,,FR0010395681
ALTVO.FR,,FR,isin_not_found,,,,,,,,,,,,FR0004166197
ALVIV.FR,,FR,isin_not_found,,,,,,,,,,,,FR0004029478
ALVER.FR,,FR,isin_not_found,,,,,,,,,,,,FR0004155240
ALVET.FR,,FR,isin_not_found,,,,,,,,,,,,BE0974387194
ALVTX.FR,,FR,isin_not_found,,,,,,,,,,,,FR0004183960
ALWED.FR,,FR,isin_not_found,,,,,,,,,,,,FR0010688440
ALVMG.FR,ALKLH.PA,FR,ok_isin,KLEA HOLDING,,Healthcare,Diagnostics & Research,France,Paris,EUR,EQUITY,50132476,128,https://www.kleaholding.com,FR0013481835
AMPLI.FR,,FR,isin_not_found,,,,,,,,,,,,FR0012789667
APM.FR,,FR,isin_not_found,,,,,,,,,,,,KYG6096M1069
ASP.FR,,FR,isin_not_found,,,,,,,,,,,,FR0000076887
ATI.FR,ALATI.PA,FR,ok_isin,ACTIA GROUP S.A.,ACTIA Group S.A.,Consumer Cyclical,Auto Parts,France,Toulouse,EUR,EQUITY,79533176,3818,https://www.actia.com,FR0000076655
ATA.FR,ALATA.PA,FR,ok_isin,ATARI S.A.,Atari SA,Communication Services,Electronic Gaming & Multimedia,France,Paris,EUR,EQUITY,57720764,90,https://www.atari.com,FR0010478248
AURS.FR,,FR,isin_not_found,,,,,,,,,,,,FR0013183589
AXW.FR,74SW.PA,FR,ok_isin,74SOFTWARE,,Technology,Software - Application,United States,Scottsdale,EUR,EQUITY,1130290304,4527,https://www.74software.com,FR0011040500
BA3.FR,BA3.L,FR,ok_isin,LEVERAGE SHARES PUBLIC LIMITED ,Leverage Shares 3x Boeing ETP Securities,,,,,USD,ETF,,,,XS2297551371
BASF11.ETR,BAS.DE,ETR,ok_isin,BASF SE                       N,BASF SE,Basic Materials,Chemicals,Germany,Ludwigshafen am Rhein,EUR,EQUITY,43071062016,106428,https://www.basf.com,DE000BASF111
BAES.FR,BAS.L,FR,ok_isin,LEVERAGE SHARES PUBLIC LIMITED ,Leverage Shares -1x Short Boeing ETP Securities,,,,,USD,ETF,,,,XS2297551454
BALYO.FR,,FR,isin_not_found,,,,,,,,,,,,FR0013258399
BBED.NL,,NL,isin_not_found,,,,,,,,,,,,NL0000339703
BAY001.ETR,BAYN.DE,ETR,ok_isin,Bayer AG                      N,Bayer Aktiengesellschaft,Healthcare,Drug Manufacturers - General,Germany,Leverkusen,EUR,EQUITY,46056042496,87757,https://www.bayer.com,DE000BAY0017
BFB001.ETR,,ETR,isin_not_found,,,,,,,,,,,,DE000BFB0019
BCSS.NL,,NL,isin_not_found,,,,,,,,,,,,XS2297618972
BERR.FR,,FR,isin_not_found,,,,,,,,,,,,FR0000062341
BGAG98.ETR,BIG1.F,ETR,ok_isin,Bio-Gate AG                   I,Bio-Gate AG,Healthcare,Medical Instruments & Supplies,Germany,Nuremberg,EUR,EQUITY,1151887,51,https://www.bio-gate.de,DE000BGAG981
BFB002.ETR,B4B3.HM,ETR,ok_isin,METRO AG                      I,Metro AG,Consumer Defensive,Food Distribution,Germany,Düsseldorf,EUR,EQUITY,2505371136,77779,https://www.metroag.de,DE000BFB0027
BIOBS.FR,,FR,isin_not_found,,,,,,,,,,,,FR0013517380
BGHL.NL,,NL,isin_not_found,,,,,,,,,,,,GG00B1FQG453
BGHS.NL,,NL,isin_not_found,,,,,,,,,,,,GG00B39VMM07
BLV.FR,,FR,isin_not_found,,,,,,,,,,,,FR0014003FE9
BLUBT.FR,,FR,isin_not_found,,,,,,,,,,,,FR0013480985
BOKA.NL,,NL,isin_not_found,,,,,,,,,,,,NL0000852580
BOLS.NL,,NL,isin_not_found,,,,,,,,,,,,NL0010998878
BSGR.NL,,NL,isin_not_found,,,,,,,,,,,,LU1789205884
BPSBS.FR,,FR,isin_not_found,,,,,,,,,,,,FR0013507290
BRILL.NL,,NL,isin_not_found,,,,,,,,,,,,NL0000442523
CAFO.FR,ALCAF.PA,FR,ok_isin,CAFOM,,Consumer Cyclical,Home Improvement Retail,France,Paris,EUR,EQUITY,119599752,1135,https://www.cafom.com,FR0010151589
CAPLI.FR,,FR,isin_not_found,,,,,,,,,,,,FR0012969095
CATG.FR,ALCAT.PA,FR,ok_isin,CATANA GROUP,,Consumer Cyclical,Recreational Vehicles,France,Canet-en-Roussillon,EUR,EQUITY,51837300,757,https://www.catanagroup.com,FR0010193052
CATR.FR,CAT,FR,ok_isin,"Caterpillar, Inc.",Caterpillar Inc.,Industrials,Farm & Heavy Construction Machinery,United States,Irving,USD,EQUITY,402225758208,118000,https://www.caterpillar.com,US1491231015
CAS.FR,,FR,isin_not_found,,,,,,,,,,,,FR0000072894
CDANV.FR,,FR,isin_not_found,,,,,,,,,,,,FR00140017V1
CBK100.ETR,CBK.DE,ETR,ok_isin,Commerzbank AG                I,Commerzbank AG,Financial Services,Banks - Regional,Germany,Frankfurt am Main,EUR,EQUITY,41119633408,40144,https://www.commerzbank.de,DE000CBK1001
CGG.FR,,FR,isin_not_found,,,,,,,,,,,,FR0013181864
CGGBS.FR,,FR,isin_not_found,,,,,,,,,,,,FR0013309614
CGGBT.FR,,FR,isin_not_found,,,,,,,,,,,,FR0013309622
CGM.FR,ALCGM.PA,FR,ok_isin,CEGEDIM,,Healthcare,Health Information Services,France,Boulogne-Billancourt,EUR,EQUITY,140378336,6200,https://www.cegedim.com,FR0000053506
BUDBS.FR,,FR,isin_not_found,,,,,,,,,,,,FR0013307329
CIB.FR,ALCBX.PA,FR,ok_isin,CIBOX INTER A CTIV,Cibox Inter@ctive,Technology,Computer Hardware,France,Alfortville,EUR,EQUITY,9521857,92,https://www.ciboxcorp.com,FR0000054322
CLB.NL,,NL,isin_not_found,,,,,,,,,,,,NL0000200384
CLP.FR,,FR,isin_not_found,,,,,,,,,,,,FR0000140071
CNP.FR,,FR,isin_not_found,,,,,,,,,,,,FR0000120222
CNV.FR,,FR,isin_not_found,,,,,,,,,,,,NL0010949392
CLA.FR,ALCLA.PA,FR,ok_isin,CLARANOVA,,Technology,Software - Application,France,Courbevoie,EUR,EQUITY,35904220,717,https://www.claranova.com,FR0013426004
COX.FR,ALCOX.PA,FR,ok_isin,NICOX S.A.,Nicox S.A.,Healthcare,Biotechnology,France,Biot,EUR,EQUITY,36458528,10,https://www.nicox.com,FR0013018124
COM.FR,,FR,isin_not_found,,,,,,,,,,,,FR0000053399
CPA1.NL,,NL,isin_not_found,,,,,,,,,,,,KYG2581M1078
CPA1W.NL,,NL,isin_not_found,,,,,,,,,,,,KYG2581M1151
CTCA1.NL,,NL,isin_not_found,,,,,,,,,,,,NL0015000DC9
CTRG.FR,ALCIS.PA,FR,ok_isin,CATERING INTERNATIONAL & SERVIC,Catering International & Services Société Anonyme,Industrials,Specialty Business Services,France,Marseille,EUR,EQUITY,152024016,16600,https://www.cis-integratedservices.com,FR0000064446
CTCT1.NL,,NL,isin_not_found,,,,,,,,,,,,NL0015000F09
CTCW1.NL,,NL,isin_not_found,,,,,,,,,,,,NL0015000DD7
CYBKB.FR,,FR,isin_not_found,,,,,,,,,,,,FR0013508009
CYBK1.FR,,FR,isin_not_found,,,,,,,,,,,,FR0013507977
CYBKA.FR,,FR,isin_not_found,,,,,,,,,,,,FR0013507985
CYBBT.FR,,FR,isin_not_found,,,,,,,,,,,,FR0013340817
DCACS.NL,,NL,isin_not_found,,,,,,,,,,,,GG00BMB5XZ39
DCACW.NL,,NL,isin_not_found,,,,,,,,,,,,GG00BMB5XY22
DEEW.FR,,FR,isin_not_found,,,,,,,,,,,,FR0014003G19
DEE.FR,,FR,isin_not_found,,,,,,,,,,,,FR0014003G01
DPA.NL,,NL,isin_not_found,,,,,,,,,,,,NL0009197771
DLTA.FR,ALDLT.PA,FR,ok_isin,DELTA PLUS GROUP,Delta Plus Group,Consumer Cyclical,Footwear & Accessories,France,Apt,EUR,EQUITY,253787456,3748,https://www.deltaplus.eu,FR0013283108
DGM.FR,ALDMS.PA,FR,ok_isin,DIAGNOSTIC MEDICAL SYSTEMS,Diagnostic Medical Systems S.A.,Healthcare,Medical Devices,France,Gallargues-le-Montueux,EUR,EQUITY,27932308,146,https://www.dms-imaging.com,FR0012202497
DGB.NL,EARTH.AS,NL,ok_isin,GREEN EARTH GROUP N.V.,,Basic Materials,Lumber & Wood Production,Netherlands,Lelystad,EUR,EQUITY,13557463,41,https://www.green.earth,NL0009169515
DSC2.NL,CABKA.AS,NL,ok_isin,CABKA N.V.,Cabka N.V.,Consumer Cyclical,Packaging & Containers,Netherlands,Amsterdam,EUR,EQUITY,47384000,423,https://www.cabka.com,NL00150000S7
DSC2S.NL,,NL,isin_not_found,,,,,,,,,,,,NL00150002R5
DSCW1.NL,,NL,isin_not_found,,,,,,,,,,,,NL00150000T5
DVT.FR,,FR,isin_not_found,,,,,,,,,,,,FR0000073793
DSM.NL,,NL,isin_not_found,,,,,,,,,,,,NL0000009827
DSCW3.NL,,NL,isin_not_found,,,,,,,,,,,,NL00150000V1
DSCW2.NL,,NL,isin_not_found,,,,,,,,,,,,NL00150000U3
EBPF.FR,,FR,isin_not_found,,,,,,,,,,,,FR0000062507
DWS100.ETR,DWS.DE,ETR,ok_isin,DWS Group GmbH & Co. KGaA     I,DWS Group GmbH & Co. KGaA,Financial Services,Asset Management,Germany,Frankfurt am Main,EUR,EQUITY,14400000000,4872,https://www.dws.com,DE000DWS1007
ECP.FR,ALECP.PA,FR,ok_isin,EUROPACORP,EuropaCorp,Communication Services,Entertainment,France,Saint-Denis,EUR,EQUITY,35845148,29,https://europacorp.com,FR0010490920
EDF.FR,,FR,isin_not_found,,,,,,,,,,,,FR0010242511
EFICW.NL,,NL,isin_not_found,,,,,,,,,,,,NL00150007A0
EFICT.NL,,NL,isin_not_found,,,,,,,,,,,,NL00150009J7
EFIC1.NL,AZRN.AS,NL,ok_isin,AZERION GROUP N.V.,Azerion Group N.V.,Communication Services,Electronic Gaming & Multimedia,Netherlands,Schiphol-Rijk,EUR,EQUITY,126575040,912,https://www.azerion.com,NL00150006Z9
ENAG99.ETR,EOAN.DE,ETR,ok_isin,E.ON SE                       N,E.ON SE,Utilities,Utilities - Diversified,Germany,Essen,EUR,EQUITY,49530892288,78996,https://www.eon.com,DE000ENAG999
ENER6Y.ETR,ENR.DE,ETR,ok_isin,Siemens Energy AG             N,Siemens Energy AG,Industrials,Specialty Industrial Machinery,Germany,Munich,EUR,EQUITY,121807486976,98995,https://www.siemens-energy.com,DE000ENER6Y0
ENTPW.NL,,NL,isin_not_found,,,,,,,,,,,,NL0015000FD2
ENTPT.NL,,NL,isin_not_found,,,,,,,,,,,,NL0015000F90
ENTPA.NL,,NL,isin_not_found,,,,,,,,,,,,NL0015000F82
EO.FR,FRVIA.PA,FR,ok_isin,FORVIA,Forvia SE,Consumer Cyclical,Auto Parts,France,Nanterre,EUR,EQUITY,1655043584,106513,https://www.forvia.com,FR0000121147
ESGWA.NL,,NL,isin_not_found,,,,,,,,,,,,NL00150006P0
ES.FR,NAE.PA,FR,ok_isin,North Atlantic Energies,North Atlantic Energies,Energy,Oil & Gas Refining & Marketing,France,Nanterre,EUR,EQUITY,854829504,1056,https://northatlantic.fr,FR0000120669
ESI.FR,,FR,isin_not_found,,,,,,,,,,,,FR0004110310
ESP.NL,,NL,isin_not_found,,,,,,,,,,,,NL0009272137
ERYP.FR,,FR,isin_not_found,,,,,,,,,,,,FR0011471135
ESGT.NL,,NL,isin_not_found,,,,,,,,,,,,NL00150006Q8
EUR.FR,,FR,isin_not_found,,,,,,,,,,,,FR0000054678
ESG.NL,,NL,isin_not_found,,,,,,,,,,,,NL00150006O3
EURBU.FR,,FR,isin_not_found,,,,,,,,,,,,FR0013294089
EUCAR.FR,,FR,isin_not_found,,,,,,,,,,,,FR0012789949
EVNK01.ETR,EVK.DE,ETR,ok_isin,Evonik Industries AG          N,Evonik Industries AG,Basic Materials,Specialty Chemicals,Germany,Essen,EUR,EQUITY,7968600064,30643,https://evonik.com,DE000EVNK013
EXN.FR,,FR,isin_not_found,,,,,,,,,,,,FR0014005DA7
FALG.FR,FR0011271600.SG,FR,ok_isin,Fermentalg SA,,,,,,EUR,EQUITY,,,,FR0011271600
FATL.FR,ATLD.PA,FR,ok_isin,ATLAND,Atland SAS,Real Estate,REIT - Diversified,France,Paris,EUR,EQUITY,142815392,243,https://www.fonciere-atland.fr,FR0013455482
FBEL.FR,,FR,isin_not_found,,,,,,,,,,,,FR0000121857
FAUV.FR,,FR,isin_not_found,,,,,,,,,,,,FR0000063034
FAYE.FR,FSDV.PA,FR,ok_isin,FSDV,FSDV Société anonyme,Real Estate,Real Estate Services,France,Chambellay,EUR,EQUITY,266914608,191,https://fsdv.fr,FR0000031973
FDJ.FR,FDJU.PA,FR,ok_isin,FDJ UNITED,,Consumer Cyclical,Gambling,France,Boulogne-Billancourt,EUR,EQUITY,4232354816,5755,https://www.fdjunited.com,FR0013451333
FLY.FR,,FR,isin_not_found,,,,,,,,,,,,FR0000033409
FLO.FR,,FR,isin_not_found,,,,,,,,,,,,FR0014004X25
FPH900.ETR,FPH.HM,ETR,ok_isin,Francotyp-Postalia Holding AG I,Francotyp-Postalia Holding AG,Industrials,Specialty Business Services,Germany,Berlin,EUR,EQUITY,,772,https://www.fp-francotyp.com,DE000FPH9000
FTI.FR,FTI,FR,ok_isin,TechnipFMC plc,TechnipFMC plc,Energy,Oil & Gas Equipment & Services,United Kingdom,Newcastle upon Tyne,USD,EQUITY,29918590976,22000,https://www.technipfmc.com,GB00BDSFG982
FORSE.FR,ALFOR.PA,FR,ok_isin,FORSEE POWER,,Consumer Cyclical,Auto Parts,France,Ivry-sur-Seine,EUR,EQUITY,30346692,515,https://www.forseepower.com,FR0014005SB3
FPN.FR,MHM.PA,FR,ok_isin,MYHOTELMATCH,MyHotelMatch S.A.,Consumer Cyclical,Travel Services,France,Paris,EUR,EQUITY,527972,,https://mymatchingcompany.com,FR0011277391
FTG111.ETR,FTK.DE,ETR,ok_isin,flatexDEGIRO SE               N,flatexDEGIRO SE,Financial Services,Capital Markets,Germany,Frankfurt am Main,EUR,EQUITY,3976057088,1200,https://flatexdegiro.com,DE000FTG1111
GALIM.FR,,FR,isin_not_found,,,,,,,,,,,,FR0000030611
GEPBS.FR,,FR,isin_not_found,,,,,,,,,,,,FR0013483047
GENX.FR,,FR,isin_not_found,,,,,,,,,,,,FR0010501692
GID.FR,ALGID.PA,FR,ok_isin,EGIDE,Egide S.A.,Technology,Electronic Components,France,Bollène,EUR,EQUITY,19220872,249,https://www.egide-group.com,FR0000072373
GNE.FR,GE,FR,ok_isin,GE Aerospace,GE Aerospace,Industrials,Aerospace & Defense,United States,Evendale,USD,EQUITY,375192944640,57000,https://www.geaerospace.com,US3696043013
GLPG.NL,LKFT.AS,NL,ok_isin,LAKEFRONT BIOTHERAPEUTICS,,Healthcare,Biotechnology,Belgium,Mechelen,EUR,EQUITY,1610923008,452,https://lakefrontbio.com,BE0003818359
GNRO.FR,,FR,isin_not_found,,,,,,,,,,,,CH0308403085
GOE.FR,EXA.PA,FR,ok_isin,EXAIL TECHNOLOGIES,Exail Technologies,Industrials,Aerospace & Defense,France,Paris,EUR,EQUITY,2109583872,2259,https://www.exail-technologies.com,FR0000062671
GOJXN.NL,,NL,isin_not_found,,,,,,,,,,,,NL0000430106
GREV.FR,,FR,isin_not_found,,,,,,,,,,,,FR0000037970
GV.FR,,FR,isin_not_found,,,,,,,,,,,,FR0011799907
GVNV.NL,,NL,isin_not_found,,,,,,,,,,,,NL0010937066
HAG000.ETR,HAG.DE,ETR,ok_isin,HENSOLDT AG                   I,Hensoldt AG,Industrials,Aerospace & Defense,Germany,Taufkirchen,EUR,EQUITY,9829049344,9362,https://www.hensoldt.net,DE000HAG0005
HDG.NL,,NL,isin_not_found,,,,,,,,,,,,ANN4327C1220
HEGAU.NL,,NL,isin_not_found,,,,,,,,,,,,KYG4406A1287
HEXA.FR,ALHEX.PA,FR,ok_isin,HEXAOM,Hexaom S.A.,Consumer Cyclical,Residential Construction,France,Alençon,EUR,EQUITY,182277856,1357,https://www.hexaom.fr,FR0004159473
HEGA.NL,,NL,isin_not_found,,,,,,,,,,,,KYG4406A1022
HOP.FR,ALHOP.PA,FR,ok_isin,HOPSCOTCH GROUPE,Hopscotch Global PR Group,Communication Services,Advertising Agencies,France,Paris,EUR,EQUITY,44457752,821,https://www.hopscotchgroupe.com,FR0000065278
HLAG47.ETR,HLAG.DE,ETR,ok_isin,Hapag-Lloyd AG                N,Hapag-Lloyd Aktiengesellschaft,Industrials,Marine Shipping,Germany,Hamburg,EUR,EQUITY,22286405632,15172,https://www.hapag-lloyd.com,DE000HLAG475
HOLN.FR,HOLN.SW,FR,ok_isin,HOLCIM N,Holcim AG,Basic Materials,Building Materials,Switzerland,Zug,CHF,EQUITY,41008697344,45134,https://www.holcim.com,CH0012214059
HUNDP.NL,,NL,isin_not_found,,,,,,,,,,,,ANN4327C1303
I2POW.FR,,FR,isin_not_found,,,,,,,,,,,,FR0014004JF6
I2PO.FR,,FR,isin_not_found,,,,,,,,,,,,FR0014004J15
HSBS.NL,,NL,isin_not_found,,,,,,,,,,,,XS2297618204
IEX.NL,HWK.AS,NL,ok_isin,HAWICK DATA NV,,Financial Services,Asset Management,Netherlands,Bussum,EUR,EQUITY,8884315,,https://www.hawick.nl,NL0010556726
IGE.FR,,FR,isin_not_found,,,,,,,,,,,,FR0000030827
INFE.FR,,FR,isin_not_found,,,,,,,,,,,,FR0000066219
IRD.FR,,FR,isin_not_found,,,,,,,,,,,,FR0000124232
INTER.NL,4IT.F,NL,ok_isin,Smithfield Foods Inc.         R,"Smithfield Foods, Inc.",Consumer Defensive,Packaged Foods,United States,Smithfield,EUR,EQUITY,9049976832,34500,https://www.smithfieldfoods.com,NL0010937058
ITE.FR,,FR,isin_not_found,,,,,,,,,,,,FR0004026151
JDEP.NL,,NL,isin_not_found,,,,,,,,,,,,NL0014332678
JPMS.NL,,NL,isin_not_found,,,,,,,,,,,,XS2297593456
JST400.ETR,JST.F,ETR,ok_isin,JOST Werke SE                 I,JOST Werke SE,Consumer Cyclical,Auto Parts,Germany,Neu-Isenburg,EUR,EQUITY,917840000,6500,https://www.jost-world.com,DE000JST4000
KBX100.ETR,KBX.DE,ETR,ok_isin,Knorr-Bremse AG               I,Knorr-Bremse AG,Consumer Cyclical,Auto Parts,Germany,Munich,EUR,EQUITY,17200039936,25809,https://www.knorr-bremse.com,DE000KBX1006
KC0100.ETR,KCO.DE,ETR,ok_isin,KLOECKNER + CO SE NA O.N.,Klöckner & Co SE,Basic Materials,Steel,Germany,Duisburg,EUR,EQUITY,1230915072,6143,https://www.kloeckner.com,DE000KC01000
KSAG88.ETR,SDF.DE,ETR,ok_isin,K+S Aktiengesellschaft        N,K+S Aktiengesellschaft,Basic Materials,Agricultural Inputs,Germany,Kassel,EUR,EQUITY,2682917888,11261,https://www.kpluss.com,DE000KSAG888
KORI.FR,CLARI.PA,FR,ok_isin,CLARIANE SE,Clariane SE,Healthcare,Medical Care Facilities,France,Paris,EUR,EQUITY,1416998912,70685,https://www.clariane.com,FR0010386334
KGX888.ETR,KGX.DE,ETR,ok_isin,KION GROUP AG                 I,KION GROUP AG,Industrials,Farm & Heavy Construction Machinery,Germany,Frankfurt am Main,EUR,EQUITY,5466591232,41974,https://www.kiongroup.com,DE000KGX8881
LBON.FR,ALBON.PA,FR,ok_isin,LEBON,Compagnie Lebon,Financial Services,Asset Management,France,Paris,EUR,EQUITY,108199120,632,https://www.compagnielebon.fr,FR0000121295
LFDE.FR,FDE.PA,FR,ok_isin,FRANCAISE ENERGIE,La Française de l'Energie S.A.,Energy,Oil & Gas E&P,France,Faulquemont,EUR,EQUITY,153120288,110,https://www.francaisedelenergie.fr,FR0013030152
LEG111.ETR,LEG.DE,ETR,ok_isin,LEG Immobilien SE             N,LEG Immobilien SE,Real Estate,Real Estate Services,Germany,Düsseldorf,EUR,EQUITY,4033758720,1940,https://www.leg-wohnen.de/unternehmen,DE000LEG1110
LSP.NL,,NL,isin_not_found,,,,,,,,,,,,NL0009756394
LUCBS.FR,,FR,isin_not_found,,,,,,,,,,,,FR0013525953
LTT247.ETR,,ETR,isin_not_found,,,,,,,,,,,,DE000LTT2470
LYS.FR,,FR,isin_not_found,,,,,,,,,,,,FR0013233475
MAG000.ETR,,ETR,isin_not_found,,,,,,,,,,,,DE000MAG0008
MAKB2.FR,,FR,isin_not_found,,,,,,,,,,,,FR0013525565
MAJ.NL,,NL,isin_not_found,,,,,,,,,,,,LU2382956378
MBWBT.FR,,FR,isin_not_found,,,,,,,,,,,,FR0013404944
MBWSZ.FR,,FR,isin_not_found,,,,,,,,,,,,FR0013066313
MAN.FR,,FR,isin_not_found,,,,,,,,,,,,FR0000032302
MAREL.NL,,NL,isin_not_found,,,,,,,,,,,,IS0000000388
MASBS.FR,,FR,isin_not_found,,,,,,,,,,,,FR0013472446
MCPHY.FR,MPHYF,FR,ok_isin,Mcphy Energy,McPhy Energy S.A.,Industrials,Specialty Industrial Machinery,France,Grenoble,USD,EQUITY,34327,220,https://mcphy.com,FR0011742329
MKEA.FR,ALMKT.PA,FR,ok_isin,MAUNA KEA TECHNOLOGIES S.A.,Mauna Kea Technologies SA,Healthcare,Medical Devices,France,Paris,EUR,EQUITY,29796712,59,https://www.maunakeatech.com,FR0010609263
ML350.FR,,FR,isin_not_found,,,,,,,,,,,,FR0012395457
MLAAE.FR,,FR,isin_not_found,,,,,,,,,,,,FR0010781377
MLAHC.FR,,FR,isin_not_found,,,,,,,,,,,,FR0013251584
MLAIM.FR,,FR,isin_not_found,,,,,,,,,,,,FR0013285103
MLABO.FR,,FR,isin_not_found,,,,,,,,,,,,FR0010621722
MLAIR.FR,ALAIR.PA,FR,ok_isin,GROUPE AIRWELL,Groupe Airwell Société anonyme,Consumer Cyclical,"Furnishings, Fixtures & Appliances",France,Montigny-le-Bretonneux,EUR,EQUITY,8185062,82,https://www.airwell.com,FR0014003V77
MLBAT.FR,,FR,isin_not_found,,,,,,,,,,,,FR0010436170
MLATV.FR,,FR,isin_not_found,,,,,,,,,,,,FR0010050773
MLAUD.FR,,FR,isin_not_found,,,,,,,,,,,,FR0011896463
MLCAS.FR,,FR,isin_not_found,,,,,,,,,,,,FR0014003RM7
MLCEC.FR,,FR,isin_not_found,,,,,,,,,,,,FR0010717579
MLCIO.FR,,FR,isin_not_found,,,,,,,,,,,,FR0012384907
MLCSA.FR,,FR,isin_not_found,,,,,,,,,,,,IT0005402034
MLCSB.FR,,FR,isin_not_found,,,,,,,,,,,,IT0005398877
MLCVG.FR,,FR,isin_not_found,,,,,,,,,,,,FR0000051567
MLDYX.FR,,FR,isin_not_found,,,,,,,,,,,,LU0881232630
MLERO.FR,ALERO.PA,FR,ok_isin,EUROLAND CORPORATE,Euroland Corporate Société anonyme,Financial Services,Capital Markets,France,Paris,EUR,EQUITY,9614608,9,https://www.elcorp.com,FR0010157115
MLEDS.FR,,FR,isin_not_found,,,,,,,,,,,,FR0000052755
MLEDU.FR,,FR,isin_not_found,,,,,,,,,,,,FR0010439265
MLEES.FR,,FR,isin_not_found,,,,,,,,,,,,FR0010945733
MLEVE.FR,,FR,isin_not_found,,,,,,,,,,,,FR0000044745
MLGML.FR,MLPTZ.PA,FR,ok_isin,PYRATZ CORP.,,Financial Services,Asset Management,France,Levallois-perret,EUR,EQUITY,19689018,,https://www.pyratzlabs.com,FR0013371507
MLHOP.FR,,FR,isin_not_found,,,,,,,,,,,,FR0006823092
MLHPI.FR,ALHPI.PA,FR,ok_isin,HOPIUM,Hopium SA,Consumer Cyclical,Auto Manufacturers,France,Saint-Bonnet-de-Mure,EUR,EQUITY,1678837,28,https://www.hopium.com,FR0014000U63
MLIDP.FR,,FR,isin_not_found,,,,,,,,,,,,GB00BT9PTW34
MLIOC.FR,,FR,isin_not_found,,,,,,,,,,,,BE6200101556
MLJSA.FR,,FR,isin_not_found,,,,,,,,,,,,FR0010680033
MLLOG.FR,,FR,isin_not_found,,,,,,,,,,,,ES0105333001
MLMAT.FR,,FR,isin_not_found,,,,,,,,,,,,CI0000000832
MLMAD.FR,,FR,isin_not_found,,,,,,,,,,,,FR0010328302
MLMCE.FR,,FR,isin_not_found,,,,,,,,,,,,IT0004844848
MLMUL.FR,,FR,isin_not_found,,,,,,,,,,,,FR0012990968
MLNAT.FR,,FR,isin_not_found,,,,,,,,,,,,FR0013344223
MLMTD.FR,,FR,isin_not_found,,,,,,,,,,,,FR0010518936
MLMON.FR,ALEFA.PA,FR,ok_isin,EDUFORM'ACTION,Eduform'action Société Anonyme,Financial Services,Asset Management,France,Boulogne-Billancourt,EUR,EQUITY,5879035,62,https://www.eduformaction.fr,FR0010882886
MLNEI.FR,,FR,isin_not_found,,,,,,,,,,,,FR0010358507
MLNEO.FR,,FR,isin_not_found,,,,,,,,,,,,FR0004157543
MLOSA.FR,,FR,isin_not_found,,,,,,,,,,,,FR0013072741
MLOEX.FR,ALEXP.PA,FR,ok_isin,ONE EXPERIENCE,One Experience Société anonyme,Financial Services,Capital Markets,France,Boulogne-Billancourt,EUR,EQUITY,4513529,24,https://groupe.one-experience.fr,FR0013266772
MLPAP.FR,,FR,isin_not_found,,,,,,,,,,,,FR0014003I41
MLPFX.FR,,FR,isin_not_found,,,,,,,,,,,,FR0000185928
MLPRO.FR,,FR,isin_not_found,,,,,,,,,,,,CA74375L1058
MLREX.FR,,FR,isin_not_found,,,,,,,,,,,,FR0000077232
MLSCH.FR,,FR,isin_not_found,,,,,,,,,,,,FR0010961920
MLSBT.FR,,FR,isin_not_found,,,,,,,,,,,,FR0004175222
MLROU.FR,,FR,isin_not_found,,,,,,,,,,,,FR0000035750
MLSKN.FR,,FR,isin_not_found,,,,,,,,,,,,GB00BF553726
MLSUM.FR,,FR,isin_not_found,,,,,,,,,,,,GB00B8GJBS16
MLTRA.FR,,FR,isin_not_found,,,,,,,,,,,,FR0000031866
MLTEA.FR,,FR,isin_not_found,,,,,,,,,,,,FR0000033466
MLV4S.FR,,FR,isin_not_found,,,,,,,,,,,,BE6201089735
MLUMH.FR,,FR,isin_not_found,,,,,,,,,,,,FR0005783503
MLVER.FR,,FR,isin_not_found,,,,,,,,,,,,FR0006174496
MLVIS.FR,,FR,isin_not_found,,,,,,,,,,,,FR0010033480
MLWEL.FR,MLODT.PA,FR,ok_isin,ODIOT S.A.,Odiot S.A.,Consumer Cyclical,Luxury Goods,France,Paris,EUR,EQUITY,6057084,2,https://www.odiotholding.com,FR0004152700
MLWIZ.FR,,FR,isin_not_found,,,,,,,,,,,,FR00140047H7
MONC.FR,,FR,isin_not_found,,,,,,,,,,,,FR0000076986
MRM.FR,,FR,isin_not_found,,,,,,,,,,,,FR0000060196
MUN.FR,,FR,isin_not_found,,,,,,,,,,,,FR0000077570
NAVYA.FR,NVYAF,FR,ok_isin,NAVYA SA,Navya SA,Consumer Cyclical,Auto Manufacturers,France,Villeurbanne,USD,EQUITY,869,266,https://www.navya.tech,FR0013018041
NEXTS.FR,,FR,isin_not_found,,,,,,,,,,,,FR0012789386
NEOEN.FR,,FR,isin_not_found,,,,,,,,,,,,FR0011675362
NEWAY.NL,,NL,isin_not_found,,,,,,,,,,,,NL0000440618
NHODS.FR,,FR,isin_not_found,,,,,,,,,,,,FR0014006F90
NHOA.FR,,FR,isin_not_found,,,,,,,,,,,,FR0012650166
NLFBS.FR,,FR,isin_not_found,,,,,,,,,,,,FR0013282936
NOKIA.FR,NOKIA.HE,FR,ok_isin,Nokia Corporation,Nokia Oyj,Technology,Communication Equipment,Finland,Espoo,EUR,EQUITY,44637941760,78005,https://www.nokia.com,FI0009000681
NWRK01.ETR,,ETR,isin_not_found,,,,,,,,,,,,DE000NWRK013
OLG.FR,EFG.PA,FR,ok_isin,EAGLE FOOTBALL GROUP,Eagle Football Group SA,Communication Services,Entertainment,France,Décines-Charpieu,EUR,EQUITY,293960256,440,https://finance.eaglefootballgroup.com,FR0010428771
ODYSW.NL,,NL,isin_not_found,,,,,,,,,,,,LU2355630968
ODYSY.NL,,NL,isin_not_found,,,,,,,,,,,,LU2355630455
OPN.FR,,FR,isin_not_found,,,,,,,,,,,,FR0004050300
OLNV.FR,,FR,isin_not_found,,,,,,,,,,,,FR00140044C5
ORAP.FR,,FR,isin_not_found,,,,,,,,,,,,FR0000075392
ORDI.NL,,NL,isin_not_found,,,,,,,,,,,,NL0000440584
ORAPB.FR,,FR,isin_not_found,,,,,,,,,,,,FR0013522216
ORANW.NL,,NL,isin_not_found,,,,,,,,,,,,NL0000370419
ORP.FR,ORPEF,FR,ok_isin,ORPEA,Orpea SA,Healthcare,Medical Care Facilities,France,Puteaux,USD,EQUITY,2288903168,52403,https://www.emeis.com,FR0000184798
PACEW.NL,,NL,isin_not_found,,,,,,,,,,,,NL00150009B4
PABSA.FR,,FR,isin_not_found,,,,,,,,,,,,FR0013054269
PAH003.ETR,PAH3.DE,ETR,ok_isin,Porsche Automobil Holding SE  I,Porsche Automobil Holding SE,Consumer Cyclical,Auto Manufacturers,Germany,Stuttgart,EUR,EQUITY,8620937216,46,https://www.porsche-se.com,DE000PAH0038
PACEU.NL,,NL,isin_not_found,,,,,,,,,,,,NL00150009E8
PACE.NL,,NL,isin_not_found,,,,,,,,,,,,NL00150009D0
PABSB.FR,,FR,isin_not_found,,,,,,,,,,,,FR0013054335
PAT1AG.ETR,PAT.DE,ETR,ok_isin,PATRIZIA SE                   N,PATRIZIA SE,Real Estate,Real Estate Services,Germany,Augsburg,EUR,EQUITY,634593984,816,https://www.patrizia.ag,DE000PAT1AG3
PCA.FR,,FR,isin_not_found,,,,,,,,,,,,FR0000053514
PID.FR,,FR,isin_not_found,,,,,,,,,,,,FR0013318813
PHA.FR,EQS.PA,FR,ok_isin,EQUASENS,Equasens Société anonyme,Healthcare,Health Information Services,France,Villers-lès-Nancy,EUR,EQUITY,506585216,1462,https://equasens.com,FR0012882389
POM.FR,OPM.PA,FR,ok_isin,OPMOBILITY,OPmobility SE,Consumer Cyclical,Auto Parts,France,Levallois-Perret,EUR,EQUITY,1822427008,28258,https://www.opmobility.com,FR0000124570
PROBS.FR,,FR,isin_not_found,,,,,,,,,,,,FR0013268042
PREC.FR,ALPM.PA,FR,ok_isin,PRECIA,Precia S.A.,Industrials,Specialty Industrial Machinery,France,Privas,EUR,EQUITY,135160256,1260,https://www.preciamolen.com,FR0014004EC4
PSAT.FR,ALPAS.PA,FR,ok_isin,PASSAT,,Consumer Cyclical,Specialty Retail,France,Fourqueux,EUR,EQUITY,19584024,195,https://www.passat.fr,FR0000038465
PROL.FR,ALPRG.PA,FR,ok_isin,PROLOGUE,Prologue S.A.,Technology,Software - Application,France,Gennevilliers,EUR,EQUITY,30566932,313,https://www.prologue.fr,FR0010380626
PROBT.FR,,FR,isin_not_found,,,,,,,,,,,,FR0013398617
PSM777.ETR,PSM.DE,ETR,ok_isin,ProSiebenSat.1 Media SE       N,ProSiebenSat.1 Media SE,Communication Services,Broadcasting,Germany,Unterföhring,EUR,EQUITY,860006656,5316,https://www.prosiebensat1.com,DE000PSM7770
PUBBS.FR,,FR,isin_not_found,,,,,,,,,,,,FR0000312928
QWABS.FR,,FR,isin_not_found,,,,,,,,,,,,FR0013472677
PYPS.FR,PYPS.L,FR,ok_isin,LEVERAGE SHARES PUBLIC LIMITED ,Leverage Shares -1x Short PayPal ETP Securities,,,,,USD,ETF,,,,XS2297550308
PYP3.FR,,FR,isin_not_found,,,,,,,,,,,,XS2297550217
RDSA.NL,,NL,isin_not_found,,,,,,,,,,,,GB00B03MLX29
RDSB.NL,,NL,isin_not_found,,,,,,,,,,,,GB00B03MM408
RE.FR,,FR,isin_not_found,,,,,,,,,,,,FR0000121634
RIN.FR,,FR,isin_not_found,,,,,,,,,,,,FR0000052516
PWG.FR,ALPWG.PA,FR,ok_isin,PRODWAYS GROUP,,Technology,Computer Hardware,France,Paris,EUR,EQUITY,42502056,393,https://www.prodways-group.com,FR0012613610
ROCBT.FR,,FR,isin_not_found,,,,,,,,,,,,FR0013477593
ROTH.FR,,FR,isin_not_found,,,,,,,,,,,,FR0000031684
ROOD.NL,,NL,isin_not_found,,,,,,,,,,,,NL0000440477
RWI.NL,,NL,isin_not_found,,,,,,,,,,,,GB00BNR4T868
RX.FR,,FR,isin_not_found,,,,,,,,,,,,FR0000120388
RYSE88.ETR,,ETR,isin_not_found,,,,,,,,,,,,DE000RYSE888
SAFH00.ETR,SFQ.DE,ETR,ok_isin,SAF-HOLLAND SE                I,SAF-Holland SE,Consumer Cyclical,Auto Parts,Germany,Bessenbach,EUR,EQUITY,953280384,5735,https://www.safholland.com,DE000SAFH001
SBA.NL,BAS.L,NL,ok_isin,LEVERAGE SHARES PUBLIC LIMITED ,Leverage Shares -1x Short Boeing ETP Securities,,,,,USD,ETF,,,,XS2297551454
SBP.NL,,NL,isin_not_found,,,,,,,,,,,,XS2297636875
SCIT.NL,,NL,isin_not_found,,,,,,,,,,,,XS2297553070
SDT.FR,,FR,isin_not_found,,,,,,,,,,,,FR0000065765
SEC.FR,ALSEC.PA,FR,ok_isin,SODITECH,,Industrials,Engineering & Construction,France,Cannes,EUR,EQUITY,13196363,69,https://soditech.com,FR0000078321
SCRM.NL,,NL,isin_not_found,,,,,,,,,,,,IE00BKTWZ568
SESL.FR,VU.PA,FR,ok_isin,Vusion,Vusion S.A.,Technology,Software - Application,France,Nanterre,EUR,EQUITY,2118690432,1089,https://vusion.com,FR0010282822
SGDBS.FR,,FR,isin_not_found,,,,,,,,,,,,FR0014003UB4
SHL100.ETR,SHL.DE,ETR,ok_isin,Siemens Healthineers AG       N,Siemens Healthineers AG,Healthcare,Medical Devices,Germany,Forchheim,EUR,EQUITY,39608451072,74000,https://www.siemens-healthineers.com,DE000SHL1006
SHA015.ETR,,ETR,isin_not_found,,,,,,,,,,,,DE000SHA0159
SII.FR,,FR,isin_not_found,,,,,,,,,,,,FR0000074122
SEV.FR,,FR,isin_not_found,,,,,,,,,,,,FR0010613471
SGFI.FR,,FR,isin_not_found,,,,,,,,,,,,FR0014004GE5
SLB.FR,SLB,FR,ok_isin,SLB Limited,SLB N.V.,Energy,Oil & Gas Equipment & Services,United States,Houston,USD,EQUITY,76470517760,109000,https://www.slb.com,AN8068571086
SMTPC.FR,ALTPC.PA,FR,ok_isin,SMTPC,Société Marseillaise du Tunnel Prado Carénage,Industrials,Infrastructure Operations,France,Marseille,EUR,EQUITY,158196256,57,https://www.tunnelsprado.com,FR0004016699
SMLBS.FR,,FR,isin_not_found,,,,,,,,,,,,FR0010649228
SMU.NL,,NL,isin_not_found,,,,,,,,,,,,IE00BKT66P55
SOG.FR,ALSOG.PA,FR,ok_isin,SOGECLAIR,Sogeclair SA,Industrials,Aerospace & Defense,France,Blagnac,EUR,EQUITY,104498888,1211,https://www.sogeclair.com,FR0000065864
SO.FR,,FR,isin_not_found,,,,,,,,,,,,FR0013199916
SNOW.NL,,NL,isin_not_found,,,,,,,,,,,,NL0010627865
SPR1T.NL,,NL,isin_not_found,,,,,,,,,,,,NL0015000NL9
SRDS.NL,,NL,isin_not_found,,,,,,,,,,,,XS2297634409
SPG100.ETR,SPG.DE,ETR,ok_isin,Springer Nature AG & Co. KGaA I,Springer Nature AG & Co. KGaA,Communication Services,Publishing,Germany,Berlin,EUR,EQUITY,3595912960,9479,https://www.springernature.com,DE000SPG1003
SPR1.NL,,NL,isin_not_found,,,,,,,,,,,,NL0015000NM7
SQI.FR,,FR,isin_not_found,,,,,,,,,,,,FR0011289040
SQ3.FR,SQ3.L,FR,ok_isin,LEVERAGE SHARES PUBLIC LIMITED ,Leverage Shares 3x Square ETP Securities,,,,,USD,ETF,,,,XS2297552262
SQS.FR,SQS.L,FR,ok_isin,"SQS.L,0P0001M10W,0",Leverage Shares -1x Short Square ETP Securities,,,,,USD,ETF,,,,XS2297552932
STLA.FR,STLAM.MI,FR,ok_isin,STELLANTIS,Stellantis N.V.,Consumer Cyclical,Auto Manufacturers,Netherlands,Hoofddorp,EUR,EQUITY,14507822080,258668,https://www.stellantis.com,NL00150001Q9
STM.FR,STMPA.PA,FR,ok_isin,STMICROELECTRONICS,STMicroelectronics N.V.,Technology,Semiconductors,Netherlands,Schiphol,EUR,EQUITY,39801229312,49000,https://www.st.com/content/st_com/en.html,NL0000226223
STRA55.ETR,SBS.F,ETR,ok_isin,STRATEC SE                    N,Stratec SE,Healthcare,Medical Devices,Germany,Birkenfeld,EUR,EQUITY,238985824,1395,https://www.stratec.com,DE000STRA555
STRN.NL,PBH.AS,NL,ok_isin,PB HOLDING N.V.,PB Holding N.V.,Industrials,Specialty Business Services,Netherlands,Rotterdam,EUR,EQUITY,18404000,,https://www.pb-holding.nl,NL0000336303
SUSE5A.ETR,,ETR,isin_not_found,,,,,,,,,,,,LU2333210958
TAYN.FR,TBSO.PA,FR,ok_isin,TBSO,,Financial Services,Capital Markets,France,Paris,EUR,EQUITY,27833274,,https://www.tayninh.fr/W/do/centre/accueil.html,FR0000063307
SX.FR,,FR,isin_not_found,,,,,,,,,,,,FR0007317813
SYM999.ETR,SY1.DE,ETR,ok_isin,Symrise AG                    I,Symrise AG,Basic Materials,Specialty Chemicals,Germany,Holzminden,EUR,EQUITY,12297145344,12422,https://www.symrise.com,DE000SYM9999
TBGBS.FR,,FR,isin_not_found,,,,,,,,,,,,FR00140065G1
TBIRD.NL,,NL,isin_not_found,,,,,,,,,,,,VGG885761061
TCAG17.ETR,TC1.HM,ETR,ok_isin,Tele Columbus AG              N,Tele Columbus AG,Communication Services,Telecom Services,Germany,Berlin,EUR,EQUITY,293308736,1227,https://www.telecolumbus.com,DE000TCAG172
TBMBT.FR,,FR,isin_not_found,,,,,,,,,,,,FR0013483401
TES.FR,,FR,isin_not_found,,,,,,,,,,,,FR0004529147
TECBS.FR,,FR,isin_not_found,,,,,,,,,,,,FR0013526225
TCH.FR,VANTI.PA,FR,ok_isin,VANTIVA S.A.,Vantiva S.A.,Communication Services,Entertainment,France,Paris,EUR,EQUITY,46872096,1544,https://www.vantiva.com,FR0013505062
THEDS.FR,,FR,isin_not_found,,,,,,,,,,,,FR00140069U4
TIE.NL,ERC.AS,NL,ok_isin,ER Capital N.V.,,Real Estate,Real Estate Services,Netherlands,Rotterdam,EUR,EQUITY,4510339,5,https://www.ercapital.nl,NL0010389508
TIPI.FR,,FR,isin_not_found,,,,,,,,,,,,FR0000066482
TLX100.ETR,TLX.DE,ETR,ok_isin,Talanx AG                     N,Talanx AG,Financial Services,Insurance - Diversified,Germany,Hanover,EUR,EQUITY,29954564096,28910,https://www.talanx.com,DE000TLX1005
TKWY.NL,,NL,isin_not_found,,,,,,,,,,,,NL0012015705
TKTT.FR,,FR,isin_not_found,,,,,,,,,,,,FR0004188670
TOUP.FR,ALTOU.PA,FR,ok_isin,TOUAX,,Industrials,Rental & Leasing Services,France,La Défense,EUR,EQUITY,28465222,243,https://www.touax.com,FR0000033003
TRAN.FR,,FR,isin_not_found,,,,,,,,,,,,FR00140039U7
TRAT0N.ETR,8TRA.DE,ETR,ok_isin,TRATON SE                     I,Traton SE,Industrials,Farm & Heavy Construction Machinery,Germany,Munich,EUR,EQUITY,20020000768,108180,https://traton.com,DE000TRAT0N7
TRANW.FR,,FR,isin_not_found,,,,,,,,,,,,FR0014003AC4
TRODS.FR,,FR,isin_not_found,,,,,,,,,,,,FR0014006979
TUAG00.ETR,,ETR,isin_not_found,,,,,,,,,,,,DE000TUAG000
TS2S.FR,2STS.AS,FR,ok_isin,Leverage Shares -2x Short Tesla,Leverage Shares -2x Short Tesla ETP Securities,,,,,EUR,EQUITY,,,,XS2297550134
TSL3.FR,,FR,isin_not_found,,,,,,,,,,,,XS2297549128
UFF.FR,,FR,isin_not_found,,,,,,,,,,,,FR0000034548
UNBL.FR,,FR,isin_not_found,,,,,,,,,,,,FR0000054215
UNSE01.ETR,,ETR,isin_not_found,,,,,,,,,,,,DE000UNSE018
URW.NL,URW.PA,NL,ok_isin,UNIBAIL-RODAMCO-WESTFIELD,Unibail-Rodamco-Westfield SE,Real Estate,REIT - Retail,France,Paris,EUR,EQUITY,15234635776,1933,https://www.urw.com,FR0013326246
VAM.NL,,NL,isin_not_found,,,,,,,,,,,,NL0015000G40
VASTN.NL,,NL,isin_not_found,,,,,,,,,,,,NL0000288918
VAMT.NL,,NL,isin_not_found,,,,,,,,,,,,NL0015000GH1
VAPBS.FR,,FR,isin_not_found,,,,,,,,,,,,FR0014001KF0
VEON.NL,,NL,isin_not_found,,,,,,,,,,,,BMG9349W1038
VIVBS.FR,,FR,isin_not_found,,,,,,,,,,,,FR0014003O76
VKBS.FR,,FR,isin_not_found,,,,,,,,,,,,FR00140030K7
VMGBT.FR,,FR,isin_not_found,,,,,,,,,,,,FR0013321817
VMGBS.FR,,FR,isin_not_found,,,,,,,,,,,,FR0013322724
VODS.NL,,NL,isin_not_found,,,,,,,,,,,,XS2297637410
VRAP.FR,POMRY.PA,FR,ok_isin,MAISON POMMERY & ASSOCIES,,Consumer Defensive,Beverages - Wineries & Distilleries,France,Reims,EUR,EQUITY,97756712,630,https://www.maisonpommery.com/en,FR0000062796
WACK01.ETR,WAC.F,ETR,ok_isin,Wacker Neuson SE              N,Wacker Neuson SE,Industrials,Farm & Heavy Construction Machinery,Germany,Munich,EUR,EQUITY,1523543680,5830,https://wackerneusongroup.com,DE000WACK012
WCH888.ETR,WCH.F,ETR,ok_isin,Wacker Chemie AG              I,Wacker Chemie AG,Basic Materials,Specialty Chemicals,Germany,Munich,EUR,EQUITY,4247467520,16196,https://www.wacker.com,DE000WCH8881
WAF300.ETR,WAF.DE,ETR,ok_isin,Siltronic AG                  N,Siltronic AG,Technology,Semiconductors,Germany,Munich,EUR,EQUITY,2164499968,4300,https://www.siltronic.com,DE000WAF3001
WAF301.ETR,,ETR,isin_not_found,,,,,,,,,,,,DE000WAF3019
VTSC01.ETR,,ETR,isin_not_found,,,,,,,,,,,,DE000VTSC017
WNDL20.ETR,,ETR,isin_not_found,,,,,,,,,,,,DE000WNDL201
ZEAL24.ETR,TIMA.DE,ETR,ok_isin,Zeal Network SE               N,ZEAL Network SE,Consumer Cyclical,Gambling,Germany,Hamburg,EUR,EQUITY,928397888,305,https://www.zealnetwork.de,DE000ZEAL241
XIL.FR,ALXIL.PA,FR,ok_isin,XILAM ANIMATION,,Communication Services,Entertainment,France,Paris,EUR,EQUITY,33026060,196,https://xilam.com,FR0004034072
ZAL111.ETR,ZAL.DE,ETR,ok_isin,Zalando SE                    I,Zalando SE,Consumer Cyclical,Internet Retail,Germany,Berlin,EUR,EQUITY,7481321472,16998,https://corporate.zalando.com,DE000ZAL1111
