debs_symbol,yahoo_ticker,exchange,resolved_via,shortName,longName,sector,industry,country,city,currency,quoteType,marketCap,fullTimeEmployees,website,isin_yf
120471.ETR,TIAJF,ETR,isin,TELECOM ITALIA SPA,Telecom Italia S.p.A.,Communication Services,Telecom Services,Italy,Rome,USD,EQUITY,20455303168.0,25782.0,https://www.gruppotim.it/en.html,IT0003497176
121806.ETR,A7A.DE,ETR,isin,Heliad AG                     N,Heliad AG,Financial Services,Asset Management,Germany,Frankfurt am Main,EUR,EQUITY,129769456.0,10.0,https://www.heliad.com,DE0001218063
126215.ETR,DTD2.DE,ETR,isin,B+S Banksysteme AG            I,B+S Banksysteme Aktiengesellschaft,Technology,Software - Application,Germany,Munich,EUR,EQUITY,11674674.0,88.0,https://bs-ag.com,DE0001262152
157484.ETR,CMCSA,ETR,isin,Comcast Corporation,Comcast Corporation,Communication Services,Telecom Services,United States,Philadelphia,USD,EQUITY,80908910592.0,179000.0,https://corporate.comcast.com,US20030N1019
164456.ETR,EAD.F,ETR,isin,Erlebnis Akademie AG          I,Erlebnis Akademie AG,Consumer Cyclical,Leisure,Germany,Bad Kötzting,EUR,EQUITY,9947933.0,213.0,https://www.eak-ag.de,DE0001644565
200417.ETR,MO,ETR,isin,"Altria Group, Inc.","Altria Group, Inc.",Consumer Defensive,Tobacco,United States,Richmond,USD,EQUITY,121718366208.0,5900.0,https://www.altria.com,US02209S1033
252092.ETR,CCK,ETR,isin,"Crown Holdings, Inc.","Crown Holdings, Inc.",Consumer Cyclical,Packaging & Containers,United States,Tampa,USD,EQUITY,12883376128.0,23000.0,https://www.crowncork.com,US2283681060
260555.ETR,B8A.MU,ETR,isin,BAVARIA Industries Group AG   I,BAVARIA Industries Group AG,Financial Services,Asset Management,Germany,Munich,EUR,EQUITY,454645024.0,542.0,https://www.baikap.de,DE0002605557
501451.ETR,VIE.PA,ETR,isin,VEOLIA ENVIRON.,Veolia Environnement SA,Industrials,Waste Management,France,Aubervilliers,EUR,EQUITY,26115567616.0,203100.0,https://www.veolia.com/fr,FR0000124141
502391.ETR,F,ETR,isin,Ford Motor Company,Ford Motor Company,Consumer Cyclical,Auto Manufacturers,United States,Dearborn,USD,EQUITY,58495291392.0,168000.0,https://www.ford.com,US3453708600
508810.ETR,BWB.DE,ETR,isin,Baader Bank AG                I,Baader Bank Aktiengesellschaft,Financial Services,Capital Markets,Germany,Unterschleissheim,EUR,EQUITY,332797664.0,688.0,https://www.baaderbank.de,DE0005088108
508903.ETR,UTDI.F,ETR,isin,UNITED INTERNET AG            N,United Internet AG,Communication Services,Telecom Services,Germany,Montabaur,EUR,EQUITY,4182663168.0,10514.0,https://www.united-internet.de,DE0005089031
509310.ETR,AAD.DE,ETR,isin,AMADEUS FIRE AG               I,Amadeus FiRe AG,Industrials,Staffing & Employment Services,Germany,Frankfurt am Main,EUR,EQUITY,140692864.0,1662.0,https://www.amadeus-fire.de,DE0005093108
510200.ETR,BSL.DE,ETR,isin,BASLER AG                     I,Basler Aktiengesellschaft,Technology,Consumer Electronics,Germany,Ahrensburg,EUR,EQUITY,771845760.0,836.0,https://www.baslerweb.com,DE0005102008
510300.ETR,ADV.DE,ETR,isin,Adtran Networks SE            I,Adtran Networks SE,Technology,Communication Equipment,Germany,Munich,EUR,EQUITY,1202459008.0,2182.0,https://www.adtran.com,DE0005103006
510440.ETR,AOF.DE,ETR,isin,ATOSS Software SE             I,ATOSS Software SE,Technology,Software - Application,Germany,Munich,EUR,EQUITY,1331354880.0,861.0,https://www.atoss.com,DE0005104400
510480.ETR,SYZ.DE,ETR,isin,Syzygy AG                     I,SYZYGY AG,Communication Services,Advertising Agencies,Germany,Bad Homburg vor der Höhe,EUR,EQUITY,17280032.0,454.0,https://www.syzygy-group.net,DE0005104806
511000.ETR,A1OS.DE,ETR,isin,All for One Group SE          N,All for One Group SE,Technology,Information Technology Services,Germany,Filderstadt,EUR,EQUITY,313829216.0,2417.0,https://www.all-for-one.com,DE0005110001
511170.ETR,ZO1.HM,ETR,isin,zooplus SE                    I,zooplus SE,Consumer Cyclical,Specialty Retail,Germany,Munich,EUR,EQUITY,1525644160.0,897.0,https://www.zooplus.com,DE0005111702
511880.ETR,TGT.DE,ETR,isin,11 88 0 Solutions AG          I,11880 Solutions AG,Communication Services,Telecom Services,Germany,Essen,EUR,EQUITY,12434063.0,422.0,https://www.11880.com,DE0005118806
514000.ETR,DBK.DE,ETR,isin,DEUTSCHE BANK AG              N,Deutsche Bank Aktiengesellschaft,Financial Services,Banks - Regional,Germany,Frankfurt am Main,EUR,EQUITY,59422863360.0,90067.0,https://www.db.com,DE0005140008
514680.ETR,DEX.DE,ETR,isin,Delticom AG                   N,Delticom AG,Consumer Cyclical,Auto Parts,Germany,Sehnde,EUR,EQUITY,33357986.0,100.0,https://www.delti.com,DE0005146807
515600.ETR,GGS.F,ETR,isin,Gigaset AG                    I,Gigaset AG,Technology,Communication Equipment,Germany,Bocholt,EUR,EQUITY,1457014.0,857.0,https://www.gigaset.com,DE0005156004
515623.ETR,SCE.DE,ETR,isin,SCHWEIZER ELECTRONIC AG       N,Schweizer Electronic AG,Technology,Electronic Components,Germany,Schramberg,EUR,EQUITY,19532292.0,428.0,https://www.schweizer.ag,DE0005156236
515710.ETR,HNL.DE,ETR,isin,Hoenle AG                     I,Hoenle AG,Industrials,Electrical Equipment & Parts,Germany,Gilching,EUR,EQUITY,46797512.0,494.0,https://www.hoenle.de,DE0005157101
515870.ETR,BC8.DE,ETR,isin,BECHTLE AG                    I,Bechtle AG,Technology,Information Technology Services,Germany,Neckarsulm,EUR,EQUITY,4601520128.0,16496.0,https://www.bechtle.com,DE0005158703
516790.ETR,UUU.DE,ETR,isin,3U Holding AG                 I,3U Holding AG,Industrials,Building Products & Equipment,Germany,Marburg,EUR,EQUITY,67359336.0,187.0,https://www.3u.net,DE0005167902
517690.ETR,SUR.DE,ETR,isin,SURTECO GROUP SE              I,Surteco Group SE,Consumer Cyclical,"Furnishings, Fixtures & Appliances",Germany,Buttenwiesen,EUR,EQUITY,140326864.0,3620.0,https://www.surteco.com,DE0005176903
517800.ETR,SYT.DE,ETR,isin,SOFTING AG                    I,Softing AG,Technology,Information Technology Services,Germany,Haar,EUR,EQUITY,28060464.0,407.0,https://company.softing.com/de,DE0005178008
518160.ETR,WFA.F,ETR,isin,Weng Fine Art AG              N,Weng Fine Art AG,Consumer Cyclical,Specialty Retail,Germany,Monheim am Rhein,EUR,EQUITY,,,https://www.wengfineart.com,DE0005181606
519000.ETR,BMW.DE,ETR,isin,BAYERISCHE MOTOREN WERKE AG   S,Bayerische Motoren Werke Aktiengesellschaft,Consumer Cyclical,Auto Manufacturers,Germany,Munich,EUR,EQUITY,35553128448.0,154540.0,https://www.bmwgroup.com,DE0005190003
519400.ETR,BYW.DE,ETR,isin,BAYWA AG                      N,BayWa Aktiengesellschaft,Industrials,Conglomerates,Germany,Munich,EUR,EQUITY,628644736.0,18391.0,https://www.baywa.com,DE0005194005
519406.ETR,BYW6.DE,ETR,isin,BAYWA AG                      V,BayWa Aktiengesellschaft,Industrials,Conglomerates,Germany,Munich,EUR,EQUITY,172235824.0,18391.0,https://www.baywa.com,DE0005194062
519990.ETR,ECK.F,ETR,isin,LUDW.BECK A.RATH.ECK-TEXTIL.AGI,LUDWIG BECK am Rathauseck - Textilhaus Feldmeier AG,Consumer Cyclical,Department Stores,Germany,Munich,EUR,EQUITY,82768000.0,255.0,https://www.ludwigbeck.de,DE0005199905
520000.ETR,BEI.DE,ETR,isin,BEIERSDORF AG                 I,Beiersdorf Aktiengesellschaft,Consumer Defensive,Household & Personal Products,Germany,Hamburg,EUR,EQUITY,17630496768.0,20778.0,https://www.beiersdorf.com,DE0005200000
520160.ETR,BEZ.F,ETR,isin,BERENTZEN-GRUPPE AG           I,Berentzen-Gruppe Aktiengesellschaft,Consumer Defensive,Beverages - Wineries & Distilleries,Germany,Haselünne,EUR,EQUITY,29496190.0,428.0,https://www.berentzen-gruppe.de,DE0005201602
520230.ETR,QB7.DE,ETR,isin,Quirin Privatbank AG          I,Quirin Privatbank AG,Financial Services,Banks - Regional,Germany,Berlin,EUR,EQUITY,142394384.0,280.0,https://quirinprivatbank.de,DE0005202303
520394.ETR,BNN.F,ETR,isin,BRAIN Biotech AG              N,BRAIN Biotech AG,Basic Materials,Specialty Chemicals,Germany,Zwingenberg,EUR,EQUITY,59206716.0,280.0,https://www.brain-biotech.com,DE0005203947
520958.ETR,A6T.F,ETR,isin,ARTEC TECHNOLOGIES AG         I,artec technologies AG,Technology,Consumer Electronics,Germany,Diepholz,EUR,EQUITY,6038183.0,22.0,https://www.artec.de,DE0005209589
521830.ETR,MBQ.F,ETR,isin,MOBOTIX AG                    I,Mobotix AG,Industrials,Security & Protection Services,Germany,Winnweiler,EUR,EQUITY,12866329.0,249.0,https://www.mobotix.com,DE0005218309
522000.ETR,EBK.DE,ETR,isin,ENBW ENERGIE BAD.-WUE. ON,EnBW Energie Baden-Württemberg AG,Utilities,Utilities - Diversified,Germany,Karlsruhe,EUR,EQUITY,22643900416.0,29713.0,https://www.enbw.com,DE0005220008
522877.ETR,OBS.DE,ETR,isin,ORBIS SE                      I,ORBIS AG,Technology,Information Technology Services,Germany,Saarbrücken,EUR,EQUITY,45643276.0,900.0,https://www.orbis.de,DE0005228779
522950.ETR,BIJ.DE,ETR,isin,BIJOU BRIGITTE MOD. ACCESS. AGI,Bijou Brigitte modische Accessoires Aktiengesellschaft,Consumer Cyclical,Luxury Goods,Germany,Hamburg,EUR,EQUITY,358176192.0,3588.0,https://www.group.bijou-brigitte.com,DE0005229504
523280.ETR,BDT.F,ETR,isin,BERTRANDT AG                  I,Bertrandt Aktiengesellschaft,Consumer Cyclical,Auto Parts,Germany,Ehningen,EUR,EQUITY,84887544.0,11744.0,https://www.bertrandt.com,DE0005232805
531350.ETR,EKT.DE,ETR,isin,ENERGIEKONTOR AG              I,Energiekontor AG,Utilities,Utilities - Renewable,Germany,Bremen,EUR,EQUITY,476499424.0,260.0,https://www.energiekontor.de,DE0005313506
531370.ETR,AFX.DE,ETR,isin,Carl Zeiss Meditec AG         I,Carl Zeiss Meditec AG,Healthcare,Medical Instruments & Supplies,Germany,Jena,EUR,EQUITY,2461514752.0,5798.0,https://www.zeiss.com/meditec-ag/de/investor-relations.html?vaURL=www.zeiss.de/meditec-ag/ir,DE0005313704
540390.ETR,CWC.DE,ETR,isin,CEWE Stiftung & Co. KGaA      I,CEWE Stiftung & Co. KGaA,Consumer Cyclical,Personal Services,Germany,Oldenburg,EUR,EQUITY,661532288.0,4422.0,https://www.cewe.de,DE0005403901
540710.ETR,CSH.DE,ETR,isin,CENIT AG                      I,CENIT Aktiengesellschaft,Technology,Software - Application,Germany,Stuttgart,EUR,EQUITY,60080500.0,901.0,https://www.cenit.com,DE0005407100
540740.ETR,CEK.F,ETR,isin,CEOTRONICS AG                 I,CeoTronics AG,Technology,Communication Equipment,Germany,Rödermark,EUR,EQUITY,82832400.0,138.0,https://ceotronics.com,DE0005407407
540868.ETR,VVV3.DE,ETR,isin,KOWORLD AG                   Na,Ökoworld AG,Financial Services,Financial Conglomerates,Germany,Hilden,EUR,EQUITY,175413680.0,65.0,https://www.oekoworld.com,DE0005408686
541867.ETR,JBLU,ETR,isin,JetBlue Airways Corporation,JetBlue Airways Corporation,Industrials,Airlines,United States,Long Island City,USD,EQUITY,2020062464.0,19447.0,https://www.jetblue.com,US4771431016
541910.ETR,COK.DE,ETR,isin,CANCOM SE                     I,Cancom SE,Technology,Information Technology Services,Germany,Munich,EUR,EQUITY,711307648.0,5234.0,https://www.cancom.de,DE0005419105
543900.ETR,CON.DE,ETR,isin,CONTINENTAL AG                I,Continental Aktiengesellschaft,Consumer Cyclical,Auto Parts,Germany,Hanover,EUR,EQUITY,14352430080.0,22076.0,https://www.continental.com,DE0005439004
547030.ETR,EVD.DE,ETR,isin,CTS Eventim AG & Co. KGaA     I,CTS Eventim AG & Co. KGaA,Communication Services,Entertainment,Germany,Hamburg,EUR,EQUITY,5812273152.0,5057.0,https://corporate.eventim.de,DE0005470306
547040.ETR,LXS.DE,ETR,isin,LANXESS AG                    I,LANXESS Aktiengesellschaft,Basic Materials,Specialty Chemicals,Germany,Cologne,EUR,EQUITY,1324552320.0,11630.0,https://lanxess.com,DE0005470405
548956.ETR,ULC.DE,ETR,isin,UNITED LABELS AG              I,UNITEDLABELS Aktiengesellschaft,Consumer Cyclical,Leisure,Germany,Münster,EUR,EQUITY,6583500.0,36.0,https://www.unitedlabels.com,DE0005489561
549293.ETR,MZX.DE,ETR,isin,Masterflex SE                 I,Masterflex SE,Basic Materials,Specialty Chemicals,Germany,Gelsenkirchen,EUR,EQUITY,133694840.0,608.0,https://www.masterflexgroup.com,DE0005492938
549309.ETR,BVB.DE,ETR,isin,BORUSSIA DORTMUND GMBH&CO.KGAAI,Borussia Dortmund GmbH & Co. Kommanditgesellschaft auf Aktien,Communication Services,Entertainment,Germany,Dortmund,EUR,EQUITY,338306496.0,1057.0,https://aktie.bvb.de,DE0005493092
549336.ETR,HYQ.DE,ETR,isin,Hypoport SE                   N,Hypoport SE,Financial Services,Credit Services,Germany,Berlin,EUR,EQUITY,559996992.0,2201.0,https://www.hypoport.com,DE0005493365
549532.ETR,HOC.HM,ETR,isin,HolidayCheck Group AG         I,HolidayCheck Group AG,,,,,EUR,EQUITY,373996160.0,,,DE0005495329
549562.ETR,GME.DE,ETR,isin,GERATHERM MEDICAL AG          I,Geratherm Medical AG,Healthcare,Medical Devices,Germany,Geschwenda,EUR,EQUITY,14341657.0,151.0,https://www.geratherm.com,DE0005495626
549890.ETR,DAM.DE,ETR,isin,DATA MODUL AG PROD.U.V.V.E.S. I,DATA MODUL Aktiengesellschaft Produktion und Vertrieb von elektronischen Systemen,Technology,Electronic Components,Germany,Munich,EUR,EQUITY,98733096.0,518.0,https://www.data-modul.com,DE0005498901
552484.ETR,NFLX,ETR,isin,"Netflix, Inc.","Netflix, Inc.",Communication Services,Entertainment,United States,Los Gatos,USD,EQUITY,293141348352.0,16000.0,https://www.netflix.com,US64110L1061
553340.ETR,DGR.DE,ETR,isin,DT. GRUNDSTUECKSAUKTIONEN AG  I,Deutsche Grundstücksauktionen AG,Real Estate,Real Estate Services,Germany,Berlin,EUR,EQUITY,8480000.0,12.0,https://www.dga-ag.de,DE0005533400
554550.ETR,1U1.DE,ETR,isin,1&1 AG                        I,1&1 AG,Communication Services,Telecom Services,Germany,Montabaur,EUR,EQUITY,3653881088.0,4645.0,https://www.1und1.ag,DE0005545503
555060.ETR,DRW8.DE,ETR,isin,DRAEGERWERK ST.A.O.N.,Drägerwerk AG & Co. KGaA,Healthcare,Medical Devices,Germany,Lübeck,EUR,EQUITY,1452024064.0,16033.0,https://www.draeger.com,DE0005550602
555063.ETR,DRW3.DE,ETR,isin,DRAEGERWERK VZO O.N.,Drägerwerk AG & Co. KGaA,Healthcare,Medical Devices,Germany,Lübeck,EUR,EQUITY,1806588032.0,16033.0,https://www.draeger.com,DE0005550636
555200.ETR,DHL.DE,ETR,isin,DEUTSCHE POST AG              N,Deutsche Post AG,Industrials,Integrated Freight & Logistics,Germany,Bonn,EUR,EQUITY,64490795008.0,579479.0,https://group.dhl.com,DE0005552004
555750.ETR,DTE.DE,ETR,isin,DEUTSCHE TELEKOM AG           N,Deutsche Telekom AG,Communication Services,Telecom Services,Germany,Bonn,EUR,EQUITY,133094006784.0,196586.0,https://www.telekom.com,DE0005557508
555869.ETR,PGN.DE,ETR,isin,paragon GmbH & Co. KGaA       I,paragon GmbH & Co. KGaA,Consumer Cyclical,Auto Parts,Germany,Delbrück,EUR,EQUITY,7490970.0,680.0,https://www.paragon.ag,DE0005558696
556520.ETR,DUE.DE,ETR,isin,DUERR AG                      I,Dürr Aktiengesellschaft,Industrials,Specialty Industrial Machinery,Germany,Bietigheim-Bissingen,EUR,EQUITY,1238717184.0,17731.0,https://www.durr-group.com,DE0005565204
557080.ETR,UBK.DE,ETR,isin,UMWELTBANK AG                 I,UmweltBank AG,Financial Services,Banks - Regional,Germany,Nuremberg,EUR,EQUITY,158541984.0,435.0,https://www.umweltbank.de,DE0005570808
558000.ETR,DIE.F,ETR,isin,DIERIG HOLDING AG             I,Dierig Holding AG,Consumer Cyclical,Textile Manufacturing,Germany,Augsburg,EUR,EQUITY,32824800.0,137.0,https://dierig.de,DE0005580005
564950.ETR,EDL.DE,ETR,isin,Edel SE & Co. KGaA            I,Edel SE & Co. KGaA,Communication Services,Entertainment,Germany,Hamburg,EUR,EQUITY,102969048.0,1021.0,https://www.edel.com,DE0005649503
565970.ETR,EUZ.DE,ETR,isin,Eckert & Ziegler SE           I,Eckert & Ziegler SE,Healthcare,Medical Devices,Germany,Berlin,EUR,EQUITY,841028480.0,1100.0,https://www.ezag.com,DE0005659700
566480.ETR,EVT.DE,ETR,isin,Evotec SE                     I,Evotec SE,Healthcare,Drug Manufacturers - Specialty & Generic,Germany,Hamburg,EUR,EQUITY,612699392.0,4526.0,https://www.evotec.com,DE0005664809
567710.ETR,ELG.DE,ETR,isin,Elmos Semiconductor SE        I,Elmos Semiconductor SE,Technology,Semiconductors,Germany,Leverkusen,EUR,EQUITY,2535510528.0,1204.0,https://www.elmos.com,DE0005677108
575302.ETR,COP,ETR,isin,ConocoPhillips,ConocoPhillips,Energy,Oil & Gas E&P,United States,Houston,USD,EQUITY,140810420224.0,9700.0,https://www.conocophillips.com,US20825C1045
575440.ETR,LSX.DE,ETR,isin,LS TELCOM AG                  I,LS telcom AG,Communication Services,Telecom Services,Germany,Lichtenau,EUR,EQUITY,22940280.0,273.0,https://www.lstelcom.com,DE0005754402
575980.ETR,IXX.DE,ETR,isin,init innov.in traffic syst.SE I,init innovation in traffic systems SE,Technology,Information Technology Services,Germany,Karlsruhe,EUR,EQUITY,535627712.0,1520.0,https://www.initse.com,DE0005759807
576002.ETR,DE0005760029.SG,ETR,isin,ABO Energy GmbH & Co. KGaA,,,,,,EUR,EQUITY,,,,DE0005760029
576550.ETR,XTP.F,ETR,isin,SINO AG                       I,Sino AG,Financial Services,Capital Markets,Germany,Düsseldorf,EUR,EQUITY,246606256.0,25.0,https://www.sino.de,DE0005765507
577220.ETR,FIE.DE,ETR,isin,Fielmann Group AG             I,Fielmann Group AG,Healthcare,Medical Instruments & Supplies,Germany,Hamburg,EUR,EQUITY,3433901568.0,18213.0,https://www.fielmann-group.com,DE0005772206
577330.ETR,FRA.DE,ETR,isin,Fraport AG Ffm.Airport.Ser.AG I,Fraport AG,Industrials,Airports & Air Services,Germany,Frankfurt am Main,EUR,EQUITY,6264754688.0,19603.0,https://www.fraport.com,DE0005773303
577410.ETR,FEV.F,ETR,isin,FORTEC Elektronik AG          I,FORTEC Elektronik AG,Technology,Electronics & Computer Distribution,Germany,Germering,EUR,EQUITY,36079840.0,241.0,https://www.fortecag.de,DE0005774103
577580.ETR,FRS.DE,ETR,isin,FORIS AG                      I,FORIS AG,Financial Services,Credit Services,Germany,Bonn,EUR,EQUITY,14802857.0,34.0,https://www.foris.com,DE0005775803
578560.ETR,FRE.DE,ETR,isin,Fresenius SE & Co. KGaA       I,Fresenius SE & Co. KGaA,Healthcare,Medical Care Facilities,Germany,Bad Homburg vor der Höhe,EUR,EQUITY,24827498496.0,177783.0,https://www.fresenius.com,DE0005785604
578580.ETR,FME.DE,ETR,isin,Fresenius Medical Care AG     I,Fresenius Medical Care AG,Healthcare,Medical Care Facilities,Germany,Bad Homburg,EUR,EQUITY,11553650688.0,108165.0,https://www.freseniusmedicalcare.com,DE0005785802
580060.ETR,GFT.DE,ETR,isin,GFT Technologies SE           I,GFT Technologies SE,Technology,Information Technology Services,Germany,Stuttgart,EUR,EQUITY,570095168.0,11645.0,https://www.gft.com,DE0005800601
581005.ETR,DB1.DE,ETR,isin,DEUTSCHE BOERSE AG            N,Deutsche Börse AG,Financial Services,Financial Data & Stock Exchanges,Germany,Eschborn,EUR,EQUITY,47595941888.0,17120.0,https://deutsche-boerse.com/dbg-de/,DE0005810055
585434.ETR,E4C.DE,ETR,isin,ecotel communication ag       I,ecotel communication ag,Communication Services,Telecom Services,Germany,Düsseldorf,EUR,EQUITY,25155158.0,202.0,https://www.ecotel.de,DE0005854343
585518.ETR,MSAG.DE,ETR,isin,MS Industrie AG               I,MS Industrie AG,Consumer Cyclical,Auto Parts,Germany,Munich,EUR,EQUITY,34781384.0,389.0,https://www.ms-industrie.de,DE0005855183
587484.ETR,IS7.DE,ETR,isin,InTiCa Systems SE             I,InTiCa Systems SE,Consumer Cyclical,Auto Parts,Germany,Passau,EUR,EQUITY,6756113.0,513.0,https://www.intica-systems.com,DE0005874846
587800.ETR,GIL.F,ETR,isin,DMG MORI AG                   I,DMG MORI AKTIENGESELLSCHAFT,Industrials,Tools & Accessories,Germany,Bielefeld,EUR,EQUITY,3680800256.0,7428.0,https://www.dmgmori.com,DE0005878003
588811.ETR,TKA.VI,ETR,isin,Telekom Austria AG,Telekom Austria AG,Communication Services,Telecom Services,Austria,Vienna,EUR,EQUITY,6840074240.0,16616.0,https://a1.group,AT0000720008
589540.ETR,GMM.F,ETR,isin,GRAMMER AG                    I,Grammer AG,Consumer Cyclical,Auto Parts,Germany,Ursensollen,EUR,EQUITY,156532656.0,11400.0,https://www.grammer.com,DE0005895403
590375.ETR,ALGN,ETR,isin,"Align Technology, Inc.","Align Technology, Inc.",Healthcare,Medical Instruments & Supplies,United States,Tempe,USD,EQUITY,12035426304.0,20275.0,https://www.aligntech.com,US0162551016
590900.ETR,GBF.DE,ETR,isin,Bilfinger SE                  I,Bilfinger SE,Industrials,Engineering & Construction,Germany,Mannheim,EUR,EQUITY,3069691136.0,30570.0,https://www.bilfinger.com,DE0005909006
591068.ETR,VIV.PA,ETR,isin,VIVENDI SE,Vivendi SE,Communication Services,Electronic Gaming & Multimedia,France,Paris,EUR,EQUITY,1947516288.0,2500.0,https://www.vivendi.com,FR0000127771
593273.ETR,YOC.DE,ETR,isin,YOC AG                        I,YOC AG,Communication Services,Advertising Agencies,Germany,Berlin,EUR,EQUITY,19676870.0,134.0,https://yoc.com,DE0005932735
593612.ETR,OHB.DE,ETR,isin,OHB SE                        I,OHB SE,Industrials,Aerospace & Defense,Germany,Bremen,EUR,EQUITY,4692049408.0,3974.0,https://www.ohb.de,DE0005936124
603111.ETR,GPN,ETR,isin,Global Payments Inc.,Global Payments Inc.,Industrials,Specialty Business Services,United States,Atlanta,USD,EQUITY,22994067456.0,26000.0,https://www.globalpayments.com,US37940X1028
604270.ETR,HAW.DE,ETR,isin,Hawesko Holding SE            I,Hawesko Holding SE,Consumer Defensive,Beverages - Wineries & Distilleries,Germany,Hamburg,EUR,EQUITY,159904560.0,1156.0,https://www.hawesko-holding.com,DE0006042708
604400.ETR,MAK.F,ETR,isin,MATERNUS-KLINIKEN AG          I,Maternus-Kliniken Aktiengesellschaft,Healthcare,Medical Care Facilities,Germany,Berlin,EUR,EQUITY,21270008.0,1860.0,https://www.maternus.de,DE0006044001
604700.ETR,HEI.DE,ETR,isin,Heidelberg Materials AG       I,Heidelberg Materials AG,Basic Materials,Building Materials,Germany,Heidelberg,EUR,EQUITY,29937971200.0,47552.0,https://www.heidelbergmaterials.de,DE0006047004
604840.ETR,HEN.DE,ETR,isin,Henkel AG & Co. KGaA          I,Henkel AG & Co. KGaA,Consumer Defensive,Household & Personal Products,Germany,Düsseldorf,EUR,EQUITY,29109141504.0,42200.0,https://www.henkel.com,DE0006048408
604843.ETR,HEN3.DE,ETR,isin,Henkel AG & Co. KGaA          I,Henkel AG & Co. KGaA,Consumer Defensive,Household & Personal Products,Germany,Düsseldorf,EUR,EQUITY,30882410496.0,42200.0,https://www.henkel.com,DE0006048432
606110.ETR,HMU.F,ETR,isin,HMS Bergbau AG                I,HMS Bergbau AG,Energy,Thermal Coal,Germany,Berlin,EUR,EQUITY,183532320.0,56.0,https://www.hms-ag.com,DE0006061104
606214.ETR,1COV.F,ETR,isin,Covestro AG                   I,Covestro AG,Basic Materials,Specialty Chemicals,Germany,Leverkusen,EUR,EQUITY,12458420224.0,17806.0,https://www.covestro.com,DE0006062144
607000.ETR,HOT.DE,ETR,isin,HOCHTIEF AG                   I,HOCHTIEF Aktiengesellschaft,Industrials,Engineering & Construction,Germany,Essen,EUR,EQUITY,33136404480.0,63483.0,https://www.hochtief.com,DE0006070006
608340.ETR,HBH.DE,ETR,isin,Hornbach Holding AG&Co.KGaA   I,HORNBACH Holding AG & Co. KGaA,Consumer Cyclical,Home Improvement Retail,Germany,Bornheim,EUR,EQUITY,1323115776.0,25936.0,https://www.hornbach-holding.de,DE0006083405
608440.ETR,HBM.HM,ETR,isin,HORNBACH Baumarkt AG          I,HORNBACH Baumarkt AG,Consumer Cyclical,Home Improvement Retail,Germany,Bornheim,EUR,EQUITY,2003828992.0,24145.0,https://www.hornbach.com,DE0006084403
620010.ETR,INH.F,ETR,isin,INDUS HOLDING AG              I,INDUS Holding AG,Industrials,Conglomerates,Germany,Bergisch Gladbach,EUR,EQUITY,726264640.0,8859.0,https://indus.eu,DE0006200108
620110.ETR,CEA.DE,ETR,isin,FRIWO AG                      I,FRIWO AG,Industrials,Electrical Equipment & Parts,Germany,Ostbevern,EUR,EQUITY,37639784.0,828.0,https://www.friwo.com,DE0006201106
620200.ETR,SZG.F,ETR,isin,SALZGITTER AG                 I,Salzgitter AG,Basic Materials,Steel,Germany,Salzgitter,EUR,EQUITY,2912601088.0,23331.0,https://www.salzgitter-ag.com/de,DE0006202005
620840.ETR,IUR.DE,ETR,isin,KAP AG                        I,KAP AG,Industrials,Conglomerates,Germany,Fulda,EUR,EQUITY,14416125.0,1552.0,https://www.kap.de,DE0006208408
621468.ETR,MLL.DE,ETR,isin,MUELLER-LILA LOG. INH ON,Müller - Die lila Logistik SE,Industrials,Integrated Freight & Logistics,Germany,Besigheim,EUR,EQUITY,36119104.0,2037.0,https://www.lila-logistik.com/de,DE0006214687
621993.ETR,JUN3.F,ETR,isin,JUNGHEINRICH AG               I,Jungheinrich Aktiengesellschaft,Industrials,Specialty Industrial Machinery,Germany,Hamburg,EUR,EQUITY,2525520128.0,20856.0,https://www.jungheinrich.com,DE0006219934
622340.ETR,PCZ.DE,ETR,isin,ProCredit Holding AG          N,ProCredit Holding AG,Financial Services,Banks - Diversified,Germany,Frankfurt am Main,EUR,EQUITY,486501568.0,4558.0,https://www.procredit-holding.com,DE0006223407
622360.ETR,ITN.DE,ETR,isin,INTERTAINMENT AG              I,Intertainment AG,Communication Services,Entertainment,Germany,Feldafing,EUR,EQUITY,5133508.0,,https://www.intertainment.de,DE0006223605
623100.ETR,IFX.DE,ETR,isin,INFINEON TECHNOLOGIES AG      N,Infineon Technologies AG,Technology,Semiconductors,Germany,Neubiberg,EUR,EQUITY,76384583680.0,56500.0,https://www.infineon.com,DE0006231004
628656.ETR,O4B.DE,ETR,isin,OVB Holding AG                I,OVB Holding AG,Financial Services,Capital Markets,Germany,Cologne,EUR,EQUITY,266499584.0,906.0,https://www.ovb.eu,DE0006286560
629200.ETR,KSB.DE,ETR,isin,KSB SE & Co. KGaA             I,KSB SE & Co. KGaA,Industrials,Specialty Industrial Machinery,Germany,Frankenthal,EUR,EQUITY,1670765952.0,16838.0,https://www.ksb.com,DE0006292006
629203.ETR,KSB3.DE,ETR,isin,KSB SE & Co. KGaA             I,KSB SE & Co. KGaA,Industrials,Specialty Industrial Machinery,Germany,Frankenthal,EUR,EQUITY,1441342080.0,16838.0,https://www.ksb.com,DE0006292030
630500.ETR,DEZ.DE,ETR,isin,DEUTZ AG                      I,DEUTZ Aktiengesellschaft,Industrials,Specialty Industrial Machinery,Germany,Cologne,EUR,EQUITY,1538592128.0,6014.0,https://www.deutz.com,DE0006305006
632305.ETR,ANDR.VI,ETR,isin,Andritz AG,Andritz AG,Industrials,Specialty Industrial Machinery,Austria,Graz,EUR,EQUITY,7330310144.0,30487.0,https://www.andritz.com,AT0000730007
633500.ETR,KRN.DE,ETR,isin,KRONES AG                     I,Krones AG,Industrials,Specialty Industrial Machinery,Germany,Neutraubling,EUR,EQUITY,3576335616.0,21299.0,https://www.krones.com,DE0006335003
633835.ETR,SJM,ETR,isin,The J.M. Smucker Company,The J. M. Smucker Company,Consumer Defensive,Packaged Foods,United States,Orrville,USD,EQUITY,12937907200.0,,https://www.jmsmucker.com,US8326964058
645000.ETR,LPK.DE,ETR,isin,LPKF Laser & Electronics SE   I,LPKF Laser & Electronics SE,Industrials,Specialty Industrial Machinery,Germany,Garbsen,EUR,EQUITY,336827520.0,727.0,https://www.lpkf.com,DE0006450000
645290.ETR,NEM.DE,ETR,isin,Nemetschek SE                 I,Nemetschek SE,Technology,Software - Application,Germany,Munich,EUR,EQUITY,7184197120.0,4089.0,https://www.nemetschek.com,DE0006452907
646450.ETR,LEI.F,ETR,isin,LEIFHEIT AG                   I,Leifheit Aktiengesellschaft,Consumer Defensive,Household & Personal Products,Germany,Nassau,EUR,EQUITY,119651240.0,873.0,https://www.leifheit-group.com,DE0006464506
656940.ETR,ALG.DE,ETR,isin,ALBIS LEASING AG              I,ALBIS Leasing AG,Financial Services,Credit Services,Germany,Hamburg,EUR,EQUITY,66553652.0,93.0,https://www.albis-leasing.de,DE0006569403
656990.ETR,MLP.F,ETR,isin,MLP SE                        I,MLP SE,Financial Services,Asset Management,Germany,Wiesloch,EUR,EQUITY,810655104.0,2539.0,https://mlp-se.com,DE0006569908
657710.ETR,NN6.F,ETR,isin,NanoRepro AG                  I,NanoRepro AG,Healthcare,Diagnostics & Research,Germany,Marburg,EUR,EQUITY,26361746.0,20.0,https://www.nanorepro.com,DE0006577109
657800.ETR,KWG.DE,ETR,isin,KHD Humboldt Wedag Intl AG    I,KHD Humboldt Wedag International AG,Industrials,Industrial Distribution,Germany,Cologne,EUR,EQUITY,92945680.0,1016.0,https://www.khd.com,DE0006578008
658080.ETR,MUM.DE,ETR,isin,Mensch u. Maschine Software SEI,Mensch und Maschine Software SE,Technology,Software - Application,Germany,Starnberg,EUR,EQUITY,607604416.0,1192.0,https://www.mum.de,DE0006580806
659510.ETR,MED.DE,ETR,isin,MEDICLIN AG                   I,MEDICLIN Aktiengesellschaft,Healthcare,Medical Care Facilities,Germany,Offenburg,EUR,EQUITY,191900000.0,7416.0,https://www.mediclin.de,DE0006595101
659990.ETR,MRK.DE,ETR,isin,MERCK KGAA                    I,Merck KGaA,Healthcare,Drug Manufacturers - Specialty & Generic,Germany,Darmstadt,EUR,EQUITY,61608026112.0,59077.0,https://www.emdgroup.com,DE0006599905
660200.ETR,G1A.F,ETR,isin,GEA Group AG                  I,GEA Group Aktiengesellschaft,Industrials,Specialty Industrial Machinery,Germany,Düsseldorf,EUR,EQUITY,10289064960.0,19670.0,https://www.gea.com,DE0006602006
661830.ETR,CHG.DE,ETR,isin,CHAPTERS Group AG             I,CHAPTERS Group AG,Technology,Information Technology Services,Germany,Hamburg,EUR,EQUITY,947725568.0,1300.0,https://www.chaptersgroup.com,DE0006618309
662541.ETR,DKS,ETR,isin,Dick's Sporting Goods Inc,"DICK'S Sporting Goods, Inc.",Consumer Cyclical,Specialty Retail,United States,Coraopolis,USD,EQUITY,18401722368.0,31600.0,https://www.dickssportinggoods.com,US2533931026
662720.ETR,MUB.DE,ETR,isin,MUEHLBAUER HOLD.AG O.N.,Mühlbauer Holding AG,Technology,Computer Hardware,Germany,Roding,EUR,EQUITY,567673664.0,3969.0,https://www.muehlbauer.de,DE0006627201
663244.ETR,WYNN,ETR,isin,"Wynn Resorts, Limited","Wynn Resorts, Limited",Consumer Cyclical,Resorts & Casinos,United States,Las Vegas,USD,EQUITY,10347536384.0,28500.0,https://www.wynnresorts.com,US9831341071
663668.ETR,VQT.HM,ETR,isin,Envirotainer AG               N,Envirotainer AG,Industrials,Specialty Industrial Machinery,Germany,Würzburg,EUR,EQUITY,383316288.0,99.0,https://www.va-q-tec.com,DE0006636681
676650.ETR,NDA.DE,ETR,isin,Aurubis AG                    I,Aurubis AG,Industrials,Metal Fabrication,Germany,Hamburg,EUR,EQUITY,7614134784.0,7239.0,https://www.aurubis.com,DE0006766504
691660.ETR,PFV.F,ETR,isin,PFEIFFER VACUUM TECHNOLOGY AG I,Pfeiffer Vacuum Technology AG,Industrials,Specialty Industrial Machinery,Germany,Aßlar,EUR,EQUITY,1616322560.0,3809.0,https://group.pfeiffer-vacuum.com,DE0006916604
694280.ETR,PZS.DE,ETR,isin,Scherzer & Co. AG             I,Scherzer & Co. AG,Financial Services,Asset Management,Germany,Cologne,EUR,EQUITY,72173824.0,3.0,https://www.scherzer-ag.de,DE0006942808
696800.ETR,PWO.F,ETR,isin,PWO AG                        I,PWO AG,Consumer Cyclical,Auto Parts,Germany,Oberkirch,EUR,EQUITY,69375000.0,3286.0,https://www.pwo-group.com,DE0006968001
696960.ETR,PUM.DE,ETR,isin,PUMA SE                       I,PUMA SE,Consumer Cyclical,Footwear & Accessories,Germany,Herzogenaurach,EUR,EQUITY,4235200512.0,20000.0,https://www.about.puma.com,DE0006969603
697250.ETR,PBY.SG,ETR,isin,publity AG,Publity AG,,,Germany,Frankfurt am Main,EUR,EQUITY,13844.0,17.0,https://www.publity.org/de,DE0006972508
700890.ETR,RTC.DE,ETR,isin,REALTECH AG                   I,RealTech AG,Technology,Information Technology Services,Germany,Leimen,EUR,EQUITY,6031930.0,69.0,https://www.realtech.com,DE0007008906
701080.ETR,RAA.DE,ETR,isin,RATIONAL AG                   I,RATIONAL Aktiengesellschaft,Industrials,Specialty Industrial Machinery,Germany,Landsberg am Lech,EUR,EQUITY,7543994880.0,2887.0,https://www.rational-online.com,DE0007010803
703000.ETR,RHM.DE,ETR,isin,RHEINMETALL AG                I,Rheinmetall AG,Industrials,Aerospace & Defense,Germany,Düsseldorf,EUR,EQUITY,50954203136.0,28815.0,https://www.rheinmetall.com,DE0007030009
703712.ETR,RWE.DE,ETR,isin,RWE AG                        I,RWE Aktiengesellschaft,Utilities,Utilities - Diversified,Germany,Essen,EUR,EQUITY,42418520064.0,19969.0,https://www.rwe.com,DE0007037129
704230.ETR,RHK.DE,ETR,isin,RHOEN-KLINIKUM AG             I,RHÖN-KLINIKUM Aktiengesellschaft,Healthcare,Medical Care Facilities,Germany,Bad Neustadt an der Saale,EUR,EQUITY,863506240.0,19184.0,https://www.rhoen-klinikum-ag.com,DE0007042301
707400.ETR,KWS.DE,ETR,isin,KWS SAAT SE & Co. KGaA        I,KWS SAAT SE & Co. KGaA,Basic Materials,Agricultural Inputs,Germany,Einbeck,EUR,EQUITY,2385900032.0,4957.0,https://www.kws.com,DE0007074007
710000.ETR,MBG.DE,ETR,isin,Mercedes-Benz Group AG        N,Mercedes-Benz Group AG,Consumer Cyclical,Auto Manufacturers,Germany,Stuttgart,EUR,EQUITY,44817412096.0,152528.0,https://group.mercedes-benz.com,DE0007100000
716460.ETR,SAP.DE,ETR,isin,SAP SE                        I,SAP SE,Technology,Software - Application,Germany,Walldorf,EUR,EQUITY,179500531712.0,112019.0,https://www.sap.com,DE0007164600
716560.ETR,SRT.F,ETR,isin,SARTORIUS AG                  I,Sartorius Aktiengesellschaft,Healthcare,Medical Instruments & Supplies,Germany,Göttingen,EUR,EQUITY,11614595072.0,14279.0,https://www.sartorius.com,DE0007165607
716563.ETR,SRT3.DE,ETR,isin,SARTORIUS AG                  V,Sartorius Aktiengesellschaft,Healthcare,Medical Instruments & Supplies,Germany,Göttingen,EUR,EQUITY,14611464192.0,14279.0,https://www.sartorius.com,DE0007165631
719350.ETR,SKB.F,ETR,isin,Koenig & Bauer AG             I,Koenig & Bauer AG,Industrials,Specialty Industrial Machinery,Germany,Würzburg,EUR,EQUITY,140460656.0,5434.0,https://www.koenig-bauer.com,DE0007193500
720190.ETR,SIS.DE,ETR,isin,First Sensor AG               I,First Sensor AG,Technology,Semiconductor Equipment & Materials,Germany,Berlin,EUR,EQUITY,542771072.0,538.0,https://www.first-sensor.com,DE0007201907
720370.ETR,SHF.DE,ETR,isin,SNP Schnei.Neureith.&Partn.SE I,SNP Schneider-Neureither & Partner SE,Technology,Information Technology Services,Germany,Heidelberg,EUR,EQUITY,584603456.0,1668.0,https://www.snpgroup.com,DE0007203705
722900.ETR,SWA.DE,ETR,isin,Schloss Wachenheim AG         I,Schloss Wachenheim AG,Consumer Defensive,Beverages - Wineries & Distilleries,Germany,Trier,EUR,EQUITY,110088000.0,1778.0,https://www.schloss-wachenheim.com,DE0007229007
723132.ETR,SIX2.F,ETR,isin,Sixt SE                       I,Sixt SE,Industrials,Rental & Leasing Services,Germany,Pullach,EUR,EQUITY,3370533376.0,8178.0,https://www.sixt.com,DE0007231326
723133.ETR,SIX3.DE,ETR,isin,Sixt SE                       I,Sixt SE,Industrials,Rental & Leasing Services,Germany,Pullach,EUR,EQUITY,2840073216.0,8178.0,https://www.sixt.com,DE0007231334
723530.ETR,SGL.DE,ETR,isin,SGL CARBON SE                 I,SGL Carbon SE,Basic Materials,Chemicals,Germany,Wiesbaden,EUR,EQUITY,457293440.0,3577.0,https://www.sglcarbon.com,DE0007235301
723610.ETR,SIE.DE,ETR,isin,SIEMENS AG                    N,Siemens Aktiengesellschaft,Industrials,Specialty Industrial Machinery,Germany,Munich,EUR,EQUITY,205711900672.0,303061.0,https://www.siemens.com,DE0007236101
725750.ETR,CEC.F,ETR,isin,CECONOMY AG                   I,Ceconomy AG,Consumer Cyclical,Specialty Retail,Germany,Düsseldorf,EUR,EQUITY,1923901568.0,30630.0,https://www.ceconomy.de,DE0007257503
727413.ETR,STO3.F,ETR,isin,Sto SE & Co. KGaA             I,Sto SE & Co. KGaA,Industrials,Building Products & Equipment,Germany,Stühlingen,EUR,EQUITY,615580544.0,5147.0,https://www.sto.de,DE0007274136
727650.ETR,YSN.DE,ETR,isin,SECUNET SECURITY NETWORKS AG  I,secunet Security Networks Aktiengesellschaft,Technology,Software - Infrastructure,Germany,Essen,EUR,EQUITY,1060998336.0,1133.0,https://www.secunet.com,DE0007276503
727950.ETR,SPM.HM,ETR,isin,SPLENDID MEDIEN AG            I,Splendid Medien AG,,,Germany,Cologne,EUR,EQUITY,11633745.0,11.0,https://www.splendidmedien.com,DE0007279507
729700.ETR,SZU.F,ETR,isin,SUEDZUCKER AG                 I,Südzucker AG,Consumer Defensive,Packaged Foods,Germany,Mannheim,EUR,EQUITY,2376693760.0,18991.0,https://www.suedzuckergroup.com,DE0007297004
731400.ETR,HDD.DE,ETR,isin,HEIDELBERGER DRUCKMASCHINEN AGI,Heidelberger Druckmaschinen Aktiengesellschaft,Industrials,Specialty Industrial Machinery,Germany,Heidelberg,EUR,EQUITY,418766784.0,9448.0,https://www.heidelberg.com,DE0007314007
744600.ETR,TTK.DE,ETR,isin,TAKKT AG                      I,TAKKT AG,Industrials,Business Equipment & Supplies,Germany,Stuttgart,EUR,EQUITY,148566592.0,1982.0,https://www.takkt.de,DE0007446007
744850.ETR,IVU.DE,ETR,isin,IVU TRAFFIC TECHNOLOGIES  AG  I,IVU Traffic Technologies AG,Technology,Software - Application,Germany,Berlin,EUR,EQUITY,398591232.0,1077.0,https://www.ivu.com,DE0007448508
746100.ETR,TPE.DE,ETR,isin,PVA TePla AG                  I,PVA TePla AG,Industrials,Specialty Industrial Machinery,Germany,Wettenberg,EUR,EQUITY,660058112.0,1003.0,https://www.pvatepla.com,DE0007461006
748020.ETR,DEQ.DE,ETR,isin,DEUTSCHE EUROSHOP AG          N,Deutsche EuroShop AG,Real Estate,Real Estate Services,Germany,Hamburg,EUR,EQUITY,1399746432.0,7.0,https://www.deutsche-euroshop.de/Home-en,DE0007480204
749399.ETR,SAX.F,ETR,isin,STROEER SE + CO. KGAA,Ströer SE & Co. KGaA,Communication Services,Advertising Agencies,Germany,Cologne,EUR,EQUITY,2063859968.0,11292.0,https://www.stroeer.de,DE0007493991
750000.ETR,TKA.DE,ETR,isin,thyssenkrupp AG               I,thyssenkrupp AG,Industrials,Conglomerates,Germany,Essen,EUR,EQUITY,7694491648.0,90916.0,https://www.thyssenkrupp.com,DE0007500001
750100.ETR,TTO.DE,ETR,isin,TTL Beteiligungs-u.Grundbes.AGI,TTL Beteiligungs- und Grundbesitz-AG,Real Estate,Real Estate Services,Germany,Munich,EUR,EQUITY,3516012.0,2.0,https://www.ttl-ag.de,DE0007501009
750750.ETR,WSU.DE,ETR,isin,WashTec AG                    I,WashTec AG,Industrials,Specialty Industrial Machinery,Germany,Augsburg,EUR,EQUITY,507268128.0,1874.0,https://www.washtec.de,DE0007507501
753718.ETR,ZBH,ETR,isin,"Zimmer Biomet Holdings, Inc.","Zimmer Biomet Holdings, Inc.",Healthcare,Medical Devices,United States,Warsaw,USD,EQUITY,17812090880.0,17000.0,https://www.zimmerbiomet.com,US98956P1021
755150.ETR,UZU.F,ETR,isin,Uzin Utz SE                   I,Uzin Utz SE,Basic Materials,Specialty Chemicals,Germany,Ulm,EUR,EQUITY,296605952.0,1599.0,https://www.uzin-utz.com,DE0007551509
756857.ETR,F3C.DE,ETR,isin,SFC Energy AG                 I,SFC Energy AG,Industrials,Electrical Equipment & Parts,Germany,Brunnthal,EUR,EQUITY,339956480.0,499.0,https://www.sfc.com,DE0007568578
764959.ETR,PRU,ETR,isin,"Prudential Financial, Inc.","Prudential Financial, Inc.",Financial Services,Insurance - Life,United States,Newark,USD,EQUITY,42335457280.0,36607.0,https://www.prudential.com,US7443201022
765723.ETR,VIB3.F,ETR,isin,VILLEROY & BOCH AG            I,Villeroy & Boch AG,Industrials,Building Products & Equipment,Germany,Mettlach,EUR,EQUITY,420341152.0,11028.0,https://www.villeroyboch-group.com,DE0007657231
766149.ETR,COR,ETR,isin,"Cencora, Inc.","Cencora, Inc.",Healthcare,Medical Distribution,United States,Conshohocken,USD,EQUITY,60537671680.0,47000.0,https://www.cencora.com,US03073E1055
766400.ETR,VOW.DE,ETR,isin,VOLKSWAGEN AG                 I,Volkswagen AG,Consumer Cyclical,Auto Manufacturers,Germany,Wolfsburg,EUR,EQUITY,37045719040.0,594022.0,https://www.volkswagen-group.com,DE0007664005
766403.ETR,VOW3.DE,ETR,isin,VOLKSWAGEN AG                 V,Volkswagen AG,Consumer Cyclical,Auto Manufacturers,Germany,Wolfsburg,EUR,EQUITY,36323856384.0,594022.0,https://www.volkswagen-group.com,DE0007664039
766710.ETR,VOS.F,ETR,isin,VOSSLOH AG                    I,Vossloh AG,Industrials,Railroads,Germany,Werdohl,EUR,EQUITY,1137983104.0,5588.0,https://www.vossloh.com,DE0007667107
783057.ETR,4DS.F,ETR,isin,DALDRUP & SOEHNE AG           I,Daldrup & Söhne Aktiengesellschaft,Energy,Oil & Gas Drilling,Germany,Grünwald,EUR,EQUITY,141281120.0,157.0,https://www.daldrup.eu,DE0007830572
783078.ETR,IS8.HM,ETR,isin,ifa systems AG                I,ifa systems AG,Healthcare,Health Information Services,Germany,Frechen,EUR,EQUITY,4950000.0,73.0,https://www.ifasystems.de,DE0007830788
784686.ETR,V6C.DE,ETR,isin,Viscom SE                     I,Viscom SE,Technology,Scientific & Technical Instruments,Germany,Hanover,EUR,EQUITY,43092540.0,423.0,https://www.viscom.com,DE0007846867
785602.ETR,ZIL2.F,ETR,isin,ElringKlinger AG              N,ElringKlinger AG,Consumer Cyclical,Auto Parts,Germany,Dettingen an der Erms,EUR,EQUITY,303177568.0,8542.0,https://www.elringklinger.com,DE0007856023
785747.ETR,KA8.DE,ETR,isin,Klassik Radio AG              N,Klassik Radio AG,Communication Services,Broadcasting,Germany,Augsburg,EUR,EQUITY,14475000.0,66.0,https://www.klassikradio.de,DE0007857476
789617.ETR,BIIB,ETR,isin,Biogen Inc.,Biogen Inc.,Healthcare,Drug Manufacturers - General,United States,Cambridge,USD,EQUITY,29548093440.0,7500.0,https://www.biogen.com,US09062X1037
794796.ETR,BT-A.L,ETR,isin,BT GROUP PLC ORD 5P,BT Group plc,Communication Services,Telecom Services,United Kingdom,London,GBp,EQUITY,19943729152.0,77200.0,https://www.bt.com,GB0030913577
801900.ETR,PBB.DE,ETR,isin,Deutsche Pfandbriefbank AG    I,Deutsche Pfandbriefbank AG,Financial Services,Mortgage Finance,Germany,Garching bei Munchen,EUR,EQUITY,471201472.0,1148.0,https://www.pfandbriefbank.com,DE0008019001
805100.ETR,WUW.DE,ETR,isin,WUESTENROT+WUERTT.AG O.N.,Wüstenrot & Württembergische AG,Financial Services,Insurance - Life,Germany,Kornwestheim,EUR,EQUITY,1370620928.0,5513.0,https://www.ww-ag.com,DE0008051004
812861.ETR,KGF.L,ETR,isin,KINGFISHER PLC ORD 15 5/7P,Kingfisher plc,Consumer Cyclical,Home Improvement Retail,United Kingdom,London,GBp,EQUITY,5020779008.0,69720.0,https://www.kingfisher.com,GB0033195214
813135.ETR,AMI.DE,ETR,isin,medondo holding AG            I,medondo holding AG,Technology,Information Technology Services,Germany,Munich,EUR,EQUITY,3943768.0,,https://holding.medondo.com,DE0008131350
813516.ETR,NDAQ,ETR,isin,"Nasdaq, Inc.","Nasdaq, Inc.",Financial Services,Financial Data & Stock Exchanges,United States,New York,USD,EQUITY,52510334976.0,9630.0,https://www.nasdaq.com,US6311031081
814820.ETR,MBK.DE,ETR,isin,MERKUR PRIVATBANK KGaA        I,Merkur PrivatBank KgaA,Financial Services,Banks - Regional,Germany,Munich,EUR,EQUITY,85566248.0,532.0,https://www.merkur-privatbank.de,DE0008148206
823212.ETR,LHA.DE,ETR,isin,DEUTSCHE LUFTHANSA AG         V,Deutsche Lufthansa AG,Industrials,Airlines,Germany,Cologne,EUR,EQUITY,10890546176.0,103406.0,https://www.lufthansagroup.com,DE0008232125
830350.ETR,TEG.DE,ETR,isin,TAG Immobilien AG             I,TAG Immobilien AG,Real Estate,Real Estate - Diversified,Germany,Hamburg,EUR,EQUITY,2576812288.0,1907.0,https://www.tag-ag.com,DE0008303504
840221.ETR,HNR1.DE,ETR,isin,HANNOVER RUECK SE NA O.N.,Hannover Rück SE,Financial Services,Insurance - Reinsurance,Germany,Hanover,EUR,EQUITY,31114061824.0,3732.0,https://www.hannover-re.com,DE0008402215
840400.ETR,ALV.DE,ETR,isin,Allianz SE                    v,Allianz SE,Financial Services,Insurance - Diversified,Germany,Munich,EUR,EQUITY,163662020608.0,138378.0,https://www.allianz.com,DE0008404005
843002.ETR,MUV2.DE,ETR,isin,MUENCHENER RUECKVERS.-GES. AG N,Münchener Rückversicherungs-Gesellschaft Aktiengesellschaft in München,Financial Services,Insurance - Reinsurance,Germany,Munich,EUR,EQUITY,67205586944.0,44369.0,https://www.munichre.com,DE0008430026
843596.ETR,NBG6.DE,ETR,isin,NUERNBERGER BET.AG VNA,NÜRNBERGER Beteiligungs-AG,Financial Services,Insurance - Diversified,Germany,Nuremberg,EUR,EQUITY,1381760640.0,3700.0,https://www.nuernberger.com,DE0008435967
850001.ETR,ERIC-B.ST,ETR,isin,"Ericsson, Telefonab. L M ser. B",Telefonaktiebolaget LM Ericsson (publ),Technology,Communication Equipment,Sweden,Stockholm,SEK,EQUITY,307681034240.0,86536.0,https://www.ericsson.com,SE0000108656
850103.ETR,ABT,ETR,isin,Abbott Laboratories,Abbott Laboratories,Healthcare,Medical Devices,United States,Abbott Park,USD,EQUITY,182002057216.0,122000.0,https://www.abbott.com,US0028241000
850133.ETR,AI.PA,ETR,isin,AIR LIQUIDE,L'Air Liquide S.A.,Basic Materials,Specialty Chemicals,France,Paris,EUR,EQUITY,109534781440.0,63126.0,https://www.airliquide.com,FR0000120073
850185.ETR,POS.VI,ETR,isin,PORR AG,PORR AG,Industrials,Engineering & Construction,Austria,Vienna,EUR,EQUITY,1463114752.0,18971.0,https://www.porr-group.com,AT0000609607
850222.ETR,AEP,ETR,isin,American Electric Power Company,"American Electric Power Company, Inc.",Utilities,Utilities - Regulated Electric,United States,Columbus,USD,EQUITY,72686985216.0,17581.0,https://www.aep.com,US0255371017
850226.ETR,AXP,ETR,isin,American Express Company,American Express Company,Financial Services,Credit Services,United States,New York,USD,EQUITY,226492170240.0,76800.0,https://www.americanexpress.com,US0258161092
850312.ETR,G.MI,ETR,isin,GENERALI,Assicurazioni Generali S.p.A.,Financial Services,Insurance - Diversified,Italy,Trieste,EUR,EQUITY,65149841408.0,82941.0,https://www.generali.com,IT0000062072
850347.ETR,ADP,ETR,isin,"Automatic Data Processing, Inc.","Automatic Data Processing, Inc.",Technology,Software - Application,United States,Roseland,USD,EQUITY,101924241408.0,67000.0,https://www.adp.com,US0530151036
850354.ETR,AVY,ETR,isin,Avery Dennison Corporation,Avery Dennison Corporation,Consumer Cyclical,Packaging & Containers,United States,Mentor,USD,EQUITY,12470226944.0,35000.0,https://www.averydennison.com,US0536111091
850403.ETR,BARC.L,ETR,isin,BARCLAYS PLC ORD 25P,Barclays PLC,Financial Services,Banks - Diversified,United Kingdom,London,GBp,EQUITY,67541450752.0,93000.0,https://home.barclays,GB0031348658
850471.ETR,BA,ETR,isin,Boeing Company (The),The Boeing Company,Industrials,Aerospace & Defense,United States,Arlington,USD,EQUITY,166725943296.0,182000.0,https://www.boeing.com,US0970231058
850501.ETR,BMY,ETR,isin,Bristol-Myers Squibb Company,Bristol-Myers Squibb Company,Healthcare,Drug Manufacturers - General,United States,Princeton,USD,EQUITY,127751979008.0,32500.0,https://www.bms.com,US1101221083
850517.ETR,BP.L,ETR,isin,BP PLC $0.25,BP p.l.c.,Energy,Oil & Gas Integrated,United Kingdom,London,GBp,EQUITY,82306318336.0,93700.0,https://www.bp.com,GB0007980591
850561.ETR,CPB,ETR,isin,The Campbell's Company,The Campbell's Company,Consumer Defensive,Packaged Foods,United States,Camden,USD,EQUITY,6670873600.0,13700.0,https://www.thecampbellscompany.com,US1344291091
850598.ETR,CAT,ETR,isin,"Caterpillar, Inc.",Caterpillar Inc.,Industrials,Farm & Heavy Construction Machinery,United States,Irving,USD,EQUITY,402225758208.0,118000.0,https://www.caterpillar.com,US1491231015
850605.ETR,ISP.MI,ETR,isin,INTESA SANPAOLO,Intesa Sanpaolo S.p.A.,Financial Services,Banks - Regional,Italy,Turin,EUR,EQUITY,114465128448.0,89931.0,https://www.intesasanpaolo.com,IT0000072618
850628.ETR,JPM,ETR,isin,JP Morgan Chase & Co.,JPMorgan Chase & Co.,Financial Services,Banks - Diversified,United States,New York,USD,EQUITY,946850889728.0,320560.0,https://www.jpmorganchase.com,US46625H1005
850663.ETR,KO,ETR,isin,Coca-Cola Company (The),The Coca-Cola Company,Consumer Defensive,Beverages - Non-Alcoholic,United States,Atlanta,USD,EQUITY,361709699072.0,65900.0,https://www.coca-colacompany.com,US1912161007
850667.ETR,CL,ETR,isin,Colgate-Palmolive Company,Colgate-Palmolive Company,Consumer Defensive,Household & Personal Products,United States,New York,USD,EQUITY,73601417216.0,33600.0,https://www.colgatepalmolive.com,US1941621039
850727.ETR,TTE.PA,ETR,isin,TOTALENERGIES,TotalEnergies SE,Energy,Oil & Gas Integrated,France,Courbevoie,EUR,EQUITY,165500305408.0,94847.0,https://totalenergies.com,FR0000120271
850775.ETR,TEF.MC,ETR,isin,"TELEFONICA,S.A.","Telefónica, S.A.",Communication Services,Telecom Services,Spain,Madrid,EUR,EQUITY,21136556032.0,82175.0,https://www.telefonica.com,ES0178430E18
850795.ETR,CMS,ETR,isin,CMS Energy Corporation,CMS Energy Corporation,Utilities,Utilities - Regulated Electric,United States,Jackson,USD,EQUITY,22943459328.0,8350.0,https://www.cmsenergy.com,US1258961002
850808.ETR,GLW,ETR,isin,Corning Incorporated,Corning Incorporated,Technology,Electronic Components,United States,Corning,USD,EQUITY,123381039104.0,67200.0,https://www.corning.com,US2193501051
850866.ETR,DE,ETR,isin,Deere & Company,Deere & Company,Industrials,Farm & Heavy Construction Machinery,United States,Moline,USD,EQUITY,168822472704.0,73100.0,https://www.deere.com,US2441991054
850875.ETR,HRL,ETR,isin,Hormel Foods Corporation,Hormel Foods Corporation,Consumer Defensive,Packaged Foods,United States,Austin,USD,EQUITY,14334903296.0,20000.0,https://www.hormelfoods.com,US4404521001
850981.ETR,EMR,ETR,isin,Emerson Electric Company,Emerson Electric Co.,Industrials,Specialty Industrial Machinery,United States,Saint Louis,USD,EQUITY,83622928384.0,71000.0,https://www.emerson.com,US2910111044
851143.ETR,GD,ETR,isin,General Dynamics Corporation,General Dynamics Corporation,Industrials,Aerospace & Defense,United States,Reston,USD,EQUITY,105235202048.0,110000.0,https://www.gd.com,US3695501086
851194.ETR,BN.PA,ETR,isin,DANONE,Danone S.A.,Consumer Defensive,Packaged Foods,France,Paris,EUR,EQUITY,46373593088.0,88670.0,https://www.danone.com,FR0000120644
851204.ETR,GT,ETR,isin,The Goodyear Tire & Rubber Comp,The Goodyear Tire & Rubber Company,Consumer Cyclical,Auto Parts,United States,Akron,USD,EQUITY,2043688704.0,63000.0,https://www.goodyear.com,US3825501014
851223.ETR,KER.PA,ETR,isin,KERING,Kering SA,Consumer Cyclical,Luxury Goods,France,Paris,EUR,EQUITY,30513825792.0,41399.0,https://www.kering.com,FR0000121485
851247.ETR,DGE.L,ETR,isin,DIAGEO PLC ORD 28 101/108P,Diageo plc,Consumer Defensive,Beverages - Wineries & Distilleries,United Kingdom,London,GBp,EQUITY,36444553216.0,29632.0,https://www.diageo.com,GB0002374006
851297.ETR,HSY,ETR,isin,The Hershey Company,The Hershey Company,Consumer Defensive,Confectioners,United States,Hershey,USD,EQUITY,36550348800.0,17550.0,https://www.thehersheycompany.com,US4278661081
851399.ETR,IBM,ETR,isin,International Business Machines,International Business Machines Corporation,Technology,Information Technology Services,United States,Armonk,USD,EQUITY,203764826112.0,264300.0,https://www.ibm.com,US4592001014
851413.ETR,IP,ETR,isin,International Paper Company,International Paper Company,Consumer Cyclical,Packaging & Containers,United States,Memphis,USD,EQUITY,22456813568.0,62602.0,https://www.internationalpaper.com,US4601461035
851544.ETR,KR,ETR,isin,Kroger Company (The),The Kroger Co.,Consumer Defensive,Grocery Stores,United States,Cincinnati,USD,EQUITY,35521290240.0,400000.0,https://www.thekrogerco.com,US5010441013
851704.ETR,MAT,ETR,isin,"Mattel, Inc.","Mattel, Inc.",Consumer Cyclical,Leisure,United States,El Segundo,USD,EQUITY,4300421120.0,31000.0,https://corporate.mattel.com,US5770811025
851745.ETR,MMM,ETR,isin,3M Company,3M Company,Industrials,Conglomerates,United States,Saint Paul,USD,EQUITY,91917205504.0,60500.0,https://www.3m.com,US88579Y1010
851915.ETR,NOC,ETR,isin,Northrop Grumman Corporation,Northrop Grumman Corporation,Industrials,Aerospace & Defense,United States,Falls Church,USD,EQUITY,77790871552.0,95000.0,https://www.northropgrumman.com,US6668071029
851921.ETR,OXY,ETR,isin,Occidental Petroleum Corporatio,Occidental Petroleum Corporation,Energy,Oil & Gas E&P,United States,Houston,USD,EQUITY,54635282432.0,10412.0,https://www.oxy.com,US6745991058
851936.ETR,OLN,ETR,isin,Olin Corporation,Olin Corporation,Basic Materials,Chemicals,United States,Clayton,USD,EQUITY,2493936640.0,7849.0,https://www.olin.com,US6806652052
851962.ETR,PCG,ETR,isin,Pacific Gas & Electric Co.,PG&E Corporation,Utilities,Utilities - Regulated Electric,United States,Oakland,USD,EQUITY,38761660416.0,29010.0,https://www.pgecorp.com,US69331C1080
851995.ETR,PEP,ETR,isin,"Pepsico, Inc.","PepsiCo, Inc.",Consumer Defensive,Beverages - Non-Alcoholic,United States,Purchase,USD,EQUITY,190953127936.0,306000.0,https://www.pepsico.com,US7134481081
852009.ETR,PFE,ETR,isin,"Pfizer, Inc.",Pfizer Inc.,Healthcare,Drug Manufacturers - General,United States,New York,USD,EQUITY,140605292544.0,75000.0,https://www.pfizer.com,US7170811035
852011.ETR,EXC,ETR,isin,Exelon Corporation,Exelon Corporation,Utilities,Utilities - Regulated Electric,United States,Chicago,USD,EQUITY,48244264960.0,20000.0,https://www.exeloncorp.com,US30161N1019
852026.ETR,PPG,ETR,isin,"PPG Industries, Inc.","PPG Industries, Inc.",Basic Materials,Specialty Chemicals,United States,Pittsburgh,USD,EQUITY,26406963200.0,43500.0,https://www.ppg.com,US6935061076
852062.ETR,PG,ETR,isin,Procter & Gamble Company (The),The Procter & Gamble Company,Consumer Defensive,Household & Personal Products,United States,Cincinnati,USD,EQUITY,346099679232.0,109000.0,https://www.pginvestor.com,US7427181091
852069.ETR,PRU.L,ETR,isin,PRUDENTIAL PLC ORD 5P,Prudential plc,Financial Services,Insurance - Life,Hong Kong,Central,GBp,EQUITY,26697412608.0,15338.0,https://www.prudentialplc.com,GB0007099541
852070.ETR,PEG,ETR,isin,Public Service Enterprise Group,Public Service Enterprise Group Incorporated,Utilities,Utilities - Regulated Electric,United States,Newark,USD,EQUITY,39472037888.0,13189.0,https://investor.pseg.com,US7445731067
852147.ETR,RIO.L,ETR,isin,RIO TINTO PLC ORD 10P,Rio Tinto Group,Basic Materials,Other Industrial Metals & Mining,United Kingdom,London,GBp,EQUITY,110081015808.0,56890.0,https://www.riotinto.com,GB0007188757
852362.ETR,CA.PA,ETR,isin,CARREFOUR,Carrefour SA,Consumer Defensive,Grocery Stores,France,Massy,EUR,EQUITY,11324454912.0,298604.0,https://www.carrefour.com,FR0000120172
852523.ETR,SO,ETR,isin,Southern Company (The),The Southern Company,Utilities,Utilities - Regulated Electric,United States,Atlanta,USD,EQUITY,108762013696.0,29502.0,https://www.southerncompany.com,US8425871071
852549.ETR,XOM,ETR,isin,ExxonMobil Holdings Corporation,ExxonMobil Holdings Corporation,Energy,Oil & Gas Integrated,United States,Spring,USD,EQUITY,641513488384.0,57900.0,https://corporate.exxonmobil.com,US30231G1022
852552.ETR,CVX,ETR,isin,Chevron Corporation,Chevron Corporation,Energy,Oil & Gas Integrated,United States,Houston,USD,EQUITY,378403553280.0,43039.0,https://www.chevron.com,US1667641005
852654.ETR,TXN,ETR,isin,Texas Instruments Incorporated,Texas Instruments Incorporated,Technology,Semiconductors,United States,Dallas,USD,EQUITY,255170543616.0,33000.0,https://www.ti.com,US8825081040
852894.ETR,WIE.VI,ETR,isin,Wienerberger AG,Wienerberger AG,Basic Materials,Building Materials,Austria,Vienna,EUR,EQUITY,2238638336.0,20220.0,https://www.wienerberger.com,AT0000831706
852927.ETR,LNZ.VI,ETR,isin,Lenzing AG,Lenzing Aktiengesellschaft,Consumer Cyclical,Textile Manufacturing,Austria,Lenzing,EUR,EQUITY,838014528.0,7589.0,https://www.lenzing.com,AT0000644505
853081.ETR,AFL,ETR,isin,AFLAC Incorporated,Aflac Incorporated,Financial Services,Insurance - Life,United States,Columbus,USD,EQUITY,64417128448.0,12716.0,https://www.aflac.com,US0010551028
853121.ETR,CMI,ETR,isin,Cummins Inc.,Cummins Inc.,Industrials,Specialty Industrial Machinery,United States,Columbus,USD,EQUITY,91326693376.0,67400.0,https://www.cummins.com,US2310211063
853260.ETR,JNJ,ETR,isin,Johnson & Johnson,Johnson & Johnson,Healthcare,Drug Manufacturers - General,United States,New Brunswick,USD,EQUITY,640912523264.0,138200.0,https://www.jnj.com,US4781601046
853292.ETR,MC.PA,ETR,isin,LVMH,"LVMH Moët Hennessy - Louis Vuitton, Société Européenne",Consumer Cyclical,Luxury Goods,France,Paris,EUR,EQUITY,226061352960.0,196647.0,https://www.lvmh.com,FR0000121014
853373.ETR,RI.PA,ETR,isin,PERNOD RICARD,Pernod Ricard SA,Consumer Defensive,Beverages - Wineries & Distilleries,France,Paris,EUR,EQUITY,16685101056.0,17225.0,https://www.pernod-ricard.com,FR0000120693
853707.ETR,DOV,ETR,isin,Dover Corporation,Dover Corporation,Industrials,Specialty Industrial Machinery,United States,Downers Grove,USD,EQUITY,27723925504.0,24000.0,https://www.dovercorporation.com,US2600031080
853815.ETR,BAX,ETR,isin,Baxter International Inc.,Baxter International Inc.,Healthcare,Medical Instruments & Supplies,United States,Deerfield,USD,EQUITY,12054386688.0,37500.0,https://www.baxter.com,US0718131099
853823.ETR,NEM,ETR,isin,Newmont Corporation,Newmont Corporation,Basic Materials,Gold,United States,Denver,USD,EQUITY,98488623104.0,17500.0,https://www.newmont.com,US6516391066
853862.ETR,GIS,ETR,isin,"General Mills, Inc.","General Mills, Inc.",Consumer Defensive,Packaged Foods,United States,Minneapolis,USD,EQUITY,19539064832.0,30000.0,https://www.generalmills.com,US3703341046
853881.ETR,IFF,ETR,isin,International Flavors & Fragran,International Flavors & Fragrances Inc.,Basic Materials,Specialty Chemicals,United States,New York,USD,EQUITY,19505184768.0,21500.0,https://www.iff.com,US4595061015
853887.ETR,SNA,ETR,isin,Snap-On Incorporated,Snap-on Incorporated,Industrials,Tools & Accessories,United States,Kenosha,USD,EQUITY,21074665472.0,13000.0,https://www.snapon.com,US8330341012
853888.ETR,OR.PA,ETR,isin,L'OREAL,L'Oréal S.A.,Consumer Defensive,Household & Personal Products,France,Clichy,EUR,EQUITY,202418176000.0,79033.0,https://www.loreal.com,FR0000120321
853915.ETR,PNW,ETR,isin,Pinnacle West Capital Corporati,Pinnacle West Capital Corporation,Utilities,Utilities - Regulated Electric,United States,Phoenix,USD,EQUITY,12770703360.0,6610.0,https://www.pinnaclewest.com,US7234841010
853986.ETR,HAL,ETR,isin,Halliburton Company,Halliburton Company,Energy,Oil & Gas Equipment & Services,United States,Houston,USD,EQUITY,26841331712.0,46000.0,https://www.halliburton.com,US4062161017
854013.ETR,AV.L,ETR,isin,AVIVA PLC ORD 32 17/19P,Aviva plc,Financial Services,Insurance - Diversified,United Kingdom,London,GBp,EQUITY,20656166912.0,39359.0,https://www.aviva.com,GB0002162385
854075.ETR,BRKA.VI,ETR,isin,BERKSHIRE HATHAWAY INC,Berkshire Hathaway Inc.,Financial Services,Insurance - Diversified,United States,Omaha,EUR,EQUITY,946140151808.0,387800.0,https://www.berkshirehathaway.com,US0846701086
854161.ETR,ADM,ETR,isin,Archer-Daniels-Midland Company,Archer-Daniels-Midland Company,Consumer Defensive,Farm Products,United States,Chicago,USD,EQUITY,40093962240.0,40798.0,https://www.adm.com,US0394831020
854545.ETR,ECL,ETR,isin,Ecolab Inc.,Ecolab Inc.,Basic Materials,Specialty Chemicals,United States,Saint Paul,USD,EQUITY,76376514560.0,48000.0,https://www.ecolab.com,US2788651006
854566.ETR,CNP,ETR,isin,"CenterPoint Energy, Inc (Holdin","CenterPoint Energy, Inc.",Utilities,Utilities - Regulated Electric,United States,Houston,USD,EQUITY,28789997568.0,8794.0,https://www.centerpointenergy.com,US15189T1079
854618.ETR,EFX,ETR,isin,"Equifax, Inc.",Equifax Inc.,Industrials,Consulting Services,United States,Atlanta,USD,EQUITY,20831246336.0,15000.0,https://www.equifax.com,US2944291051
854693.ETR,HL,ETR,isin,Hecla Mining Company,Hecla Mining Company,Basic Materials,Other Precious Metals & Mining,United States,Coeur d'Alene,USD,EQUITY,10188121088.0,1865.0,https://www.hecla.com,US4227041062
854854.ETR,TJX,ETR,isin,"TJX Companies, Inc. (The)","The TJX Companies, Inc.",Consumer Cyclical,Apparel Retail,United States,Framingham,USD,EQUITY,172753682432.0,377000.0,https://www.tjx.com,US8725401090
854912.ETR,APD,ETR,isin,"Air Products and Chemicals, Inc","Air Products and Chemicals, Inc.",Basic Materials,Specialty Chemicals,United States,Allentown,USD,EQUITY,65151913984.0,21087.0,https://www.airproducts.com,US0091581068
855009.ETR,XEL,ETR,isin,Xcel Energy Inc.,Xcel Energy Inc.,Utilities,Utilities - Regulated Electric,United States,Minneapolis,USD,EQUITY,50384797696.0,11534.0,https://www.my.xcelenergy.com/s,US98389B1008
855178.ETR,KMB,ETR,isin,Kimberly-Clark Corporation,Kimberly-Clark Corporation,Consumer Defensive,Household & Personal Products,United States,Dallas,USD,EQUITY,36991434752.0,36000.0,https://www.kimberly-clark.com,US4943681035
855225.ETR,ARW,ETR,isin,"Arrow Electronics, Inc.","Arrow Electronics, Inc.",Technology,Electronics & Computer Distribution,United States,Centennial,USD,EQUITY,10903290880.0,22230.0,https://www.arrow.com,US0427351004
855451.ETR,WMB,ETR,isin,"Williams Companies, Inc. (The)","The Williams Companies, Inc.",Energy,Oil & Gas Midstream,United States,Tulsa,USD,EQUITY,86576046080.0,5987.0,https://www.williams.com,US9694571004
855681.ETR,INTC,ETR,isin,Intel Corporation,Intel Corporation,Technology,Semiconductors,United States,Santa Clara,USD,EQUITY,462383448064.0,85100.0,https://www.intel.com,US4581401001
855686.ETR,DIS,ETR,isin,Walt Disney Company (The),The Walt Disney Company,Communication Services,Entertainment,United States,Burbank,USD,EQUITY,167833845760.0,175560.0,https://thewaltdisneycompany.com,US2546871060
855705.ETR,CS.PA,ETR,isin,AXA,AXA SA,Financial Services,Insurance - Diversified,France,Paris,EUR,EQUITY,92239077376.0,107756.0,https://www.axa.com,FR0000120628
855786.ETR,CMC,ETR,isin,Commercial Metals Company,Commercial Metals Company,Industrials,Metal Fabrication,United States,Irving,USD,EQUITY,7526879744.0,12690.0,https://www.cmc.com,US2017231034
855853.ETR,TFX,ETR,isin,Teleflex Incorporated,Teleflex Incorporated,Healthcare,Medical Instruments & Supplies,United States,Wayne,USD,EQUITY,5801611264.0,15500.0,https://www.teleflex.com,US8793691069
855950.ETR,PH,ETR,isin,Parker-Hannifin Corporation,Parker-Hannifin Corporation,Industrials,Specialty Industrial Machinery,United States,Cleveland,USD,EQUITY,124486352896.0,57950.0,https://www.parker.com,US7010941042
856050.ETR,SHW,ETR,isin,Sherwin-Williams Company (The),The Sherwin-Williams Company,Basic Materials,Specialty Chemicals,United States,Cleveland,USD,EQUITY,80716431360.0,64249.0,https://www.sherwin-williams.com,US8243481061
856243.ETR,TGT,ETR,isin,Target Corporation,Target Corporation,Consumer Defensive,Discount Stores,United States,Minneapolis,USD,EQUITY,63741177856.0,415000.0,https://corporate.target.com,US87612E1064
856331.ETR,WHR,ETR,isin,Whirlpool Corporation,Whirlpool Corporation,Consumer Cyclical,"Furnishings, Fixtures & Appliances",United States,Benton Harbor,USD,EQUITY,2439293952.0,41000.0,https://www.whirlpoolcorp.com,US9633201069
856632.ETR,MAS,ETR,isin,Masco Corporation,Masco Corporation,Industrials,Building Products & Equipment,United States,Livonia,USD,EQUITY,16372767744.0,18000.0,https://masco.com,US5745991068
856678.ETR,CLX,ETR,isin,Clorox Company (The),The Clorox Company,Consumer Defensive,Household & Personal Products,United States,Oakland,USD,EQUITY,11778949120.0,7600.0,https://www.thecloroxcompany.com,US1890541097
856958.ETR,MCD,ETR,isin,McDonald's Corporation,McDonald's Corporation,Consumer Cyclical,Restaurants,United States,Chicago,USD,EQUITY,192312623104.0,150000.0,https://www.mcdonalds.com,US5801351017
857209.ETR,TMO,ETR,isin,Thermo Fisher Scientific Inc,Thermo Fisher Scientific Inc.,Healthcare,Diagnostics & Research,United States,Waltham,USD,EQUITY,207933374464.0,125000.0,https://www.thermofisher.com,US8835561023
857463.ETR,ERIC-A.ST,ETR,isin,"Ericsson, Telefonab. L M ser. A",Telefonaktiebolaget LM Ericsson (publ),Technology,Communication Equipment,Sweden,Stockholm,SEK,EQUITY,309791621120.0,86536.0,https://www.ericsson.com,SE0000108649
857498.ETR,GWW,ETR,isin,"W.W. Grainger, Inc.","W.W. Grainger, Inc.",Industrials,Industrial Distribution,United States,Lake Forest,USD,EQUITY,66048790528.0,22100.0,https://www.grainger.com,US3848021040
857621.ETR,VFC,ETR,isin,V.F. Corporation,V.F. Corporation,Consumer Cyclical,Apparel Manufacturing,United States,Denver,USD,EQUITY,6716981760.0,14560.0,https://www.vfc.com,US9182041080
857675.ETR,BDX,ETR,isin,"Becton, Dickinson and Company","Becton, Dickinson and Company",Healthcare,Medical Instruments & Supplies,United States,Franklin Lakes,USD,EQUITY,43788881920.0,60000.0,https://www.bd.com,US0758871091
857760.ETR,SWKS,ETR,isin,"Skyworks Solutions, Inc.","Skyworks Solutions, Inc.",Technology,Semiconductors,United States,Irvine,USD,EQUITY,9541754880.0,10000.0,https://www.skyworksinc.com,US83088M1027
857949.ETR,WFC,ETR,isin,Wells Fargo & Company,Wells Fargo & Company,Financial Services,Banks - Diversified,United States,San Francisco,USD,EQUITY,264298528768.0,197466.0,https://www.wellsfargo.com,US9497461015
858144.ETR,UNP,ETR,isin,Union Pacific Corporation,Union Pacific Corporation,Industrials,Railroads,United States,Omaha,USD,EQUITY,177806802944.0,28716.0,https://www.up.com,US9078181081
858266.ETR,PSON.L,ETR,isin,PEARSON PLC ORD 25P,Pearson plc,Communication Services,Publishing,United Kingdom,London,GBp,EQUITY,7646291456.0,13665.0,https://plc.pearson.com,GB0006776081
858388.ETR,BAC,ETR,isin,Bank of America Corporation,Bank of America Corporation,Financial Services,Banks - Diversified,United States,Charlotte,USD,EQUITY,436026343424.0,211304.0,https://www.bankofamerica.com,US0605051046
858406.ETR,GPC,ETR,isin,Genuine Parts Company,Genuine Parts Company,Consumer Cyclical,Auto Parts,United States,Atlanta,USD,EQUITY,17604689920.0,65000.0,https://www.genpt.com,US3724601055
858415.ETR,MRSH,ETR,isin,Marsh,"Marsh & McLennan Companies, Inc.",Financial Services,Insurance Brokers,United States,New York,USD,EQUITY,87477592064.0,95000.0,https://www.corporate.marsh.com,US5717481023
858560.ETR,LLY,ETR,isin,Eli Lilly and Company,Eli Lilly and Company,Healthcare,Drug Manufacturers - General,United States,Indianapolis,USD,EQUITY,1067887099904.0,50000.0,https://www.lilly.com,US5324571083
858872.ETR,SAN.MC,ETR,isin,BANCO SANTANDER S.A.,"Banco Santander, S.A.",Financial Services,Banks - Diversified,Spain,Madrid,EUR,EQUITY,174902427648.0,185279.0,https://www.santander.com,ES0113900J37
859034.ETR,CVS,ETR,isin,CVS Health Corporation,CVS Health Corporation,Healthcare,Healthcare Plans,United States,Woonsocket,USD,EQUITY,136613535744.0,219000.0,https://www.cvshealth.com,US1266501006
859121.ETR,SYY,ETR,isin,Sysco Corporation,Sysco Corporation,Consumer Defensive,Food Distribution,United States,Houston,USD,EQUITY,40210370560.0,75000.0,https://www.sysco.com,US8718291078
859888.ETR,HAS,ETR,isin,"Hasbro, Inc.","Hasbro, Inc.",Consumer Cyclical,Leisure,United States,Pawtucket,USD,EQUITY,12820471808.0,4520.0,https://corporate.hasbro.com,US4180561072
859892.ETR,TER,ETR,isin,"Teradyne, Inc.","Teradyne, Inc.",Technology,Semiconductor Equipment & Materials,United States,North Reading,USD,EQUITY,52405616640.0,6600.0,https://www.teradyne.com,US8807701029
860180.ETR,SU.PA,ETR,isin,SCHNEIDER ELECTRIC SE,Schneider Electric S.E.,Industrials,Specialty Industrial Machinery,France,Rueil-Malmaison,EUR,EQUITY,148420689920.0,156399.0,https://www.se.com,FR0000121972
860408.ETR,BALL,ETR,isin,Ball Corporation,Ball Corporation,Consumer Cyclical,Packaging & Containers,United States,Westminster,USD,EQUITY,17218160640.0,16000.0,https://www.ball.com,US0584981064
860853.ETR,WMT,ETR,isin,Walmart Inc.,Walmart Inc.,Consumer Defensive,Discount Stores,United States,Bentonville,USD,EQUITY,889235701760.0,2100000.0,https://www.stock.walmart.com,US9311421039
861114.ETR,PCAR,ETR,isin,PACCAR Inc.,PACCAR Inc,Industrials,Farm & Heavy Construction Machinery,United States,Bellevue,USD,EQUITY,70227640320.0,25900.0,https://www.paccar.com,US6937181088
861149.ETR,RRTL.DE,ETR,isin,RTL GROUP S.A.                A,RTL Group S.A.,Communication Services,Broadcasting,Luxembourg,Luxembourg,EUR,EQUITY,5075563520.0,11931.0,https://rtl.com,LU0061462528
861219.ETR,ITW,ETR,isin,Illinois Tool Works Inc.,Illinois Tool Works Inc.,Industrials,Specialty Industrial Machinery,United States,Glenview,USD,EQUITY,81942716416.0,43000.0,https://www.itw.com,US4523081093
862485.ETR,ADI,ETR,isin,"Analog Devices, Inc.","Analog Devices, Inc.",Technology,Semiconductors,United States,Wilmington,USD,EQUITY,181142798336.0,24500.0,https://www.analog.com,US0326541051
862837.ETR,LUV,ETR,isin,Southwest Airlines Company,Southwest Airlines Co.,Industrials,Airlines,United States,Dallas,USD,EQUITY,22200268800.0,73456.0,https://www.southwest.com,US8447411088
863060.ETR,WDC,ETR,isin,Western Digital Corporation,Western Digital Corporation,Technology,Computer Hardware,United States,San Jose,USD,EQUITY,171624136704.0,40000.0,https://www.westerndigital.com,US9581021055
863186.ETR,AMD,ETR,isin,"Advanced Micro Devices, Inc.","Advanced Micro Devices, Inc.",Technology,Semiconductors,United States,Santa Clara,USD,EQUITY,807065747456.0,31000.0,https://www.amd.com,US0079031078
863533.ETR,GAP,ETR,isin,"Gap, Inc. (The)","The Gap, Inc.",Consumer Cyclical,Apparel Retail,United States,San Francisco,USD,EQUITY,7069986304.0,79000.0,https://www.gapinc.com,US3647601083
863582.ETR,MTB,ETR,isin,M&T Bank Corporation,M&T Bank Corporation,Financial Services,Banks - Regional,United States,Buffalo,USD,EQUITY,35983962112.0,21662.0,https://www.mtb.com,US55261F1049
864330.ETR,WST,ETR,isin,"West Pharmaceutical Services, I","West Pharmaceutical Services, Inc.",Healthcare,Medical Instruments & Supplies,United States,Exton,USD,EQUITY,23311970304.0,10800.0,https://www.westpharma.com,US9553061055
864371.ETR,CHD,ETR,isin,"Church & Dwight Company, Inc.","Church & Dwight Co., Inc.",Consumer Defensive,Household & Personal Products,United States,Ewing,USD,EQUITY,23386333184.0,5550.0,https://www.churchdwight.com,US1713401024
864777.ETR,STT,ETR,isin,State Street Corporation,State Street Corporation,Financial Services,Asset Management,United States,Boston,USD,EQUITY,50726576128.0,51503.0,https://www.statestreet.com,US8574771031
864952.ETR,SYK,ETR,isin,Stryker Corporation,Stryker Corporation,Healthcare,Medical Devices,United States,Portage,USD,EQUITY,129092902912.0,56000.0,https://www.stryker.com,US8636671013
865177.ETR,AMAT,ETR,isin,"Applied Materials, Inc.","Applied Materials, Inc.",Technology,Semiconductor Equipment & Materials,United States,Santa Clara,USD,EQUITY,410389708800.0,36400.0,https://www.appliedmaterials.com,US0382221051
865406.ETR,BIO,ETR,isin,"Bio-Rad Laboratories, Inc.","Bio-Rad Laboratories, Inc.",Healthcare,Medical Devices,United States,Hercules,USD,EQUITY,8467637248.0,7450.0,https://www.bio-rad.com,US0905722072
865857.ETR,CSX,ETR,isin,CSX Corporation,CSX Corporation,Industrials,Railroads,United States,Jacksonville,USD,EQUITY,95958196224.0,22200.0,https://www.csx.com,US1264081035
865884.ETR,KLAC,ETR,isin,KLA Corporation,KLA Corporation,Technology,Semiconductor Equipment & Materials,United States,Milpitas,USD,EQUITY,265644130304.0,15000.0,https://www.kla.com,US4824801009
865985.ETR,AAPL,ETR,isin,Apple Inc.,Apple Inc.,Technology,Consumer Electronics,United States,Cupertino,USD,EQUITY,4948317175808.0,166000.0,https://www.apple.com,US0378331005
866131.ETR,BA.L,ETR,isin,BAE SYSTEMS PLC ORD 2.5P,BAE Systems plc,Industrials,Aerospace & Defense,United Kingdom,London,GBp,EQUITY,59929559040.0,111400.0,https://www.baesystems.com,GB0002634946
866197.ETR,DHR,ETR,isin,Danaher Corporation,Danaher Corporation,Healthcare,Diagnostics & Research,United States,Washington,USD,EQUITY,138136764416.0,58000.0,https://www.danaher.com,US2358511028
866671.ETR,BBD-B.TO,ETR,isin,"BOMBARDIER INC., CL. B, SV",Bombardier Inc.,Industrials,Aerospace & Defense,Canada,Dorval,CAD,EQUITY,36838031360.0,18000.0,https://www.bombardier.com,CA0977512007
866953.ETR,HD,ETR,isin,"Home Depot, Inc. (The)","The Home Depot, Inc.",Consumer Cyclical,Home Improvement Retail,United States,Atlanta,USD,EQUITY,335120924672.0,470000.0,https://www.homedepot.com,US4370761029
866993.ETR,NKE,ETR,isin,"Nike, Inc.","NIKE, Inc.",Consumer Cyclical,Footwear & Accessories,United States,Beaverton,USD,EQUITY,62514634752.0,73000.0,https://www.nike.com,US6541061031
867028.ETR,NSC,ETR,isin,Norfolk Southern Corporation,Norfolk Southern Corporation,Industrials,Railroads,United States,Atlanta,USD,EQUITY,77119283200.0,19300.0,https://www.norfolksouthern.com,US6558441084
867475.ETR,DG.PA,ETR,isin,VINCI,Vinci SA,Industrials,Engineering & Construction,France,Nanterre,EUR,EQUITY,65760399360.0,292101.0,https://www.vinci.com,FR0000125486
867622.ETR,HBAN,ETR,isin,Huntington Bancshares Incorpora,Huntington Bancshares Incorporated,Financial Services,Banks - Regional,United States,Columbus,USD,EQUITY,34670317568.0,26407.0,https://www.huntington.com,US4461501045
867679.ETR,PNC,ETR,isin,"PNC Financial Services Group, I","The PNC Financial Services Group, Inc.",Financial Services,Banks - Regional,United States,Pittsburgh,USD,EQUITY,99606355968.0,55704.0,https://www.pnc.com,US6934751057
867900.ETR,AMGN,ETR,isin,Amgen Inc.,Amgen Inc.,Healthcare,Drug Manufacturers - General,United States,Thousand Oaks,USD,EQUITY,203070652416.0,31500.0,https://www.amgen.com,US0311621009
868284.ETR,PAYX,ETR,isin,"Paychex, Inc.","Paychex, Inc.",Technology,Software - Application,United States,Rochester,USD,EQUITY,41074257920.0,17600.0,https://www.paychex.com,US7043261079
868402.ETR,VZ,ETR,isin,Verizon Communications Inc.,Verizon Communications Inc.,Communication Services,Telecom Services,United States,New York,USD,EQUITY,197587451904.0,97600.0,https://www.verizon.com,US92343V1044
868746.ETR,ATO,ETR,isin,Atmos Energy Corporation,Atmos Energy Corporation,Utilities,Utilities - Regulated Gas,United States,Dallas,USD,EQUITY,29748451328.0,5487.0,https://www.atmosenergy.com,US0495601058
868891.ETR,GNTX,ETR,isin,Gentex Corporation,Gentex Corporation,Consumer Cyclical,Auto Parts,United States,Zeeland,USD,EQUITY,4880856064.0,6398.0,https://www.gentex.com,US3719011096
869020.ETR,MU,ETR,isin,"Micron Technology, Inc.","Micron Technology, Inc.",Technology,Semiconductors,United States,Boise,USD,EQUITY,1016679759872.0,53000.0,https://www.micron.com,US5951121038
869353.ETR,KEY,ETR,isin,KeyCorp,KeyCorp,Financial Services,Banks - Regional,United States,Cleveland,USD,EQUITY,24131508224.0,17493.0,https://www.key.com,US4932671088
869561.ETR,UNH,ETR,isin,UnitedHealth Group Incorporated,UnitedHealth Group Incorporated,Healthcare,Healthcare Plans,United States,Eden Prairie,USD,EQUITY,379277443072.0,390000.0,https://www.unitedhealthgroup.com,US91324P1021
869686.ETR,LRCX.MX,ETR,isin,LAM RESEARCH CORP,Lam Research Corporation,Technology,Semiconductor Equipment & Materials,United States,Fremont,MXN,EQUITY,6253067632640.0,20600.0,https://www.lamresearch.com,US5128071082
869964.ETR,ADSK,ETR,isin,"Autodesk, Inc.","Autodesk, Inc.",Technology,Software - Application,United States,San Francisco,USD,EQUITY,47699824640.0,14300.0,https://www.autodesk.com,US0527691069
870053.ETR,ROST,ETR,isin,"Ross Stores, Inc.","Ross Stores, Inc.",Consumer Cyclical,Apparel Retail,United States,Dublin,USD,EQUITY,78062075904.0,111000.0,https://www.rossstores.com,US7782961038
870153.ETR,HON,ETR,isin,Honeywell International Inc.,Honeywell International Inc.,Industrials,Conglomerates,United States,Charlotte,USD,EQUITY,77888004096.0,101000.0,https://www.honeywell.com,US4385161066
870315.ETR,BEN,ETR,isin,"Franklin Resources, Inc.","Franklin Resources, Inc.",Financial Services,Asset Management,United States,San Mateo,USD,EQUITY,17262346240.0,10000.0,https://www.franklinresources.com,US3546131018
870625.ETR,TSN,ETR,isin,"Tyson Foods, Inc.","Tyson Foods, Inc.",Consumer Defensive,Farm Products,United States,Springdale,USD,EQUITY,21377775616.0,133000.0,https://www.tysonfoods.com,US9024941034
870737.ETR,NOKIA.HE,ETR,isin,Nokia Corporation,Nokia Oyj,Technology,Communication Equipment,Finland,Espoo,EUR,EQUITY,44894740480.0,78005.0,https://www.nokia.com,FI0009000681
870747.ETR,MSFT,ETR,isin,Microsoft Corporation,Microsoft Corporation,Technology,Software - Infrastructure,United States,Redmond,USD,EQUITY,2890404200448.0,228000.0,https://www.microsoft.com,US5949181045
870967.ETR,TROW,ETR,isin,"T. Rowe Price Group, Inc.","T. Rowe Price Group, Inc.",Financial Services,Asset Management,United States,Baltimore,USD,EQUITY,25542721536.0,7507.0,https://www.troweprice.com,US74144T1088
871004.ETR,STERV.HE,ETR,isin,Stora Enso Oyj R,Stora Enso Oyj,Consumer Cyclical,Packaging & Containers,Finland,Helsinki,EUR,EQUITY,7594410496.0,19000.0,https://www.storaenso.com,FI0009005961
871394.ETR,HOG,ETR,isin,"Harley-Davidson, Inc.","Harley-Davidson, Inc.",Consumer Cyclical,Recreational Vehicles,United States,Milwaukee,USD,EQUITY,2609601280.0,5500.0,https://www.harley-davidson.com,US4128221086
871460.ETR,ORCL,ETR,isin,Oracle Corporation,Oracle Corporation,Technology,Software - Infrastructure,United States,Austin,USD,EQUITY,345368494080.0,141000.0,https://www.oracle.com,US68389X1054
871706.ETR,OMC,ETR,isin,Omnicom Group Inc.,Omnicom Group Inc.,Communication Services,Advertising Agencies,United States,New York,USD,EQUITY,23487363072.0,120000.0,https://www.omc.com,US6819191064
871784.ETR,LLOY.L,ETR,isin,LLOYDS BANKING GROUP PLC ORD 10,Lloyds Banking Group plc,Financial Services,Banks - Regional,United Kingdom,London,GBp,EQUITY,65659731968.0,60061.0,https://www.lloydsbankinggroup.com,GB0008706128
871918.ETR,STZ,ETR,isin,"Constellation Brands, Inc.","Constellation Brands, Inc.",Consumer Defensive,Beverages - Brewers,United States,Rochester,USD,EQUITY,22155034624.0,9400.0,https://www.cbrands.com,US21036P1084
871981.ETR,ADBE,ETR,isin,Adobe Inc.,Adobe Inc.,Technology,Software - Application,United States,San Jose,USD,EQUITY,94505623552.0,31360.0,https://www.adobe.com,US00724F1012
872087.ETR,SGO.PA,ETR,isin,SAINT GOBAIN,Compagnie de Saint-Gobain S.A.,Industrials,Building Products & Equipment,France,Courbevoie,EUR,EQUITY,37064884224.0,155544.0,https://www.saint-gobain.com,FR0000125007
872318.ETR,HM-B.ST,ETR,isin,"Hennes & Mauritz AB, H & M ser.",H & M Hennes & Mauritz AB (publ),Consumer Cyclical,Apparel Manufacturing,Sweden,Stockholm,SEK,EQUITY,272181592064.0,63292.0,https://hmgroup.com,SE0000106270
873403.ETR,GLE.PA,ETR,isin,SOCIETE GENERALE,Société Générale Société anonyme,Financial Services,Banks - Regional,France,Paris,EUR,EQUITY,56765247488.0,110000.0,https://www.societegenerale.com,FR0000130809
873567.ETR,CDNS,ETR,isin,"Cadence Design Systems, Inc.","Cadence Design Systems, Inc.",Technology,Software - Application,United States,San Jose,USD,EQUITY,93394051072.0,15110.0,https://www.cadence.com,US1273871087
874171.ETR,SCHW,ETR,isin,Charles Schwab Corporation (The,The Charles Schwab Corporation,Financial Services,Capital Markets,United States,Westlake,USD,EQUITY,181183135744.0,33700.0,https://www.aboutschwab.com,US8085131055
874341.ETR,OMV.VI,ETR,isin,OMV AG,OMV Aktiengesellschaft,Energy,Oil & Gas Integrated,Austria,Vienna,EUR,EQUITY,20195766272.0,16056.0,https://www.omv.com,AT0000743059
875272.ETR,EXPD,ETR,isin,Expeditors International of Was,"Expeditors International of Washington, Inc.",Industrials,Integrated Freight & Logistics,United States,Bellevue,USD,EQUITY,22409752576.0,20361.0,https://www.expeditors.com,US3021301094
875773.ETR,BBVA.MC,ETR,isin,BANCO BILBAO VIZCAYA ARGENTARIA,"Banco Bilbao Vizcaya Argentaria, S.A.",Financial Services,Banks - Diversified,Spain,Bilbao,EUR,EQUITY,127965609984.0,123193.0,https://www.bbva.com,ES0113211835
876845.ETR,REP.MC,ETR,isin,"REPSOL,  S.A.","Repsol, S.A.",Energy,Oil & Gas Integrated,Spain,Madrid,EUR,EQUITY,28046465024.0,24881.0,https://www.repsol.com,ES0173516115
876872.ETR,FMCC,ETR,isin,Freddie Mac,Federal Home Loan Mortgage Corporation,Financial Services,Mortgage Finance,United States,McLean,USD,EQUITY,3627332352.0,7334.0,https://www.freddiemac.com,US3134003017
877738.ETR,VER.VI,ETR,isin,VERBUND AG Kat. A,VERBUND AG,Utilities,Utilities - Renewable,Austria,Vienna,EUR,EQUITY,20184850432.0,4536.0,https://www.verbund.com,AT0000746409
877961.ETR,EOG,ETR,isin,"EOG Resources, Inc.","EOG Resources, Inc.",Energy,Oil & Gas E&P,United States,Houston,USD,EQUITY,74733109248.0,3400.0,https://www.eogresources.com,US26875P1012
878279.ETR,EVN.VI,ETR,isin,EVN AG,EVN AG,Utilities,Utilities - Diversified,Austria,Maria Enzersdorf,EUR,EQUITY,5286775296.0,7672.0,https://www.evn.at,AT0000741053
878372.ETR,EA,ETR,isin,Electronic Arts Inc.,Electronic Arts Inc.,Communication Services,Electronic Gaming & Multimedia,United States,Redwood City,USD,EQUITY,52424613888.0,14600.0,https://www.ea.com,US2855121099
878841.ETR,CSCO,ETR,isin,"Cisco Systems, Inc.","Cisco Systems, Inc.",Technology,Communication Equipment,United States,San Jose,USD,EQUITY,451570171904.0,86200.0,https://www.cisco.com,US17275R1023
880205.ETR,CTAS,ETR,isin,Cintas Corporation,Cintas Corporation,Industrials,Specialty Business Services,United States,Cincinnati,USD,EQUITY,84423016448.0,,https://www.cintas.com,US1729081059
880883.ETR,MGM,ETR,isin,MGM Resorts International,MGM Resorts International,Consumer Cyclical,Resorts & Casinos,United States,Las Vegas,USD,EQUITY,11845911552.0,60000.0,https://www.mgmresorts.com,US5529531015
881535.ETR,REGN,ETR,isin,"Regeneron Pharmaceuticals, Inc.","Regeneron Pharmaceuticals, Inc.",Healthcare,Biotechnology,United States,Tarrytown,USD,EQUITY,69945458688.0,15343.0,https://www.regeneron.com,US75886F1075
881793.ETR,FISV,ETR,isin,"Fiserv, Inc.","Fiserv, Inc.",,,,,USD,EQUITY,27894515712.0,,,US3377381088
881905.ETR,SSE.L,ETR,isin,SSE PLC ORD 50P,SSE plc,Utilities,Utilities - Diversified,United Kingdom,Perth,GBp,EQUITY,28456462336.0,15197.0,https://www.sse.com,GB0007908733
882177.ETR,AES,ETR,isin,The AES Corporation,The AES Corporation,Utilities,Utilities - Diversified,United States,Arlington,USD,EQUITY,10576129024.0,8336.0,https://www.aes.com,US00130H1059
882578.ETR,ZBRA,ETR,isin,Zebra Technologies Corporation,Zebra Technologies Corporation,Technology,Communication Equipment,United States,Lincolnshire,USD,EQUITY,12603319296.0,10700.0,https://www.zebra.com,US9892071054
882749.ETR,APH,ETR,isin,Amphenol Corporation,Amphenol Corporation,Technology,Electronic Components,United States,Wallingford,USD,EQUITY,183649402880.0,170000.0,https://www.amphenol.com,US0320951017
882807.ETR,VRTX,ETR,isin,Vertex Pharmaceuticals Incorpor,Vertex Pharmaceuticals Incorporated,Healthcare,Biotechnology,United States,Boston,USD,EQUITY,121572794368.0,6400.0,https://www.vrtx.com,US92532F1003
883121.ETR,QCOM,ETR,isin,QUALCOMM Incorporated,QUALCOMM Incorporated,Technology,Semiconductors,United States,San Diego,USD,EQUITY,179222151168.0,52000.0,https://www.qualcomm.com,US7475251036
883703.ETR,SNPS,ETR,isin,"Synopsys, Inc.","Synopsys, Inc.",Technology,Software - Infrastructure,United States,Sunnyvale,USD,EQUITY,74483539968.0,28000.0,https://www.synopsys.com,US8716071076
884113.ETR,BSX,ETR,isin,Boston Scientific Corporation,Boston Scientific Corporation,Healthcare,Medical Devices,United States,Marlborough,USD,EQUITY,67644022784.0,59000.0,https://www.bostonscientific.com,US1011371077
884437.ETR,SBUX,ETR,isin,Starbucks Corporation,Starbucks Corporation,Consumer Cyclical,Restaurants,United States,Seattle,USD,EQUITY,118129901568.0,381000.0,https://www.starbucks.com,US8552441094
885069.ETR,RDN,ETR,isin,Radian Group Inc.,Radian Group Inc.,Financial Services,Insurance - Specialty,United States,Wayne,USD,EQUITY,5183373312.0,900.0,https://www.radian.com,US7502361014
885823.ETR,GILD,ETR,isin,"Gilead Sciences, Inc.","Gilead Sciences, Inc.",Healthcare,Drug Manufacturers - General,United States,Foster City,USD,EQUITY,162049703936.0,17000.0,https://www.gilead.com,US3755581036
885836.ETR,MS,ETR,isin,Morgan Stanley,Morgan Stanley,Financial Services,Capital Markets,United States,New York,USD,EQUITY,337288331264.0,82944.0,https://www.morganstanley.com,US6174464486
886053.ETR,INTU,ETR,isin,Intuit Inc.,Intuit Inc.,Technology,Software - Application,United States,Mountain View,USD,EQUITY,83130630144.0,18200.0,https://www.intuit.com,US4612021034
886105.ETR,MCHP,ETR,isin,Microchip Technology Incorporat,Microchip Technology Incorporated,Technology,Semiconductors,United States,Chandler,USD,EQUITY,42300354560.0,17900.0,https://www.microchip.com,US5950171042
886429.ETR,ALL,ETR,isin,Allstate Corporation (The),The Allstate Corporation,Financial Services,Insurance - Property & Casualty,United States,Northbrook,USD,EQUITY,67256365056.0,53000.0,https://www.allstate.com,US0200021014
886455.ETR,AZN.L,ETR,isin,ASTRAZENECA PLC ORD SHS $0.25,AstraZeneca PLC,Healthcare,Drug Manufacturers - General,United Kingdom,Cambridge,GBp,EQUITY,198419185664.0,96100.0,https://www.astrazeneca.com,GB0009895292
886670.ETR,RMS.PA,ETR,isin,HERMES INTL,Hermès International Société en commandite par actions,Consumer Cyclical,Luxury Goods,France,Paris,EUR,EQUITY,174496514048.0,25414.0,https://finance.hermes.com,FR0000052292
887320.ETR,BWA,ETR,isin,BorgWarner Inc.,BorgWarner Inc.,Consumer Cyclical,Auto Parts,United States,Auburn Hills,USD,EQUITY,13061720064.0,37500.0,https://www.borgwarner.com,US0997241064
887629.ETR,EIX,ETR,isin,Edison International,Edison International,Utilities,Utilities - Regulated Electric,United States,Rosemead,USD,EQUITY,30260195328.0,13725.0,https://www.edison.com,US2810201077
887771.ETR,BNP.PA,ETR,isin,BNP PARIBAS ACT.A,BNP Paribas SA,Financial Services,Banks - Regional,France,Paris,EUR,EQUITY,118433759232.0,180000.0,https://group.bnpparibas,FR0000131104
887891.ETR,FAST,ETR,isin,Fastenal Company,Fastenal Company,Industrials,Industrial Distribution,United States,Winona,USD,EQUITY,54666784768.0,22230.0,https://www.fastenal.com,US3119001044
888024.ETR,ISRG,ETR,isin,"Intuitive Surgical, Inc.","Intuitive Surgical, Inc.",Healthcare,Medical Instruments & Supplies,United States,Sunnyvale,USD,EQUITY,127844352000.0,17021.0,https://www.intuitive.com,US46120E6023
888210.ETR,IDXX,ETR,isin,"IDEXX Laboratories, Inc.","IDEXX Laboratories, Inc.",Healthcare,Diagnostics & Research,United States,Westbrook,USD,EQUITY,43874725888.0,11000.0,https://www.idexx.com,US45168D1046
888282.ETR,AGCO,ETR,isin,AGCO Corporation,AGCO Corporation,Industrials,Farm & Heavy Construction Machinery,United States,Duluth,USD,EQUITY,8706401280.0,22000.0,https://www.agcocorp.com,US0010841023
888346.ETR,DDD,ETR,isin,3D Systems Corporation,3D Systems Corporation,Technology,Computer Hardware,United States,Rock Hill,USD,EQUITY,429585536.0,1418.0,https://www.3dsystems.com,US88554D2053
888351.ETR,COST,ETR,isin,Costco Wholesale Corporation,Costco Wholesale Corporation,Consumer Defensive,Discount Stores,United States,Issaquah,USD,EQUITY,422005571584.0,341000.0,https://www.costco.com,US22160K1051
888903.ETR,URBN,ETR,isin,"Urban Outfitters, Inc.","Urban Outfitters, Inc.",Consumer Cyclical,Apparel Retail,United States,Philadelphia,USD,EQUITY,6217963008.0,11780.0,https://www.urbn.com,US9170471026
889290.ETR,ETR,ETR,isin,Entergy Corporation,Entergy Corporation,Utilities,Utilities - Regulated Electric,United States,New Orleans,USD,EQUITY,53079859200.0,12000.0,https://www.entergy.com,US29364G1031
889826.ETR,TSCO,ETR,isin,Tractor Supply Company,Tractor Supply Company,Consumer Cyclical,Specialty Retail,United States,Brentwood,USD,EQUITY,16677496832.0,54000.0,https://www.tractorsupply.com,US8923561067
890167.ETR,ALB,ETR,isin,Albemarle Corporation,Albemarle Corporation,Basic Materials,Specialty Chemicals,United States,Charlotte,USD,EQUITY,13701647360.0,7800.0,https://www.albemarle.com,US0126531013
890963.ETR,KPN.AS,ETR,isin,KPN KON,Koninklijke KPN N.V.,Communication Services,Telecom Services,Netherlands,Rotterdam,EUR,EQUITY,16090516480.0,4789.0,https://www.kpn.com,NL0000009082
892502.ETR,ROS.VI,ETR,isin,Rosenbauer International AG,Rosenbauer International AG,Industrials,Farm & Heavy Construction Machinery,Austria,Leonding,EUR,EQUITY,642600000.0,5000.0,https://www.rosenbauer.com,AT0000922554
893113.ETR,RNO.PA,ETR,isin,RENAULT,Renault SA,Consumer Cyclical,Auto Manufacturers,France,Boulogne-Billancourt,EUR,EQUITY,7874962432.0,100541.0,https://www.renaultgroup.com,FR0000131906
893413.ETR,COF,ETR,isin,Capital One Financial Corporati,Capital One Financial Corporation,Financial Services,Credit Services,United States,McLean,USD,EQUITY,127025184768.0,78400.0,https://www.capitalone.com,US14040H1059
893438.ETR,STMPA.PA,ETR,isin,STMICROELECTRONICS,STMicroelectronics N.V.,Technology,Semiconductors,Netherlands,Schiphol,EUR,EQUITY,39810150400.0,49000.0,https://www.st.com/content/st_com/en.html,NL0000226223
893579.ETR,WM,ETR,isin,"Waste Management, Inc.","Waste Management, Inc.",Industrials,Waste Management,United States,Houston,USD,EQUITY,95534866432.0,60500.0,https://www.wm.com,US94106L1098
894298.ETR,DECK,ETR,isin,Deckers Outdoor Corporation,Deckers Outdoor Corporation,Consumer Cyclical,Footwear & Accessories,United States,Goleta,USD,EQUITY,13309052928.0,6000.0,https://www.deckers.com,US2435371073
894648.ETR,LMT,ETR,isin,Lockheed Martin Corporation,Lockheed Martin Corporation,Industrials,Aerospace & Defense,United States,Bethesda,USD,EQUITY,133858639872.0,123000.0,https://www.lockheedmartin.com,US5398301094
895250.ETR,PPL,ETR,isin,PPL Corporation,PPL Corporation,Utilities,Utilities - Regulated Electric,United States,Allentown,USD,EQUITY,27092133888.0,6546.0,https://www.pplweb.com,US69351T1060
895738.ETR,DRI,ETR,isin,"Darden Restaurants, Inc.","Darden Restaurants, Inc.",Consumer Cyclical,Restaurants,United States,Orlando,USD,EQUITY,23376594944.0,209931.0,https://www.darden.com,US2371941053
896007.ETR,VECO,ETR,isin,Veeco Instruments Inc.,Veeco Instruments Inc.,Technology,Semiconductor Equipment & Materials,United States,Plainview,USD,EQUITY,2959513856.0,1265.0,https://www.veeco.com,US9224171002
896022.ETR,WAB,ETR,isin,Westinghouse Air Brake Technolo,Westinghouse Air Brake Technologies Corporation,Industrials,Railroads,United States,Pittsburgh,USD,EQUITY,50825273344.0,31000.0,https://www.wabteccorp.com,US9297401088
896040.ETR,HLEE.SW,ETR,isin,HIGHLIGHT E AND E I,Highlight Event and Entertainment AG,Communication Services,Entertainment,Switzerland,Pratteln,CHF,EQUITY,71845640.0,1181.0,https://www.hlee.ch,CH0003583256
896476.ETR,FCX,ETR,isin,"Freeport-McMoRan, Inc.",Freeport-McMoRan Inc.,Basic Materials,Copper,United States,Phoenix,USD,EQUITY,90163748864.0,29000.0,https://fcx.com,US35671D8570
897200.ETR,VOE.VI,ETR,isin,voestalpine AG,Voestalpine AG,Basic Materials,Steel,Austria,Linz,EUR,EQUITY,7722136064.0,41486.0,https://www.voestalpine.com,AT0000937503
897518.ETR,MYGN,ETR,isin,"Myriad Genetics, Inc.","Myriad Genetics, Inc.",Healthcare,Diagnostics & Research,United States,Salt Lake City,USD,EQUITY,514742720.0,2700.0,https://www.myriad.com,US62855J1043
897791.ETR,ENI.MI,ETR,isin,ENI,Eni S.p.A.,Energy,Oil & Gas Integrated,Italy,Rome,EUR,EQUITY,64801718272.0,32349.0,https://www.eni.com,IT0003132476
897933.ETR,EL,ETR,isin,"Estee Lauder Companies, Inc. (T",The Estée Lauder Companies Inc.,Consumer Defensive,Household & Personal Products,United States,New York,USD,EQUITY,30101336064.0,40470.0,https://www.elcompanies.com,US5184391044
897961.ETR,HSIC,ETR,isin,"Henry Schein, Inc.","Henry Schein, Inc.",Healthcare,Medical Distribution,United States,Melville,USD,EQUITY,9638497280.0,25000.0,https://www.henryschein.com,US8064071025
898521.ETR,HIG,ETR,isin,"The Hartford Insurance Group, I","The Hartford Insurance Group, Inc.",Financial Services,Insurance - Diversified,United States,Hartford,USD,EQUITY,38416691200.0,19200.0,https://www.thehartford.com,US4165151048
899676.ETR,FFH.TO,ETR,isin,FAIRFAX FINANCIAL HOLDINGS LTD.,Fairfax Financial Holdings Limited,Financial Services,Insurance - Property & Casualty,Canada,Toronto,CAD,EQUITY,49302986752.0,62500.0,https://www.fairfax.ca,CA3039011026
903000.ETR,IMB.L,ETR,isin,IMPERIAL BRANDS PLC ORD 10P,Imperial Brands PLC,Consumer Defensive,Tobacco,United Kingdom,Bristol,GBp,EQUITY,22234492928.0,25100.0,https://www.imperialbrandsplc.com,GB0004544929
903016.ETR,ANF,ETR,isin,Abercrombie & Fitch Company,Abercrombie & Fitch Co.,Consumer Cyclical,Apparel Retail,United States,New Albany,USD,EQUITY,4414290432.0,6600.0,https://corporate.abercrombie.com,US0028962076
903978.ETR,ROK,ETR,isin,"Rockwell Automation, Inc.","Rockwell Automation, Inc.",Industrials,Specialty Industrial Machinery,United States,Milwaukee,USD,EQUITY,51853660160.0,26000.0,https://www.rockwellautomation.com,US7739031091
904533.ETR,DGX,ETR,isin,Quest Diagnostics Incorporated,Quest Diagnostics Incorporated,Healthcare,Diagnostics & Research,United States,Secaucus,USD,EQUITY,25588959232.0,46000.0,https://www.questdiagnostics.com,US74834L1008
905249.ETR,CERS,ETR,isin,Cerus Corporation,Cerus Corporation,Healthcare,Medical Devices,United States,Concord,USD,EQUITY,615132736.0,261.0,https://www.cerus.com,US1570851014
906849.ETR,ORA.PA,ETR,isin,ORANGE,Orange S.A.,Communication Services,Telecom Services,France,Issy-les-Moulineaux,EUR,EQUITY,45474430976.0,121242.0,https://www.orange.com,FR0000133308
906866.ETR,AMZN,ETR,isin,"Amazon.com, Inc.","Amazon.com, Inc.",Consumer Cyclical,Internet Retail,United States,Seattle,USD,EQUITY,2489087688704.0,1575000.0,https://www.amazon.com,US0231351067
906870.ETR,RMBS,ETR,isin,"Rambus, Inc.",Rambus Inc.,Technology,Semiconductors,United States,San Jose,USD,EQUITY,10426566656.0,791.0,https://www.rambus.com,US7509171069
907391.ETR,SBO.VI,ETR,isin,SBO AG,SBO AG,Energy,Oil & Gas Equipment & Services,Austria,Ternitz,EUR,EQUITY,468056128.0,1533.0,https://www.sbo.at/en,AT0000946652
907466.ETR,ING,ETR,isin,"ING Group, N.V.",ING Groep N.V.,Financial Services,Banks - Diversified,Netherlands,Amsterdam,USD,EQUITY,95695806464.0,60000.0,https://www.ing.com,US4568371037
908668.ETR,AME,ETR,isin,"AMETEK, Inc.","AMETEK, Inc.",Industrials,Specialty Industrial Machinery,United States,Berwyn,USD,EQUITY,55723835392.0,22500.0,https://www.ametek.com,US0311001004
908683.ETR,VLO,ETR,isin,Valero Energy Corporation,Valero Energy Corporation,Energy,Oil & Gas Refining & Marketing,United States,San Antonio,USD,EQUITY,90543710208.0,9785.0,https://www.valero.com,US91913Y1001
909190.ETR,YUM,ETR,isin,"Yum! Brands, Inc.","Yum! Brands, Inc.",Consumer Cyclical,Restaurants,United States,Louisville,USD,EQUITY,40736817152.0,49000.0,https://www.yum.com,US9884981013
909943.ETR,EBS.VI,ETR,isin,Erste Group Bank AG,Erste Group Bank AG,Financial Services,Banks - Regional,Austria,Vienna,EUR,EQUITY,44550189056.0,55431.0,https://www.erstegroup.com,AT0000652011
910509.ETR,FE,ETR,isin,FirstEnergy Corp.,FirstEnergy Corp.,Utilities,Utilities - Regulated Electric,United States,Akron,USD,EQUITY,28528224256.0,11186.0,https://www.firstenergycorp.com,US3379321074
910553.ETR,MTD,ETR,isin,"Mettler-Toledo International, I",Mettler-Toledo International Inc.,Healthcare,Diagnostics & Research,Switzerland,Greifensee,USD,EQUITY,27003213824.0,16600.0,https://www.mt.com,US5926881054
911060.ETR,OKE,ETR,isin,"ONEOK, Inc.","ONEOK, Inc.",Energy,Oil & Gas Midstream,United States,Tulsa,USD,EQUITY,56362737664.0,6326.0,https://www.oneok.com,US6826801036
911090.ETR,VRSN,ETR,isin,"VeriSign, Inc.","VeriSign, Inc.",Technology,Software - Infrastructure,United States,Reston,USD,EQUITY,24843728896.0,926.0,https://www.verisign.com,US92343E1029
911443.ETR,URI,ETR,isin,"United Rentals, Inc.","United Rentals, Inc.",Industrials,Rental & Leasing Services,United States,Stamford,USD,EQUITY,70203924480.0,28500.0,https://www.unitedrentals.com,US9113631090
911535.ETR,AEE,ETR,isin,Ameren Corporation,Ameren Corporation,Utilities,Utilities - Regulated Electric,United States,Saint Louis,USD,EQUITY,31026624512.0,8913.0,https://www.amereninvestors.com,US0236081024
911563.ETR,ED,ETR,isin,"Consolidated Edison, Inc.","Consolidated Edison, Inc.",Utilities,Utilities - Regulated Electric,United States,New York,USD,EQUITY,41091059712.0,15407.0,https://www.conedison.com,US2091151041
912029.ETR,FDX,ETR,isin,FedEx Corporation,FedEx Corporation,Industrials,Integrated Freight & Logistics,United States,Memphis,USD,EQUITY,73527066624.0,300000.0,https://www.fedex.com,US31428X1063
913070.ETR,MAR,ETR,isin,Marriott International,"Marriott International, Inc.",Consumer Cyclical,Lodging,United States,Bethesda,USD,EQUITY,101008564224.0,414000.0,https://www.marriott.com,US5719032022
914076.ETR,LAD,ETR,isin,"Lithia Motors, Inc.","Lithia Motors, Inc.",Consumer Cyclical,Auto & Truck Dealerships,United States,Medford,USD,EQUITY,7878955008.0,30000.0,https://www.lithia.com,US5367971034
914508.ETR,TTWO,ETR,isin,"Take-Two Interactive Software, ","Take-Two Interactive Software, Inc.",Communication Services,Electronic Gaming & Multimedia,United States,New York,USD,EQUITY,45293379584.0,12909.0,https://www.take2games.com,US8740541094
915210.ETR,DOC.VI,ETR,isin,DO & CO AG,DO & CO Aktiengesellschaft,Industrials,Airports & Air Services,Austria,Vienna,EUR,EQUITY,2207675136.0,16395.0,https://www.doco.com,AT0000818802
915266.ETR,SRE,ETR,isin,DBA Sempra,Sempra,Utilities,Utilities - Diversified,United States,San Diego,USD,EQUITY,59650797568.0,15938.0,https://www.sempra.com,US8168511090
915272.ETR,CTSH,ETR,isin,Cognizant Technology Solutions ,Cognizant Technology Solutions Corporation,Technology,Information Technology Services,United States,Teaneck,USD,EQUITY,22254649344.0,357600.0,https://www.cognizant.com,US1924461023
916018.ETR,BATS.L,ETR,isin,BRITISH AMERICAN TOBACCO PLC OR,British American Tobacco p.l.c.,Consumer Defensive,Tobacco,United Kingdom,London,GBp,EQUITY,100585537536.0,47797.0,https://www.bat.com,GB0002875804
916529.ETR,EBAY,ETR,isin,eBay Inc.,eBay Inc.,Consumer Cyclical,Internet Retail,United States,San Jose,USD,EQUITY,50265239552.0,12300.0,https://www.ebayinc.com,US2786421030
917523.ETR,USB,ETR,isin,U.S. Bancorp,U.S. Bancorp,Financial Services,Banks - Regional,United States,Minneapolis,USD,EQUITY,98900385792.0,70000.0,https://www.usbank.com,US9029733048
918422.ETR,NVDA,ETR,isin,NVIDIA Corporation,NVIDIA Corporation,Technology,Semiconductors,United States,Santa Clara,USD,EQUITY,4759668391936.0,42000.0,https://www.nvidia.com,US67066G1040
920299.ETR,HLG.DE,ETR,isin,HIGHLIGHT COMMUNICATIONS AG   I,Highlight Communications AG,Communication Services,Entertainment,Switzerland,Pratteln,EUR,EQUITY,30075102.0,1383.0,https://www.highlight-communications.ch,CH0006539198
920332.ETR,GS,ETR,isin,"Goldman Sachs Group, Inc. (The)","The Goldman Sachs Group, Inc.",Financial Services,Capital Markets,United States,New York,USD,EQUITY,309235613696.0,46200.0,https://www.goldmansachs.com,US38141G1040
920657.ETR,SAN.PA,ETR,isin,SANOFI,Sanofi,Healthcare,Drug Manufacturers - General,France,Paris,EUR,EQUITY,93907558400.0,74846.0,https://www.sanofi.com,FR0000120578
922230.ETR,ATS.VI,ETR,isin,AT&S Austria Tech.&Systemtech.,AT & S Austria Technologie & Systemtechnik Aktiengesellschaft,Technology,Electronic Components,Austria,Leoben,EUR,EQUITY,5073810432.0,12944.0,https://ats.net,AT0000969985
922977.ETR,FFIV,ETR,isin,"F5, Inc.","F5, Inc.",Technology,Software - Infrastructure,United States,Seattle,USD,EQUITY,23016796160.0,6512.0,https://www.f5.com,US3156161024
922985.ETR,FAA.DE,ETR,isin,FABASOFT AG                   I,Fabasoft AG,Technology,Software - Application,Austria,Linz,EUR,EQUITY,141869920.0,505.0,https://www.fabasoft.com,AT0000785407
923893.ETR,HSBA.L,ETR,isin,HSBC HOLDINGS PLC ORD $0.50 (UK,HSBC Holdings plc,Financial Services,Banks - Diversified,United Kingdom,London,GBp,EQUITY,266620370944.0,208844.0,https://www.hsbc.com,GB0005405286
924801.ETR,BMRN,ETR,isin,BioMarin Pharmaceutical Inc.,BioMarin Pharmaceutical Inc.,Healthcare,Biotechnology,United States,San Rafael,USD,EQUITY,11649252352.0,3221.0,https://www.biomarin.com,US09061G1013
924838.ETR,LII,ETR,isin,"Lennox International, Inc.",Lennox International Inc.,Industrials,Building Products & Equipment,United States,Richardson,USD,EQUITY,19047761920.0,5400.0,https://www.lennox.com,US5261071071
925345.ETR,DVN,ETR,isin,Devon Energy Corporation,Devon Energy Corporation,Energy,Oil & Gas E&P,United States,Houston,USD,EQUITY,49780879360.0,2200.0,https://www.devonenergy.com,US25179M1036
927079.ETR,ILMN,ETR,isin,"Illumina, Inc.","Illumina, Inc.",Healthcare,Diagnostics & Research,United States,San Diego,USD,EQUITY,28666810368.0,8600.0,https://www.illumina.com,US4523271090
928624.ETR,ENEL.MI,ETR,isin,ENEL,Enel SpA,Utilities,Utilities - Diversified,Italy,Rome,EUR,EQUITY,98994470912.0,61544.0,https://www.enel.com,IT0003128367
928900.ETR,UQA.VI,ETR,isin,UNIQA Insurance Group AG,UNIQA Insurance Group AG,Financial Services,Insurance - Diversified,Austria,Vienna,EUR,EQUITY,5408728064.0,14850.0,https://www.uniqagroup.com,AT0000821103
928906.ETR,AKAM,ETR,isin,"Akamai Technologies, Inc.","Akamai Technologies, Inc.",Technology,Software - Infrastructure,United States,Cambridge,USD,EQUITY,16406748160.0,11419.0,https://www.akamai.com,US00971T1016
929198.ETR,UPS,ETR,isin,"United Parcel Service, Inc.","United Parcel Service, Inc.",Industrials,Integrated Freight & Logistics,United States,Atlanta,USD,EQUITY,96008208384.0,460000.0,https://www.ups.com,US9113121068
930124.ETR,ON,ETR,isin,ON Semiconductor Corporation,ON Semiconductor Corporation,Technology,Semiconductors,United States,Scottsdale,USD,EQUITY,34653085696.0,22600.0,https://www.onsemi.com,US6821891057
931083.ETR,ATI,ETR,isin,ATI Inc.,ATI Inc.,Industrials,Metal Fabrication,United States,Dallas,USD,EQUITY,26289664000.0,7600.0,https://www.atimaterials.com,US01741R1023
932798.ETR,D,ETR,isin,"Dominion Energy, Inc.","Dominion Energy, Inc.",Utilities,Utilities - Regulated Electric,United States,Richmond,USD,EQUITY,61803339776.0,15200.0,https://www.dominionenergy.com,US25746U1097
934623.ETR,MET,ETR,isin,"MetLife, Inc.","MetLife, Inc.",Financial Services,Insurance - Life,United States,New York,USD,EQUITY,61248749568.0,46000.0,https://www.metlife.com,US59156R1086
936386.ETR,SGMOQ,ETR,isin,"Sangamo Therapeutics, Inc.","Sangamo Therapeutics, Inc.",,,United States,Richmond,USD,EQUITY,,142.0,https://www.sangamo.com,US8006771062
936718.ETR,EXEL,ETR,isin,"Exelixis, Inc.","Exelixis, Inc.",Healthcare,Biotechnology,United States,Alameda,USD,EQUITY,14028128256.0,1077.0,https://www.exelixis.com,US30161Q1040
936853.ETR,EW,ETR,isin,Edwards Lifesciences Corporatio,Edwards Lifesciences Corporation,Healthcare,Medical Devices,United States,Irvine,USD,EQUITY,47814430720.0,16000.0,https://www.edwards.com,US28176E1082
938914.ETR,AIR.PA,ETR,isin,AIRBUS SE,Airbus SE,Industrials,Aerospace & Defense,Netherlands,Leiden,EUR,EQUITY,166813630464.0,166876.0,https://www.airbus.com,NL0000235190
939391.ETR,CRL,ETR,isin,Charles River Laboratories Inte,"Charles River Laboratories International, Inc.",Healthcare,Diagnostics & Research,United States,Wilmington,USD,EQUITY,10804021248.0,18300.0,https://www.criver.com,US1598641074
940602.ETR,PHIA.AS,ETR,isin,KON.PHILIPS N.V.,Koninklijke Philips N.V.,Healthcare,Medical Devices,Netherlands,Amsterdam,EUR,EQUITY,20586592256.0,61085.0,https://www.philips.com,NL0000009538
940883.ETR,APM.DE,ETR,isin,AD PEPPER MEDIA INTL N.V.     A,ad pepper media International N.V.,Communication Services,Advertising Agencies,Germany,Nuremberg,EUR,EQUITY,64561692.0,315.0,https://adpeppergroup.com,NL0000238145
940936.ETR,PHG,ETR,isin,Koninklijke Philips N.V. NY Reg,Koninklijke Philips N.V.,Healthcare,Medical Devices,Netherlands,Amsterdam,USD,EQUITY,24319006720.0,61085.0,https://www.philips.com,US5004723038
A0B57L.ETR,ITM.L,ETR,isin,ITM POWER PLC ORD 5P,ITM Power Plc,Industrials,Specialty Industrial Machinery,United Kingdom,Sheffield,GBp,EQUITY,692272320.0,306.0,https://itm-power.com,GB00B0130H42
A0B6XA.ETR,RF,ETR,isin,Regions Financial Corporation,Regions Financial Corporation,Financial Services,Banks - Regional,United States,Birmingham,USD,EQUITY,26232885248.0,20003.0,https://www.regions.com,US7591EP1005
A0B87V.ETR,CRM,ETR,isin,"Salesforce, Inc.","Salesforce, Inc.",Technology,Software - Application,United States,San Francisco,USD,EQUITY,142178402304.0,83334.0,https://www.salesforce.com,US79466L3024
A0B897.ETR,MKTX,ETR,isin,"MarketAxess Holdings, Inc.",MarketAxess Holdings Inc.,Financial Services,Capital Markets,United States,New York,USD,EQUITY,4192589312.0,859.0,https://www.marketaxess.com,US57060D1081
A0B8S2.ETR,LVS,ETR,isin,Las Vegas Sands Corp.,Las Vegas Sands Corp.,Consumer Cyclical,Resorts & Casinos,United States,Las Vegas,USD,EQUITY,31647557632.0,41000.0,https://www.sands.com,US5178341070
A0B9N3.ETR,JDC.DE,ETR,isin,JDC Group AG                  I,JDC Group AG,Financial Services,Financial Conglomerates,Germany,Wiesbaden,EUR,EQUITY,310991008.0,430.0,https://www.jdcgroup.de,DE000A0B9N37
A0BL84.ETR,V3V.F,ETR,isin,FamiCord AG                   N,FamiCord AG,Healthcare,Medical Care Facilities,Germany,Leipzig,EUR,EQUITY,51159988.0,723.0,https://www.famicord.com,DE000A0BL849
A0BLMY.ETR,GFC.PA,ETR,isin,GECINA,Gecina,Real Estate,REIT - Office,France,Paris,EUR,EQUITY,5584157696.0,437.0,https://www.gecina.fr,FR0010040865
A0BLR4.ETR,NRG,ETR,isin,"NRG Energy, Inc.","NRG Energy, Inc.",Utilities,Utilities - Independent Power Producers,United States,Houston,USD,EQUITY,28799651840.0,16702.0,https://www.nrg.com,US6293775085
A0BVU2.ETR,OSP2.HM,ETR,isin,USU Ventures AG               I,USU Software AG,Technology,Information Technology Services,Germany,Möglingen,EUR,EQUITY,91329280.0,806.0,https://www.usu.com,DE000A0BVU28
A0CA0G.ETR,HEIA.AS,ETR,isin,HEINEKEN,Heineken N.V.,Consumer Defensive,Beverages - Brewers,Netherlands,Amsterdam,EUR,EQUITY,43523690496.0,81028.0,https://www.theheinekencompany.com,NL0000009165
A0CBCK.ETR,ALNY,ETR,isin,"Alnylam Pharmaceuticals, Inc.","Alnylam Pharmaceuticals, Inc.",Healthcare,Biotechnology,United States,Cambridge,USD,EQUITY,37169901568.0,2500.0,https://www.alnylam.com,US02043Q1076
A0D655.ETR,NDX1.DE,ETR,isin,Nordex SE                     I,Nordex SE,Industrials,Specialty Industrial Machinery,Germany,Hamburg,EUR,EQUITY,8934815744.0,11202.0,https://www.nordex-online.com,DE000A0D6554
A0D9PT.ETR,MTX.DE,ETR,isin,MTU Aero Engines AG           N,MTU Aero Engines AG,Industrials,Aerospace & Defense,Germany,Munich,EUR,EQUITY,19379294208.0,13674.0,https://www.mtu.de,DE000A0D9PT0
A0D9SU.ETR,RBI.VI,ETR,isin,Raiffeisen Bank Internat. AG,Raiffeisen Bank International AG,Financial Services,Banks - Regional,Austria,Vienna,EUR,EQUITY,18682408960.0,42154.0,https://www.rbinternational.com/de/home.html,AT0000606306
A0D9T1.ETR,DXCM,ETR,isin,"DexCom, Inc.","DexCom, Inc.",Healthcare,Medical Devices,United States,San Diego,USD,EQUITY,28311502848.0,11000.0,https://www.dexcom.com,US2521311074
A0D9U6.ETR,NESTE.HE,ETR,isin,Neste Corporation,Neste Oyj,Energy,Oil & Gas Refining & Marketing,Finland,Espoo,EUR,EQUITY,22933237760.0,5178.0,https://www.neste.com,FI0009013296
A0DJ6J.ETR,S92.DE,ETR,isin,SMA Solar Technology AG       I,SMA Solar Technology AG,Technology,Solar,Germany,Niestetal,EUR,EQUITY,1839100032.0,3659.0,https://www.sma.de,DE000A0DJ6J9
A0DK9X.ETR,ORA,ETR,isin,"Ormat Technologies, Inc.","Ormat Technologies, Inc.",Utilities,Utilities - Renewable,United States,Reno,USD,EQUITY,6275637248.0,1648.0,https://www.ormat.com,US6866881021
A0DM94.ETR,K.TO,ETR,isin,KINROSS GOLD CORP.,Kinross Gold Corporation,Basic Materials,Gold,Canada,Toronto,CAD,EQUITY,40325074944.0,,https://www.kinross.com,CA4969024047
A0DNAY.ETR,ACX.DE,ETR,isin,bet-at-home.com AG            I,bet-at-home.com AG,Consumer Cyclical,Gambling,Germany,Düsseldorf,EUR,EQUITY,21896160.0,98.0,https://www.bet-at-home.ag,DE000A0DNAY5
A0DNCY.ETR,DLB,ETR,isin,Dolby Laboratories,"Dolby Laboratories, Inc.",Industrials,Specialty Business Services,United States,San Francisco,USD,EQUITY,4850045440.0,2051.0,https://www.dolby.com,US25659T1079
A0DPRE.ETR,LNSX.F,ETR,isin,Allane SE                     I,Allane SE,Industrials,Rental & Leasing Services,Germany,Munich,EUR,EQUITY,245277936.0,670.0,https://www.allane-mobility-group.com,DE000A0DPRE6
A0DPTB.ETR,TAP,ETR,isin,Molson Coors Beverage Company,Molson Coors Beverage Company,Consumer Defensive,Beverages - Brewers,United States,Golden,USD,EQUITY,7713987584.0,16200.0,https://www.molsoncoors.com,US60871R2094
A0EAT9.ETR,LKFT.AS,ETR,isin,LAKEFRONT BIOTHERAPEUTICS,,Healthcare,Biotechnology,Belgium,Mechelen,EUR,EQUITY,1614851968.0,452.0,https://lakefrontbio.com,BE0003818359
A0ER6Q.ETR,ENGI.PA,ETR,isin,ENGIE,Engie SA,Utilities,Utilities - Diversified,France,La Garenne-Colombes,EUR,EQUITY,67715899392.0,84786.0,https://www.engie.com,FR0010208488
A0ESP5.ETR,CMG,ETR,isin,"Chipotle Mexican Grill, Inc.","Chipotle Mexican Grill, Inc.",Consumer Cyclical,Restaurants,United States,Newport Beach,USD,EQUITY,42586767360.0,135000.0,https://www.chipotle.com,US1696561059
A0ET4X.ETR,KNEBV.HE,ETR,isin,KONE Corporation,KONE Oyj,Industrials,Specialty Industrial Machinery,Finland,Espoo,EUR,EQUITY,25986742272.0,64907.0,https://www.kone.com,FI0009013403
A0ETBQ.ETR,MBB.DE,ETR,isin,MBB SE                        I,MBB SE,Industrials,Conglomerates,Germany,Berlin,EUR,EQUITY,1002626112.0,4211.0,https://www.mbb.com,DE000A0ETBQ4
A0F55S.ETR,AMP,ETR,isin,"Ameriprise Financial, Inc.","Ameriprise Financial, Inc.",Financial Services,Asset Management,United States,Minneapolis,USD,EQUITY,47560085504.0,13600.0,https://www.ameriprise.com,US03076C1062
A0F602.ETR,MA,ETR,isin,Mastercard Incorporated,Mastercard Incorporated,Financial Services,Credit Services,United States,Purchase,USD,EQUITY,487482064896.0,39800.0,https://www.mastercard.com,US57636Q1040
A0F7BK.ETR,ALO.PA,ETR,isin,ALSTOM,Alstom SA,Industrials,Railroads,France,Saint-Ouen,EUR,EQUITY,7524449280.0,87832.0,https://www.alstom.com,FR0010220475
A0H0VZ.ETR,LYV,ETR,isin,"Live Nation Entertainment, Inc.","Live Nation Entertainment, Inc.",Communication Services,Entertainment,United States,Beverly Hills,USD,EQUITY,41748676608.0,17700.0,https://www.livenationentertainment.com,US5380341090
A0H1FP.ETR,FIS,ETR,isin,Fidelity National Information S,"Fidelity National Information Services, Inc.",Technology,Information Technology Services,United States,Jacksonville,USD,EQUITY,22308503552.0,44000.0,https://www.fisglobal.com,US31620M1062
A0H52F.ETR,MVV1.DE,ETR,isin,MVV Energie AG                N,MVV Energie AG,Utilities,Utilities - Diversified,Germany,Mannheim,EUR,EQUITY,2003566592.0,6703.0,https://www.mvv.de,DE000A0H52F5
A0HGDX.ETR,GME,ETR,isin,GameStop Corporation,GameStop Corp.,Consumer Cyclical,Specialty Retail,United States,Grapevine,USD,EQUITY,9655836672.0,4000.0,https://www.gamestop.com,US36467W1099
A0HGF5.ETR,CHRW,ETR,isin,"C.H. Robinson Worldwide, Inc.","C.H. Robinson Worldwide, Inc.",Industrials,Integrated Freight & Logistics,United States,Eden Prairie,USD,EQUITY,20564131840.0,11705.0,https://www.chrobinson.com,US12541W2098
A0HGQF.ETR,MF6.SG,ETR,isin,MagForce AG,MagForce AG,Healthcare,Medical Devices,Germany,Berlin,EUR,EQUITY,134692.0,33.0,https://www.magforce.de/,DE000A0HGQF5
A0HGQS.ETR,P4O.F,ETR,isin,PLANOPTIK AG                  I,Planoptik AG,Technology,Scientific & Technical Instruments,Germany,Elsoff,EUR,EQUITY,35889400.0,97.0,https://planoptik.com,DE000A0HGQS8
A0HHJR.ETR,CLIQ.DE,ETR,isin,Cliq Digital AG               N,Cliq Digital AG,Communication Services,Entertainment,Germany,Düsseldorf,EUR,EQUITY,20971078.0,102.0,https://www.cliqdigital.com,DE000A0HHJR3
A0HL4V.ETR,UAA,ETR,isin,"Under Armour, Inc.","Under Armour, Inc.",Consumer Cyclical,Apparel Manufacturing,United States,Baltimore,USD,EQUITY,3018380288.0,6200.0,https://www.underarmour.com,US9043111072
A0HL8N.ETR,2GB.F,ETR,isin,2G Energy AG                  I,2G Energy AG,Industrials,Specialty Industrial Machinery,Germany,Heek,EUR,EQUITY,1021683008.0,1083.0,https://2-g.com,DE000A0HL8N9
A0HL9Z.ETR,T,ETR,isin,AT&T Inc.,AT&T Inc.,Communication Services,Telecom Services,United States,Dallas,USD,EQUITY,167335264256.0,133030.0,https://www.att.com,US00206R1023
A0HN5C.ETR,DWNI.DE,ETR,isin,Deutsche Wohnen SE            I,Deutsche Wohnen SE,Real Estate,Real Estate Services,Germany,Berlin,EUR,EQUITY,7414745600.0,776.0,https://www.deutsche-wohnen.com,DE000A0HN5C6
A0HNF9.ETR,IC8.SG,ETR,isin,InCity Immobilien AG,InCity Immobilien AG,Real Estate,Real Estate Services,Germany,Schönefeld,EUR,EQUITY,30087304.0,20.0,https://www.incity.ag,DE000A0HNF96
A0HNLY.ETR,GTE.L,ETR,isin,GRAN TIERRA ENERGY INC. COM STK,Gran Tierra Energy Inc.,Energy,Oil & Gas E&P,Canada,Calgary,GBp,EQUITY,190660528.0,406.0,https://www.grantierra.com,US38500T1016
A0JBPG.ETR,PNE3.DE,ETR,isin,PNE AG                        N,PNE AG,Utilities,Utilities - Renewable,Germany,Cuxhaven,EUR,EQUITY,811995392.0,666.0,https://www.pnegroup.com,DE000A0JBPG2
A0JDBC.ETR,LIK.DE,ETR,isin,Limes Schlosskliniken AG      I,LIMES Schlosskliniken AG,Healthcare,Medical Care Facilities,Germany,Cologne,EUR,EQUITY,174301920.0,183.0,https://www.limes-schlosskliniken.de,DE000A0JDBC7
A0JDRR.ETR,UEC,ETR,isin,Uranium Energy Corp.,Uranium Energy Corp.,Energy,Uranium,United States,Corpus Christi,USD,EQUITY,4858087936.0,171.0,https://www.uraniumenergy.com,US9168961038
A0JEJF.ETR,LSEG.L,ETR,isin,LONDON STOCK EXCHANGE GROUP PLC,London Stock Exchange Group plc,Financial Services,Financial Data & Stock Exchanges,United Kingdom,London,GBp,EQUITY,43753730048.0,28516.0,https://www.lseg.com,GB00B0SWJX34
A0JJTG.ETR,GTY.DE,ETR,isin,Gateway Real Estate AG        I,Gateway Real Estate AG,Real Estate,Real Estate - Development,Germany,Berlin,EUR,EQUITY,72837968.0,29.0,https://www.gateway-re.de,DE000A0JJTG7
A0JK2A.ETR,AR4.HM,ETR,isin,AUR Portfolio III SE&Co.KGaA  I,AURELIUS Equity Opportunities SE & Co. KGaA,Financial Services,Asset Management,United Kingdom,London,EUR,EQUITY,398109664.0,10144.0,https://www.aurelius-group.com,DE000A0JK2A8
A0JL4D.ETR,O5G.DE,ETR,isin,CPI PROPERTY GROUP S.A.       A,CPI Property Group,Real Estate,Real Estate Services,Luxembourg,Luxembourg City,EUR,EQUITY,6617819648.0,1790.0,https://www.cpipg.com,LU0251710041
A0JL9W.ETR,VBK.DE,ETR,isin,Verbio SE                     I,Verbio SE,Basic Materials,Specialty Chemicals,Germany,Leipzig,EUR,EQUITY,1865589248.0,1394.0,https://www.verbio.de,DE000A0JL9W6
A0JLPR.ETR,ZAG.VI,ETR,isin,Zumtobel Group AG,Zumtobel Group AG,Industrials,Electrical Equipment & Parts,Austria,Dornbirn,EUR,EQUITY,169350848.0,4714.0,https://www.z.lighting,AT0000837307
A0JM2M.ETR,B7E.DE,ETR,isin,Blue Cap AG                   I,Blue Cap AG,Financial Services,Asset Management,Germany,Munich,EUR,EQUITY,74696608.0,536.0,https://www.blue-cap.de,DE000A0JM2M1
A0JML5.ETR,POST.VI,ETR,isin,Oesterreichische Post AG,Österreichische Post AG,Industrials,Integrated Freight & Logistics,Austria,Vienna,EUR,EQUITY,2178572544.0,27868.0,https://www.post.at,AT0000APOST4
A0JMVJ.ETR,POOL,ETR,isin,Pool Corporation,Pool Corporation,Industrials,Industrial Distribution,United States,Covington,USD,EQUITY,6727742976.0,6000.0,https://www.poolcorp.com,US73278L1052
A0JQ5U.ETR,M5Z.F,ETR,isin,Manz AG                       I,Manz AG,Technology,Semiconductor Equipment & Materials,Germany,Reutlingen,EUR,EQUITY,422344.0,1435.0,https://www.manz.com,DE000A0JQ5U3
A0KD0F.ETR,M4N.HM,ETR,isin,GIVE AG                       I,Give AG,Industrials,Engineering & Construction,Germany,Hamburg,EUR,EQUITY,18211748.0,389.0,https://www.give-ag.com,DE000A0KD0F7
A0KF6M.ETR,H9Y.HM,ETR,isin,HanseYachts AG                I,HanseYachts AG,Consumer Cyclical,Recreational Vehicles,Germany,Greifswald,EUR,EQUITY,13720708.0,1542.0,https://www.hanseyachtsag.com,DE000A0KF6M8
A0KFKH.ETR,E8X.F,ETR,isin,elexxion AG                   I,elexxion AG,Healthcare,Medical Devices,Germany,Singen,EUR,EQUITY,330530.0,8.0,https://www.elexxion.com,DE000A0KFKH0
A0KPPR.ETR,NTG.DE,ETR,isin,Nabaltec AG                   I,Nabaltec AG,Basic Materials,Specialty Chemicals,Germany,Schwandorf,EUR,EQUITY,109560000.0,510.0,https://www.nabaltec.de,DE000A0KPPR7
A0LA17.ETR,WU,ETR,isin,Western Union Company (The),The Western Union Company,Financial Services,Credit Services,United States,Denver,USD,EQUITY,2552594944.0,9600.0,https://www.westernunion.com,US9598021098
A0LAUP.ETR,CE2.HM,ETR,isin,CropEnergies AG               I,CropEnergies AG,Basic Materials,Specialty Chemicals,Germany,Mannheim,EUR,EQUITY,1238950016.0,483.0,https://www.cropenergies.com,DE000A0LAUP1
A0LBFE.ETR,M3V.DE,ETR,isin,MeVis Medical Solutions AG    N,MeVis Medical Solutions AG,Healthcare,Health Information Services,Germany,Bremen,EUR,EQUITY,41860000.0,127.0,https://www.mevis.de,DE000A0LBFE4
A0LBKW.ETR,CFC.DE,ETR,isin,aconnic AG                    I,aconnic AG,Technology,Communication Equipment,Germany,Munich,EUR,EQUITY,8607200.0,248.0,https://www.aconnic.com,DE000A0LBKW6
A0LCN9.ETR,OC,ETR,isin,Owens Corning Inc,Owens Corning,Industrials,Building Products & Equipment,United States,Toledo,USD,EQUITY,11551787008.0,25000.0,https://www.owenscorning.com,US6907421019
A0LD6E.ETR,GXI.F,ETR,isin,Gerresheimer AG               I,Gerresheimer AG,Healthcare,Medical Instruments & Supplies,Germany,Düsseldorf,EUR,EQUITY,974718784.0,13528.0,https://www.gerresheimer.com,DE000A0LD6E6
A0LDA7.ETR,CIEN,ETR,isin,Ciena Corporation,Ciena Corporation,Technology,Communication Equipment,United States,Hanover,USD,EQUITY,53403672576.0,8898.0,https://www.ciena.com,US1717793095
A0LEKM.ETR,FSLR,ETR,isin,"First Solar, Inc.","First Solar, Inc.",Technology,Solar,United States,Phoenix,USD,EQUITY,22117126144.0,7900.0,https://www.firstsolar.com,US3364331070
A0LF18.ETR,NWRN.SW,ETR,isin,NEWRON PHARMA N,Newron Pharmaceuticals S.p.A.,Healthcare,Biotechnology,Italy,Bresso,CHF,EQUITY,246340624.0,27.0,https://www.newron.com,IT0004147952
A0LGV4.ETR,WXF.VI,ETR,isin,Warimpex Finanz- und Bet. AG,Warimpex Finanz- und Beteiligungs AG,Real Estate,Real Estate Services,Austria,Vienna,EUR,EQUITY,26550966.0,87.0,https://www.warimpex.com,AT0000827209
A0LHKJ.ETR,AG.TO,ETR,isin,FIRST MAJESTIC SILVER CORP,First Majestic Silver Corp.,Basic Materials,Silver,Canada,Vancouver,CAD,EQUITY,11297446912.0,,https://www.firstmajestic.com,CA32076V1031
A0LR4P.ETR,H9W.DE,ETR,isin,HWA AG                        I,HWA AG,Consumer Cyclical,Auto Parts,Germany,Affalterbach,EUR,EQUITY,37292756.0,264.0,https://www.hwaag.com,DE000A0LR4P1
A0LR93.ETR,ST5.F,ETR,isin,STEICO SE                     I,STEICO SE,Basic Materials,Lumber & Wood Production,Germany,Feldkirchen,EUR,EQUITY,261389104.0,1957.0,https://www.steico.com,DE000A0LR936
A0LR9G.ETR,EXL.DE,ETR,isin,EXASOL AG                     N,Exasol AG,Technology,Software - Infrastructure,Germany,Nuremberg,EUR,EQUITY,54497936.0,160.0,https://www.exasol.com,DE000A0LR9G9
A0M46B.ETR,IBE.MC,ETR,isin,ACCIONES IBERDROLA,"Iberdrola, S.A.",Utilities,Utilities - Diversified,Spain,Bilbao,EUR,EQUITY,141337149440.0,44573.0,https://www.iberdrola.com,ES0144580Y14
A0M63R.ETR,MSCI,ETR,isin,MSCI Inc.,MSCI Inc.,Financial Services,Financial Data & Stock Exchanges,United States,New York,USD,EQUITY,41513881600.0,6327.0,https://www.msci.com,US55354G1004
A0M93V.ETR,ABX.DE,ETR,isin,Advanced Blockchain AG        I,Advanced Blockchain AG,Technology,Software - Application,Germany,Berlin,EUR,EQUITY,5477317.0,4.0,https://www.advancedblockchain.com,DE000A0M93V6
A0M95J.ETR,REL.L,ETR,isin,RELX PLC ORD 14 51/116P,RELX PLC,Industrials,Specialty Business Services,United Kingdom,London,GBp,EQUITY,48611663872.0,37000.0,https://www.relx.com,GB00B2B0DG97
A0MK44.ETR,CNK,ETR,isin,Cinemark Holdings Inc Cinemark ,"Cinemark Holdings, Inc.",Communication Services,Entertainment,United States,Plano,USD,EQUITY,3931076096.0,8451.0,https://www.cinemark.com,US17243V1026
A0MLX4.ETR,TRV,ETR,isin,"The Travelers Companies, Inc.","The Travelers Companies, Inc.",Financial Services,Insurance - Property & Casualty,United States,New York,USD,EQUITY,81417265152.0,34000.0,https://www.travelers.com,US89417E1091
A0MQV8.ETR,DAL,ETR,isin,"Delta Air Lines, Inc.","Delta Air Lines, Inc.",Industrials,Airlines,United States,Atlanta,USD,EQUITY,56996188160.0,103000.0,https://www.delta.com,US2473617023
A0MS7Y.ETR,M,ETR,isin,Macy's Inc,"Macy's, Inc.",Consumer Cyclical,Department Stores,United States,New York,USD,EQUITY,6565427200.0,90134.0,https://www.macysinc.com,US55616P1049
A0MSN1.ETR,M7U.F,ETR,isin,Nynomic AG                    I,Nynomic AG,Technology,Scientific & Technical Instruments,Germany,Wedel,EUR,EQUITY,101159824.0,538.0,https://www.nynomic.com,DE000A0MSN11
A0MSY7.ETR,SRV1V.HE,ETR,isin,SRV Group Plc,SRV Yhtiöt Oyj,Industrials,Engineering & Construction,Finland,Helsinki,EUR,EQUITY,91203224.0,716.0,https://www.srv.fi,FI0009015309
A0MUKL.ETR,AAM.SW,ETR,isin,ANGLO PLC,Anglo American plc,Basic Materials,Other Industrial Metals & Mining,United Kingdom,London,CHF,EQUITY,42859515904.0,26400.0,https://www.angloamerican.com,GB00B1XZS820
A0MVJZ.ETR,VLA.PA,ETR,isin,VALNEVA SE,Valneva SE,Healthcare,Biotechnology,France,Saint-Herblain,EUR,EQUITY,450143360.0,674.0,https://valneva.com,FR0004056851
A0MVKA.ETR,BNY,ETR,isin,The Bank of New York Mellon Cor,,Financial Services,Banks - Diversified,United States,New York,USD,EQUITY,107047575552.0,46500.0,https://www.bny.com,US0640581007
A0MVLS.ETR,ETG.F,ETR,isin,EnviTec Biogas AG             I,EnviTec Biogas AG,Utilities,Utilities - Renewable,Germany,Löhne,EUR,EQUITY,273982496.0,699.0,https://www.envitec-biogas.de,DE000A0MVLS8
A0MW32.ETR,CME,ETR,isin,CME Group Inc.,CME Group Inc.,Financial Services,Financial Data & Stock Exchanges,United States,Chicago,USD,EQUITY,91822161920.0,3875.0,https://www.cmegroup.com,US12572Q1058
A0MXBY.ETR,LULU,ETR,isin,lululemon athletica inc.,lululemon athletica inc.,Consumer Cyclical,Apparel Retail,Canada,Vancouver,USD,EQUITY,13380058112.0,39000.0,https://corporate.lululemon.com,US5500211090
A0MYNP.ETR,MELI,ETR,isin,"MercadoLibre, Inc.","MercadoLibre, Inc.",Consumer Cyclical,Internet Retail,Uruguay,Montevideo,USD,EQUITY,92255690752.0,123670.0,https://www.mercadolibre.com,US58733R1023
A0MZ4B.ETR,DLX.F,ETR,isin,Delignit AG                   I,Delignit AG,Basic Materials,Lumber & Wood Production,Germany,Blomberg,EUR,EQUITY,24786548.0,373.0,https://www.delignit-ag.de,DE000A0MZ4B0
A0N4N5.ETR,NFN.DE,ETR,isin,NFON AG                       I,NFON AG,Technology,Software - Infrastructure,Germany,Munich,EUR,EQUITY,61281636.0,429.0,https://www.nfon.com,DE000A0N4N52
A0NC7B.ETR,V,ETR,isin,Visa Inc.,Visa Inc.,Financial Services,Credit Services,United States,San Francisco,USD,EQUITY,689439178752.0,34100.0,https://www.visa.com,US92826C8394
A0NDBJ.ETR,PM,ETR,isin,Philip Morris International Inc,Philip Morris International Inc.,Consumer Defensive,Tobacco,United States,Stamford,USD,EQUITY,304958308352.0,84900.0,https://www.pmi.com,US7181721090
A0NFN3.ETR,BION.SW,ETR,isin,BB BIOTECH N,BB Biotech AG,Healthcare,Biotechnology,Switzerland,Küsnacht,CHF,EQUITY,2862246144.0,10.0,https://www.bbbiotech.ch/en/bb-biotech/,CH0038389992
A0NFQC.ETR,DLTR,ETR,isin,"Dollar Tree, Inc.","Dollar Tree, Inc.",Consumer Defensive,Discount Stores,United States,Chesapeake,USD,EQUITY,24125597696.0,150000.0,https://www.dollartree.com,US2567461080
A0NHKR.ETR,NTAP,ETR,isin,"NetApp, Inc.","NetApp, Inc.",Technology,Software - Infrastructure,United States,San Jose,USD,EQUITY,33267202048.0,11700.0,https://www.netapp.com,US64110D1046
A0NJ38.ETR,AWK,ETR,isin,"American Water Works Company, I","American Water Works Company, Inc.",Utilities,Utilities - Regulated Water,United States,Camden,USD,EQUITY,26276947968.0,7000.0,https://www.amwater.com,US0304201033
A0RENB.ETR,BLDP.TO,ETR,isin,BALLARD POWER SYSTEMS INC,Ballard Power Systems Inc.,Industrials,Electrical Equipment & Parts,Canada,Burnaby,CAD,EQUITY,1230021376.0,492.0,https://www.ballard.com,CA0585861085
A0RFZL.ETR,EQT,ETR,isin,EQT Corporation,EQT Corporation,Energy,Oil & Gas E&P,United States,Canonsburg,USD,EQUITY,32526833664.0,1523.0,https://www.eqt.com,US26884L1098
A0RNL2.ETR,CDE,ETR,isin,"Coeur Mining, Inc.","Coeur Mining, Inc.",Basic Materials,Gold,United States,Chicago,USD,EQUITY,15829010432.0,2620.0,https://www.coeur.com,US1921085049
A0S848.ETR,HHFA.DE,ETR,isin,Hamburger Hafen u. Logistik AGN,Hamburger Hafen und Logistik Aktiengesellschaft,Industrials,Marine Shipping,Germany,Hamburg,EUR,EQUITY,1632261888.0,7341.0,https://hhla.de,DE000A0S8488
A0SMU8.ETR,NB2.F,ETR,isin,Northern Data AG              I,Northern Data AG,Technology,Information Technology Services,Germany,Frankfurt am Main,EUR,EQUITY,301724352.0,157.0,https://northerndata.de,DE000A0SMU87
A0STSQ.ETR,M12.DE,ETR,isin,M1 Kliniken AG                I,M1 Kliniken AG,Healthcare,Medical Distribution,Germany,Berlin,EUR,EQUITY,329745984.0,280.0,https://www.m1-kliniken.de,DE000A0STSQ8
A0V9LA.ETR,DAR.DE,ETR,isin,DATRON AG                     I,DATRON AG,Industrials,Specialty Industrial Machinery,Germany,Mühltal,EUR,EQUITY,32002392.0,,https://www.datron.de,DE000A0V9LA7
A0WMPJ.ETR,AIXA.DE,ETR,isin,AIXTRON SE                    N,AIXTRON SE,Technology,Semiconductor Equipment & Materials,Germany,Herzogenrath,EUR,EQUITY,4029838592.0,996.0,https://www.aixtron.com,DE000A0WMPJ6
A0X88Z.ETR,AIG,ETR,isin,"American International Group, I","American International Group, Inc.",Financial Services,Insurance - Diversified,United States,New York,USD,EQUITY,41971126272.0,22100.0,https://www.aig.com,US0268747849
A0X9EJ.ETR,KTN.DE,ETR,isin,Kontron AG                    I,Kontron AG,Technology,Information Technology Services,Austria,Linz,EUR,EQUITY,1480917760.0,6587.0,https://www.kontron.com,AT0000A0E9W5
A0XFSF.ETR,DMRE.DE,ETR,isin,DEMIRE Dt.Mittelst.R.Est.AG   I,DEMIRE Deutsche Mittelstand Real Estate AG,Real Estate,Real Estate Services,Germany,Langen,EUR,EQUITY,43260164.0,29.0,https://www.demire.ag,DE000A0XFSF0
A0XYG7.ETR,DR0.DE,ETR,isin,Deutsche Rohstoff AG          N,Deutsche Rohstoff AG,Energy,Oil & Gas E&P,Germany,Mannheim,EUR,EQUITY,372904672.0,60.0,https://www.rohstoff.de,DE000A0XYG76
A0XYGA.ETR,TTR1.F,ETR,isin,technotrans SE                N,technotrans SE,Industrials,Specialty Industrial Machinery,Germany,Sassenberg,EUR,EQUITY,196523072.0,1443.0,https://www.technotrans.com,DE000A0XYGA7
A0XYHT.ETR,IBU.F,ETR,isin,IBU-tec advanced materials AG I,IBU-tec advanced materials AG,Basic Materials,Chemicals,Germany,Weimar,EUR,EQUITY,70300000.0,206.0,https://www.ibu-tec.de,DE000A0XYHT5
A0YCM4.ETR,UIS,ETR,isin,Unisys Corporation New,Unisys Corporation,Technology,Information Technology Services,United States,Blue Bell,USD,EQUITY,244961360.0,15000.0,https://www.unisys.com,US9092143067
A0YD8Q.ETR,MRK,ETR,isin,"Merck & Company, Inc.","Merck & Co., Inc.",Healthcare,Drug Manufacturers - General,United States,Rahway,USD,EQUITY,322954231808.0,73000.0,https://www.merck.com,US58933Y1055
A0YEES.ETR,DG,ETR,isin,Dollar General Corporation,Dollar General Corporation,Consumer Defensive,Discount Stores,United States,Goodlettsville,USD,EQUITY,27180685312.0,194000.0,https://www.dollargeneral.com,US2566771059
A0YF5P.ETR,H2A.DE,ETR,isin,H2APEX Group S.C.A.           B,H2APEX Group SCA,Basic Materials,Specialty Chemicals,Germany,Rostock,EUR,EQUITY,42602784.0,155.0,https://www.h2apex.com,LU0472835155
A0YHMA.ETR,MSI,ETR,isin,"Motorola Solutions, Inc.","Motorola Solutions, Inc.",Technology,Communication Equipment,United States,Chicago,USD,EQUITY,70348922880.0,23000.0,https://www.motorolasolutions.com,US6200763075
A0YJQ2.ETR,BRK-B,ETR,isin,Berkshire Hathaway Inc. New,Berkshire Hathaway Inc.,Financial Services,Insurance - Diversified,United States,Omaha,USD,EQUITY,1072344530944.0,387800.0,https://www.berkshirehathaway.com,US0846707026
A0Z1JH.ETR,PSAN.DE,ETR,isin,PSI Software SE               N,PSI Software SE,Technology,Software - Application,Germany,Berlin,EUR,EQUITY,714308736.0,2295.0,https://www.psi.de,DE000A0Z1JH9
A0Z23Q.ETR,ADN1.DE,ETR,isin,adesso SE                     I,adesso SE,Technology,Information Technology Services,Germany,Dortmund,EUR,EQUITY,372254176.0,11497.0,https://www.adesso.de,DE000A0Z23Q5
A0Z2Y4.ETR,VROS.SG,ETR,isin,Verianos SE,Verianos SE,Real Estate,Real Estate Services,Germany,Cologne,EUR,EQUITY,70677.0,37.0,https://www.verianos.com,DE000A0Z2Y48
A0Z2ZZ.ETR,FNTN.DE,ETR,isin,freenet AG                    N,freenet AG,Communication Services,Telecom Services,Germany,Büdelsdorf,EUR,EQUITY,2968391936.0,2787.0,https://www.freenet.ag,DE000A0Z2ZZ5
A113Q5.ETR,STM.F,ETR,isin,Stabilus SE                   I,Stabilus SE,Industrials,Specialty Industrial Machinery,Germany,Koblenz,EUR,EQUITY,339872000.0,7314.0,https://www.stabilus.com,LU1066226637
A1147K.ETR,FACC.VI,ETR,isin,FACC AG,FACC AG,Industrials,Aerospace & Defense,Austria,Ried im Innkreis,EUR,EQUITY,712492416.0,4017.0,https://www.facc.com,AT00000FACC2
A115FG.ETR,PNR,ETR,isin,Pentair plc.,Pentair plc,Industrials,Specialty Industrial Machinery,United Kingdom,London,USD,EQUITY,10210237440.0,9000.0,https://www.pentair.com,IE00BLS09M33
A117ME.ETR,BABA,ETR,isin,Alibaba Group Holding Limited,Alibaba Group Holding Limited,Consumer Cyclical,Internet Retail,China,Hangzhou,USD,EQUITY,275640287232.0,131462.0,https://www.alibabagroup.com,US01609W1027
A117UJ.ETR,SYF,ETR,isin,Synchrony Financial,Synchrony Financial,Financial Services,Credit Services,United States,Stamford,USD,EQUITY,24503676928.0,20000.0,https://www.synchrony.com,US87165B1035
A11873.ETR,ITX.MC,ETR,isin,INDUSTRIA DE DISE...O TEXTIL S.,"Industria de Diseño Textil, S.A.",Consumer Cyclical,Apparel Retail,Spain,Corunna,EUR,EQUITY,174971207680.0,66440.0,https://www.inditex.com,ES0148396007
A11Q05.ETR,ELB.F,ETR,isin,elumeo SE                     I,elumeo SE,Consumer Cyclical,Luxury Goods,Germany,Berlin,EUR,EQUITY,9602420.0,163.0,https://www.elumeo.com,DE000A11Q059
A11QLU.ETR,UDC.HM,ETR,isin,UniDevice AG                  I,UniDevice AG,Technology,Electronics & Computer Distribution,Germany,Schönefeld,EUR,EQUITY,66888.0,25.0,,DE000A11QLU3
A11QVV.ETR,HPHA.DE,ETR,isin,Heidelberg Pharma AG          I,Heidelberg Pharma AG,Healthcare,Biotechnology,Germany,Ladenburg,EUR,EQUITY,119300000.0,41.0,https://heidelberg-pharma.com,DE000A11QVV0
A11QW6.ETR,HRPK.DE,ETR,isin,7C Solarparken AG             I,7C Solarparken AG,Technology,Solar,Germany,Bayreuth,EUR,EQUITY,139078800.0,27.0,https://www.solarparken.com,DE000A11QW68
A12B6J.ETR,KEYS,ETR,isin,Keysight Technologies Inc.,"Keysight Technologies, Inc.",Technology,Scientific & Technical Instruments,United States,Santa Rosa,USD,EQUITY,53606453248.0,16500.0,https://www.keysight.com,US49338L1035
A12B8Z.ETR,TLG.HM,ETR,isin,TLG IMMOBILIEN AG             I,TLG Immobilien AG,Real Estate,Real Estate Services,Germany,Berlin,EUR,EQUITY,1099760000.0,86.0,https://www.tlg.eu,DE000A12B8Z4
A12CWQ.ETR,HUBS,ETR,isin,"HubSpot, Inc.","HubSpot, Inc.",Technology,Software - Application,United States,Cambridge,USD,EQUITY,11416039424.0,9021.0,https://www.hubspot.com,US4435731009
A12CY9.ETR,QRVO,ETR,isin,"Qorvo, Inc.","Qorvo, Inc.",Technology,Semiconductors,United States,Greensboro,USD,EQUITY,7918448640.0,5200.0,https://www.qorvo.com,US74736K1016
A12DM8.ETR,G24.DE,ETR,isin,Scout24 SE                    N,Scout24 SE,Communication Services,Internet Content & Information,Germany,Berlin,EUR,EQUITY,5151622656.0,921.0,https://www.scout24.com,DE000A12DM80
A12DQC.ETR,LBRDK,ETR,isin,Liberty Broadband Corporation,Liberty Broadband Corporation,Communication Services,Telecom Services,United States,Englewood,USD,EQUITY,4436950016.0,,https://www.libertybroadband.com,US5303073051
A12EA8.ETR,GRBK,ETR,isin,"Green Brick Partners, Inc.","Green Brick Partners, Inc.",Consumer Cyclical,Residential Construction,United States,Plano,USD,EQUITY,3124960000.0,620.0,https://www.greenbrickpartners.com,US3927091013
A12FMV.ETR,ELV,ETR,isin,"Elevance Health, Inc.","Elevance Health, Inc.",Healthcare,Healthcare Plans,United States,Indianapolis,USD,EQUITY,82054660096.0,96129.0,https://www.elevancehealth.com,US0367521038
A12HU0.ETR,TREE,ETR,isin,"LendingTree, Inc.","LendingTree, Inc.",Financial Services,Financial Conglomerates,United States,Charlotte,USD,EQUITY,563701952.0,919.0,https://www.lendingtree.com,US52603B1070
A12UK0.ETR,ECF.DE,ETR,isin,Mountain Alliance AG          N,Mountain Alliance AG,Consumer Cyclical,Internet Retail,Germany,Munich,EUR,EQUITY,20436854.0,2.0,https://www.mountain-alliance.de,DE000A12UK08
A12UP2.ETR,LQAG.DE,ETR,isin,LAIQON AG                     I,Laiqon AG,Financial Services,Asset Management,Germany,Hamburg,EUR,EQUITY,95763376.0,150.0,https://www.laiqon.ag,DE000A12UP29
A12UP3.ETR,NC5A.DE,ETR,isin,NorCom Information Techn.KGaA I,NorCom Information Technology GmbH & Co. KGaA,Industrials,Specialty Business Services,Germany,Munich,EUR,EQUITY,2923595.0,30.0,https://www.norcom.de,DE000A12UP37
A12UPJ.ETR,CAP.DE,ETR,isin,SCP Standard Cap.Partners AG  I,SCP Standard Capital Partners AG,Communication Services,Entertainment,Germany,Munich,EUR,EQUITY,37910004.0,17.0,https://www.standardcapitalpartners.xyz,DE000A12UPJ7
A13SUL.ETR,DEF.DE,ETR,isin,DEFAMA Deutsche Fachmarkt AG  I,DEFAMA Deutsche Fachmarkt AG,Real Estate,Real Estate Services,Germany,Berlin,EUR,EQUITY,110400000.0,44.0,https://defama.de,DE000A13SUL5
A13SX2.ETR,HLE.DE,ETR,isin,HELLA GmbH & Co. KGaA         I,HELLA GmbH & Co. KGaA,Consumer Cyclical,Auto Parts,Germany,Lippstadt,EUR,EQUITY,7955555328.0,33639.0,https://www.hella.com,DE000A13SX22
A1401Z.ETR,RYA.IR,ETR,isin,RYANAIR HOLDINGS PLC,Ryanair Holdings plc,Industrials,Airlines,Ireland,Swords,EUR,EQUITY,25705037824.0,30000.0,https://www.ryanair.com,IE00BYTBXV33
A140KD.ETR,HPE,ETR,isin,Hewlett Packard Enterprise Comp,Hewlett Packard Enterprise Company,Technology,Communication Equipment,United States,Spring,USD,EQUITY,63813365760.0,67000.0,https://www.hpe.com,US42824C1099
A141J3.ETR,CCAP.DE,ETR,isin,Corestate Capital Holding S.A A,CORESTATE Capital Holding S.A.,Real Estate,Real Estate Services,Luxembourg,Luxembourg City,EUR,EQUITY,36555080.0,446.0,https://www.corestate-capital.com/en/imprint/,LU1296758029
A142VP.ETR,HPQ,ETR,isin,HP Inc.,HP Inc.,Technology,Computer Hardware,United States,Palo Alto,USD,EQUITY,24280576000.0,55000.0,https://www.hp.com,US40434L1052
A143D6.ETR,XYZ,ETR,isin,"Block, Inc.","Block, Inc.",Technology,Software - Infrastructure,United States,Oakland,USD,EQUITY,48352501760.0,10205.0,https://www.block.xyz,US8522341036
A143NB.ETR,ED4.DE,ETR,isin,EDAG Engineering Group AG     I,EDAG Engineering Group AG,Consumer Cyclical,Auto Parts,Switzerland,Arbon,EUR,EQUITY,113250000.0,7947.0,https://www.edag.com,CH0303692047
A14KRD.ETR,DKG.DE,ETR,isin,DT.KONSUM REAL EST.AG         I,Deutsche Konsum Real Estate AG,Real Estate,REIT - Retail,Germany,Potsdam,EUR,EQUITY,141804640.0,28.0,https://www.deutsche-konsum.de,DE000A14KRD3
A14M2J.ETR,MDT,ETR,isin,Medtronic plc.,Medtronic plc,Healthcare,Medical Devices,Ireland,Galway,USD,EQUITY,107805409280.0,95000.0,https://www.medtronic.com,IE00BTN1Y115
A14NE5.ETR,ES,ETR,isin,Eversource Energy (D/B/A),Eversource Energy,Utilities,Utilities - Regulated Electric,United States,Springfield,USD,EQUITY,28089417728.0,10731.0,https://www.eversource.com,US30040W1080
A14P98.ETR,ETSY,ETR,isin,"Etsy, Inc.","Etsy, Inc.",Consumer Cyclical,Internet Retail,United States,Brooklyn,USD,EQUITY,7956099584.0,2375.0,https://www.etsy.com,US29786A1060
A14R7U.ETR,PYPL,ETR,isin,"PayPal Holdings, Inc.","PayPal Holdings, Inc.",Financial Services,Credit Services,United States,San Jose,USD,EQUITY,49459654656.0,23800.0,https://www.paypal.com,US70450Y1038
A14RPH.ETR,CC,ETR,isin,Chemours Company (The),The Chemours Company,Basic Materials,Specialty Chemicals,United States,Wilmington,USD,EQUITY,2553413376.0,5700.0,https://www.chemours.com,US1638511089
A14TU4.ETR,KHC,ETR,isin,The Kraft Heinz Company,The Kraft Heinz Company,Consumer Defensive,Packaged Foods,United States,Pittsburgh,USD,EQUITY,31091089408.0,35000.0,https://www.kraftheinzcompany.com,US5007541064
A14TUX.ETR,TRU,ETR,isin,TransUnion,TransUnion,Financial Services,Financial Data & Stock Exchanges,United States,Chicago,USD,EQUITY,14891871232.0,13500.0,https://www.transunion.com,US89400J1079
A14U78.ETR,ADJ.DE,ETR,isin,ADLER Group S.A.              A,Adler Group S.A.,Real Estate,Real Estate Services,Luxembourg,Luxembourg,EUR,EQUITY,21682536.0,318.0,https://www.adler-group.com,LU1250154413
A14UQQ.ETR,SRG,ETR,isin,Seritage Growth Properties,Seritage Growth Properties,Real Estate,Real Estate Services,United States,New York,USD,EQUITY,133489312.0,5.0,https://www.seritage.com,US81752R1005
A14V1T.ETR,RUN,ETR,isin,Sunrun Inc.,Sunrun Inc.,Technology,Solar,United States,San Francisco,USD,EQUITY,2380721664.0,9059.0,https://www.sunrun.com,US86771W1053
A14WK0.ETR,LITE,ETR,isin,Lumentum Holdings Inc.,Lumentum Holdings Inc.,Technology,Communication Equipment,United States,San Jose,USD,EQUITY,55390490624.0,10562.0,https://www.lumentum.com,US55024U1097
A14XLZ.ETR,VIAV,ETR,isin,Viavi Solutions Inc.,Viavi Solutions Inc.,Technology,Communication Equipment,United States,Chandler,USD,EQUITY,9413524480.0,3600.0,https://www.viavisolutions.com,US9255501051
A14Y6F.ETR,1GOOGL.MI,ETR,isin,ALPHABET CLASSE A,Alphabet Inc.,Communication Services,Internet Content & Information,United States,Mountain View,EUR,EQUITY,3516106276864.0,198933.0,https://abc.xyz,US02079K3059
A14Y6H.ETR,GOOG,ETR,isin,Alphabet Inc.,Alphabet Inc.,Communication Services,Internet Content & Information,United States,Mountain View,USD,EQUITY,3993930039296.0,198933.0,https://abc.xyz,US02079K1079
A14YJM.ETR,ACI,ETR,isin,"Albertsons Companies, Inc.","Albertsons Companies, Inc.",Consumer Defensive,Grocery Stores,United States,Boise,USD,EQUITY,5568780800.0,106400.0,https://www.albertsonscompanies.com,US0130911037
A16107.ETR,ERAG.DE,ETR,isin,Ernst Russ AG                 N,Ernst Russ AG,Industrials,Marine Shipping,Germany,Hamburg,EUR,EQUITY,255364976.0,47.0,https://www.ernst-russ.de,DE000A161077
A16140.ETR,HFG.DE,ETR,isin,HelloFresh SE                 I,HelloFresh SE,Consumer Cyclical,Restaurants,Germany,Berlin,EUR,EQUITY,500263872.0,11447.0,https://www.hellofreshgroup.com,DE000A161408
A161N1.ETR,RTV.F,ETR,isin,Your Family Entertainment AG  N,Your Family Entertainment AG,Communication Services,Entertainment,Germany,Munich,EUR,EQUITY,5014169.0,10.0,https://www.yfe.tv,DE000A161N14
A161N2.ETR,TUF.F,ETR,isin,LIBERO football finance AG    I,LIBERO Football Finance AG,Financial Services,Credit Services,Germany,Frankfurt am Main,EUR,EQUITY,6901560.0,,https://libero-football-finance.com,DE000A161N22
A161N3.ETR,GLJ.DE,ETR,isin,GRENKE AG                     N,Grenke AG,Financial Services,Credit Services,Germany,Baden-Baden,EUR,EQUITY,526600320.0,2500.0,https://www.grenke.com,DE000A161N30
A1681X.ETR,SNG.F,ETR,isin,Singulus Technologies AG      I,Singulus Technologies AG,Industrials,Specialty Industrial Machinery,Germany,Kahl am Main,EUR,EQUITY,70994288.0,286.0,https://www.singulus.com,DE000A1681X5
A16820.ETR,SVE.DE,ETR,isin,Shareholder Value Beteilig.AG N,Shareholder Value Beteiligungen AG,Financial Services,Asset Management,Germany,Frankfurt am Main,EUR,EQUITY,48069060.0,,https://svb-ag.de,DE000A168205
A1A6V4.ETR,KSC.DE,ETR,isin,KPS AG                        N,KPS AG,Technology,Information Technology Services,Germany,Unterföhring,EUR,EQUITY,8642193.0,456.0,https://kps.com,DE000A1A6V48
A1A6WE.ETR,AJ91.DE,ETR,isin,DocCheck AG                   N,DocCheck AG,Healthcare,Health Information Services,Germany,Cologne,EUR,EQUITY,58348884.0,414.0,https://www.doccheck.ag,DE000A1A6WE6
A1C5WJ.ETR,NXPI,ETR,isin,NXP Semiconductors N.V.,NXP Semiconductors N.V.,Technology,Semiconductors,Netherlands,Eindhoven,USD,EQUITY,67578933248.0,32169.0,https://www.nxp.com,NL0009538784
A1C6TV.ETR,UAL,ETR,isin,"United Airlines Holdings, Inc.","United Airlines Holdings, Inc.",Industrials,Airlines,United States,Chicago,USD,EQUITY,39133372416.0,117500.0,https://www.united.com,US9100471096
A1C7VF.ETR,FRCB,ETR,isin,First Republic Bank (San Franci,First Republic Bank,Financial Services,Banks - Regional,United States,San Francisco,USD,EQUITY,55865.0,7213.0,,US33616C1009
A1C8XS.ETR,SAV.L,ETR,isin,SAVANNAH RESOURCES PLC ORD 1P,Savannah Resources Plc,Basic Materials,Other Industrial Metals & Mining,United Kingdom,London,GBp,EQUITY,157102432.0,39.0,https://www.savannahresources.com,GB00B647W791
A1C9CM.ETR,GM,ETR,isin,General Motors Company,General Motors Company,Consumer Cyclical,Auto Manufacturers,United States,Detroit,USD,EQUITY,78723465216.0,156000.0,https://www.gm.com,US37045V1008
A1CTQA.ETR,SWK,ETR,isin,"Stanley Black & Decker, Inc.","Stanley Black & Decker, Inc.",Industrials,Tools & Accessories,United States,New Britain,USD,EQUITY,14639250432.0,43500.0,https://www.stanleyblackanddecker.com,US8545021011
A1CUXD.ETR,ARBN.SW,ETR,isin,ARBONIA N,Arbonia AG,Industrials,Building Products & Equipment,Switzerland,Arbon,CHF,EQUITY,271983840.0,3574.0,https://www.arbonia.com/de/,CH0110240600
A1CX3T.ETR,TSLA,ETR,isin,"Tesla, Inc.","Tesla, Inc.",Consumer Cyclical,Auto Manufacturers,United States,Austin,USD,EQUITY,1221279088640.0,134785.0,https://www.tesla.com,US88160R1014
A1DAHH.ETR,BNR.DE,ETR,isin,Brenntag SE                   N,Brenntag SE,Basic Materials,Specialty Chemicals,Germany,Essen,EUR,EQUITY,8761305088.0,17300.0,https://www.brenntag.com,DE000A1DAHH0
A1EMG5.ETR,WIG1.F,ETR,isin,SPORTTOTAL AG                 I,Sporttotal AG,Communication Services,Entertainment,Germany,Cologne,EUR,EQUITY,70849.0,100.0,https://www.sporttotal.com,DE000A1EMG56
A1EMHE.ETR,GTK.DE,ETR,isin,Tonkens Agrar AG              I,Tonkens Agrar AG,Consumer Defensive,Farm Products,Germany,Sülzetal,EUR,EQUITY,11281200.0,82.0,https://www.tonkens-agrar.de,DE000A1EMHE0
A1EWVR.ETR,A62.DU,ETR,isin,IGP Advantag AG               I,IGP Advan­tag AG,Industrials,Engineering & Construction,Germany,Berlin,EUR,EQUITY,277327.0,182.0,https://www.igp-advantag.ag,DE000A1EWVR2
A1EWVY.ETR,FYB.DE,ETR,isin,Formycon AG                   I,Formycon AG,Healthcare,Biotechnology,Germany,Planegg,EUR,EQUITY,330837216.0,203.0,https://www.formycon.com,DE000A1EWVY8
A1EWWW.ETR,ADS.DE,ETR,isin,adidas AG                     N,adidas AG,Consumer Cyclical,Footwear & Accessories,Germany,Herzogenaurach,EUR,EQUITY,31896205312.0,48487.0,https://www.adidas-group.com,DE000A1EWWW0
A1EWXA.ETR,ABO.DE,ETR,isin,clearvise AG                  I,clearvise AG,Utilities,Utilities - Renewable,Germany,Frankfurt am Main,EUR,EQUITY,85905304.0,19.0,https://www.clearvise.de,DE000A1EWXA4
A1H6AJ.ETR,IAG.L,ETR,isin,INTERNATIONAL CONSOLIDATED AIRL,International Consolidated Airlines Group S.A.,Industrials,Airlines,United Kingdom,Harmondsworth,GBp,EQUITY,19539122176.0,54620.0,https://www.iairgroup.com,ES0177542018
A1H6GK.ETR,KMI,ETR,isin,"Kinder Morgan, Inc.","Kinder Morgan, Inc.",Energy,Oil & Gas Midstream,United States,Houston,USD,EQUITY,70638223360.0,11028.0,https://www.kindermorgan.com,US49456B1017
A1H81L.ETR,RR.L,ETR,isin,ROLLS-ROYCE HOLDINGS PLC ORD SH,Rolls-Royce Holdings plc,Industrials,Aerospace & Defense,United Kingdom,London,GBp,EQUITY,117154291712.0,43162.0,https://www.rolls-royce.com,GB00B63H8491
A1H81M.ETR,SREN.SW,ETR,isin,SWISS RE N,Swiss Re AG,Financial Services,Insurance - Reinsurance,Switzerland,Zurich,CHF,EQUITY,40020586496.0,13806.0,https://www.swissre.com,CH0126881561
A1H8BV.ETR,NOEJ.F,ETR,isin,NORMA Group SE                N,NORMA Group SE,Industrials,Metal Fabrication,Germany,Maintal,EUR,EQUITY,512169952.0,4687.0,https://www.normagroup.com,DE000A1H8BV3
A1H92V.ETR,C,ETR,isin,"Citigroup, Inc.",Citigroup Inc.,Financial Services,Banks - Diversified,United States,New York,USD,EQUITY,223261966336.0,219000.0,https://www.citigroup.com,US1729674242
A1H9GN.ETR,PTC,ETR,isin,PTC Inc.,PTC Inc.,Technology,Software - Application,United States,Boston,USD,EQUITY,14462480384.0,7000.0,https://www.ptc.com,US69370C1009
A1J0EV.ETR,DUK,ETR,isin,Duke Energy Corporation (Holdin,Duke Energy Corporation,Utilities,Utilities - Regulated Electric,United States,Charlotte,USD,EQUITY,100435386368.0,26441.0,https://www.duke-energy.com,US26441C2044
A1J4U0.ETR,MDLZ,ETR,isin,"Mondelez International, Inc.","Mondelez International, Inc.",Consumer Defensive,Confectioners,United States,Chicago,USD,EQUITY,77879033856.0,91000.0,https://www.mondelezinternational.com,US6092071058
A1J4U4.ETR,ASML.AS,ETR,isin,ASML HOLDING,ASML Holding N.V.,Technology,Semiconductor Equipment & Materials,Netherlands,Veldhoven,EUR,EQUITY,535589060608.0,43938.0,https://www.asml.com,NL0010273215
A1J5RX.ETR,O2D.HM,ETR,isin,TELEFONICA DTLD HLDG NA,Telefónica Deutschland Holding AG,Communication Services,Telecom Services,Germany,Munich,EUR,EQUITY,5770636800.0,7255.0,https://www.telefonica.de,DE000A1J5RX9
A1J6Y4.ETR,FANG,ETR,isin,"Diamondback Energy, Inc.","Diamondback Energy, Inc.",Energy,Oil & Gas E&P,United States,Midland,USD,EQUITY,55081148416.0,1762.0,https://www.diamondbackenergy.com,US25278X1090
A1J84E.ETR,ABBV,ETR,isin,AbbVie Inc.,AbbVie Inc.,Healthcare,Drug Manufacturers - General,United States,North Chicago,USD,EQUITY,453906759680.0,57000.0,https://www.abbvie.com,US00287Y1091
A1J85V.ETR,ASML,ETR,isin,ASML Holding N.V. - New York Re,ASML Holding N.V.,Technology,Semiconductor Equipment & Materials,Netherlands,Veldhoven,USD,EQUITY,635785379840.0,43938.0,https://www.asml.com,USN070592100
A1JA81.ETR,PLUG,ETR,isin,"Plug Power, Inc.",Plug Power Inc.,Industrials,Electrical Equipment & Parts,United States,Slingerlands,USD,EQUITY,2873842176.0,2344.0,https://www.plugpower.com,US72919P2020
A1JC82.ETR,ENPH,ETR,isin,"Enphase Energy, Inc.","Enphase Energy, Inc.",Technology,Solar,United States,Fremont,USD,EQUITY,5009650176.0,2872.0,https://www.enphase.com,US29355A1079
A1JD3A.ETR,RL,ETR,isin,Ralph Lauren Corporation,Ralph Lauren Corporation,Consumer Cyclical,Apparel Manufacturing,United States,New York,USD,EQUITY,22612639744.0,15600.0,https://www.ralphlauren.com,US7512121010
A1JE0N.ETR,FBIN,ETR,isin,"Fortune Brands Innovations, Inc","Fortune Brands Innovations, Inc.",Industrials,Building Products & Equipment,United States,Deerfield,USD,EQUITY,6141224960.0,10000.0,https://www.fbin.com,US34964C1062
A1JEXK.ETR,MPC,ETR,isin,Marathon Petroleum Corporation,Marathon Petroleum Corporation,Energy,Oil & Gas Refining & Marketing,United States,Findlay,USD,EQUITY,91186413568.0,18500.0,https://www.marathonpetroleum.com,US56585A1025
A1JFWK.ETR,MOS,ETR,isin,Mosaic Company (The),The Mosaic Company,Basic Materials,Agricultural Inputs,United States,Tampa,USD,EQUITY,7100694528.0,13249.0,https://www.mosaicco.com,US61945C1036
A1JJQC.ETR,PNL.AS,ETR,isin,POSTNL,PostNL N.V.,Industrials,Integrated Freight & Logistics,Netherlands,The Hague,EUR,EQUITY,452725760.0,31531.0,https://www.postnl.nl,NL0009739416
A1JMBU.ETR,XYL,ETR,isin,Xylem Inc.,Xylem Inc.,Industrials,Specialty Industrial Machinery,United States,Washington,USD,EQUITY,28561250304.0,22000.0,https://www.xylem.com,US98419M1009
A1JNDJ.ETR,VAC,ETR,isin,Marriott Vacations Worldwide Co,Marriott Vacations Worldwide Corporation,Consumer Cyclical,Resorts & Casinos,United States,Orlando,USD,EQUITY,3395498752.0,21100.0,https://www.marriottvacationsworldwide.com,US57164Y1073
A1JRLJ.ETR,EXPE,ETR,isin,"Expedia Group, Inc.","Expedia Group, Inc.",Consumer Cyclical,Travel Services,United States,Seattle,USD,EQUITY,33410545664.0,16000.0,https://www.expediagroup.com,US30212P3038
A1JRLK.ETR,TRIP,ETR,isin,"TripAdvisor, Inc.","Tripadvisor, Inc.",Consumer Cyclical,Travel Services,United States,Needham,USD,EQUITY,1661637504.0,2555.0,https://www.tripadvisor.com,US8969452015
A1JS25.ETR,POST,ETR,isin,"Post Holdings, Inc.","Post Holdings, Inc.",Consumer Defensive,Packaged Foods,United States,Saint Louis,USD,EQUITY,4138405120.0,13180.0,https://www.postholdings.com,US7374461041
A1JS7T.ETR,MUX.MX,ETR,isin,MCEWEN INC,McEwen Inc.,Basic Materials,Other Precious Metals & Mining,Canada,Toronto,MXN,EQUITY,21207732224.0,1981.0,https://www.mcewenmining.com,US58039P1075
A1JSSD.ETR,AII.TO,ETR,isin,ALMONTY INDUSTRIES INC,Almonty Industries Inc.,Basic Materials,Other Industrial Metals & Mining,United States,Dillon,CAD,EQUITY,5334346752.0,341.0,https://almonty.com,CA0203981034
A1JTC1.ETR,EZJ.L,ETR,isin,EASYJET PLC ORD 27 2/7P,easyJet plc,Industrials,Airlines,United Kingdom,Luton,GBp,EQUITY,4609246720.0,19224.0,https://www.easyjet.com,GB00B7KR2P84
A1JU1D.ETR,MTSI,ETR,isin,MACOM Technology Solutions Hold,"MACOM Technology Solutions Holdings, Inc.",Technology,Semiconductors,United States,Lowell,USD,EQUITY,20071890944.0,2000.0,https://www.macom.com,US55405Y1001
A1JUDY.ETR,MVIS,ETR,isin,"Microvision, Inc.","MicroVision, Inc.",Technology,Scientific & Technical Instruments,United States,Redmond,USD,EQUITY,88788472.0,190.0,https://www.microvision.com,US5949603048
A1JWQU.ETR,PSX,ETR,isin,Phillips 66,Phillips 66,Energy,Oil & Gas Refining & Marketing,United States,Houston,USD,EQUITY,83322314752.0,12600.0,https://www.phillips66.com,US7185461040
A1JWVX.ETR,META,ETR,isin,"Meta Platforms, Inc.","Meta Platforms, Inc.",Communication Services,Internet Content & Information,United States,Menlo Park,USD,EQUITY,1507493412864.0,77986.0,https://www.meta.com,US30303M1027
A1JX4P.ETR,NOW,ETR,isin,"ServiceNow, Inc.","ServiceNow, Inc.",Technology,Software - Application,United States,Santa Clara,USD,EQUITY,109134471168.0,29187.0,https://www.servicenow.com,US81762P1021
A1JXCV.ETR,GYC.DE,ETR,isin,Grand City Properties S.A.    A,Grand City Properties S.A.,Real Estate,Real Estate Services,Luxembourg,Luxembourg,EUR,EQUITY,1731315072.0,586.0,https://www.grandcityproperties.com,LU0775917882
A1JXTD.ETR,NWG.L,ETR,isin,NATWEST GROUP PLC ORD 107.69P,NatWest Group plc,Financial Services,Banks - Regional,United Kingdom,Edinburgh,GBp,EQUITY,53383118848.0,53200.0,https://www.natwestgroup.com,GB00B7T77214
A1JYVT.ETR,SANM,ETR,isin,Sanmina Corporation,Sanmina Corporation,Technology,Electronic Components,United States,San Jose,USD,EQUITY,11196566528.0,35000.0,https://www.sanmina.com,US8010561020
A1JZ0Q.ETR,PANW,ETR,isin,"Palo Alto Networks, Inc.","Palo Alto Networks, Inc.",Technology,Software - Infrastructure,United States,Santa Clara,USD,EQUITY,258615803904.0,21491.0,https://www.paloaltonetworks.com,US6974351057
A1K020.ETR,GSC1.DE,ETR,isin,GESCO SE                      N,Gesco SE,Industrials,Specialty Industrial Machinery,Germany,Wuppertal,EUR,EQUITY,136077072.0,1645.0,https://www.gesco.de,DE000A1K0201
A1K023.ETR,SMHN.DE,ETR,isin,SUSS MicroTec SE              N,SUSS MicroTec SE,Technology,Semiconductor Equipment & Materials,Germany,Garching bei Munchen,EUR,EQUITY,1356247424.0,1484.0,https://www.suss.com,DE000A1K0235
A1K03W.ETR,NXR.F,ETR,isin,NeXR Technologies SE          I,NeXR Technologies SE,Technology,Computer Hardware,Germany,Berlin,EUR,EQUITY,37099.0,65.0,https://nexr-technologies.de,DE000A1K03W5
A1KAGC.ETR,COLO-B.CO,ETR,isin,Coloplast B A/S,Coloplast A/S,Healthcare,Medical Instruments & Supplies,Denmark,Humlebæk,DKK,EQUITY,96682360832.0,17083.0,https://www.coloplast.com,DK0060448595
A1KBYX.ETR,ZTS,ETR,isin,Zoetis Inc.,Zoetis Inc.,Healthcare,Drug Manufacturers - Specialty & Generic,United States,Parsippany,USD,EQUITY,32247027712.0,14500.0,https://www.zoetis.com,US98978V1035
A1ML7J.ETR,VNA.DE,ETR,isin,Vonovia SE                    N,Vonovia SE,Real Estate,Real Estate Services,Germany,Bochum,EUR,EQUITY,18113878016.0,12898.0,https://www.vonovia.com,DE000A1ML7J1
A1MMCC.ETR,ILM1.DE,ETR,isin,Medios AG                     I,Medios AG,Healthcare,Medical Distribution,Germany,Berlin,EUR,EQUITY,309639488.0,993.0,https://www.medios.ag,DE000A1MMCC8
A1MME7.ETR,NF4.F,ETR,isin,Netfonds AG                   v,Netfonds AG,Financial Services,Financial Conglomerates,Germany,Hamburg,EUR,EQUITY,187564992.0,359.0,https://www.netfonds.de,DE000A1MME74
A1MMEV.ETR,PGH.DE,ETR,isin,The Payments Group Hldg KGaA  N,SGT German Private Equity GmbH & Co. KGaA,Financial Services,Asset Management,Germany,Frankfurt am Main,EUR,EQUITY,2986800.0,3.0,https://www.sgt-germanpe.com,DE000A1MMEV4
A1PG50.ETR,FF24.F,ETR,isin,Fast Finance 24 Holding AG    I,Fast Finance24 Holding AG,Financial Services,Credit Services,Germany,Berlin,EUR,EQUITY,1821424.0,2.0,https://www.fastfinance24.com,DE000A1PG508
A1PHBB.ETR,RSL2.F,ETR,isin,R. Stahl AG                   N,R. STAHL AG,Industrials,Specialty Industrial Machinery,Germany,Waldenburg,EUR,EQUITY,87476680.0,1617.0,https://r-stahl.com,DE000A1PHBB5
A1PHFF.ETR,BOSS.DE,ETR,isin,HUGO BOSS AG                  N,Hugo Boss AG,Consumer Cyclical,Apparel Manufacturing,Germany,Metzingen,EUR,EQUITY,2619163648.0,17046.0,https://www.hugoboss.com,DE000A1PHFF7
A1RFMY.ETR,RCMN.DE,ETR,isin,RCM Beteiligungs AG           N,RCM Beteiligungs AG,Real Estate,Real Estate - Development,Germany,Sindelfingen,EUR,EQUITY,12260835.0,19.0,https://www.rcm-ag.de/,DE000A1RFMY4
A1RFMZ.ETR,SMWN.DE,ETR,isin,SM Wirtschaftsberat.AG        N,SM Wirtschaftsberatungs AG,Real Estate,REIT - Diversified,Germany,Sindelfingen,EUR,EQUITY,17591600.0,6.0,https://www.smw-ag.de,DE000A1RFMZ1
A1T7LU.ETR,TMUS,ETR,isin,"T-Mobile US, Inc.","T-Mobile US, Inc.",Communication Services,Telecom Services,United States,Bellevue,USD,EQUITY,190088151040.0,75000.0,https://www.t-mobile.com,US8725901040
A1TNNN.ETR,ACWN.F,ETR,isin,A.S.CREATION TAPETEN NA,A.S. Création Tapeten AG,Consumer Cyclical,"Furnishings, Fixtures & Appliances",Germany,Gummersbach,EUR,EQUITY,20948268.0,607.0,https://www.as-creation.com,DE000A1TNNN5
A1TNU6.ETR,SF3.DE,ETR,isin,STS Group AG                  I,STS Group AG,Consumer Cyclical,Auto Parts,Germany,Hagen,EUR,EQUITY,18060000.0,1431.0,https://www.sts.group,DE000A1TNU68
A1TNUT.ETR,DBAN.F,ETR,isin,Deutsche Beteiligungs AG      N,Deutsche Beteiligungs AG,Financial Services,Asset Management,Germany,Frankfurt am Main,EUR,EQUITY,380803008.0,122.0,https://www.dbag.com,DE000A1TNUT7
A1TNV9.ETR,ADE.DE,ETR,isin,Bitcoin Group SE              I,Bitcoin Group SE,Financial Services,Asset Management,Germany,Herford,EUR,EQUITY,118600000.0,30.0,https://www.bitcoingroup.com,DE000A1TNV91
A1TNWJ.ETR,MPCK.DE,ETR,isin,MPC MUENCH.PET.CAP.,MPC Münchmeyer Petersen Capital AG,Financial Services,Asset Management,Germany,Hamburg,EUR,EQUITY,182587136.0,280.0,https://www.mpc-capital.com,DE000A1TNWJ4
A1W2MF.ETR,ALLY,ETR,isin,Ally Financial Inc.,Ally Financial Inc.,Financial Services,Credit Services,United States,Detroit,USD,EQUITY,13287442432.0,10300.0,https://www.ally.com,US02005N1000
A1W2YK.ETR,BB.TO,ETR,isin,BLACKBERRY LIMITED,BlackBerry Limited,Technology,Software - Infrastructure,Canada,Waterloo,CAD,EQUITY,6962872832.0,1749.0,https://www.blackberry.com,CA09228F1036
A1W4ER.ETR,CHGG,ETR,isin,"Chegg, Inc.","Chegg, Inc.",Consumer Defensive,Education & Training Services,United States,Santa Clara,USD,EQUITY,110346632.0,564.0,https://www.chegg.com,US1630921096
A1W58K.ETR,RNG,ETR,isin,"Ringcentral, Inc.","RingCentral, Inc.",Technology,Software - Application,United States,Belmont,USD,EQUITY,4503207424.0,7378.0,https://www.ringcentral.com,US76680R2067
A1W5CT.ETR,LDOS,ETR,isin,"Leidos Holdings, Inc.","Leidos Holdings, Inc.",Technology,Information Technology Services,United States,Reston,USD,EQUITY,14459038720.0,50000.0,https://www.leidos.com,US5253271028
A1W5H0.ETR,ICE,ETR,isin,Intercontinental Exchange Inc.,"Intercontinental Exchange, Inc.",Financial Services,Financial Data & Stock Exchanges,United States,Atlanta,USD,EQUITY,84108673024.0,12694.0,https://www.ice.com,US45866F1049
A1W5SA.ETR,VEEV,ETR,isin,Veeva Systems Inc.,Veeva Systems Inc.,Healthcare,Health Information Services,United States,Pleasanton,USD,EQUITY,31588724736.0,7928.0,https://www.veeva.com,US9224751084
A1W6RN.ETR,0P0000UF71.F,ETR,isin,0P0000UF71.F,BlackRock ICS Euro Liq Prem Acc EUR,,,,,EUR,MUTUALFUND,,,,IE00B3ZJFC95
A1W8XE.ETR,SIRI,ETR,isin,SiriusXM Holdings Inc.,Sirius XM Holdings Inc.,Communication Services,Entertainment,United States,New York,USD,EQUITY,10509274112.0,5119.0,https://www.siriusxm.com,US82968B1035
A1W97M.ETR,AAL,ETR,isin,"American Airlines Group, Inc.",American Airlines Group Inc.,Industrials,Airlines,United States,Fort Worth,USD,EQUITY,9896450048.0,143400.0,https://www.aa.com,US02376R1023
A1WY6X.ETR,COTY,ETR,isin,Coty Inc.,Coty Inc.,Consumer Defensive,Household & Personal Products,United States,New York,USD,EQUITY,2394868736.0,11636.0,https://www.coty.com,US2220702037
A1X3WX.ETR,ERWE.DE,ETR,isin,ERWE Immobilien AG            I,ERWE Immobilien AG,Real Estate,Real Estate - Development,Germany,Frankfurt am Main,EUR,EQUITY,6288108.0,31.0,https://www.erwe-ag.com,DE000A1X3WX6
A1X3X3.ETR,WCMK.HM,ETR,isin,WCM Beteil.u.Grundbesitz AG   I,WCM Beteiligungs- und Grundbesitz-AG,Real Estate,Real Estate Services,Germany,Berlin,EUR,EQUITY,272373856.0,,https://www.wcm.de,DE000A1X3X33
A1X3XX.ETR,BRNK.DE,ETR,isin,BRANICKS Group AG             N,Branicks Group AG,Real Estate,Real Estate Services,Germany,Frankfurt am Main,EUR,EQUITY,81894200.0,310.0,https://www.branicks.com,DE000A1X3XX4
A1X3YY.ETR,BST.F,ETR,isin,BASTEI LUEBBE AG  O.N.,Bastei Lübbe AG,Communication Services,Publishing,Germany,Cologne,EUR,EQUITY,85937312.0,351.0,https://bastei-luebbe.de,DE000A1X3YY0
A1XA83.ETR,VOD.L,ETR,isin,VODAFONE GROUP PLC ORD USD0.20 ,Vodafone Group Public Limited Company,Communication Services,Telecom Services,United Kingdom,Newbury,GBp,EQUITY,27989995520.0,91128.0,https://www.vodafone.com,GB00BH4HKS39
A1XA8R.ETR,NOVO-B.CO,ETR,isin,Novo Nordisk B A/S,Novo Nordisk A/S,Healthcare,Drug Manufacturers - General,Denmark,Bagsvaerd,DKK,EQUITY,1449497329664.0,67900.0,https://www.novonordisk.com,DK0060534915
A1XDTV.ETR,QURE,ETR,isin,uniQure N.V.,uniQure N.V.,Healthcare,Biotechnology,Netherlands,Amsterdam,USD,EQUITY,2627101696.0,221.0,https://www.uniqure.com,NL0010696654
A1XE7G.ETR,GPRO,ETR,isin,"GoPro, Inc.","GoPro, Inc.",Technology,Consumer Electronics,United States,San Mateo,USD,EQUITY,119368000.0,636.0,https://www.gopro.com,US38268T1034
A1XFG9.ETR,FIVN,ETR,isin,"Five9, Inc.","Five9, Inc.",Technology,Software - Infrastructure,United States,San Ramon,USD,EQUITY,1956209792.0,2910.0,https://www.five9.com,US3383071012
A1XFVG.ETR,PAYC,ETR,isin,"Paycom Software, Inc.","Paycom Software, Inc.",Technology,Software - Application,United States,Oklahoma City,USD,EQUITY,7054679552.0,5770.0,https://www.paycom.com,US70432V1026
A1YC91.ETR,FC9.DE,ETR,isin,FCR Immobilien AG             N,FCR Immobilien AG,Real Estate,Real Estate Services,Germany,Pullach,EUR,EQUITY,110549064.0,39.0,https://fcr-immobilien.de,DE000A1YC913
A1YC99.ETR,PU11.F,ETR,isin,The Social Chain AG           N,The Social Chain AG,Communication Services,Internet Content & Information,Germany,Berlin,EUR,EQUITY,68118.0,657.0,https://www.socialchain.de,DE000A1YC996
A1YDAZ.ETR,SD1.HM,ETR,isin,Clean Logistics SE            N,Clean Logistics SE,Consumer Cyclical,Auto Parts,Germany,Hamburg,EUR,EQUITY,59199.0,97.0,https://cleanlogistics.de,DE000A1YDAZ7
A25421.ETR,ISHA.DE,ETR,isin,INTERSHOP Communications AG   I,INTERSHOP Communications Aktiengesellschaft,Technology,Software - Application,Germany,Jena,EUR,EQUITY,34786052.0,222.0,https://www.intershop.com,DE000A254211
A25429.ETR,IPOK.F,ETR,isin,SQD.AI Strategies AG          I,Heidelberger Beteiligungsholding AG,Financial Services,Asset Management,Germany,Heidelberg,EUR,EQUITY,30319030.0,,https://heidelberger-beteiligungsholding.de/investor-relations,DE000A254294
A255F1.ETR,DE000A255F11.SG,ETR,isin,Friedrich Vorwerk Group SE,,,,,,EUR,EQUITY,,,,DE000A255F11
A255G0.ETR,H2O.F,ETR,isin,Enapter AG                    I,Enapter AG,Industrials,Specialty Industrial Machinery,Germany,Hamburg,EUR,EQUITY,33034078.0,193.0,https://www.enapterag.de,DE000A255G02
A28890.ETR,COP.HM,ETR,isin,CompuGroup Medical SE &Co.KGaAN,CompuGroup Medical SE & Co. KGaA,,,Germany,Koblenz,EUR,EQUITY,,8700.0,https://www.cgm.com,DE000A288904
A289B0.ETR,TLIK.F,ETR,isin,Arzneiwerk AG VIDA            I,Arzneiwerk AG VIDA,Healthcare,Medical Distribution,Germany,Berlin,EUR,EQUITY,1489801.0,1.0,https://www.arzneiwerk.ag,DE000A289B07
A289V0.ETR,93M1.F,ETR,isin,MPH Health Care AG            I,MPH Health Care AG,Financial Services,Asset Management,Germany,Berlin,EUR,EQUITY,101040664.0,2.0,https://www.mph-ag.de,DE000A289V03
A289VV.ETR,HAEK.HM,ETR,isin,HAEMATO AG                    I,HAEMATO AG,Healthcare,Drug Manufacturers - Specialty & Generic,Germany,Schönefeld,EUR,EQUITY,67577336.0,76.0,https://www.haemato.ag,DE000A289VV1
A2AA20.ETR,DFTK.DE,ETR,isin,DF Deutsche Forfait AG        N,DF Deutsche Forfait AG,Financial Services,Capital Markets,Germany,Cologne,EUR,EQUITY,19019974.0,64.0,https://dfag.de,DE000A2AA204
A2AAA7.ETR,T3T1.DE,ETR,isin,SEVEN PRINCIPLES AG           I,Seven Principles AG,Technology,Information Technology Services,Germany,Cologne,EUR,EQUITY,18023770.0,333.0,https://www.7p-group.com,DE000A2AAA75
A2AAE2.ETR,CY1K.F,ETR,isin,SBF AG                        I,SBF AG,Industrials,Railroads,Germany,Leipzig,EUR,EQUITY,29410480.0,312.0,https://www.sbf-ag.com,DE000A2AAE22
A2ACKK.ETR,RACE.MI,ETR,isin,FERRARI,Ferrari N.V.,Consumer Cyclical,Auto Manufacturers,Italy,Maranello,EUR,EQUITY,58955538432.0,5740.0,https://www.ferrari.com,NL0011585146
A2AF0E.ETR,XRAY,ETR,isin,DENTSPLY SIRONA Inc.,DENTSPLY SIRONA Inc.,Healthcare,Medical Instruments & Supplies,United States,Charlotte,USD,EQUITY,2608253696.0,14000.0,https://www.dentsplysirona.com,US24906P1093
A2AF8T.ETR,UA,ETR,isin,"Under Armour, Inc.","Under Armour, Inc.",Consumer Cyclical,Apparel Manufacturing,United States,Baltimore,USD,EQUITY,2954431488.0,6200.0,https://www.underarmour.com,US9043112062
A2AHZ7.ETR,SPGI,ETR,isin,S&P Global Inc.,S&P Global Inc.,Financial Services,Financial Data & Stock Exchanges,United States,New York,USD,EQUITY,130189672448.0,44500.0,https://www.spglobal.com,US78409V1044
A2AJ0F.ETR,FTV,ETR,isin,Fortive Corporation,Fortive Corporation,Technology,Scientific & Technical Instruments,United States,Everett,USD,EQUITY,19181854720.0,10000.0,https://www.fortive.com,US34959J1088
A2AJ68.ETR,COPN.SW,ETR,isin,COSMO N,Cosmo N.V.,Healthcare,Drug Manufacturers - General,Ireland,Dublin,CHF,EQUITY,1096753536.0,324.0,https://www.cosmohealthconfidence.com,NL0011832936
A2AJTS.ETR,ITT,ETR,isin,ITT Inc.,ITT Inc.,Industrials,Specialty Industrial Machinery,United States,Stamford,USD,EQUITY,17770317824.0,11600.0,https://www.itt.com,US45073V1089
A2AJX9.ETR,CHTR,ETR,isin,"Charter Communications, Inc.","Charter Communications, Inc.",Communication Services,Telecom Services,United States,Stamford,USD,EQUITY,17738065920.0,91900.0,https://corporate.charter.com,US16119P1084
A2ANT0.ETR,AD.AS,ETR,isin,KONINKLIJKE AHOLD DELHAIZE N.V.,Koninklijke Ahold Delhaize N.V.,Consumer Defensive,Grocery Stores,Netherlands,Zaandam,EUR,EQUITY,30734669824.0,384000.0,https://www.aholddelhaize.com,NL0011794037
A2ANV3.ETR,INGA.AS,ETR,isin,ING GROEP N.V.,ING Groep N.V.,Financial Services,Banks - Diversified,Netherlands,Amsterdam,EUR,EQUITY,83501662208.0,60000.0,https://www.ing.com,NL0011821202
A2AQCA.ETR,JCI,ETR,isin,Johnson Controls International ,Johnson Controls International plc,Industrials,Building Products & Equipment,Ireland,Cork,USD,EQUITY,87484473344.0,87000.0,https://www.johnsoncontrols.com,IE00BY7QL619
A2AR94.ETR,RDC.DE,ETR,isin,Redcare Pharmacy N.V.         A,Redcare Pharmacy NV,Healthcare,Pharmaceutical Retailers,Netherlands,Sevenum,EUR,EQUITY,1401775232.0,2163.0,https://www.redcare-pharmacy.com,NL0012044747
A2ARCV.ETR,TTD,ETR,isin,"The Trade Desk, Inc.","The Trade Desk, Inc.",Communication Services,Advertising Agencies,United States,Ventura,USD,EQUITY,8405536768.0,3843.0,https://www.thetradedesk.com,US88339J1051
A2ARTP.ETR,YUMC,ETR,isin,"Yum China Holdings, Inc.","Yum China Holdings, Inc.",Consumer Cyclical,Restaurants,China,Shanghai,USD,EQUITY,15336114176.0,130000.0,https://www.yumchina.com,US98850P1093
A2ASUV.ETR,ABI.BR,ETR,isin,AB INBEV,Anheuser-Busch InBev SA/NV,Consumer Defensive,Beverages - Brewers,Belgium,Leuven,EUR,EQUITY,139459837952.0,137000.0,https://www.ab-inbev.com,BE0974293251
A2ASZ7.ETR,AA,ETR,isin,Alcoa Corporation,Alcoa Corporation,Basic Materials,Aluminum,United States,Pittsburgh,USD,EQUITY,11632359424.0,14900.0,https://www.alcoa.com,US0138721065
A2AT0H.ETR,ADNT,ETR,isin,Adient plc,Adient plc,Consumer Cyclical,Auto Parts,Ireland,Dublin,USD,EQUITY,1624725248.0,65000.0,https://www.adient.com,IE00BD845X29
A2BPK3.ETR,VRL.DE,ETR,isin,net digital AG                I,Net-Digital AG,Technology,Software - Application,Germany,Düsseldorf,EUR,EQUITY,37953756.0,,https://net-digital.com,DE000A2BPK34
A2DA58.ETR,MXHN.F,ETR,isin,MAX Automation SE             N,MAX Automation SE,Industrials,Specialty Industrial Machinery,Germany,Hamburg,EUR,EQUITY,149712752.0,1682.0,https://www.maxautomation.com,DE000A2DA588
A2DAM0.ETR,AAG.DE,ETR,isin,Aumann AG                     I,Aumann AG,Industrials,Specialty Industrial Machinery,Germany,Beelen,EUR,EQUITY,170505024.0,741.0,https://www.aumann.com,DE000A2DAM03
A2DH1A.ETR,HLT,ETR,isin,Hilton Worldwide Holdings Inc.,Hilton Worldwide Holdings Inc.,Consumer Cyclical,Lodging,United States,McLean,USD,EQUITY,75317460992.0,182000.0,https://www.hilton.com,US43300A2033
A2DJTU.ETR,RH,ETR,isin,RH,RH,Consumer Cyclical,Specialty Retail,United States,Corte Madera,USD,EQUITY,3398581504.0,6510.0,https://www.rh.com,US74967X1037
A2DJV6.ETR,UCG.MI,ETR,isin,UNICREDIT,UniCredit S.p.A.,Financial Services,Banks - Regional,Italy,Milan,EUR,EQUITY,122499162112.0,62806.0,https://www.unicreditgroup.eu,IT0005239360
A2DKCH.ETR,QIA.HA,ETR,isin,Qiagen N.V.                   A,Qiagen NV,,,,,EUR,EQUITY,,,,NL0012169213
A2DLMS.ETR,SNAP,ETR,isin,Snap Inc.,Snap Inc.,Communication Services,Internet Content & Information,United States,Santa Monica,USD,EQUITY,7490367488.0,5381.0,https://www.snap.com,US83304A1060
A2DM8U.ETR,DXC,ETR,isin,DXC Technology Company,DXC Technology Company,Technology,Information Technology Services,United States,Ashburn,USD,EQUITY,1679151360.0,115000.0,https://dxc.com,US23355L1061
A2DQWX.ETR,NG.L,ETR,isin,NATIONAL GRID PLC ORD 12 204/47,National Grid plc,Utilities,Utilities - Regulated Electric,United Kingdom,London,GBp,EQUITY,61276602368.0,33026.0,https://www.nationalgrid.com,GB00BDR05C01
A2DR54.ETR,TGHN.F,ETR,isin,Logwin AG                     N,Logwin AG,Industrials,Integrated Freight & Logistics,Luxembourg,Grevenmacher,EUR,EQUITY,817697088.0,3690.0,https://www.logwin-logistics.com,LU1618151879
A2DR6K.ETR,CPG.L,ETR,isin,COMPASS GROUP PLC ORD 11 1/20P,Compass Group PLC,Consumer Cyclical,Restaurants,United Kingdom,Chertsey,USD,EQUITY,54376013824.0,590000.0,https://www.compass-group.com,GB00BD6K4575
A2DR6L.ETR,BIRG.IR,ETR,isin,BANK OF IRELAND GROUP PLC,Bank of Ireland Group plc,Financial Services,Banks - Regional,Ireland,Dublin,EUR,EQUITY,17396672512.0,11287.0,https://www.bankofireland.com,IE00BD1RP616
A2DRBP.ETR,WPM.TO,ETR,isin,WHEATON PRECIOUS METALS CORP,Wheaton Precious Metals Corp.,Basic Materials,Gold,Canada,Vancouver,CAD,EQUITY,71833501696.0,,https://www.wheatonpm.com,CA9628791027
A2DRTZ.ETR,MT.AS,ETR,isin,ARCELORMITTAL SA,ArcelorMittal S.A.,Basic Materials,Steel,Luxembourg,Luxembourg,EUR,EQUITY,44397977600.0,125554.0,https://corporate.arcelormittal.com,LU1598757687
A2DUAY.ETR,BKR,ETR,isin,Baker Hughes Company,Baker Hughes Company,Energy,Oil & Gas Equipment & Services,United States,Houston,USD,EQUITY,60109438976.0,56000.0,https://www.bakerhughes.com,US05722G1004
A2DUDM.ETR,BHF,ETR,isin,"Brighthouse Financial, Inc.","Brighthouse Financial, Inc.",Financial Services,Insurance - Life,United States,Charlotte,USD,EQUITY,3628275712.0,1400.0,https://www.brighthousefinancial.com,US10922N1037
A2DVLE.ETR,SSRM.TO,ETR,isin,SSR MINING INC,SSR Mining Inc.,Basic Materials,Gold,United States,Denver,CAD,EQUITY,7708293632.0,2900.0,https://www.ssrmining.com,CA7847301032
A2DVSM.ETR,CLF,ETR,isin,Cleveland-Cliffs Inc.,Cleveland-Cliffs Inc.,Basic Materials,Steel,United States,Cleveland,USD,EQUITY,6989115392.0,25000.0,https://www.clevelandcliffs.com,US1858991011
A2DW4X.ETR,ROKU,ETR,isin,"Roku, Inc.","Roku, Inc.",Communication Services,Entertainment,United States,San Jose,USD,EQUITY,21201061888.0,3600.0,https://www.roku.com,US77543R1023
A2DW84.ETR,FRHC,ETR,isin,Freedom Holding Corp.,Freedom Holdings Corp.,Financial Services,Financial Conglomerates,United States,New York,USD,EQUITY,9945412608.0,11627.0,https://www.freedomholdingcorp.com,US3563901046
A2DW8Z.ETR,AT1.DE,ETR,isin,Aroundtown SA                 B,Aroundtown SA,Real Estate,Real Estate Services,Luxembourg,Luxembourg,EUR,EQUITY,2238818048.0,1440.0,https://www.aroundtown.de,LU1673108939
A2DWB8.ETR,NTR.TO,ETR,isin,NUTRIEN LTD,Nutrien Ltd.,Basic Materials,Agricultural Inputs,Canada,Saskatoon,CAD,EQUITY,45746245632.0,,https://www.nutrien.com,CA67077M1086
A2E4K4.ETR,DHER.DE,ETR,isin,Delivery Hero SE              N,Delivery Hero SE,Consumer Cyclical,Internet Retail,Germany,Berlin,EUR,EQUITY,11499942912.0,54721.0,https://www.deliveryhero.com,DE000A2E4K43
A2E4LE.ETR,VOTR.F,ETR,isin,Voltatron AG                  I,Voltatron AG,Consumer Cyclical,Auto Parts,Germany,Fürth,EUR,EQUITY,85183672.0,133.0,https://voltatron.com,DE000A2E4LE9
A2E4MK.ETR,NUVA.F,ETR,isin,Noratis AG                    I,Noratis AG,Real Estate,Real Estate - Development,Germany,Eschborn,EUR,EQUITY,685331.0,41.0,https://www.noratis.de,DE000A2E4MK4
A2E4SV.ETR,CYR.DE,ETR,isin,cyan AG                       I,cyan AG,Technology,Software - Infrastructure,Germany,Munich,EUR,EQUITY,43789976.0,48.0,https://www.cyansecurity.com,DE000A2E4SV8
A2E4T7.ETR,2HRA.DE,ETR,isin,H&R GmbH & Co. KGaA           I,H&R GmbH & Co. KGaA,Basic Materials,Specialty Chemicals,Germany,Salzbergen,EUR,EQUITY,236730304.0,1692.0,https://www.hur.com,DE000A2E4T77
A2G833.ETR,NIIN.HM,ETR,isin,niiio finance group AG        N,niiio finance group AG,Technology,Software - Application,Germany,Görlitz,EUR,EQUITY,26219206.0,4.0,https://www.niiio.finance,DE000A2G8332
A2G8X3.ETR,SJJ.DE,ETR,isin,Serviceware SE                I,Serviceware SE,Technology,Software - Application,Germany,Idstein,EUR,EQUITY,156450000.0,424.0,https://serviceware-se.com,DE000A2G8X31
A2G9M1.ETR,CPX.F,ETR,isin,capsensixx AG                 I,capsensixx AG,Financial Services,Asset Management,Germany,Frankfurt am Main,EUR,EQUITY,55881840.0,119.0,https://www.capsensixx.de,DE000A2G9M17
A2G9MZ.ETR,S9I.HM,ETR,isin,STEMMER IMAGING AG            I,Stemmer Imaging AG,Industrials,Specialty Industrial Machinery,Germany,Munich,EUR,EQUITY,399750016.0,253.0,https://www.stemmer-imaging.com,DE000A2G9MZ9
A2GS5D.ETR,DMP.DE,ETR,isin,Dermapharm Holding SE         I,Dermapharm Holding SE,Healthcare,Drug Manufacturers - Specialty & Generic,Germany,Grünwald,EUR,EQUITY,2041081344.0,3503.0,https://ir.dermapharm.de,DE000A2GS5D8
A2GS60.ETR,SB1.DE,ETR,isin,Smartbroker Holding AG        I,Smartbroker Holding AG,Financial Services,Financial Data & Stock Exchanges,Germany,Berlin,EUR,EQUITY,149353136.0,251.0,https://www.smartbroker-holding.de,DE000A2GS609
A2GS62.ETR,CRZK.F,ETR,isin,CR Energy AG                  I,CR Energy AG,Financial Services,Asset Management,Germany,Kleinmachnow,EUR,EQUITY,1645695.0,5.0,https://www.cr-capital.de,DE000A2GS625
A2GS63.ETR,AEIN.DE,ETR,isin,Allgeier SE                   N,Allgeier SE,Technology,Information Technology Services,Germany,Munich,EUR,EQUITY,193098128.0,2605.0,https://www.allgeier.com,DE000A2GS633
A2GSU4.ETR,BKHT.DE,ETR,isin,Brockhaus Technologies AG     N,Brockhaus Technologies AG,Technology,Computer Hardware,Germany,Frankfurt am Main,EUR,EQUITY,215221920.0,488.0,https://www.brockhaus-technologies.com/en,DE000A2GSU42
A2H5A3.ETR,UMI.BR,ETR,isin,UMICORE,Umicore SA,Industrials,Waste Management,Belgium,Brussels,EUR,EQUITY,4789587968.0,10963.0,https://www.umicore.com,BE0974320526
A2H5Z1.ETR,BFSA.DE,ETR,isin,BEFESA S.A.                   A,Befesa S.A.,Industrials,Waste Management,Luxembourg,Luxembourg,EUR,EQUITY,1366000000.0,1763.0,https://www.befesa.com,LU1704650164
A2H7A5.ETR,IFRX,ETR,isin,InflaRx N.V.,InflaRx N.V.,Healthcare,Biotechnology,Germany,Jena,USD,EQUITY,250397872.0,65.0,https://www.inflarx.de,NL0012661870
A2H7JF.ETR,BAND,ETR,isin,Bandwidth Inc.,Bandwidth Inc.,Technology,Software - Infrastructure,United States,Raleigh,USD,EQUITY,1830749696.0,1100.0,https://www.bandwidth.com,US05988J1034
A2JDGJ.ETR,MBHCF,ETR,isin,MBH Corporation PLC,MBH Corporation PLC,Real Estate,Real Estate Services,United Kingdom,London,USD,EQUITY,6667460.0,476.0,https://www.mbhcorporation.com,GB00BF1GH114
A2JE3W.ETR,ASWN.SW,ETR,isin,ASMALLWORLD N,Asmallworld AG,Consumer Cyclical,Travel Services,Switzerland,Zurich,CHF,EQUITY,9038411.0,10.0,https://www.asmallworldag.com,CH0404880129
A2JE48.ETR,DBX,ETR,isin,"Dropbox, Inc.","Dropbox, Inc.",Technology,Software - Infrastructure,United States,San Francisco,USD,EQUITY,7125002240.0,2113.0,https://www.dropbox.com,US26210C1045
A2JEGN.ETR,SPOT,ETR,isin,Spotify Technology S.A.,Spotify Technology S.A.,Communication Services,Internet Content & Information,Sweden,Stockholm,USD,EQUITY,101724356608.0,7258.0,https://www.spotify.com,LU1778762911
A2JEXP.ETR,BKNG,ETR,isin,Booking Holdings Inc. Common St,Booking Holdings Inc.,Consumer Cyclical,Travel Services,United States,Norwalk,USD,EQUITY,144739549184.0,24900.0,https://www.bookingholdings.com,US09857L1089
A2JF28.ETR,ZS,ETR,isin,"Zscaler, Inc.","Zscaler, Inc.",Technology,Software - Infrastructure,United States,San Jose,USD,EQUITY,23819812864.0,7923.0,https://www.zscaler.com,US98980G1022
A2JG9Z.ETR,AVGO,ETR,isin,Broadcom Inc.,Broadcom Inc.,Technology,Semiconductors,United States,Palo Alto,USD,EQUITY,1823199985664.0,33000.0,https://www.broadcom.com,US11135F1012
A2JGMQ.ETR,ALFEN.AS,ETR,isin,ALFEN,Alfen N.V.,Industrials,Electrical Equipment & Parts,Netherlands,Almere,EUR,EQUITY,271134976.0,923.0,https://alfen.com,NL0012817175
A2JH5S.ETR,URW.PA,ETR,isin,UNIBAIL-RODAMCO-WESTFIELD,Unibail-Rodamco-Westfield SE,Real Estate,REIT - Retail,France,Paris,EUR,EQUITY,15241860096.0,1933.0,https://www.urw.com,FR0013326246
A2JKHY.ETR,BMAG.VI,ETR,isin,Bajaj Mobility AG,Bajaj Mobility AG,Consumer Cyclical,Auto Manufacturers,Austria,Mattighofen,EUR,EQUITY,686069632.0,3662.0,https://www.bajajmobility.com,AT0000KTMI02
A2JM2W.ETR,690D.DE,ETR,isin,Haier Smart Home Co. Ltd.     R,"Haier Smart Home Co., Ltd.",Consumer Cyclical,"Furnishings, Fixtures & Appliances",China,Qingdao,EUR,EQUITY,17236082688.0,134995.0,https://smart-home.haier.com,CNE1000031C1
A2JNF4.ETR,ADYEN.AS,ETR,isin,ADYEN,Adyen N.V.,Technology,Software - Infrastructure,Netherlands,Amsterdam,EUR,EQUITY,26717886464.0,4771.0,https://www.adyen.com,NL0012969182
A2JQTG.ETR,BE,ETR,isin,Bloom Energy Corporation,Bloom Energy Corporation,Industrials,Electrical Equipment & Parts,United States,San Jose,USD,EQUITY,53526646784.0,2000.0,https://www.bloomenergy.com,US0937121079
A2JSPM.ETR,IQV,ETR,isin,"IQVIA Holdings, Inc.",IQVIA Holdings Inc.,Healthcare,Diagnostics & Research,United States,Durham,USD,EQUITY,35586416640.0,93000.0,https://www.iqvia.com,US46266C1053
A2JSR1.ETR,TPR,ETR,isin,"Tapestry, Inc.","Tapestry, Inc.",Consumer Cyclical,Luxury Goods,United States,New York,USD,EQUITY,29787451392.0,12500.0,https://www.tapestry.com,US8760301072
A2LQ88.ETR,AG1.DE,ETR,isin,AUTO1 Group SE                I,AUTO1 Group SE,Consumer Cyclical,Auto & Truck Dealerships,Germany,Berlin,EUR,EQUITY,5389444096.0,6984.0,https://www.auto1-group.com,DE000A2LQ884
A2N4H0.ETR,WEW.DE,ETR,isin,Westwing Group SE             I,Westwing Group SE,Consumer Cyclical,"Furnishings, Fixtures & Appliances",Germany,Munich,EUR,EQUITY,278801760.0,1187.0,https://www.westwing.com,DE000A2N4H07
A2N5RS.ETR,ESTC,ETR,isin,Elastic N.V.,Elastic N.V.,Technology,Software - Application,Netherlands,Amsterdam,USD,EQUITY,6414980096.0,4019.0,https://www.elastic.co,NL0013056914
A2N5RY.ETR,GH,ETR,isin,"Guardant Health, Inc.","Guardant Health, Inc.",Healthcare,Diagnostics & Research,United States,Palo Alto,USD,EQUITY,19289311232.0,2490.0,https://guardanthealth.com,US40131M1099
A2N64R.ETR,REZI,ETR,isin,"Resideo Technologies, Inc.","Resideo Technologies, Inc.",Industrials,Industrial Distribution,United States,Scottsdale,USD,EQUITY,5336261632.0,14800.0,https://www.resideo.com,US76118Y1047
A2N6BH.ETR,ELAN,ETR,isin,Elanco Animal Health Incorporat,Elanco Animal Health Incorporated,Healthcare,Drug Manufacturers - Specialty & Generic,United States,Indianapolis,USD,EQUITY,12691013632.0,9400.0,https://www.elanco.com,US28414H1032
A2N6WP.ETR,DELL,ETR,isin,Dell Technologies Inc.,Dell Technologies Inc.,Technology,Computer Hardware,United States,Round Rock,USD,EQUITY,275844661248.0,97000.0,https://www.dell.com,US24703L2025
A2N7XQ.ETR,BYND,ETR,isin,"Beyond Meat, Inc.","Beyond Meat, Inc.",Consumer Defensive,Packaged Foods,United States,El Segundo,USD,EQUITY,282613760.0,589.0,https://www.beyondmeat.com,US08862E1091
A2N9D9.ETR,MRNA,ETR,isin,"Moderna, Inc.","Moderna, Inc.",Healthcare,Biotechnology,United States,Cambridge,USD,EQUITY,22073221120.0,4700.0,https://www.modernatx.com,US60770K1079
A2NB37.ETR,AGR.VI,ETR,isin,Agrana Beteiligungs-AG,AGRANA Beteiligungs-Aktiengesellschaft,Consumer Defensive,Packaged Foods,Austria,Vienna,EUR,EQUITY,703000960.0,8353.0,https://www.agrana.com,AT000AGRANA3
A2NB60.ETR,JEN.DE,ETR,isin,JENOPTIK AG                   N,Jenoptik AG,Technology,Electronic Components,Germany,Jena,EUR,EQUITY,2133836928.0,4020.0,https://www.jenoptik.com,DE000A2NB601
A2NB65.ETR,MUX.DE,ETR,isin,Mutares SE & Co. KGaA         N,Mutares SE & Co. KGaA,Financial Services,Asset Management,Germany,Munich,EUR,EQUITY,586016448.0,35000.0,https://www.mutares.com/en/,DE000A2NB650
A2NB7S.ETR,TRU.MU,ETR,isin,Traumhaus AG                  I,Traumhaus AG,Consumer Cyclical,Residential Construction,Germany,Wiesbaden,EUR,EQUITY,1356233.0,,https://www.traumhaus-familie.de,DE000A2NB7S2
A2NBTL.ETR,SLT.HM,ETR,isin,Schaltbau Holding AG          N,Schaltbau Holding AG,Industrials,Railroads,Germany,Munich,EUR,EQUITY,698435328.0,2953.0,https://schaltbaugroup.com,DE000A2NBTL2
A2NBVD.ETR,DFV.HM,ETR,isin,DFV Dt.Familienvers.AG        I,DFV Deutsche Familienversicherung AG,Financial Services,Insurance - Diversified,Germany,Frankfurt am Main,EUR,EQUITY,109408352.0,216.0,https://www.deutsche-familienversicherung.de,DE000A2NBVD5
A2NBX8.ETR,INS.DE,ETR,isin,Instone Real Estate Group SE  I,Instone Real Estate Group SE,Real Estate,Real Estate - Development,Germany,Essen,EUR,EQUITY,311702592.0,353.0,https://instone-group.de,DE000A2NBX80
A2P1UY.ETR,CARR,ETR,isin,Carrier Global Corporation,Carrier Global Corporation,Industrials,Building Products & Equipment,United States,Palm Beach Gardens,USD,EQUITY,57584140288.0,47000.0,https://www.carrier.com,US14448C1045
A2P1UZ.ETR,OTIS,ETR,isin,Otis Worldwide Corporation,Otis Worldwide Corporation,Industrials,Specialty Industrial Machinery,United States,Farmington,USD,EQUITY,27861190656.0,72000.0,https://www.otis.com,US68902V1070
A2P205.ETR,DKNG,ETR,isin,DraftKings Inc.,DraftKings Inc.,Consumer Cyclical,Gambling,United States,Boston,USD,EQUITY,11961666560.0,5500.0,https://www.draftkings.com,US26142R1041
A2P4HL.ETR,123F.F,ETR,isin,123fahrschule SE              I,123fahrschule SE,Consumer Defensive,Education & Training Services,Germany,Cologne,EUR,EQUITY,13673423.0,273.0,https://www.123fahrschule.de,DE000A2P4HL9
A2P6UE.ETR,GRPN,ETR,isin,"Groupon, Inc.","Groupon, Inc.",Communication Services,Internet Content & Information,United States,Chicago,USD,EQUITY,1045699008.0,1734.0,https://www.groupon.com,US3994732069
A2P75D.ETR,MTCH,ETR,isin,"Match Group, Inc.","Match Group, Inc.",Communication Services,Internet Content & Information,United States,Dallas,USD,EQUITY,9050740736.0,2200.0,https://mtch.com,US57667L1070
A2P9T5.ETR,CMRC,ETR,isin,"Commerce.com, Inc. - Series 1","Commerce.com, Inc.",Technology,Software - Application,United States,Austin,USD,EQUITY,234334752.0,1079.0,https://www.commerce.com,US08975P1084
A2PA9L.ETR,CI,ETR,isin,The Cigna Group,The Cigna Group,Healthcare,Healthcare Plans,United States,Bloomfield,USD,EQUITY,76984213504.0,65669.0,https://www.thecignagroup.com,US1255231003
A2PAA5.ETR,IQL.F,ETR,isin,iQ International AG i.L.      N,iQ International AG,Consumer Cyclical,Auto Parts,Switzerland,Zug,EUR,EQUITY,412078.0,,,CH0451424300
A2PBHR.ETR,WAH.MU,ETR,isin,Wolftank Group AG             I,Wolftank Group AG,Industrials,Pollution & Treatment Controls,Austria,Innsbruck,EUR,EQUITY,18591422.0,457.0,https://wolftankgroup.com,AT0000A25NJ6
A2PE38.ETR,LYFT,ETR,isin,"Lyft, Inc.","Lyft, Inc.",Technology,Software - Application,United States,San Francisco,USD,EQUITY,5729409536.0,3913.0,https://www.lyft.com,US55087P1049
A2PF3K.ETR,FOXA,ETR,isin,Fox Corporation,Fox Corporation,Communication Services,Entertainment,United States,New York,USD,EQUITY,23783172096.0,10400.0,https://www.foxcorporation.com,US35137L1052
A2PFHR.ETR,LEVI,ETR,isin,Levi Strauss & Co,Levi Strauss & Co.,Consumer Cyclical,Apparel Manufacturing,United States,San Francisco,USD,EQUITY,9825234944.0,19000.0,https://www.levistrauss.com,US52736R1023
A2PFRC.ETR,DOW,ETR,isin,Dow Inc.,Dow Inc.,Basic Materials,Chemicals,United States,Midland,USD,EQUITY,20767295488.0,32800.0,https://www.dow.com,US2605571031
A2PG8A.ETR,WWR,ETR,isin,"Westwater Resources, Inc.","Westwater Resources, Inc.",Basic Materials,Other Industrial Metals & Mining,United States,Centennial,USD,EQUITY,50838768.0,20.0,https://westwaterresources.net,US9616842061
A2PGJ2.ETR,ZM,ETR,isin,"Zoom Communications, Inc.","Zoom Communications, Inc.",Technology,Software - Application,United States,San Jose,USD,EQUITY,26748643328.0,7438.0,https://www.zoom.com,US98980L1017
A2PHG5.ETR,FQT.F,ETR,isin,Frequentis AG                 I,Frequentis AG,Technology,Communication Equipment,Austria,Vienna,EUR,EQUITY,950137728.0,2783.0,https://www.frequentis.com/de,ATFREQUENT09
A2PHHG.ETR,UBER,ETR,isin,"Uber Technologies, Inc.","Uber Technologies, Inc.",Technology,Software - Application,United States,San Francisco,USD,EQUITY,138787143680.0,35000.0,https://www.uber.com,US90353T1007
A2PJSK.ETR,KTB,ETR,isin,"Kontoor Brands, Inc.","Kontoor Brands, Inc.",Consumer Cyclical,Apparel Manufacturing,United States,Greensboro,USD,EQUITY,4741262848.0,10600.0,https://www.kontoorbrands.com,US50050N1037
A2PK6Z.ETR,XLS.SW,ETR,isin,XLIFE SCIENCES N,Xlife Sciences AG,Healthcare,Biotechnology,Switzerland,Zurich,CHF,EQUITY,96606832.0,20.0,https://www.xlifesciences.ch,CH0461929603
A2PKHA.ETR,FCEL,ETR,isin,"FuelCell Energy, Inc.","FuelCell Energy, Inc.",Industrials,Electrical Equipment & Parts,United States,Danbury,USD,EQUITY,1718215552.0,629.0,https://www.fuelcellenergy.com,US35952H6018
A2PKRR.ETR,CTVA,ETR,isin,"Corteva, Inc.","Corteva, Inc.",Basic Materials,Agricultural Inputs,United States,Indianapolis,USD,EQUITY,58575253504.0,21500.0,https://www.corteva.com,US22052L1044
A2PLC1.ETR,ADME.L,ETR,isin,ADM ENERGY PLC ORD 0.001P,ADM Energy plc,Energy,Oil & Gas E&P,United Kingdom,London,GBp,EQUITY,600742.0,,https://www.admenergyplc.com,GB00BJFDXW97
A2PLC7.ETR,1DD.MI,ETR,isin,DUPONT DE NEMOURS,"DuPont de Nemours, Inc.",Basic Materials,Specialty Chemicals,United States,Wilmington,EUR,EQUITY,15619045376.0,15000.0,https://www.dupont.com,US26614N1028
A2PLR5.ETR,ADPT,ETR,isin,Adaptive Biotechnologies Corpor,Adaptive Biotechnologies Corporation,Healthcare,Diagnostics & Research,United States,Seattle,USD,EQUITY,3607400448.0,624.0,https://www.adaptivebiotech.com,US00650F1093
A2PLUG.ETR,GFG.DE,ETR,isin,Global Fashion Group S.A.     B,Global Fashion Group S.A.,Consumer Cyclical,Apparel Retail,Luxembourg,Senningerberg,EUR,EQUITY,94771120.0,3212.0,https://global-fashion-group.com,LU2010095458
A2PM3H.ETR,LHX,ETR,isin,"L3Harris Technologies, Inc.","L3Harris Technologies, Inc.",Industrials,Aerospace & Defense,United States,Melbourne,USD,EQUITY,56536793088.0,45000.0,https://www.l3harris.com,US5024311095
A2PN69.ETR,NVST,ETR,isin,Envista Holdings Corporation,Envista Holdings Corporation,Healthcare,Medical Instruments & Supplies,United States,Brea,USD,EQUITY,4335071744.0,12000.0,https://envistaco.com,US29415F1049
A2PPE1.ETR,XRX,ETR,isin,Xerox Holdings Corporation,Xerox Holdings Corporation,Industrials,Business Equipment & Supplies,United States,Norwalk,USD,EQUITY,357028320.0,22900.0,https://www.xerox.com,US98421M1062
A2PR0M.ETR,PTON,ETR,isin,"Peloton Interactive, Inc.","Peloton Interactive, Inc.",Consumer Cyclical,Leisure,United States,New York,USD,EQUITY,2710529536.0,2605.0,https://www.onepeloton.com,US70614W1009
A2PRCJ.ETR,SDCCQ,ETR,isin,"SmileDirectClub, Inc.","SmileDirectClub, Inc.",Healthcare,Medical Instruments & Supplies,United States,Nashville,USD,EQUITY,40260.0,2700.0,https://investors.smiledirectclub.com,US83192H1068
A2PRDK.ETR,PRX.AS,ETR,isin,PROSUS,Prosus N.V.,Consumer Cyclical,Internet Retail,Netherlands,Amsterdam,EUR,EQUITY,81405952000.0,41998.0,https://www.prosus.com,NL0013654783
A2PRLS.ETR,CRNC,ETR,isin,Cerence Inc.,Cerence Inc.,Technology,Software - Application,United States,Burlington,USD,EQUITY,374606912.0,1300.0,https://www.cerence.com,US1567271093
A2PSFR.ETR,DDOG,ETR,isin,"Datadog, Inc.","Datadog, Inc.",Technology,Software - Application,United States,New York,USD,EQUITY,89652133888.0,8100.0,https://www.datadoghq.com,US23804L1035
A2PSR2.ETR,US09075V1026.SG,ETR,isin,BioNTech SE (ADRs),,,,,,EUR,EQUITY,,,,US09075V1026
A2PUXE.ETR,GEN,ETR,isin,Gen Digital Inc.,Gen Digital Inc.,Technology,Software - Infrastructure,United States,Tempe,USD,EQUITY,16109081600.0,3900.0,https://www.gendigital.com,US6687711084
A2PWMZ.ETR,TFC,ETR,isin,Truist Financial Corporation,Truist Financial Corporation,Financial Services,Banks - Regional,United States,Charlotte,USD,EQUITY,63671144448.0,37849.0,https://www.truist.com,US89832Q1094
A2PX9L.ETR,EQH,ETR,isin,"Equitable Holdings, Inc.","Equitable Holdings, Inc.",Financial Services,Asset Management,United States,New York,USD,EQUITY,13263036416.0,8000.0,https://ir.equitableholdings.com,US29452E1010
A2PXQD.ETR,9TS.DU,ETR,isin,tubesolar AG                  I,TubeSolar AG,Technology,Solar,Germany,Augsburg,EUR,EQUITY,45000.0,,https://www.tubesolar.de,DE000A2PXQD4
A2PZ0R.ETR,RTX,ETR,isin,RTX Corporation,RTX Corporation,Industrials,Aerospace & Defense,United States,Arlington,USD,EQUITY,294377324544.0,180000.0,https://www.rtx.com,US75513E1010
A2PZ2D.ETR,HWM,ETR,isin,Howmet Aerospace Inc.,Howmet Aerospace Inc.,Industrials,Aerospace & Defense,United States,Pittsburgh,USD,EQUITY,115206955008.0,25430.0,https://www.howmet.com,US4432011082
A2PZZV.ETR,47I.HM,ETR,isin,Upside Gold Corp.             R,,,,,,EUR,EQUITY,,,,US03966V1070
A2QA4J.ETR,PLTR,ETR,isin,Palantir Technologies Inc.,Palantir Technologies Inc.,Technology,Software - Infrastructure,United States,Aventura,USD,EQUITY,315318435840.0,4395.0,https://www.palantir.com,US69608A1088
A2QAME.ETR,VTRS,ETR,isin,Viatris Inc.,Viatris Inc.,Healthcare,Drug Manufacturers - Specialty & Generic,United States,Canonsburg,USD,EQUITY,20536887296.0,30000.0,https://www.viatris.com,US92556V1061
A2QB38.ETR,SNOW,ETR,isin,Snowflake Inc.,Snowflake Inc.,Technology,Software - Application,United States,Menlo Park,USD,EQUITY,94594072576.0,9250.0,https://www.snowflake.com,US8334451098
A2QDNX.ETR,C0M.F,ETR,isin,CCS Abwicklungs AG            I,CCS Abwicklungs AG,,,Germany,Dortmund,EUR,EQUITY,32953.0,665.0,https://ir.compleo-charging.com,DE000A2QDNX9
A2QG35.ETR,ABNB,ETR,isin,"Airbnb, Inc.","Airbnb, Inc.",Consumer Cyclical,Travel Services,United States,San Francisco,USD,EQUITY,87162126336.0,8200.0,https://www.airbnb.com,US0090661010
A2QH97.ETR,LMIA.DE,ETR,isin,LION E-Mobility AG            N,LION E-Mobility AG,Industrials,Electrical Equipment & Parts,Switzerland,Zug,EUR,EQUITY,40030612.0,,https://lionemobility.com,CH0560888270
A2QJV6.ETR,VVY.AS,ETR,isin,VIVORYON THERAPEUTICS N.V.,Vivoryon Therapeutics N.V.,Healthcare,Biotechnology,Germany,Halle,EUR,EQUITY,34352620.0,13.0,https://www.vivoryon.com,NL00150002Q7
A2QJVE.ETR,AI,ETR,isin,"C3.ai, Inc.","C3.ai, Inc.",Technology,Software - Infrastructure,United States,Redwood City,USD,EQUITY,1371062656.0,764.0,https://www.c3.ai,US12468P1049
A2QL01.ETR,STLAM.MI,ETR,isin,STELLANTIS,Stellantis N.V.,Consumer Cyclical,Auto Manufacturers,Netherlands,Hoofddorp,EUR,EQUITY,14536797184.0,258668.0,https://www.stellantis.com,NL00150001Q9
A2QM3K.ETR,HTG.DE,ETR,isin,HomeToGo SE                   A,HomeToGo SE,Communication Services,Internet Content & Information,Luxembourg,Luxembourg,EUR,EQUITY,175604640.0,1482.0,https://ir.hometogo.de,LU2290523658
A2QMYN.ETR,LUMN,ETR,isin,"Lumen Technologies, Inc.","Lumen Technologies, Inc.",Communication Services,Telecom Services,United States,Monroe,USD,EQUITY,6449747456.0,21000.0,https://www.lumen.com,US5502411037
A2QP7J.ETR,COIN,ETR,isin,"Coinbase Global, Inc.","Coinbase Global, Inc.",Financial Services,Financial Data & Stock Exchanges,United States,New York,USD,EQUITY,44127043584.0,4951.0,https://www.coinbase.com,US19260Q1076
A2QQMK.ETR,TSCO.L,ETR,isin,TESCO PLC ORD 6 1/3P,Tesco PLC,Consumer Defensive,Grocery Stores,United Kingdom,Welwyn Garden City,GBp,EQUITY,30606030848.0,340000.0,https://www.tescoplc.com,GB00BLGZ9862
A2QQQU.ETR,VXT.DE,ETR,isin,VIDINEXT AG                   N,Vidinext AG,Communication Services,Entertainment,Switzerland,Zug,EUR,EQUITY,4920000.0,20.0,https://vidinext.com,CH0557519201
A2QQVE.ETR,APA,ETR,isin,APA Corporation,APA Corporation,Energy,Oil & Gas E&P,United States,Houston,USD,EQUITY,12279557120.0,1791.0,https://www.apacorp.com,US03743Q1085
A2TR91.ETR,S6P.F,ETR,isin,SpielVGG Unterhaching KGaA    N,Spielvereinigung Unterhaching Fußball GmbH & Co. KGaA,Consumer Cyclical,Leisure,Germany,Unterhaching,EUR,EQUITY,3306533.0,205.0,https://www.spvggunterhaching.de,DE000A2TR919
A2TSU2.ETR,WBAH.F,ETR,isin,Wild Bunch AG                 I,Wild Bunch AG,,,Germany,Berlin,EUR,EQUITY,,102.0,https://www.wildbunch.eu,DE000A2TSU21
A2YN50.ETR,KTA.DE,ETR,isin,Knaus Tabbert AG              I,Knaus Tabbert AG,Consumer Cyclical,Recreational Vehicles,Germany,Jandelsbrunn,EUR,EQUITY,130545920.0,2643.0,https://www.knaustabbert.de,DE000A2YN504
A2YN77.ETR,DE000A2YN777.SG,ETR,isin,pferdewetten.de AG,,,,,,EUR,EQUITY,,,,DE000A2YN777
A2YN90.ETR,TMV.DE,ETR,isin,TeamViewer SE                 I,TeamViewer SE,Technology,Software - Application,Germany,Göppingen,EUR,EQUITY,924530688.0,1900.0,https://www.teamviewer.com,DE000A2YN900
A2YN99.ETR,ESY.HM,ETR,isin,EASY SOFTWARE AG              N,Easy Software AG,Technology,Software - Application,Germany,Essen,EUR,EQUITY,140384432.0,355.0,https://easy-software.com,DE000A2YN991
A2YNT3.ETR,DE000A2YNT30.SG,ETR,isin,AlzChem Group AG,,,,,,EUR,EQUITY,,,,DE000A2YNT30
A2YPDD.ETR,VIH1.DE,ETR,isin,VIB VERMOEGEN  NA O.N.,VIB Vermögen AG,Real Estate,Real Estate Services,Germany,Neuburg an der Donau,EUR,EQUITY,245265040.0,44.0,https://www.vib-ag.de,DE000A2YPDD0
A3CM2W.ETR,TNIE.F,ETR,isin,tonies SE                     A,tonies SE,Consumer Cyclical,Leisure,Luxembourg,Luxembourg,EUR,EQUITY,1538387328.0,634.0,https://www.tonies.de,LU2333563281
A3CMGN.ETR,HGEA.F,ETR,isin,hGears AG                     I,hGears AG,Consumer Cyclical,Auto Parts,Germany,Schramberg,EUR,EQUITY,7696000.0,603.0,https://hgears.com,DE000A3CMGN3
A3CMNS.ETR,VWS.CO,ETR,isin,Vestas Wind Systems A/S,Vestas Wind Systems A/S,Industrials,Specialty Industrial Machinery,Denmark,Aarhus,DKK,EQUITY,165266046976.0,36808.0,https://www.vestas.com,DK0061539921
A3CN9R.ETR,14D.DE,ETR,isin,tokentus Investment AG        N,tokentus investment AG,Financial Services,Asset Management,Germany,Frankfurt am Main,EUR,EQUITY,4636912.0,3.0,https://www.tokentus.com,DE000A3CN9R8
A3CNLD.ETR,MRVL,ETR,isin,"Marvell Technology, Inc.","Marvell Technology, Inc.",Technology,Semiconductors,United States,Wilmington,USD,EQUITY,169788489728.0,7480.0,https://www.marvell.com,US5738741041
A3CPKP.ETR,OGN,ETR,isin,Organon & Co.,Organon & Co.,Healthcare,Drug Manufacturers - General,United States,Jersey City,USD,EQUITY,3555731712.0,10000.0,https://www.organon.com,US68622V1061
A3CQ7F.ETR,BIKE.F,ETR,isin,Bike24 Holding AG             I,Bike24 Holding AG,Consumer Cyclical,Internet Retail,Germany,Dresden,EUR,EQUITY,110413568.0,456.0,https://corporate.bike24.com,DE000A3CQ7F4
A3CRRN.ETR,DE000A3CRRN9.SG,ETR,isin,Cherry AG,,,,,,EUR,EQUITY,,,,DE000A3CRRN9
A3CS4Z.ETR,LRND.F,ETR,isin,AnchorCore SE                 A,AnchorCore SE,Industrials,Building Products & Equipment,Luxembourg,Luxembourg City,EUR,EQUITY,25530378.0,392.0,https://anchorcore.com,LU2358378979
A3CSAE.ETR,DE000A3CSAE2.SG,ETR,isin,Mister Spex SE,,,,,,EUR,EQUITY,,,,DE000A3CSAE2
A3CSML.ETR,GE,ETR,isin,GE Aerospace,GE Aerospace,Industrials,Aerospace & Defense,United States,Evendale,USD,EQUITY,375192944640.0,57000.0,https://www.geaerospace.com,US3696043013
A3CSWZ.ETR,NVM.F,ETR,isin,Novem Group S.A.              R,Novem Group S.A.,Consumer Cyclical,Auto Parts,Luxembourg,Contern,EUR,EQUITY,109296968.0,4082.0,https://novem.com,LU2356314745
A3CWHH.ETR,BBWI,ETR,isin,"Bath & Body Works, Inc.","Bath & Body Works, Inc.",Consumer Cyclical,Specialty Retail,United States,Columbus,USD,EQUITY,4130001408.0,9071.0,https://www.bbwinc.com,US0708301041
A3E5A5.ETR,SBX.DU,ETR,isin,SYNBIOTIC SE                  N,SynBiotic SE,,,Germany,Düsseldorf,EUR,EQUITY,,79.0,https://www.synbiotic.com,DE000A3E5A59
A3E5C0.ETR,CNW.F,ETR,isin,co.don AG                     I,co.don AG,Healthcare,Biotechnology,Germany,Teltow,EUR,EQUITY,427573.0,26.0,https://www.codon.de,DE000A3E5C08
A3E5D5.ETR,FPE.DE,ETR,isin,FUCHS SE                      N,Fuchs SE,Basic Materials,Specialty Chemicals,Germany,Mannheim,EUR,EQUITY,4539150336.0,6857.0,https://www.fuchs.com/group,DE000A3E5D56
A3E5D6.ETR,DE000A3E5D64.SG,ETR,isin,Fuchs SE,,,,,,EUR,EQUITY,,,,DE000A3E5D64
A3E5E5.ETR,HP3A.DE,ETR,isin,Ringmetall SE                 N,Ringmetall SE,Industrials,Tools & Accessories,Germany,Munich,EUR,EQUITY,78486408.0,975.0,https://ringmetall.de,DE000A3E5E55
A3E5E6.ETR,HHHA.MU,ETR,isin,Homes & Holiday AG            N,Homes & Holiday AG,Real Estate,Real Estate Services,Germany,Munich,EUR,EQUITY,1290652.0,,https://www.homes-holiday.com,DE000A3E5E63
A3E5ED.ETR,VEZ.DE,ETR,isin,PLANETHIC GROUP AG            I,Planethic Group AG,Consumer Defensive,Packaged Foods,Germany,Ludwigsfelde,EUR,EQUITY,2861469.0,74.0,https://planethic.group,DE000A3E5ED2
A3H210.ETR,AAQ1.DE,ETR,isin,aap Implantate AG             I,aap Implantate AG,Healthcare,Medical Devices,Germany,Berlin,EUR,EQUITY,23841502.0,99.0,https://www.aap.de,DE000A3H2101
A3H213.ETR,MA10.DE,ETR,isin,Binect AG                     I,Binect AG,Technology,Software - Application,Germany,Weiterstadt,EUR,EQUITY,5370244.0,43.0,https://binect.com,DE000A3H2135
A3H220.ETR,NA9.DE,ETR,isin,Nagarro SE                    N,Nagarro SE,Technology,Information Technology Services,Germany,Munich,EUR,EQUITY,948622784.0,18543.0,https://www.nagarro.com,DE000A3H2200
A3H233.ETR,HABA.HM,ETR,isin,HAMBORNER REIT AG             N,Hamborner REIT AG,,,,,EUR,ETF,,,,DE000A3H2333
A3H3L4.ETR,2INV.F,ETR,isin,2invest AG                    N,2invest AG,Financial Services,Asset Management,Germany,Heidelberg,EUR,EQUITY,43753176.0,3.0,https://2invest-ag.com,DE000A3H3L44
A3H3LL.ETR,VTWR.HM,ETR,isin,Vantage Towers AG             N,Vantage Towers AG,Real Estate,Real Estate Services,Germany,Düsseldorf,EUR,EQUITY,19541956608.0,711.0,https://www.vantagetowers.com,DE000A3H3LL2
BASF11.ETR,BAS.DE,ETR,isin,BASF SE                       N,BASF SE,Basic Materials,Chemicals,Germany,Ludwigshafen am Rhein,EUR,EQUITY,43071062016.0,106428.0,https://www.basf.com,DE000BASF111
BAY001.ETR,BAYN.DE,ETR,isin,Bayer AG                      N,Bayer Aktiengesellschaft,Healthcare,Drug Manufacturers - General,Germany,Leverkusen,EUR,EQUITY,46056042496.0,87757.0,https://www.bayer.com,DE000BAY0017
BFB002.ETR,B4B3.HM,ETR,isin,METRO AG                      I,Metro AG,Consumer Defensive,Food Distribution,Germany,Düsseldorf,EUR,EQUITY,2505371136.0,77779.0,https://www.metroag.de,DE000BFB0027
BGAG98.ETR,BIG1.F,ETR,isin,Bio-Gate AG                   I,Bio-Gate AG,Healthcare,Medical Instruments & Supplies,Germany,Nuremberg,EUR,EQUITY,1151887.0,51.0,https://www.bio-gate.de,DE000BGAG981
CBK100.ETR,CBK.DE,ETR,isin,Commerzbank AG                I,Commerzbank AG,Financial Services,Banks - Regional,Germany,Frankfurt am Main,EUR,EQUITY,41119633408.0,40144.0,https://www.commerzbank.de,DE000CBK1001
DWS100.ETR,DWS.DE,ETR,isin,DWS Group GmbH & Co. KGaA     I,DWS Group GmbH & Co. KGaA,Financial Services,Asset Management,Germany,Frankfurt am Main,EUR,EQUITY,14400000000.0,4872.0,https://www.dws.com,DE000DWS1007
ENAG99.ETR,EOAN.DE,ETR,isin,E.ON SE                       N,E.ON SE,Utilities,Utilities - Diversified,Germany,Essen,EUR,EQUITY,49530892288.0,78996.0,https://www.eon.com,DE000ENAG999
ENER6Y.ETR,ENR.DE,ETR,isin,Siemens Energy AG             N,Siemens Energy AG,Industrials,Specialty Industrial Machinery,Germany,Munich,EUR,EQUITY,121807486976.0,98995.0,https://www.siemens-energy.com,DE000ENER6Y0
EVNK01.ETR,EVK.DE,ETR,isin,Evonik Industries AG          N,Evonik Industries AG,Basic Materials,Specialty Chemicals,Germany,Essen,EUR,EQUITY,7968600064.0,30643.0,https://evonik.com,DE000EVNK013
FPH900.ETR,FPH.HM,ETR,isin,Francotyp-Postalia Holding AG I,Francotyp-Postalia Holding AG,Industrials,Specialty Business Services,Germany,Berlin,EUR,EQUITY,,772.0,https://www.fp-francotyp.com,DE000FPH9000
FTG111.ETR,FTK.DE,ETR,isin,flatexDEGIRO SE               N,flatexDEGIRO SE,Financial Services,Capital Markets,Germany,Frankfurt am Main,EUR,EQUITY,3976057088.0,1200.0,https://flatexdegiro.com,DE000FTG1111
HAG000.ETR,HAG.DE,ETR,isin,HENSOLDT AG                   I,Hensoldt AG,Industrials,Aerospace & Defense,Germany,Taufkirchen,EUR,EQUITY,9829049344.0,9362.0,https://www.hensoldt.net,DE000HAG0005
HLAG47.ETR,HLAG.DE,ETR,isin,Hapag-Lloyd AG                N,Hapag-Lloyd Aktiengesellschaft,Industrials,Marine Shipping,Germany,Hamburg,EUR,EQUITY,22286405632.0,15172.0,https://www.hapag-lloyd.com,DE000HLAG475
JST400.ETR,JST.F,ETR,isin,JOST Werke SE                 I,JOST Werke SE,Consumer Cyclical,Auto Parts,Germany,Neu-Isenburg,EUR,EQUITY,917840000.0,6500.0,https://www.jost-world.com,DE000JST4000
KBX100.ETR,KBX.DE,ETR,isin,Knorr-Bremse AG               I,Knorr-Bremse AG,Consumer Cyclical,Auto Parts,Germany,Munich,EUR,EQUITY,17200039936.0,25809.0,https://www.knorr-bremse.com,DE000KBX1006
KC0100.ETR,KCO.DE,ETR,isin,KLOECKNER + CO SE NA O.N.,Klöckner & Co SE,Basic Materials,Steel,Germany,Duisburg,EUR,EQUITY,1230915072.0,6143.0,https://www.kloeckner.com,DE000KC01000
KGX888.ETR,KGX.DE,ETR,isin,KION GROUP AG                 I,KION GROUP AG,Industrials,Farm & Heavy Construction Machinery,Germany,Frankfurt am Main,EUR,EQUITY,5466591232.0,41974.0,https://www.kiongroup.com,DE000KGX8881
KSAG88.ETR,SDF.DE,ETR,isin,K+S Aktiengesellschaft        N,K+S Aktiengesellschaft,Basic Materials,Agricultural Inputs,Germany,Kassel,EUR,EQUITY,2682917888.0,11261.0,https://www.kpluss.com,DE000KSAG888
LEG111.ETR,LEG.DE,ETR,isin,LEG Immobilien SE             N,LEG Immobilien SE,Real Estate,Real Estate Services,Germany,Düsseldorf,EUR,EQUITY,4033758720.0,1940.0,https://www.leg-wohnen.de/unternehmen,DE000LEG1110
PAH003.ETR,PAH3.DE,ETR,isin,Porsche Automobil Holding SE  I,Porsche Automobil Holding SE,Consumer Cyclical,Auto Manufacturers,Germany,Stuttgart,EUR,EQUITY,8620937216.0,46.0,https://www.porsche-se.com,DE000PAH0038
PAT1AG.ETR,PAT.DE,ETR,isin,PATRIZIA SE                   N,PATRIZIA SE,Real Estate,Real Estate Services,Germany,Augsburg,EUR,EQUITY,634593984.0,816.0,https://www.patrizia.ag,DE000PAT1AG3
PSM777.ETR,PSM.DE,ETR,isin,ProSiebenSat.1 Media SE       N,ProSiebenSat.1 Media SE,Communication Services,Broadcasting,Germany,Unterföhring,EUR,EQUITY,860006656.0,5316.0,https://www.prosiebensat1.com,DE000PSM7770
SAFH00.ETR,SFQ.DE,ETR,isin,SAF-HOLLAND SE                I,SAF-Holland SE,Consumer Cyclical,Auto Parts,Germany,Bessenbach,EUR,EQUITY,953280384.0,5735.0,https://www.safholland.com,DE000SAFH001
SHL100.ETR,SHL.DE,ETR,isin,Siemens Healthineers AG       N,Siemens Healthineers AG,Healthcare,Medical Devices,Germany,Forchheim,EUR,EQUITY,39608451072.0,74000.0,https://www.siemens-healthineers.com,DE000SHL1006
SPG100.ETR,SPG.DE,ETR,isin,Springer Nature AG & Co. KGaA I,Springer Nature AG & Co. KGaA,Communication Services,Publishing,Germany,Berlin,EUR,EQUITY,3595912960.0,9479.0,https://www.springernature.com,DE000SPG1003
STRA55.ETR,SBS.F,ETR,isin,STRATEC SE                    N,Stratec SE,Healthcare,Medical Devices,Germany,Birkenfeld,EUR,EQUITY,238985824.0,1395.0,https://www.stratec.com,DE000STRA555
SYM999.ETR,SY1.DE,ETR,isin,Symrise AG                    I,Symrise AG,Basic Materials,Specialty Chemicals,Germany,Holzminden,EUR,EQUITY,12297145344.0,12422.0,https://www.symrise.com,DE000SYM9999
TCAG17.ETR,TC1.HM,ETR,isin,Tele Columbus AG              N,Tele Columbus AG,Communication Services,Telecom Services,Germany,Berlin,EUR,EQUITY,293308736.0,1227.0,https://www.telecolumbus.com,DE000TCAG172
TLX100.ETR,TLX.DE,ETR,isin,Talanx AG                     N,Talanx AG,Financial Services,Insurance - Diversified,Germany,Hanover,EUR,EQUITY,29954564096.0,28910.0,https://www.talanx.com,DE000TLX1005
TRAT0N.ETR,8TRA.DE,ETR,isin,TRATON SE                     I,Traton SE,Industrials,Farm & Heavy Construction Machinery,Germany,Munich,EUR,EQUITY,20020000768.0,108180.0,https://traton.com,DE000TRAT0N7
WACK01.ETR,WAC.F,ETR,isin,Wacker Neuson SE              N,Wacker Neuson SE,Industrials,Farm & Heavy Construction Machinery,Germany,Munich,EUR,EQUITY,1523543680.0,5830.0,https://wackerneusongroup.com,DE000WACK012
WAF300.ETR,WAF.DE,ETR,isin,Siltronic AG                  N,Siltronic AG,Technology,Semiconductors,Germany,Munich,EUR,EQUITY,2164499968.0,4300.0,https://www.siltronic.com,DE000WAF3001
WCH888.ETR,WCH.F,ETR,isin,Wacker Chemie AG              I,Wacker Chemie AG,Basic Materials,Specialty Chemicals,Germany,Munich,EUR,EQUITY,4247467520.0,16196.0,https://www.wacker.com,DE000WCH8881
ZAL111.ETR,ZAL.DE,ETR,isin,Zalando SE                    I,Zalando SE,Consumer Cyclical,Internet Retail,Germany,Berlin,EUR,EQUITY,7481321472.0,16998.0,https://corporate.zalando.com,DE000ZAL1111
ZEAL24.ETR,TIMA.DE,ETR,isin,Zeal Network SE               N,ZEAL Network SE,Consumer Cyclical,Gambling,Germany,Hamburg,EUR,EQUITY,928397888.0,305.0,https://www.zealnetwork.de,DE000ZEAL241
2CRSI.FR,AL2SI.PA,FR,isin,2CRSI,2CRSI S.A.,Technology,Computer Hardware,France,Strasbourg,EUR,EQUITY,578278720.0,112.0,https://2crsi.com,FR0013341781
AAA.FR,AAA.PA,FR,ticker,ALAN ALLMAN ASSOCIATES,Alan Allman Associates,Industrials,Consulting Services,France,Issy-les-Moulineaux,EUR,EQUITY,81772864.0,2239.0,https://www.alan-allman.com,
AAP2.FR,AAP2.PA,FR,ticker,Leverage Shares 2x Apple ETP Se,Leverage Shares 2x Apple ETP Securities A,,,,,EUR,ETF,,,,
AAP3.FR,AAP3.PA,FR,ticker,Leverage Shares 3x Apple ETP Se,Leverage Shares 3x Apple ETP Securities,,,,,EUR,ETF,,,,
AB.FR,AB.PA,FR,ticker,AB SCIENCE,AB Science S.A.,Healthcare,Drug Manufacturers - Specialty & Generic,France,Paris,EUR,EQUITY,46075504.0,26.0,https://www.ab-science.com,
ABCA.FR,ABCA.PA,FR,ticker,ABC ARBITRAGE,ABC arbitrage SA,Financial Services,Asset Management,France,Paris,EUR,EQUITY,304052128.0,108.0,https://www.abc-arbitrage.com,
ABCH.FR,ABCH.PA,FR,ticker,21Shares Bitcoin Cash ETP,21Shares Bitcoin Cash ETP,,,,,USD,ETF,,,,
ABEO.FR,ABEO.PA,FR,ticker,ABEO,Abéo SA,Consumer Cyclical,Leisure,France,Rioz,EUR,EQUITY,73128648.0,,https://www.groupe-abeo.fr,
ABNX.FR,ABNX.PA,FR,ticker,ABIONYX PHARMA,ABIONYX Pharma SA,Healthcare,Biotechnology,France,Balma,EUR,EQUITY,80865408.0,49.0,https://abionyx.com,
ABVX.FR,ABVX.PA,FR,ticker,ABIVAX,ABIVAX Société Anonyme,Healthcare,Biotechnology,France,Paris,EUR,EQUITY,9709699072.0,80.0,https://www.abivax.com,
AC.FR,AC.PA,FR,ticker,ACCOR,Accor SA,Consumer Cyclical,Lodging,France,Issy-les-Moulineaux,EUR,EQUITY,11116981248.0,17337.0,https://group.accor.com/en,
ACA.FR,ACA.PA,FR,ticker,CREDIT AGRICOLE,Crédit Agricole S.A.,Financial Services,Banks - Regional,France,Montrouge,EUR,EQUITY,56637079552.0,79848.0,https://www.credit-agricole.com,
ACAN.FR,ACAN.PA,FR,ticker,ACANTHE DEV.,Acanthe Développement,Real Estate,REIT - Office,France,Paris,EUR,EQUITY,36378072.0,8.0,https://www.acanthedeveloppement.fr,
ADOC.FR,ADOC.PA,FR,ticker,ADOCIA,Adocia SA,Healthcare,Biotechnology,France,Lyon,EUR,EQUITY,78949032.0,73.0,https://www.adocia.com,
ADOT.FR,ADOT.PA,FR,ticker,21Shares Polkadot ETP,21Shares Polkadot ETP,,,,,USD,ETF,,,,
ADP.FR,ADP.PA,FR,ticker,ADP,Aeroports de Paris SA,Industrials,Airports & Air Services,France,Tremblay-en-France,EUR,EQUITY,10933347328.0,26055.0,https://www.parisaeroport.fr,
ADUX.FR,ALDUX.PA,FR,isin,ADUX,,Communication Services,Advertising Agencies,France,Paris,EUR,EQUITY,9343455.0,29.0,https://www.adux.com,FR0012821890
ADVI.FR,ALAVI.PA,FR,isin,ADVINI,AdVini S.A.,Consumer Defensive,Beverages - Wineries & Distilleries,France,Clermont-l'Hérault,EUR,EQUITY,66930196.0,892.0,https://www.advini.com,FR0000053043
ADVIC.FR,ALDVI.PA,FR,isin,ADVICENNE,Advicenne S.A.,Healthcare,Biotechnology,France,Paris,EUR,EQUITY,23920096.0,11.0,https://www.advicenne.com,FR0013296746
AF.FR,AF.PA,FR,ticker,AIR FRANCE -KLM,Air France-KLM SA,Industrials,Airlines,France,Paris,EUR,EQUITY,3195207168.0,79755.0,https://www.airfranceklm.com,
AFME.FR,CVX.PA,FR,isin,CARVOLIX,,Healthcare,Medical Devices,France,Aix-en-Provence,EUR,EQUITY,350740192.0,,https://www.carvolix.eu,FR0013333077
AI.FR,AI.PA,FR,ticker,AIR LIQUIDE,L'Air Liquide S.A.,Basic Materials,Specialty Chemicals,France,Paris,EUR,EQUITY,110361411584.0,63126.0,https://www.airliquide.com,
AIR.FR,AIR.PA,FR,ticker,AIRBUS SE,Airbus SE,Industrials,Aerospace & Defense,Netherlands,Leiden,EUR,EQUITY,167167885312.0,166876.0,https://www.airbus.com,
AKE.FR,AKE.PA,FR,ticker,ARKEMA,Arkema S.A.,Basic Materials,Specialty Chemicals,France,Puteaux,EUR,EQUITY,4268292608.0,20700.0,https://www.arkema.com,
AKOM.FR,AKOM.PA,FR,ticker,AERKOMM INC,Aerkomm Inc.,Technology,Communication Equipment,United States,Fremont,EUR,EQUITY,55030880.0,,https://www.aerkomm.com,
AKW.FR,AKW.PA,FR,ticker,AKWEL,Akwel SA,Consumer Cyclical,Auto Parts,France,Champfromier,EUR,EQUITY,168290208.0,7862.0,https://akwel-automotive.com,
ALADO.FR,ALADO.PA,FR,ticker,ADOMOS,Adomos S.A.,Real Estate,Real Estate Services,France,Paris,EUR,EQUITY,25829.0,,https://www.adomos.com,
ALAFY.FR,ALAFY.PA,FR,ticker,AFYREN,AFYREN SAS,Basic Materials,Specialty Chemicals,France,Clermont-Ferrand,EUR,EQUITY,109096064.0,121.0,https://afyren.com,
ALAGO.FR,ALAGO.PA,FR,ticker,E-PANGO,E-Pango SA,Utilities,Utilities - Renewable,France,Paris,EUR,EQUITY,5703453.0,5.0,https://www.e-pango.com,
ALAGP.FR,ALAGP.PA,FR,ticker,AGRIPOWER,Agripower France Société Anonyme,Utilities,Utilities - Renewable,France,Carquefou,EUR,EQUITY,11084311.0,21.0,https://www.agripower-france.com,
ALAGR.FR,ALAGR.PA,FR,ticker,AgroGeneration,AgroGeneration SA,Consumer Defensive,Farm Products,France,Paris,EUR,EQUITY,10769098.0,352.0,https://agrogeneration.com,
ALAIR.FR,ALAIR.PA,FR,ticker,GROUPE AIRWELL,Groupe Airwell Société anonyme,Consumer Cyclical,"Furnishings, Fixtures & Appliances",France,Montigny-le-Bretonneux,EUR,EQUITY,8185062.0,82.0,https://www.airwell.com,
ALALO.FR,ALALO.PA,FR,ticker,ACHETER-LOUER.FR,Acheter-Louer.Fr SA,Communication Services,Advertising Agencies,France,Paris,EUR,EQUITY,179406.0,,https://www.acheter-louer.fr,
ALAMA.FR,ALAMA.PA,FR,ticker,AMA CORPORATION PLC,AMA Corporation Plc,Healthcare,Health Information Services,France,Rennes,EUR,EQUITY,7762885.0,27.0,https://www.amaxperteye.com,
ALANT.FR,ALISP.PA,FR,isin,ISPD NETWORK,"ISPD Network, S.A.",Communication Services,Advertising Agencies,Spain,Madrid,EUR,EQUITY,25311972.0,514.0,https://www.ispd.com,ES0109429037
ALAQU.FR,ALAQU.PA,FR,ticker,AQUILA,Aquila SA,Industrials,Security & Protection Services,France,Avignon,EUR,EQUITY,6041271.0,49.0,https://www.reseau-aquila.fr,
ALARF.FR,ALARF.PA,FR,ticker,ADEUNIS,Adeunis Société anonyme,Technology,Communication Equipment,France,Crolles,EUR,EQUITY,4020333.0,24.0,https://www.adeunis.com,
ALAUD.FR,ALAUD.PA,FR,ticker,AUDACIA,Audacia SA,Financial Services,Asset Management,France,Paris,EUR,EQUITY,30286402.0,50.0,https://www.audacia.fr,
ALAVY.FR,ALWIN.PA,FR,isin,WINAMP GROUP,,Communication Services,Internet Content & Information,Belgium,Brussels,EUR,EQUITY,8821581.0,,https://www.llama-group.com,BE0974334667
ALBDM.FR,ALTRA.PA,FR,isin,TRACTIAL,,Technology,Software - Infrastructure,France,Paris,EUR,EQUITY,11246019.0,28.0,https://www.bdmultimedia.fr,FR0000035305
ALBFR.FR,ALBFR.PA,FR,ticker,SIDETRADE,Sidetrade SA,Technology,Software - Application,France,Boulogne-Billancourt,EUR,EQUITY,305544064.0,404.0,https://www.sidetrade.com,
ALBI.FR,ALBI.PA,FR,ticker,GASCOGNE,Gascogne SA,Consumer Cyclical,Packaging & Containers,France,Mimizan,EUR,EQUITY,82059720.0,1432.0,https://www.groupe-gascogne.com,
ALBIO.FR,ALBIO.PA,FR,ticker,BIOSYNEX,Biosynex SA,Healthcare,Medical Devices,France,Illkirch-Graffenstaden,EUR,EQUITY,16957360.0,397.0,https://www.biosynex.com,
ALBIZ.FR,ALBIZ.PA,FR,ticker,OBIZ S.A.,Obiz S.A.,Communication Services,Advertising Agencies,France,Lyon,EUR,EQUITY,16317151.0,127.0,https://www.obiz-concept.fr,
ALBKK.FR,ALBKK.PA,FR,ticker,BAIKOWSKI,Baikowski SA,Basic Materials,Chemicals,France,Poisy,EUR,EQUITY,94293200.0,161.0,https://www.baikowski.com,
ALBLD.FR,ALBLD.PA,FR,ticker,BILENDI,Bilendi SA,Communication Services,Advertising Agencies,France,Paris,EUR,EQUITY,62534740.0,621.0,https://www.bilendi.fr,
ALBLU.FR,ALBLU.PA,FR,ticker,BLUELINEA,Bluelinea Société Anonyme,Healthcare,Medical Devices,France,Versailles,EUR,EQUITY,4962717.0,89.0,https://www.bluelinea.com,
ALBOA.FR,ALBOA.PA,FR,ticker,BOA CONCEPT,BOA Concept SAS,Industrials,Specialty Industrial Machinery,France,Saint-Étienne,EUR,EQUITY,14035130.0,133.0,https://www.boa-concept.com,
ALBOO.FR,ALBOO.PA,FR,ticker,BOOSTHEAT,Boostheat SA,Technology,Consumer Electronics,France,Suresnes,EUR,EQUITY,108278.0,3.0,https://www.boostheat-group.com,
ALBOU.FR,ALBOU.PA,FR,ticker,BOURRELIER GROUP,Bourrelier Group SA,Consumer Cyclical,Home Improvement Retail,France,Nogent-sur-Marne,EUR,EQUITY,425135392.0,12.0,https://www.bourrelier-group.com,
ALBPS.FR,ALBPS.PA,FR,ticker,BIOPHYTIS,Biophytis S.A.,Healthcare,Biotechnology,France,Paris,EUR,EQUITY,1832396.0,19.0,https://www.biophytis.com,
ALBUD.FR,ALMIN.PA,FR,isin,MINT,MINT Société anonyme,Utilities,Utilities - Renewable,France,Montpellier,EUR,EQUITY,30754198.0,70.0,https://www.mint.eco,FR0004172450
ALCBI.FR,ALCBI.PA,FR,ticker,CRYPTO BLOCKCHAIN INDUSTRIES,Crypto Blockchain Industries,Financial Services,Asset Management,France,Paris,EUR,EQUITY,26323248.0,6.0,https://www.cbicorp.io,
ALCJ.FR,ALCJ.PA,FR,ticker,CROSSJECT,Crossject Société Anonyme,Healthcare,Medical Instruments & Supplies,France,Dijon,EUR,EQUITY,89552056.0,99.0,https://www.crossject.com,
ALCLA.FR,ALCLA.PA,FR,ticker,CLARANOVA,,Technology,Software - Application,France,Courbevoie,EUR,EQUITY,35904220.0,717.0,https://www.claranova.com,
ALCLS.FR,ALCLS.PA,FR,ticker,CELLECTIS,Cellectis S.A.,Healthcare,Biotechnology,France,Paris,EUR,EQUITY,253759360.0,224.0,https://www.cellectis.com,
ALCOF.FR,ALCOF.PA,FR,ticker,COFIDUR S.A.,Cofidur S.A.,Technology,Electronic Components,France,Laval,EUR,EQUITY,11119760.0,469.0,https://www.cofidur-groupe.com,
ALCOG.FR,ALCOG.PA,FR,ticker,COGRA,Cogra 48 Société Anonyme,Basic Materials,Lumber & Wood Production,France,Mende,EUR,EQUITY,23371044.0,74.0,https://www.cogra.fr,
ALCOI.FR,ALCOI.PA,FR,ticker,COIL,Coil S.A./N.V.,Basic Materials,Aluminum,Belgium,Landen,EUR,EQUITY,6362080.0,91.0,https://www.aloxide.com,
ALCRB.FR,ALCRB.PA,FR,ticker,CARBIOS,Carbios SAS,Basic Materials,Specialty Chemicals,France,Clermont-Ferrand,EUR,EQUITY,113882384.0,91.0,https://www.carbios.com,
ALCUR.FR,ALCUR.PA,FR,ticker,ARCURE,Arcure S.A.,Industrials,Specialty Industrial Machinery,France,Savigny-sur-Orge,EUR,EQUITY,14134064.0,54.0,https://blaxtair.com,
ALCYB.FR,ALIBR.PA,FR,isin,CALIBRE,,Industrials,Aerospace & Defense,France,Suresnes,EUR,EQUITY,10023498.0,191.0,https://cybergun.com,FR0014004QR6
ALD.FR,AYV.PA,FR,isin,AYVENS,,Industrials,Rental & Leasing Services,France,Puteaux,EUR,EQUITY,9065168896.0,13000.0,https://www.ayvens.com,FR0013258662
ALDAR.FR,ALDAR.PA,FR,ticker,DAMARTEX,Damartex,Consumer Cyclical,Apparel Retail,France,Roubaix,EUR,EQUITY,28081650.0,2547.0,https://www.damartex.com,
ALDBL.FR,ALDBL.PA,FR,ticker,BERNARD LOISEAU,Bernard Loiseau S.A.,Consumer Cyclical,Restaurants,France,Saulieu,EUR,EQUITY,6856195.0,68.0,https://www.bernard-loiseau.com,
ALDBT.FR,ALDBT.PA,FR,ticker,DBT,DBT SA,Industrials,Specialty Industrial Machinery,France,Brebières,EUR,EQUITY,662195.0,74.0,https://www.dbt.fr,
ALDEI.FR,5D8.F,FR,isin,Investment AB Oeresund        N,Investment AB Öresund (publ),Financial Services,Asset Management,Sweden,Stockholm,EUR,EQUITY,527719072.0,6.0,https://www.oresund.se,FR0010879056
ALDEL.FR,ALDEL.PA,FR,ticker,DELFINGEN,Delfingen Société Anonyme,Consumer Cyclical,Auto Parts,France,Anteuil,EUR,EQUITY,76701120.0,3850.0,https://delfingen.com,
ALDEV.FR,ALDEV.PA,FR,ticker,DEVERNOIS,Devernois S.A.,Consumer Cyclical,Apparel Manufacturing,France,Le Coteau,EUR,EQUITY,3050391.0,150.0,https://www.devernois.com,
ALDLS.FR,ALDLS.PA,FR,ticker,D.L.S.I.,DLSI,Industrials,Staffing & Employment Services,France,Forbach,EUR,EQUITY,27781392.0,252.0,https://www.groupedlsi.com,
ALDNE.FR,ALDNE.PA,FR,ticker,DONTNOD Entertainment,Don't Nod Entertainment S.A.,Communication Services,Electronic Gaming & Multimedia,France,Paris,EUR,EQUITY,5560487.0,217.0,https://dontnod-bourse.com,
ALDNX.FR,ALDNX.PA,FR,ticker,DNXCORP,DNXCorp SE,Communication Services,Internet Content & Information,Luxembourg,Luxembourg,EUR,EQUITY,37311124.0,22.0,https://www.dnxcorp.com,
ALDOL.FR,ALDOL.PA,FR,ticker,DOLFINES,Dolfines SA,Energy,Oil & Gas Equipment & Services,France,Montigny-Le-Bretonneux,EUR,EQUITY,3011176.0,,https://www.dolfines.com,
ALDRV.FR,ALDRV.PA,FR,ticker,DRONE VOLT,Drone Volt SA,Technology,Computer Hardware,France,Villepinte,EUR,EQUITY,28217518.0,60.0,https://www.dronevolt.com,
ALDUB.FR,ALDUB.PA,FR,ticker,ENCRES DUBUIT,Encres Dubuit,Basic Materials,Specialty Chemicals,France,Mitry-Mory,EUR,EQUITY,6078846.0,172.0,https://www.encresdubuit.com,
ALDV.FR,ALDV.PA,FR,ticker,ADC SIIC,Alliance Developpement Capital SIIC,Real Estate,REIT - Residential,Belgium,Saint-Josse-Ten-Noode,EUR,EQUITY,10202882.0,2.0,https://www.adcsiic.eu,
ALEAC.FR,ALEAC.PA,FR,ticker,EDILIZIACROBATICA,EdiliziAcrobatica S.p.A.,Industrials,Specialty Business Services,Italy,Genoa,EUR,EQUITY,24347516.0,3000.0,https://www.ediliziacrobatica.com,
ALECO.FR,ALECO.PA,FR,ticker,ECOMIAM SA,écomiam SA,Consumer Defensive,Food Distribution,France,Quimper,EUR,EQUITY,10988180.0,42.0,https://www.ecomiam.com,
ALECR.FR,ALECR.PA,FR,ticker,EUROFINS CEREP,Eurofins-Cerep SA,Healthcare,Diagnostics & Research,France,Celle-Lévescault,EUR,EQUITY,82217200.0,,https://www.eurofins.fr/cerep,
ALEMG.FR,ALEMG.PA,FR,ticker,LABORATOIRES EUROMEDIS,Laboratoires Euromedis Société anonyme,Healthcare,Medical Distribution,France,Mouy,EUR,EQUITY,14708349.0,38.0,https://www.laboratoires-euromedis.fr,
ALEMV.FR,ALEMV.PA,FR,ticker,EMOVA GROUP,Emova Group SA,Consumer Cyclical,Specialty Retail,France,Issy-les-Moulineaux,EUR,EQUITY,16456013.0,235.0,https://www.emova-group.com,
ALENO.FR,ALENO.PA,FR,ticker,ENOGIA,Enogia SAS,Industrials,Specialty Industrial Machinery,France,Marseille,EUR,EQUITY,40712588.0,55.0,https://www.enogia.com,
ALENT.FR,ALENT.PA,FR,ticker,ETHERO,Ethero,Communication Services,Internet Content & Information,France,Paris,EUR,EQUITY,2195405.0,3.0,https://www.ethero.eu,
ALEO2.FR,ALEO2.PA,FR,ticker,EO2,Eo2 Société Anonyme,Basic Materials,Lumber & Wood Production,France,Malakoff,EUR,EQUITY,6057054.0,76.0,https://www.eo2.fr,
ALERS.FR,ALERS.PA,FR,ticker,EUROBIO-SCIENTIFIC,Eurobio Scientific Société anonyme,Healthcare,Medical Devices,France,Les Ulis,EUR,EQUITY,217474832.0,343.0,https://www.eurobio-scientific.com,
ALESA.FR,ALESA.PA,FR,ticker,ECOSLOPS,Ecoslops S.A.,Energy,Oil & Gas Refining & Marketing,France,Paris,EUR,EQUITY,6151534.0,44.0,https://www.ecoslops.com,
ALESE.FR,ALESE.PA,FR,ticker,ENTECH,Entech SA,Utilities,Utilities - Renewable,France,Quimper,EUR,EQUITY,138200704.0,202.0,https://entech-se.com,
ALEUA.FR,ALEUA.PA,FR,ticker,EURASIA GROUPE,Eurasia Groupe SA,Real Estate,Real Estate Services,France,Paris,EUR,EQUITY,9242114.0,14.0,https://eurasiagroupe.com,
ALEUP.FR,ALEUP.PA,FR,ticker,EUROPLASMA,Europlasma S.A.,Industrials,Waste Management,France,Pessac,EUR,EQUITY,857110.0,713.0,https://www.europlasma.com,
ALEXA.FR,ALEXA.PA,FR,ticker,EXACOMPTA CLAIREFONTAINE,Exacompta Clairefontaine S.A.,Industrials,Business Equipment & Supplies,France,Etival-Clairefontaine,EUR,EQUITY,188957152.0,3377.0,https://www.exacomptaclairefontaine.fr,
ALFLE.FR,ALFLE.PA,FR,ticker,FLEURY MICHON,Fleury Michon SA,Consumer Defensive,Packaged Foods,France,Pouzauges,EUR,EQUITY,90643904.0,2982.0,https://www.fleurymichon.fr,
ALFOC.FR,ALPUL.PA,FR,isin,PULLUP ENTERTAINMENT,Pullup Entertainment Société anonyme,Communication Services,Electronic Gaming & Multimedia,France,Paris,EUR,EQUITY,65501344.0,600.0,https://pullupent.com,FR0012419307
ALFPC.FR,ALFPC.PA,FR,ticker,FOUNTAINE PAJOT,Fountaine Pajot SA,Consumer Cyclical,Recreational Vehicles,France,Aigrefeuille,EUR,EQUITY,146688960.0,1452.0,https://www.fountaine-pajot.com,
ALFRE.FR,ALFRE.PA,FR,ticker,FREELANCE.COM,Freelance.com SA,Industrials,Staffing & Employment Services,France,Paris,EUR,EQUITY,148021168.0,337.0,https://www.freelance.com,
ALGEC.FR,ALGEC.PA,FR,ticker,GECI INTL,GECI International S.A.,Technology,Software - Infrastructure,France,Paris,EUR,EQUITY,2387386.0,584.0,https://www.geci.net,
ALGEN.FR,ALGEN.PA,FR,ticker,GENOWAY,genOway Société anonyme,Healthcare,Biotechnology,France,Lyon,EUR,EQUITY,30724404.0,,https://www.genoway.com,
ALGEV.FR,ALGEV.PA,FR,ticker,GEVELOT,Gévelot SA,Industrials,Specialty Industrial Machinery,France,Levallois-Perret,EUR,EQUITY,145303664.0,756.0,https://www.gevelot-sa.fr,
ALGIL.FR,ALGIL.PA,FR,ticker,GROUPE GUILLIN,Groupe Guillin S.A.,Consumer Cyclical,Packaging & Containers,France,Ornans,EUR,EQUITY,397416576.0,2951.0,https://www.groupeguillin.fr,
ALGIR.FR,ALGIR.PA,FR,ticker,SIGNAUX GIROD,Signaux Girod S.A.,Industrials,Railroads,France,Bellefontaine,EUR,EQUITY,15682138.0,754.0,https://www.signaux-girod.fr,
ALGLD.FR,ALGLD.PA,FR,ticker,GOLD BY GOLD,Gold By Gold SA,Basic Materials,Other Precious Metals & Mining,France,Paris,EUR,EQUITY,15254860.0,7.0,https://www.goldbygold.com,
ALGTR.FR,ALGTR.PA,FR,ticker,GROUPE TERA,Groupe Tera SA,Technology,Scientific & Technical Instruments,France,Crolles,EUR,EQUITY,14611298.0,28.0,https://groupe-tera.com,
ALHF.FR,ALHF.PA,FR,ticker,HF COMPANY,HF Company SA,Technology,Communication Equipment,France,Tours,EUR,EQUITY,12045428.0,3.0,https://www.hfcompany.com,
ALHGO.FR,ALHGO.PA,FR,ticker,HAMILTON GLOBAL OPPORTUNITIES P,Hamilton Global Opportunities PLC,Financial Services,Asset Management,United Kingdom,London,EUR,EQUITY,26141772.0,4.0,https://hamiltongo.eu,
ALHGR.FR,ALHGR.PA,FR,ticker,HOFFMANN,Hoffmann Green Cement Technologies Societe anonyme,Basic Materials,Building Materials,France,Rives de l'Yon,EUR,EQUITY,70218200.0,58.0,https://www.ciments-hoffmann.fr,
ALHIT.FR,ALHIT.PA,FR,ticker,HITECHPROS,HITECHPROS Société anonyme,Technology,Information Technology Services,France,Antony,EUR,EQUITY,21098700.0,19.0,https://www.hitechpros.com,
ALHRG.FR,ALHRG.PA,FR,ticker,HERIGE,Herige,Basic Materials,Building Materials,France,Montaigu-Vendée,EUR,EQUITY,62181032.0,1700.0,https://www.herige-industries.fr,
ALHRS.FR,ALHRS.PA,FR,ticker,HYDROGEN-REFUELING-SOLUTIONS,Hydrogen-Refueling-Solutions SA,Consumer Cyclical,Specialty Retail,France,Champagnier,EUR,EQUITY,23875014.0,122.0,https://www.hydrogen-refueling-solutions.fr,
ALHYG.FR,ALTAO.PA,FR,isin,ATON,,Healthcare,Biotechnology,France,Strasbourg,EUR,EQUITY,10681674.0,9.0,https://www.aton-group.com,FR0004153930
ALHYP.FR,ALHYP.PA,FR,ticker,HIPAY GROUP,HiPay Group SA,Technology,Software - Infrastructure,France,Levallois-Perret,EUR,EQUITY,35523504.0,226.0,https://www.hipay.com,
ALI2S.FR,ALI2S.PA,FR,ticker,I2S,i2S SA,Industrials,Electrical Equipment & Parts,France,Pessac,EUR,EQUITY,10223453.0,76.0,https://www.i2s.fr,
ALIKO.FR,ALIKO.PA,FR,ticker,IKONISYS,Ikonisys S.A.,Healthcare,Medical Devices,France,Paris,EUR,EQUITY,23729848.0,15.0,https://ikonisys.com,
ALIMO.FR,ALIMO.PA,FR,ticker,GROUPIMO,Groupimo S.A.,Real Estate,Real Estate Services,Martinique,Fort-de-France,EUR,EQUITY,397762.0,2.0,https://www.groupimo.fr,
ALIMP.FR,ALIMP.PA,FR,ticker,IMPLANET,Implanet S.A.,Healthcare,Medical Devices,France,Martillac,EUR,EQUITY,24305406.0,46.0,https://www.implanet.com,
ALIMR.FR,ALIMR.PA,FR,ticker,IMMERSION,Immersion SA,Technology,Software - Application,France,Bordeaux,EUR,EQUITY,2866335.0,45.0,https://www.immersion.fr,
ALINN.FR,ALINN.PA,FR,ticker,INNELEC MULTIMEDIA,Innelec Multimédia SA,Technology,Electronics & Computer Distribution,France,Pantin,EUR,EQUITY,8345036.0,,https://corporate.innelec.com,
ALINS.FR,ALINS.PA,FR,ticker,INTRASENSE,Intrasense S.A.,Healthcare,Health Information Services,France,Montpellier,EUR,EQUITY,12059599.0,76.0,https://www.intrasense.fr,
ALINT.FR,ALINT.PA,FR,ticker,INTEGRAGEN,IntegraGen SA,Healthcare,Biotechnology,France,Évry,EUR,EQUITY,1257934.0,37.0,https://integragen.com,
ALINV.FR,ALINV.PA,FR,ticker,INVIBES ADVERTISING N.V.,Invibes Advertising N.V.,Communication Services,Advertising Agencies,Belgium,Ghent,EUR,EQUITY,3014007.0,146.0,https://www.invibes.com,
ALITL.FR,ALITL.PA,FR,ticker,IT LINK,IT Link SA,Technology,Information Technology Services,France,Le Kremlin-Bicêtre,EUR,EQUITY,25802502.0,875.0,https://www.itlink.fr,
ALJXR.FR,ALJXR.PA,FR,ticker,ARCHOS,Archos S.A.,Technology,Consumer Electronics,France,Igny,EUR,EQUITY,15558210.0,48.0,https://www.archos.com,
ALKAL.FR,ALKAL.PA,FR,ticker,KALRAY,Kalray S.A.,Technology,Semiconductors,France,Montbonnot-Saint-Martin,EUR,EQUITY,115179504.0,92.0,https://www.kalrayinc.com,
ALKEY.FR,ALKEY.PA,FR,ticker,KEYRUS,Keyrus S.A.,Technology,Information Technology Services,France,Levallois-Perret,EUR,EQUITY,123722352.0,2541.0,https://www.keyrus.com,
ALKKO.FR,ALKKO.PA,FR,ticker,KKO INTERNATIONAL,KKO International SA,Consumer Defensive,Farm Products,France,Paris,EUR,EQUITY,12583400.0,57.0,https://kko-international.com,
ALKLA.FR,ALKLA.PA,FR,ticker,KLARSEN,Klarsen,Communication Services,Advertising Agencies,France,Bordeaux,EUR,EQUITY,2921988.0,20.0,https://www.klarsen.com,
ALKLK.FR,ALKLK.PA,FR,ticker,KERLINK,Kerlink SA,Technology,Communication Equipment,France,Thorigné-Fouillard,EUR,EQUITY,8144618.0,73.0,https://www.kerlink.com,
ALKOM.FR,ALKOM.PA,FR,ticker,PLASTICOS COMPUESTOS S.A. (KOMP,"Plásticos Compuestos, S.A.",Basic Materials,Specialty Chemicals,Spain,Barcelona,EUR,EQUITY,10549099.0,77.0,https://www.kompuestos.com,
ALLAN.FR,ALLAN.PA,FR,ticker,LANSON-BCC,Lanson-BCC,Consumer Defensive,Beverages - Wineries & Distilleries,France,Reims,EUR,EQUITY,175703792.0,437.0,https://www.lanson-bcc.com,
ALLDL.FR,ALLDL.PA,FR,ticker,GROUPE LDLC,Groupe LDLC société anonyme,Technology,Electronics & Computer Distribution,France,Limonest,EUR,EQUITY,73256640.0,1082.0,https://www.groupe-ldlc.com,
ALLEX.FR,ALLEX.PA,FR,ticker,LEXIBOOK LINGUIST.,Lexibook - Linguistic Electronic System Société anonyme,Consumer Cyclical,Leisure,France,Les Ulis,EUR,EQUITY,62261820.0,103.0,https://www.lexibook.com,
ALLGO.FR,ALLGO.PA,FR,ticker,LARGO,Largo SA,Technology,Electronics & Computer Distribution,France,Sainte-Luce-sur-Loire,EUR,EQUITY,5765342.0,75.0,https://www.largo-france.fr,
ALLHB.FR,ALLHB.PA,FR,ticker,LES HOTELS BAVEREZ,Les Hôtels Baverez S.A.,Consumer Cyclical,Lodging,France,Paris,EUR,EQUITY,172003936.0,206.0,https://www.leshotelsbaverez-sa.com,
ALLIX.FR,ALLIX.PA,FR,ticker,WALLIX,WALLIX GROUP SA,Technology,Software - Infrastructure,France,Paris,EUR,EQUITY,155823600.0,208.0,https://www.wallix.com,
ALLLN.FR,ALLLN.PA,FR,ticker,LLEIDA,"LleidaNetworks Serveis Telemàtics, S.A.",Communication Services,Telecom Services,Spain,Madrid,EUR,EQUITY,20986932.0,129.0,https://www.lleida.net,
ALLOG.FR,ALLOG.PA,FR,ticker,LOGIC INSTRUMENT,Logic Instrument S.A.,Technology,Computer Hardware,France,Igny,EUR,EQUITY,22555694.0,110.0,https://logic-instrument.com,
ALLUX.FR,ALLUX.PA,FR,ticker,INSTALLUX,Installux S.A.,Basic Materials,Aluminum,France,Saint-Bonnet-de-Mure,EUR,EQUITY,137470208.0,544.0,https://www.groupe-installux.com,
ALMAR.FR,ALMAR.PA,FR,ticker,MARE NOSTRUM,Mare Nostrum SA,Industrials,Staffing & Employment Services,France,Grenoble,EUR,EQUITY,4037933.0,207.0,https://www.mare-nostrum.eu,
ALMAS.FR,ALMAS.PA,FR,ticker,MASTRAD,Mastrad Société Anonyme,Consumer Defensive,Household & Personal Products,France,Paris,EUR,EQUITY,565782.0,4.0,https://www.mastrad-paris.fr,
ALMDG.FR,ALMDG.PA,FR,ticker,MGI DIGITAL GRAPHI,MGI Digital Technology Société Anonyme,Technology,Computer Hardware,France,Fresnes,EUR,EQUITY,63126344.0,266.0,https://www.mgi-fr.com,
ALMDT.FR,ALMDT.PA,FR,ticker,MEDIAN TECHNOLOGIES,Median Technologies SA,Healthcare,Medical Devices,France,Valbonne,EUR,EQUITY,199074176.0,199.0,https://mediantechnologies.com,
ALMER.FR,ALMER.PA,FR,ticker,SAPMER,Sapmer SA,Consumer Defensive,Packaged Foods,France,Le Port,EUR,EQUITY,25967620.0,327.0,https://www.sapmer.com,
ALMET.FR,ALMET.PA,FR,ticker,METHANOR,Méthanor SCA,Utilities,Utilities - Diversified,France,Paris,EUR,EQUITY,5886324.0,,https://www.methanor.fr,
ALMGI.FR,ALMGI.PA,FR,ticker,MG INTERNATIONAL,MG International S.A.,Industrials,Security & Protection Services,France,La Ciotat,EUR,EQUITY,14035325.0,84.0,https://www.mginternational.fr,
ALMIB.FR,ALMIB.PA,FR,ticker,AMOEBA,Amoéba S.A.,Basic Materials,Agricultural Inputs,France,Chassieu,EUR,EQUITY,52815240.0,23.0,https://amoeba-nature.com,
ALMKS.FR,ALMKS.PA,FR,ticker,MAKING SCIENCE GROUP S.A.,"Making Science Group, S.A.",Communication Services,Advertising Agencies,Spain,Madrid,EUR,EQUITY,60999796.0,830.0,https://www.makingscience.com,
ALMLB.FR,ALMLB.PA,FR,ticker,MILIBOO,Miliboo Société anonyme,Consumer Cyclical,"Furnishings, Fixtures & Appliances",France,Chavanod,EUR,EQUITY,11342959.0,,https://www.miliboo.com,
ALMNG.FR,ALSRS.PA,FR,isin,SIRIUS MEDIA,Sirius Media,Communication Services,Advertising Agencies,France,Paris,EUR,EQUITY,1584645.0,3056.0,https://siriusmedia.fr,FR0010812230
ALMOU.FR,ALMOU.PA,FR,ticker,MOULINVEST,Moulinvest S.A.,Basic Materials,Lumber & Wood Production,France,Dunières,EUR,EQUITY,62939572.0,241.0,https://www.moulinvest.com,
ALMRB.FR,ALMRB.PA,FR,ticker,MR BRICOLAGE,Mr.Bricolage S.A.,Consumer Cyclical,Home Improvement Retail,France,La Chapelle-Saint-Mesmin,EUR,EQUITY,47439020.0,474.0,https://mr-bricolage.com,
ALMTH.FR,ALMTH.PA,FR,ticker,,Methorios Capital SpA,,,,,,MUTUALFUND,,,,
ALMUN.FR,ALMUN.PA,FR,ticker,MUNIC,Munic S.A.,Technology,Software - Infrastructure,France,Villejuif,EUR,EQUITY,4275691.0,39.0,https://www.munic.io,
ALNEV.FR,ALNEV.PA,FR,ticker,NEOVACS,Neovacs S.A.,Healthcare,Biotechnology,France,Suresnes,EUR,EQUITY,36.0,16.0,https://www.neovacs.com,
ALNFL.FR,ALNFL.PA,FR,ticker,NFL BIOSCIENCES S.A.,NFL Biosciences SA,Healthcare,Biotechnology,France,Castelnau-le-Lez,EUR,EQUITY,10467272.0,4.0,https://www.nflbiosciences.com,
ALNLF.FR,ALNLF.PA,FR,ticker,NEOLIFE,Neolife SA,Consumer Cyclical,"Furnishings, Fixtures & Appliances",France,Champagne-Au-Mont-D'Or,EUR,EQUITY,5126929.0,,https://www.neolife.fr,
ALNMR.FR,ALNMR.PA,FR,ticker,NAMR,namR Société anonyme,Technology,Software - Application,France,Paris,EUR,EQUITY,1337519.0,41.0,https://namr.com,
ALNN6.FR,ALNN6.PA,FR,ticker,ENENSYS,ENENSYS Technologies SA,Technology,Communication Equipment,France,Cesson-Sévigné,EUR,EQUITY,9810287.0,63.0,https://www.enensys.com,
ALNOV.FR,ALNOV.PA,FR,ticker,NOVACYT,Novacyt S.A.,Healthcare,Medical Devices,France,Le Vésinet,EUR,EQUITY,31900876.0,216.0,https://www.novacyt.com,
ALNOX.FR,ALTME.PA,FR,isin,TME PHARMA,TME Pharma N.V.,Healthcare,Biotechnology,Germany,Berlin,EUR,EQUITY,5933906.0,,https://www.tmepharma.com,NL0012044762
ALNRG.FR,ALNRG.PA,FR,ticker,ENERGISME,SA Energisme,Technology,Software - Application,France,Paris,EUR,EQUITY,11999779.0,45.0,https://energisme.com,
ALNSC.FR,ALNSC.PA,FR,ticker,NSC GROUPE,NSC Groupe SA,Industrials,Specialty Industrial Machinery,France,Guebwiller,EUR,EQUITY,26062750.0,337.0,https://www.nsc-groupe.com,
ALNSE.FR,ALNSE.PA,FR,ticker,NSE,NSE S.A.,Technology,Scientific & Technical Instruments,France,Nizerolles,EUR,EQUITY,160812496.0,763.0,https://www.nse-groupe.com,
ALNTG.FR,ALNTG.PA,FR,ticker,NETGEM,Netgem SA,Technology,Communication Equipment,France,Paris,EUR,EQUITY,27441444.0,113.0,https://www.netgem.com,
ALNXT.FR,ALNXT.PA,FR,ticker,NEXTEDIA,Nextedia S.A.,Communication Services,Advertising Agencies,France,Puteaux,EUR,EQUITY,10953367.0,,https://www.nextedia.com,
ALO.FR,ALO.PA,FR,ticker,ALSTOM,Alstom SA,Industrials,Railroads,France,Saint-Ouen,EUR,EQUITY,7549893632.0,87832.0,https://www.alstom.com,
ALODC.FR,ALODC.PA,FR,ticker,OMER-DECUGIS & CIE,Omer-Decugis & Cie SA,Consumer Defensive,Food Distribution,France,Rungis,EUR,EQUITY,68437688.0,251.0,https://www.omerdecugis.com,
ALONX.FR,ALVIO.PA,FR,isin,VALERIO THERAPEUTICS,Valerio Therapeutics Société anonyme,Healthcare,Biotechnology,France,Paris,EUR,EQUITY,388570752.0,25.0,https://valeriotx.com,FR0010095596
ALORA.FR,ALORA.PA,FR,ticker,ALTHEORA,Altheora SA,Industrials,Electrical Equipment & Parts,France,Mauves,EUR,EQUITY,5507660.0,,https://www.altheora.com,
ALORD.FR,ALORD.PA,FR,ticker,ORDISSIMO,Ordissimo SA,Technology,Computer Hardware,France,Montrouge,EUR,EQUITY,2815108.0,19.0,https://www.ordissimo.com,
ALPAT.FR,ALPAT.PA,FR,ticker,PLANT ADVANCED,Plant Advanced Technologies SA,Healthcare,Biotechnology,France,Vandœuvre-lès-Nancy,EUR,EQUITY,5661630.0,11.0,https://www.plantadvanced.com,
ALPAU.FR,ALPAU.PA,FR,ticker,PAULIC MEUNERIE,PAULIC Meunerie SA,Consumer Defensive,Packaged Foods,France,Pontivy,EUR,EQUITY,6645722.0,44.0,https://www.paulicmeunerie.com,
ALPDX.FR,ALPDX.PA,FR,ticker,PISCINES DESJOYAUX,Piscines Desjoyaux SA,Consumer Cyclical,Leisure,France,La Fouillouse,EUR,EQUITY,95140072.0,259.0,https://www.desjoyaux.com,
ALPER.FR,ALPER.PA,FR,ticker,"ALPER.PA,0P0001IDKO,0",La Perla Fashion Holding N.V.,,,,,EUR,MUTUALFUND,756799168.0,,,
ALPHI.FR,ALPHI.PA,FR,ticker,FACEPHI,"Facephi Biometria, S.A.",Technology,Software - Application,Spain,Alicante,EUR,EQUITY,43899700.0,256.0,https://www.facephi.com,
ALPJT.FR,ALPJT.PA,FR,ticker,POUJOULAT,Poujoulat SA,Industrials,Building Products & Equipment,France,Saint-Symphorien,EUR,EQUITY,42872444.0,1603.0,https://www.poujoulat.fr,
ALPOU.FR,ALPOU.PA,FR,ticker,POULAILLON,Poulaillon SA,Consumer Defensive,Packaged Foods,France,Wittelsheim,EUR,EQUITY,46000072.0,1157.0,https://www.poulaillon.fr,
ALPRE.FR,ALPRE.PA,FR,ticker,PREDILIFE,Predilife S.A.,Healthcare,Diagnostics & Research,France,Villejuif,EUR,EQUITY,3743476.0,20.0,https://www.predilife.com,
ALPRI.FR,ALPRI.PA,FR,ticker,PRISMAFLEX INTL,"Prismaflex International, S.A.",Communication Services,Advertising Agencies,France,Haute-Rivoire,EUR,EQUITY,11447999.0,358.0,https://www.prismaflex.com,
ALQGC.FR,ALQGC.PA,FR,ticker,QUANTUM GENOMICS,Quantum Genomics Société Anonyme,Healthcare,Biotechnology,France,Paris,EUR,EQUITY,5026087.0,1.0,https://quantum-genomics.com,
ALQWA.FR,ALQWA.PA,FR,ticker,QWAMPLIFY,Qwamplify,Communication Services,Advertising Agencies,France,Levallois-Perret,EUR,EQUITY,8514110.0,187.0,https://www.qwamplify.com,
ALREA.FR,ALREA.PA,FR,ticker,REALITES,Réalités S.A.,Real Estate,Real Estate - Development,France,Saint-Herblain,EUR,EQUITY,2382906.0,431.0,https://www.realites.com,
ALREW.FR,ALREW.PA,FR,ticker,REWORLD MEDIA,Unify Group SA,,,France,Boulogne-Billancourt,EUR,EQUITY,110398784.0,1194.0,https://www.reworldmedia.com,
ALRGR.FR,ALRGR.PA,FR,ticker,ROUGIER S.A.,Rougier S.A.,Basic Materials,Lumber & Wood Production,France,Niort,EUR,EQUITY,12230702.0,1161.0,https://www.rougier.fr,
ALRIB.FR,ALRIB.PA,FR,ticker,RIBER,Riber S.A.,Technology,Semiconductor Equipment & Materials,France,Bezons,EUR,EQUITY,194262800.0,121.0,https://www.riber.com,
ALROC.FR,ALROC.PA,FR,ticker,ROCTOOL,RocTool S.A.,Technology,Electronic Components,France,Le Bourget-du-Lac,EUR,EQUITY,18466900.0,43.0,https://www.roctool.com,
ALRPD.FR,ALRPD.PA,FR,ticker,RAPID NUTRITION,Rapid Nutrition PLC,Consumer Defensive,Packaged Foods,United Kingdom,Mildenhall,EUR,EQUITY,3609506.0,3.0,https://www.rnplc.com,
ALSAF.FR,ALSAF.PA,FR,ticker,SAFE,Safe Orthopaedics SA,Healthcare,Medical Instruments & Supplies,France,Fleurieux-sur-l'Arbresle,EUR,EQUITY,127514.0,77.0,https://www.safeorthopaedics.com,
ALSAS.FR,ALSAS.PA,FR,ticker,STRADIM,Stradim Espace Finances SA,Real Estate,Real Estate Services,France,Entzheim,EUR,EQUITY,15822896.0,132.0,https://www.stradim.fr,
ALSEI.FR,ALSEI.PA,FR,ticker,"ALSEI.PA,0P0001I2RW,0",Società Editoriale Il Fatto S.p.A.,,,,,EUR,MUTUALFUND,5641779.0,,,
ALSEN.FR,ALSEN.PA,FR,ticker,SENSORION,Sensorion SA,Healthcare,Biotechnology,France,Montpellier,EUR,EQUITY,151707136.0,63.0,https://www.sensorion.com,
ALSGD.FR,ALSGD.PA,FR,ticker,SPINEGUARD,SpineGuard SA,Healthcare,Medical Devices,France,Vincennes,EUR,EQUITY,8089882.0,13.0,https://www.spineguard.com,
ALSPT.FR,ALSPT.PA,FR,ticker,SPARTOO,Spartoo SAS,Consumer Cyclical,Internet Retail,France,Grenoble,EUR,EQUITY,3991169.0,320.0,https://www.spartoo.com,
ALSPW.FR,ALSPW.PA,FR,ticker,SPINEWAY,Spineway SA,Healthcare,Medical Instruments & Supplies,France,Ecully,EUR,EQUITY,4805601.0,43.0,https://www.spineway.com,
ALSTW.FR,ALSTW.PA,FR,ticker,STREAMWIDE,Streamwide S.A.,Technology,Software - Application,France,Paris,EUR,EQUITY,215751840.0,251.0,https://www.streamwide.com,
ALTA.FR,ALTA.PA,FR,ticker,ALTAREA,Altarea SCA,Real Estate,REIT - Residential,France,Paris,EUR,EQUITY,2449276928.0,1594.0,https://www.altarea.com,
ALTBG.FR,ALCPB.PA,FR,isin,CAPITAL B,Capital B,Technology,Software - Application,France,Puteaux,EUR,EQUITY,145142464.0,110.0,https://cptlb.com,FR0011053636
ALTHE.FR,ALTHE.PA,FR,ticker,THERACLION,Theraclion SA,Healthcare,Medical Devices,France,Malakoff,EUR,EQUITY,43857984.0,36.0,https://www.theraclion.com,
ALTHX.FR,ALTHX.PA,FR,ticker,THX PHARMA,THX Pharma Société Anonyme,Healthcare,Biotechnology,France,Lyon,EUR,EQUITY,57477668.0,12.0,https://www.theranexus.com,
ALTLX.FR,ALTLX.PA,FR,ticker,"ALTLX.PA,0P0000TANT,0",Toolux Sanding S.A.,,,,,EUR,MUTUALFUND,4033441.0,,,
ALTRI.FR,ALTRI.PA,FR,ticker,TRILOGIQ,Trilogiq S.A.,Industrials,Business Equipment & Supplies,France,Cergy-Pontoise,EUR,EQUITY,18577212.0,167.0,https://www.trilogiq.com,
ALTUV.FR,ALTUV.PA,FR,ticker,BIO-UV GROUP,BIO-UV Group S.A.,Industrials,Pollution & Treatment Controls,France,Lunel,EUR,EQUITY,17612580.0,149.0,https://www.bio-uv.com,
ALTXC.FR,ALTXC.PA,FR,ticker,TXCOM,TXCOM Société Anonyme,Technology,Communication Equipment,France,Le Plessis-Robinson,EUR,EQUITY,11050110.0,24.0,https://txcom-group.com,
ALU10.FR,ALU10.PA,FR,ticker,U10 CORP,U10 Corp,Consumer Cyclical,"Furnishings, Fixtures & Appliances",France,Thizy,EUR,EQUITY,20318874.0,278.0,https://www.u10.fr,
ALUCI.FR,ALUCI.PA,FR,ticker,LUCIBEL,Lucibel SA,Industrials,Electrical Equipment & Parts,France,Le Houlme,EUR,EQUITY,888288.0,38.0,https://www.lucibel.io,
ALUNT.FR,ALUNT.PA,FR,ticker,UNITI,Uniti S.A,Consumer Cyclical,Residential Construction,France,Paris,EUR,EQUITY,35001124.0,58.0,https://uniti-habitat.fr,
ALUPG.FR,ALUPG.PA,FR,ticker,UPERGY,UPERGY Société Anonyme,Consumer Cyclical,Specialty Retail,France,Limonest,EUR,EQUITY,7561384.0,289.0,https://www.upergy.com,
ALUVI.FR,ALUVI.PA,FR,ticker,UV GERMI,UV Germi SA,Industrials,Pollution & Treatment Controls,France,Saint-Viance,EUR,EQUITY,6016365.0,44.0,https://www.uvgermi.fr,
ALVAL.FR,ALVAL.PA,FR,ticker,VALBIOTIS,Valbiotis SA,Consumer Defensive,Packaged Foods,France,Périgny,EUR,EQUITY,26974138.0,50.0,https://www.valbiotis.com,
ALVAP.FR,ALVAP.PA,FR,ticker,KUMULUS VAPE,Kumulus Vape S.A.,Consumer Cyclical,Internet Retail,France,Lyon,EUR,EQUITY,7802140.0,101.0,https://www.kumulusvape.fr,
ALVDM.FR,ALVDM.PA,FR,ticker,VOYAGEURS DU MONDE,Voyageurs du Monde SA,Consumer Cyclical,Travel Services,France,Paris,EUR,EQUITY,798686016.0,2011.0,https://www.voyageursdumonde.fr,
ALVGO.FR,ALVGO.PA,FR,ticker,VOGO,Vogo SA,Technology,Software - Application,France,Montpellier,EUR,EQUITY,13744788.0,71.0,https://www.vogo-group.com,
ALVIA.FR,ALVIA.PA,FR,ticker,VIALIFE,Vialife SA,Consumer Cyclical,Specialty Retail,France,Paris,EUR,EQUITY,3959220.0,,https://www.viapresse.com,
ALVMG.FR,ALKLH.PA,FR,isin,KLEA HOLDING,,Healthcare,Diagnostics & Research,France,Paris,EUR,EQUITY,50132476.0,128.0,https://www.kleaholding.com,FR0013481835
ALVU.FR,ALVU.PA,FR,ticker,VENTE UNIQUE.COM,Vente-Unique.com SA,Consumer Cyclical,Internet Retail,France,Le Pre-St-Gervais,EUR,EQUITY,164600912.0,435.0,https://www.vente-unique.com,
ALWEC.FR,ALWEC.PA,FR,ticker,WE.CONNECT,We.Connect SA,Technology,Computer Hardware,France,Paris,EUR,EQUITY,76689496.0,300.0,https://www.connect-we.fr,
ALWF.FR,ALWF.PA,FR,ticker,WINFARM,WINFARM Société anonyme,Industrials,Farm & Heavy Construction Machinery,France,Loudéac,EUR,EQUITY,7968951.0,363.0,https://www.winfarm-group.com,
ALWIT.FR,ALWIT.PA,FR,ticker,WITBE,Witbe S.A.,Communication Services,Internet Content & Information,France,Nanterre,EUR,EQUITY,12531065.0,100.0,https://www.witbe.net,
AM.FR,AM.PA,FR,ticker,DASSAULT AVIATION,Dassault Aviation société anonyme,Industrials,Aerospace & Defense,France,Saint-Cloud,EUR,EQUITY,23992561664.0,14573.0,https://www.dassault-aviation.com,
AMD2.FR,AMD2.PA,FR,ticker,Leverage Shares 2x Advanced Mic,Leverage Shares 2x Advcd Mcr Dvcs ETP Securities,,,,,EUR,ETF,,,,
AMDS.FR,AMDS.PA,FR,ticker,Leverage Shares -1x Advanced Mi,Leverage Shares -1x Advcd Mcr Dvcs ETP Securities,,,,,EUR,ETF,,,,
AMUN.FR,AMUN.PA,FR,ticker,AMUNDI,Amundi S.A.,Financial Services,Asset Management,France,Paris,EUR,EQUITY,18014445568.0,5400.0,https://legroupe.amundi.com,
AMZ2.FR,AMZ2.PA,FR,ticker,Leverage Shares 2x Amazon ETP S,Leverage Shares 2x Amazon ETP Securities A,,,,,EUR,ETF,,,,
AMZ3.FR,AMZ3.PA,FR,ticker,Leverage Shares 3x Amazon ETP S,Leverage Shares 3x Amazon ETP Securities,,,,,EUR,ETF,,,,
AMZS.FR,AMZS.PA,FR,ticker,Leverage Shares -1x Amazon ETP ,Leverage Shares -1x Amazon ETP Scs,,,,,EUR,ETF,,,,
ANTIN.FR,ANTIN.PA,FR,ticker,ANTIN INFRASTRUCTURE PARTNERS,Antin Infrastructure Partners S.A.,Financial Services,Asset Management,France,Paris,EUR,EQUITY,1549871360.0,254.0,https://www.antin-ip.com,
APLS.FR,APLS.PA,FR,ticker,Leverage Shares -1x Apple ETP S,Leverage Shares -1x Apple ETP Securities,,,,,EUR,ETF,,,,
ARAMI.FR,ARAMI.PA,FR,ticker,ARAMIS GROUP,Aramis Group SAS,Consumer Cyclical,Auto & Truck Dealerships,France,Arcueil,EUR,EQUITY,327777984.0,2400.0,https://www.aramis.group,
ARDO.FR,ARDO.PA,FR,ticker,"ARDO.PA,0P0000E6NJ,0",Les Motocycles Ardoin Saint Amand et Cie,,,,,EUR,MUTUALFUND,,,,
AREIT.FR,AREIT.PA,FR,ticker,ALTAREIT,Altareit SCA,Real Estate,Real Estate - Development,France,Paris,EUR,EQUITY,1022826880.0,1118.0,https://www.altareit.com,
ARG.FR,ARG.PA,FR,ticker,ARGAN,Argan SA,Real Estate,REIT - Industrial,France,Neuilly-sur-Seine,EUR,EQUITY,1996127232.0,28.0,https://www.argan.fr/,
ARTE.FR,ARTE.PA,FR,ticker,ARTEA,Artea SA,Real Estate,Real Estate Services,France,Paris,EUR,EQUITY,25809474.0,,https://www.groupe-artea.fr,
ARTO.FR,ARTO.PA,FR,ticker,ARTOIS NOM.,Société Industrielle et Financière de l'Artois Société anonyme,Technology,Computer Hardware,France,Puteaux,EUR,EQUITY,2635379968.0,701.0,https://sif-artois.fr,
ASOL.FR,ASOL.PA,FR,ticker,21Shares Solana Staking ETP,21Shares Solana Staking ETP,,,,,USD,ETF,,,,
ASY.FR,ASY.PA,FR,ticker,ASSYSTEM,Assystem S.A.,Industrials,Engineering & Construction,France,Courbevoie,EUR,EQUITY,638697728.0,7583.0,https://www.assystem.com,
ATA.FR,ALATA.PA,FR,isin,ATARI S.A.,Atari SA,Communication Services,Electronic Gaming & Multimedia,France,Paris,EUR,EQUITY,57720764.0,90.0,https://www.atari.com,FR0010478248
ATE.FR,ATE.PA,FR,ticker,ALTEN,Alten S.A.,Technology,Information Technology Services,France,Boulogne-Billancourt,EUR,EQUITY,2207304192.0,55713.0,https://www.alten.com,
ATEME.FR,ATEME.PA,FR,ticker,ATEME,ATEME SA,Technology,Communication Equipment,France,Vélizy-Villacoublay,EUR,EQUITY,143584640.0,547.0,https://www.ateme.com,
ATI.FR,ALATI.PA,FR,isin,ACTIA GROUP S.A.,ACTIA Group S.A.,Consumer Cyclical,Auto Parts,France,Toulouse,EUR,EQUITY,79533176.0,3818.0,https://www.actia.com,FR0000076655
ATO.FR,ATO.PA,FR,ticker,ATOS GROUP,Atos Group,Technology,Information Technology Services,France,Bezons,EUR,EQUITY,621588096.0,57624.0,https://www.atosgroup.com,
AUB.FR,AUB.PA,FR,ticker,AUBAY,Aubay Société Anonyme,Technology,Information Technology Services,France,Boulogne-Billancourt,EUR,EQUITY,718449472.0,9049.0,https://www.aubay.com,
AUGR.FR,AUGR.PA,FR,ticker,AUGROS COSMETIC,Augros Cosmetic Packaging SA,,,France,Alençon,EUR,EQUITY,8126119.0,119.0,https://www.augros.fr,
AURE.FR,AURE.PA,FR,ticker,AUREA,Aurea SA,Industrials,Waste Management,France,Paris,EUR,EQUITY,53625540.0,484.0,https://www.aurea-france.com,
AVT.FR,AVT.PA,FR,ticker,AVENIR TELECOM,Avenir Telecom S.A.,Technology,Communication Equipment,France,Marseille,EUR,EQUITY,6929978.0,49.0,https://corporate.avenir-telecom.com,
AXAHY.FR,AXAHY.PA,FR,ticker,AXAWFASIANHYBONDS,AXA World Funds - Asian High Yield Bonds,,,,,EUR,MUTUALFUND,,,,
AXASD.FR,AXASD.PA,FR,ticker,AXAWFASIANSHBONDS,,,,,,EUR,MUTUALFUND,,,,
AXASI.FR,AXASI.PA,FR,ticker,AXAWFFRAMASIAINCOM,AXA World Funds - Framlington Asia Select Income,,,,,EUR,MUTUALFUND,,,,
AXDOI.FR,AXDOI.PA,FR,ticker,AXAWFDEFENSOPTINC,AXA World Funds - Defensive Optimal Income,,,,,EUR,MUTUALFUND,,,,
AXEBM.FR,AXEBM.PA,FR,ticker,AXAWFEURBUYMAINT,AXA World Funds - Euro Buy and Maintain Credit,,,,,EUR,MUTUALFUND,,,,
AXECP.FR,AXECP.PA,FR,ticker,AXAWFEUROCREDITPLU,AXA World Funds - Euro Credit Plus,,,,,EUR,MUTUALFUND,,,,
AXEGB.FR,AXEGB.PA,FR,ticker,AXAWFEURGOVBONDS,AXA World Funds - Euro Government Bonds,,,,,EUR,MUTUALFUND,,,,
AXEHY.FR,AXEHY.PA,FR,ticker,AXAWFEUROPEANHY,AXA World Funds - European High Yield Bonds,,,,,EUR,MUTUALFUND,,,,
AXEIN.FR,AXEIN.PA,FR,ticker,AXAWFEUROINFLATION,AXA World Funds - Euro Inflation Bonds,,,,,EUR,MUTUALFUND,,,,
AXEMB.FR,AXEMB.PA,FR,ticker,AXAWFEMERGINGBONDS,AXA World Funds - Global Emerging Markets Bonds,,,,,EUR,MUTUALFUND,,,,
AXEMS.FR,AXEMS.PA,FR,ticker,AXAWFEMERGINGSHORT,AXA World Funds - Emerging Markets Short Duration Bonds,,,,,EUR,MUTUALFUND,,,,
AXERE.FR,AXERE.PA,FR,ticker,AXAWFFRAMEUROPERE,AXA World Funds - Framlington Europe Real Estate Securities,,,,,EUR,MUTUALFUND,,,,
AXESC.FR,AXESC.PA,FR,ticker,AXAWFFRAMEUROPESMA,AXA World Funds - Framlington Europe Small Cap,,,,,EUR,MUTUALFUND,,,,
AXESD.FR,AXESD.PA,FR,ticker,AXAWFEUROCREDITSD,AXA World Funds - Euro Credit Short Duration,,,,,EUR,MUTUALFUND,,,,
AXEUB.FR,AXEUB.PA,FR,ticker,AXAWFEUROBONDS,AXA World Funds - Euro Bonds,,,,,EUR,MUTUALFUND,,,,
AXEUO.FR,AXEUO.PA,FR,ticker,AXAWFFRAMEUROPEOPP,AXA World Funds - Framlington Europe Opportunities,,,,,EUR,MUTUALFUND,,,,
AXEUR.FR,AXEUR.PA,FR,ticker,AXAWFFRAMEUROZONE,AXA World Funds - Framlington Eurozone,,,,,EUR,MUTUALFUND,,,,
AXFAC.FR,AXFAC.PA,FR,ticker,AXAWFGLOBALFACTOR,AXA World Funds - Global Factors - Sustainable Equity,,,,,EUR,MUTUALFUND,,,,
AXGBM.FR,AXGBM.PA,FR,ticker,AXAWFEURBUYMAINT,AXA World Funds -  Global Credit Bonds,,,,,EUR,MUTUALFUND,,,,
AXGCB.FR,AXGCB.PA,FR,ticker,AXAWFGLOBALCREDIT,AXA World Funds -  Global Credit Bonds,,,,,EUR,MUTUALFUND,,,,
AXGFP.FR,AXGFP.PA,FR,ticker,AXAWFGLOBFLEXPROP,AXA World Funds - Global Flexible Property,,,,,EUR,MUTUALFUND,,,,
AXGHY.FR,AXGHY.PA,FR,ticker,AXAWFGLOBALHYBONDS,AXA World Funds - Global High Yield Bonds,,,,,EUR,MUTUALFUND,,,,
AXGIB.FR,AXGIB.PA,FR,ticker,AXAWFGLOBALINFLA,,,,,,EUR,MUTUALFUND,,,,
AXGIG.FR,AXGIG.PA,FR,ticker,AXAWFGLOBINCOMEGEN,,,,,,EUR,MUTUALFUND,,,,
AXGIN.FR,AXGIN.PA,FR,ticker,AXAWFGLINFLASHORT,AXA World Funds SICAV - Global Inflation Short Duration Bonds Fund,,,,,EUR,MUTUALFUND,,,,
AXGOI.FR,AXGOI.PA,FR,ticker,AXAWFGLOBALOPTINC,,,,,,EUR,MUTUALFUND,,,,
AXGRE.FR,AXGRE.PA,FR,ticker,AXAWFFRAMGLOBALERE,,,,,,EUR,MUTUALFUND,,,,
AXGSB.FR,AXGSB.PA,FR,ticker,AXAWFGLOBALSTRAT,,,,,,EUR,MUTUALFUND,,,,
AXGSC.FR,AXGSC.PA,FR,ticker,AXAWFFRAMGLOBSMALL,,,,,,EUR,MUTUALFUND,,,,
AXHEA.FR,AXHEA.PA,FR,ticker,AXAWFFRAMHEALTH,,,,,,EUR,MUTUALFUND,,,,
AXHUM.FR,AXHUM.PA,FR,ticker,AXAWFFRAMHUMANCAP,,,,,,EUR,MUTUALFUND,,,,
AXLM.FR,AXLM.PA,FR,ticker,21Shares Stellar ETP,21Shares Stellar ETP,,,,,USD,ETF,,,,
AXMIX.FR,AXMIX.PA,FR,ticker,AXAWFMIXINPERSP,AXA World Funds - Mix In Perspectives,,,,,EUR,MUTUALFUND,,,,
AXOI.FR,AXOI.PA,FR,ticker,AXAWFOPTIMALINCOME,AXA World Funds - Optimal Income Fund,,,,,EUR,MUTUALFUND,,,,
AXPB.FR,AXPB.PA,FR,ticker,AXAWFPLANETBONDS,AXA World Funds - Planet Bonds Fund,,,,,EUR,MUTUALFUND,,,,
AXRES.FR,AXRES.PA,FR,ticker,AXAWFFRAMHYBRIDRES,AXA World Funds - Framlington Hybrid Resources,,,,,EUR,MUTUALFUND,,,,
AXROB.FR,AXROB.PA,FR,ticker,AXAWFFRAMROBOTECH,AXA World Funds - Framlington Robotech Fund,,,,,EUR,MUTUALFUND,,,,
AXRP.FR,AXRP.PA,FR,ticker,21Shares Ripple XRP,21Shares XRP ETP,,,,,USD,ETF,,,,
AXTZ.FR,AXTZ.PA,FR,ticker,21Shares Tezos Staking ETP,21Shares Tezos ETP,,,,,USD,ETF,,,,
AXUHY.FR,AXUHY.PA,FR,ticker,AXAWFUSHYBONDS,,,,,,EUR,MUTUALFUND,,,,
AXUSC.FR,AXUSC.PA,FR,ticker,AXAWFUSCREDITSDIG,AXA World Funds - US Credit Short Duration IG,,,,,EUR,MUTUALFUND,,,,
AXUSS.FR,AXUSS.PA,FR,ticker,AXAWFUSSHORTDURHY,,,,,,EUR,MUTUALFUND,,,,
AXW.FR,74SW.PA,FR,isin,74SOFTWARE,,Technology,Software - Application,United States,Scottsdale,EUR,EQUITY,1130290304.0,4527.0,https://www.74software.com,FR0011040500
BA3.FR,BA3.L,FR,isin,LEVERAGE SHARES PUBLIC LIMITED ,Leverage Shares 3x Boeing ETP Securities,,,,,USD,ETF,,,,XS2297551371
BAB2.FR,BAB2.PA,FR,ticker,Leverage Shares 2x Alibaba ETP ,Leverage Shares 2x Alibaba ETP Scs,,,,,EUR,ETF,,,,
BABS.FR,BABS.PA,FR,ticker,Leverage Shares -1x Alibaba ETP,Leverage Shares -1x Alibaba ETP Scs,,,,,EUR,ETF,,,,
BAES.FR,BAS.L,FR,isin,LEVERAGE SHARES PUBLIC LIMITED ,Leverage Shares -1x Short Boeing ETP Securities,,,,,USD,ETF,,,,XS2297551454
BAIN.FR,BAIN.PA,FR,ticker,BAINS MER MONACO,Société Anonyme des Bains de Mer et du Cercle des Étrangers à Monaco,Consumer Cyclical,Resorts & Casinos,Monaco,Monaco,EUR,EQUITY,3432332288.0,3470.0,https://www.montecarlosbm.com,
BASS.FR,BASS.PA,FR,ticker,BASSAC,BASSAC Société anonyme,Real Estate,Real Estate - Development,France,Boulogne-Billancourt,EUR,EQUITY,703517440.0,1040.0,https://www.bassac.fr,
BB.FR,BB.PA,FR,ticker,BIC,Société BIC SA,Consumer Defensive,Household & Personal Products,France,Clichy,EUR,EQUITY,2510074112.0,9224.0,https://corporate.bic.com/,
BCS3.FR,BCS3.PA,FR,ticker,Leverage Shares 3x Barclays ETP,,,,,,EUR,ETF,,,,
BEN.FR,BEN.PA,FR,ticker,BENETEAU,Bénéteau S.A.,Consumer Cyclical,Recreational Vehicles,France,Saint-Gilles-Croix-de-Vie,EUR,EQUITY,472866528.0,6218.0,https://beneteau-group.com,
BIG.FR,BIG.PA,FR,ticker,BIGBEN INTERACTIVE,BigBen Interactive,Technology,Consumer Electronics,France,Lesquin,EUR,EQUITY,7595996.0,1300.0,https://www.bigben-group.com,
BIM.FR,BIM.PA,FR,ticker,BIOMERIEUX,bioMérieux S.A.,Healthcare,Diagnostics & Research,France,Marcy-l'Étoile,EUR,EQUITY,8162424320.0,14562.0,https://www.biomerieux.com,
BLC.FR,BLC.PA,FR,ticker,BASTIDE LE CONFORT,Bastide Le Confort Médical SA,Healthcare,Medical Distribution,France,Caissargues,EUR,EQUITY,167747872.0,3641.0,https://www.bastideleconfortmedical.com,
BLEE.FR,BLEE.PA,FR,ticker,BLEECKER,Bleecker Société Anonyme,Real Estate,REIT - Diversified,France,Paris,EUR,EQUITY,118092032.0,,https://www.bleecker.fr,
BN.FR,BN.PA,FR,ticker,DANONE,Danone S.A.,Consumer Defensive,Packaged Foods,France,Paris,EUR,EQUITY,46412120064.0,88670.0,https://www.danone.com,
BNBA.FR,BNBA.PA,FR,ticker,21Shares Binance Coin ETP,21Shares Binance BNB ETP,,,,,USD,ETF,,,,
BNP.FR,BNP.PA,FR,ticker,BNP PARIBAS ACT.A,BNP Paribas SA,Financial Services,Banks - Regional,France,Paris,EUR,EQUITY,118894084096.0,180000.0,https://group.bnpparibas,
BNPAQ.FR,BNPAQ.PA,FR,ticker,BNPPARTPFRN29JUL49,,,,,,EUR,EQUITY,,,,
BOI.FR,BOI.PA,FR,ticker,BOIRON,Boiron SA,Healthcare,Drug Manufacturers - Specialty & Generic,France,Messimy,EUR,EQUITY,470517696.0,2364.0,https://www.boiron.fr,
BOL.FR,BOL.PA,FR,ticker,BOLLORE SE,Bolloré SE,Communication Services,Entertainment,France,Puteaux,EUR,EQUITY,11177000960.0,2931.0,https://www.bollore.com,
BON.FR,BON.PA,FR,ticker,BONDUELLE,Bonduelle SCA,Consumer Defensive,Packaged Foods,France,Renescure,EUR,EQUITY,279407072.0,7625.0,https://www.bonduelle.com,
BP3L.FR,BP3L.PA,FR,ticker,Leverage Shares 3x BP ETP Secur,Leverage Shares Plc - 3X BP ETP Index,,,,,EUR,ETF,,,,
BPS.FR,BPS.PA,FR,ticker,Leverage Shares -1x Short BP ET,Leverage Shares Plc - 1X BP ETP Index,,,,,EUR,ETF,,,,
BSD.FR,BSD.PA,FR,ticker,BOURSE DIRECT,Bourse Direct SA,Financial Services,Capital Markets,France,Paris,EUR,EQUITY,276624064.0,148.0,https://groupe.boursedirect.fr,
BTCH.FR,BTCH.PA,FR,ticker,BCHetc - ETC Group Physical Bit,BCHetc - Physical Bitcoin Cash ETC,,,,,EUR,ETF,,,,
BUI.FR,BUI.PA,FR,ticker,BARBARA BUI,Barbara Bui SA,Consumer Cyclical,Apparel Manufacturing,France,Paris,EUR,EQUITY,2507536.0,56.0,https://barbarabui.com,
BUR.FR,BUR.PA,FR,ticker,BURELLE,Burelle SA,Consumer Cyclical,Auto Parts,France,Lyon,EUR,EQUITY,641620672.0,26832.0,https://burelle.fr,
BVI.FR,BVI.PA,FR,ticker,BUREAU VERITAS,Bureau Veritas SA,Industrials,Consulting Services,France,Neuilly-sur-Seine,EUR,EQUITY,12172556288.0,78849.0,https://group.bureauveritas.com,
CA.FR,CA.PA,FR,ticker,CARREFOUR,Carrefour SA,Consumer Defensive,Grocery Stores,France,Massy,EUR,EQUITY,11380953088.0,298604.0,https://www.carrefour.com,
CAFO.FR,ALCAF.PA,FR,isin,CAFOM,,Consumer Cyclical,Home Improvement Retail,France,Paris,EUR,EQUITY,119599752.0,1135.0,https://www.cafom.com,FR0010151589
CAP.FR,CAP.PA,FR,ticker,CAPGEMINI,Capgemini SE,Technology,Information Technology Services,France,Paris,EUR,EQUITY,16384546816.0,423405.0,https://www.capgemini.com,
CAPU.FR,CAPU.PA,FR,ticker,OSSIAM SHILLER BARCLAYS CAPE US,Ossiam Lux - Ossiam Shiller Barclays Cape US Sector Value TR 1C (EUR),,,,,EUR,ETF,,,,
CARM.FR,CARM.PA,FR,ticker,CARMILA,Carmila S.A.,Real Estate,REIT - Retail,France,Paris,EUR,EQUITY,2288786432.0,259.0,https://www.carmila.com,
CARP.FR,CARP.PA,FR,ticker,"CARP.PA,0P00009WCP,0",Carpinienne de Participations,,,,,EUR,MUTUALFUND,2010386.0,,,
CATG.FR,ALCAT.PA,FR,isin,CATANA GROUP,,Consumer Cyclical,Recreational Vehicles,France,Canet-en-Roussillon,EUR,EQUITY,51837300.0,757.0,https://www.catanagroup.com,FR0010193052
CATR.FR,CAT,FR,isin,"Caterpillar, Inc.",Caterpillar Inc.,Industrials,Farm & Heavy Construction Machinery,United States,Irving,USD,EQUITY,402225758208.0,118000.0,https://www.caterpillar.com,US1491231015
CBDG.FR,CBDG.PA,FR,ticker,CAMBODGE NOM.,Compagnie du Cambodge,Financial Services,Asset Management,France,Puteaux,EUR,EQUITY,6556512256.0,,https://www.compagnie-du-cambodge.com/fr-fr,
CBE.FR,CBE.PA,FR,ticker,ROBERTET CI,Robertet SA,Basic Materials,Chemicals,France,Grasse,EUR,EQUITY,1369983488.0,2570.0,https://www.robertet.com,
CBOT.FR,CBOT.PA,FR,ticker,CBO TERRITORIA,CBo Territoria SA,Real Estate,Real Estate - Diversified,France,Sainte-Marie,EUR,EQUITY,136624304.0,39.0,https://www.cboterritoria.com,
CBR.FR,CBR.PA,FR,ticker,ROBERTET CDV 87,Robertet SA,,,,,EUR,EQUITY,,,,
CBSM.FR,CBSM.PA,FR,ticker,SCBSM,Franklin ClearBridge US Smaller Companies UCITS ETF USD Acc,,,,,EUR,EQUITY,135025344.0,,,
CDA.FR,CDA.PA,FR,ticker,ALPES (COMPAGNIE),Compagnie des Alpes SA,Consumer Cyclical,Leisure,France,Paris,EUR,EQUITY,1091913728.0,5220.0,https://www.compagniedesalpes.com,
CDI.FR,CDI.PA,FR,ticker,CHRISTIAN DIOR,Christian Dior SE,Consumer Cyclical,Luxury Goods,France,Paris,EUR,EQUITY,75772444672.0,180957.0,https://www.dior-finance.com,
CEN.FR,CEN.PA,FR,ticker,GROUPE CRIT,Groupe CRIT SA,Industrials,Staffing & Employment Services,France,Paris,EUR,EQUITY,558176960.0,10628.0,https://www.groupe-crit.com,
CFI.FR,CFI.PA,FR,ticker,CFI,CFI-Compagnie Foncière Internationale,Real Estate,Real Estate Services,France,Paris,EUR,EQUITY,1357632.0,,https://www.cfi-france.com,
CGM.FR,ALCGM.PA,FR,isin,CEGEDIM,,Healthcare,Health Information Services,France,Boulogne-Billancourt,EUR,EQUITY,140378336.0,6200.0,https://www.cegedim.com,FR0000053506
CHOIX.FR,CHOIX.PA,FR,ticker,ECOFICHOIXSOLIDR,,,,,,EUR,MUTUALFUND,,,,
CHSR.FR,CHSR.PA,FR,ticker,CHAUSSERIA,La Chausseria S.A.,Consumer Cyclical,Footwear & Accessories,France,Paris,EUR,EQUITY,3361162.0,20.0,https://www.lachausseria.com,
CIB.FR,ALCBX.PA,FR,isin,CIBOX INTER A CTIV,Cibox Inter@ctive,Technology,Computer Hardware,France,Alfortville,EUR,EQUITY,9521857.0,92.0,https://www.ciboxcorp.com,FR0000054322
CIT2.FR,CIT2.PA,FR,ticker,Leverage Shares 2x Citigroup ET,Leverage Shares 2x Citigroup ETP Securities,,,,,EUR,ETF,,,,
CITS.FR,CITS.PA,FR,ticker,Leverage Shares -1x Short Citig,,,,,,EUR,ETF,,,,
CLA.FR,ALCLA.PA,FR,isin,CLARANOVA,,Technology,Software - Application,France,Courbevoie,EUR,EQUITY,35904220.0,717.0,https://www.claranova.com,FR0013426004
CO.FR,CO.PA,FR,ticker,CASINO GUICHARD,"Casino, Guichard-Perrachon S.A.",Consumer Defensive,Grocery Stores,France,Saint-Étienne,EUR,EQUITY,73106472.0,24078.0,https://www.groupe-casino.fr,
COFA.FR,COFA.PA,FR,ticker,COFACE,COFACE SA,Financial Services,Insurance - Reinsurance,France,Bois-Colombes,EUR,EQUITY,2360308480.0,5190.0,https://www.coface.com,
COH.FR,COH.PA,FR,ticker,COHERIS,Coheris SA,Technology,Software - Application,France,Suresnes,EUR,EQUITY,59698536.0,68.0,https://www.chapsvision.com/fr/solution/crm/,
COUR.FR,COUR.PA,FR,ticker,COURTOIS,Courtois S.A.,Real Estate,Real Estate Services,France,Toulouse,EUR,EQUITY,7235700.0,,https://www.courtois-sa.com,
COV.FR,COV.PA,FR,ticker,COVIVIO,Covivio,Real Estate,REIT - Diversified,France,Paris,EUR,EQUITY,5970834944.0,968.0,https://covivio.eu/en/,
COVH.FR,COVH.PA,FR,ticker,COVIVIO HOTELS,Covivio Hotels,Real Estate,REIT - Hotel & Motel,France,Paris,EUR,EQUITY,3617797376.0,30.0,https://www.covivio-hotels.fr,
COX.FR,ALCOX.PA,FR,isin,NICOX S.A.,Nicox S.A.,Healthcare,Biotechnology,France,Biot,EUR,EQUITY,36458528.0,10.0,https://www.nicox.com,FR0013018124
CRI.FR,CRI.PA,FR,ticker,COMPAGNIE CHARGEURS INVEST,Compagnie Chargeurs Invest,Industrials,Conglomerates,France,Paris,EUR,EQUITY,210245616.0,2163.0,https://chargeurs.com,
CRM2.FR,CRM2.PA,FR,ticker,Leverage Shares 2x Salesforce.c,Leverage Shrs 2x Salesforce.com ETP Scs,,,,,EUR,ETF,,,,
CRM3.FR,CRM3.PA,FR,ticker,Leverage Shares 3x Salesforce.C,Leverage Shares 3x Salesforce.Com ETP Securities,,,,,EUR,ETF,,,,
CRMS.FR,CRMS.PA,FR,ticker,Leverage Shares -1x Salesforce.,Lvrg Shrs -1x Salesforce.Com ETP Scs,,,,,EUR,ETF,,,,
CROS.FR,CROS.PA,FR,ticker,CROSSWOOD,Crosswood SA,Real Estate,Real Estate Services,France,Paris,EUR,EQUITY,93038400.0,,https://www.crosswood.fr,
CS.FR,CS.PA,FR,ticker,AXA,AXA SA,Financial Services,Insurance - Diversified,France,Paris,EUR,EQUITY,92666298368.0,107756.0,https://www.axa.com,
CTRG.FR,ALCIS.PA,FR,isin,CATERING INTERNATIONAL & SERVIC,Catering International & Services Société Anonyme,Industrials,Specialty Business Services,France,Marseille,EUR,EQUITY,152024016.0,16600.0,https://www.cis-integratedservices.com,FR0000064446
CV.FR,CV.PA,FR,ticker,"CV.PA,0P00009WSP,0",ZCI Limited,,,,,EUR,MUTUALFUND,11135529.0,,,
DBG.FR,DBG.PA,FR,ticker,DERICHEBOURG,Derichebourg SA,Industrials,Waste Management,France,Paris,EUR,EQUITY,1484031104.0,5256.0,https://www.derichebourg.com,
DBV.FR,DBV.PA,FR,ticker,DBV TECHNOLOGIES,DBV Technologies S.A.,Healthcare,Biotechnology,France,Châtillon,EUR,EQUITY,716114752.0,170.0,https://www.dbv-technologies.com,
DE000A3GSUC5.FR,DE000A3GSUC5.PA,FR,ticker,VanEck Polkadot ETN,,,,,,EUR,ETF,,,,
DE000A3GSUD3.FR,DE000A3GSUD3.PA,FR,ticker,VanEck Solana ETN,,,,,,EUR,ETF,,,,
DE000A3GSUE1.FR,DE000A3GSUE1.PA,FR,ticker,VanEck TRON ETN,,,,,,EUR,ETF,,,,
DEC.FR,DEC.PA,FR,ticker,JCDECAUX SE,JCDecaux SE,Communication Services,Advertising Agencies,France,Neuilly-sur-Seine,EUR,EQUITY,4663629824.0,11320.0,https://www.jcdecaux.com,
DG.FR,DG.PA,FR,ticker,VINCI,Vinci SA,Industrials,Engineering & Construction,France,Nanterre,EUR,EQUITY,66037051392.0,292101.0,https://www.vinci.com,
DGE.FR,DGE.PA,FR,ticker,"DGE.PA,0P00009WEW,0",Diageo plc,,,,,EUR,MUTUALFUND,0.0,,,
DGM.FR,ALDMS.PA,FR,isin,DIAGNOSTIC MEDICAL SYSTEMS,Diagnostic Medical Systems S.A.,Healthcare,Medical Devices,France,Gallargues-le-Montueux,EUR,EQUITY,27932308.0,146.0,https://www.dms-imaging.com,FR0012202497
DIM.FR,DIM.PA,FR,ticker,SARTORIUS STED BIO,Sartorius Stedim Biotech S.A.,Healthcare,Medical Instruments & Supplies,France,Aubagne,EUR,EQUITY,15819445248.0,10477.0,https://www.sartorius.com,
DKUPL.FR,DKUPL.PA,FR,ticker,DEKUPLE,ADLPartner SA,Communication Services,Advertising Agencies,France,Montreuil,EUR,EQUITY,100097728.0,1200.0,https://www.dekuple.com/en,
DLTA.FR,ALDLT.PA,FR,isin,DELTA PLUS GROUP,Delta Plus Group,Consumer Cyclical,Footwear & Accessories,France,Apt,EUR,EQUITY,253787456.0,3748.0,https://www.deltaplus.eu,FR0013283108
DPAM.FR,DPAM.PA,FR,ticker,DOCK.PETR.AMBES AM,Les Docks des Pétroles d'Ambès -SA,Energy,Oil & Gas Refining & Marketing,France,Carbon-Blanc,EUR,EQUITY,83619000.0,43.0,https://www.dpasa.fr,
DPT.FR,DPT.PA,FR,ticker,ST DUPONT,S.T. Dupont S.A.,Consumer Cyclical,Luxury Goods,France,Paris,EUR,EQUITY,71721440.0,240.0,https://www.st-dupont.com,
DSY.FR,DSY.PA,FR,ticker,DASSAULT SYSTEMES,Dassault Systèmes SE,Technology,Software - Application,France,Vélizy-Villacoublay,EUR,EQUITY,27042074624.0,25000.0,https://www.3ds.com,
EAS.FR,EAS.PA,FR,ticker,ECOFIACTIONSCR,Ecofi Optim Variance,,,,,EUR,MUTUALFUND,,,,
EC.FR,EC.PA,FR,ticker,TOTALENERGIES EP GABON,TotalEnergies EP Gabon Société Anonyme,Energy,Oil & Gas E&P,Gabon,Port Gentil,EUR,EQUITY,963000000.0,192.0,https://ep.totalenergies.ga,
ECE.FR,ECE.PA,FR,ticker,ECOFICONVERTIBLES,Ecofi Convertibles Euro,,,,,EUR,MUTUALFUND,,,,
ECP.FR,ALECP.PA,FR,isin,EUROPACORP,EuropaCorp,Communication Services,Entertainment,France,Saint-Denis,EUR,EQUITY,35845148.0,29.0,https://europacorp.com,FR0010490920
EDEN.FR,EDEN.PA,FR,ticker,EDENRED,Edenred SE,Financial Services,Credit Services,France,Issy-les-Moulineaux,EUR,EQUITY,6428251136.0,12102.0,https://www.edenred.com,
EDEU.FR,EDEU.PA,FR,ticker,BNP Paribas Easy Dividend Europ,BNP Paribas Easy Dividend Europe UCITS ETF Capitalisation,,,,,EUR,ETF,,,,
EDI.FR,EDI.PA,FR,ticker,MEDIA 6,Groupe MEDIA 6,Industrials,Business Equipment & Supplies,France,Tremblay-en-France,EUR,EQUITY,23469258.0,490.0,https://www.media6.com,
EEF.FR,EEF.PA,FR,ticker,ECOFIENJEUXFUTURS,Ecofi Enjeux Futurs,,,,,EUR,MUTUALFUND,,,,
EEFX.FR,EEFX.PA,FR,ticker,ECOFIEPARETHQFLX,Epargne Ethique Flexible,,,,,EUR,MUTUALFUND,,,,
EEM.FR,EEM.PA,FR,ticker,ELECTRICITE ET EAUX DE MADAGASC,Electricité et Eaux de Madagascar Société Anonyme,Financial Services,Asset Management,France,Paris,EUR,EQUITY,10902768.0,1.0,https://www.eem-group.com,
EENT.FR,EENT.PA,FR,ticker,ECOFIENTREPRISES,Ecofi Entreprises Fund,,,,,EUR,MUTUALFUND,,,,
EFI.FR,EFI.PA,FR,ticker,EURASIA FONC INV,Eurasia Fonciere Investissements Société Anonyme,Real Estate,Real Estate Services,France,Paris,EUR,EQUITY,8983075.0,,https://www.eurasiafonciereinvestissements.com,
EGR.FR,EGR.PA,FR,ticker,TRANSITION EVERGREEN,Transition Evergreen SA,Financial Services,Asset Management,France,Paris,EUR,EQUITY,2598474.0,,https://www.transition-evergreen.com/,
EIFF.FR,EIFF.PA,FR,ticker,TOUR EIFFEL,Société de la Tour Eiffel,Real Estate,REIT - Office,France,Paris,EUR,EQUITY,1089579776.0,56.0,https://www.societetoureiffel.com,
EKI.FR,EKI.PA,FR,ticker,EKINOPS,EKINOPS S.A.,Technology,Communication Equipment,France,Lannion,EUR,EQUITY,69403288.0,577.0,https://www.ekinops.com,
EL.FR,EL.PA,FR,ticker,ESSILORLUXOTTICA,EssilorLuxottica Société anonyme,Healthcare,Medical Instruments & Supplies,France,Paris,EUR,EQUITY,76269223936.0,155975.0,https://www.essilorluxottica.com,
ELEC.FR,ELEC.PA,FR,ticker,ELEC.STRASBOURG,Électricite de Strasbourg Société Anonyme,Utilities,Utilities - Renewable,France,Strasbourg,EUR,EQUITY,1386559232.0,1130.0,https://www.es.fr,
ELIOR.FR,ELIOR.PA,FR,ticker,ELIOR GROUP,Elior Group SA,Consumer Cyclical,Restaurants,France,Paris,EUR,EQUITY,526643296.0,133000.0,https://www.eliorgroup.com,
ELIS.FR,ELIS.PA,FR,ticker,ELIS,Elis SA,Industrials,Specialty Business Services,France,Saint-Cloud,EUR,EQUITY,5473733632.0,58445.0,https://www.fr.elis.com/en,
ELTC.FR,ELTC.PA,FR,ticker,ETC Group Physical Litecoin,Bitwise Physical Litecoin ETC,,,,,USD,ETF,,,,
EMWE.FR,EMWE.PA,FR,ticker,BNP Paribas Easy MSCI World SRI,BNP Paribas Easy MSCI World SRI PAB UCITS ETF EUR Capitalisation,,,,,EUR,ETF,,,,
EN.FR,EN.PA,FR,ticker,BOUYGUES,Bouygues SA,Industrials,Engineering & Construction,France,Paris,EUR,EQUITY,18190168064.0,200000.0,https://www.bouygues.com,
ENGI.FR,ENGI.PA,FR,ticker,ENGIE,Engie SA,Utilities,Utilities - Diversified,France,La Garenne-Colombes,EUR,EQUITY,67995406336.0,84786.0,https://www.engie.com,
ENX.FR,ENX.PA,FR,ticker,EURONEXT,Euronext N.V.,Financial Services,Financial Data & Stock Exchanges,Netherlands,Amsterdam,EUR,EQUITY,15200392192.0,3056.0,https://www.euronext.com,
EO.FR,FRVIA.PA,FR,isin,FORVIA,Forvia SE,Consumer Cyclical,Auto Parts,France,Nanterre,EUR,EQUITY,1655043584.0,106513.0,https://www.forvia.com,FR0000121147
EOS.FR,EOS.PA,FR,ticker,ACTEOS,Acteos SA,Technology,Software - Application,France,Roubaix,EUR,EQUITY,2822010.0,47.0,https://www.acteos.com,
ERA.FR,ERA.PA,FR,ticker,ERAMET,ERAMET S.A.,Basic Materials,Other Industrial Metals & Mining,France,Paris,EUR,EQUITY,1192314880.0,8615.0,https://www.eramet.com,
ERF.FR,ERF.PA,FR,ticker,EUROFINS SCIENT.,Eurofins Scientific SE,Healthcare,Diagnostics & Research,Luxembourg,Luxembourg,EUR,EQUITY,11579937792.0,65000.0,https://www.eurofins.com,
ES.FR,NAE.PA,FR,isin,North Atlantic Energies,North Atlantic Energies,Energy,Oil & Gas Refining & Marketing,France,Nanterre,EUR,EQUITY,854829504.0,1056.0,https://northatlantic.fr,FR0000120669
ETL.FR,ETL.PA,FR,ticker,EUTELSAT COMMUNIC.,Eutelsat Communications S.A.,Communication Services,Telecom Services,France,Issy-les-Moulineaux,EUR,EQUITY,2431020800.0,1625.0,https://www.eutelsat.com,
EURS.FR,EURS.PA,FR,ticker,"EURS.PA,0P00009WH3,0",Foncière Euris SA,,,,,EUR,MUTUALFUND,1490796.0,,,
EXE.FR,EXE.PA,FR,ticker,EXEL INDUSTRIES,EXEL Industries SA,Industrials,Farm & Heavy Construction Machinery,France,Paris,EUR,EQUITY,132915152.0,3724.0,https://www.exel-industries.com,
EXPL.FR,EXPL.PA,FR,ticker,EXPLOSIFS PROD.CHI,EPC Groupe,Basic Materials,Specialty Chemicals,France,Paris,EUR,EQUITY,594581696.0,2475.0,https://www.epc-groupe.com,
FALG.FR,FR0011271600.SG,FR,isin,Fermentalg SA,,,,,,EUR,EQUITY,,,,FR0011271600
FATL.FR,ATLD.PA,FR,isin,ATLAND,Atland SAS,Real Estate,REIT - Diversified,France,Paris,EUR,EQUITY,142815392.0,243.0,https://www.fonciere-atland.fr,FR0013455482
FAYE.FR,FSDV.PA,FR,isin,FSDV,FSDV Société anonyme,Real Estate,Real Estate Services,France,Chambellay,EUR,EQUITY,266914608.0,191.0,https://fsdv.fr,FR0000031973
FB2.FR,FB2.PA,FR,ticker,Leverage Shares 2x Facebook ETP,Leverage Shares 2x Facebook ETP Securities A,,,,,EUR,ETF,,,,
FB3.FR,FB3.PA,FR,ticker,Leverage Shares 3x Facebook ETP,Leverage Shares 3x Facebook ETP Securities,,,,,EUR,ETF,,,,
FBS.FR,FBS.PA,FR,ticker,Leverage Shares -1x Facebook ET,Leverage Shares -1x Facebook ETP Scs,,,,,EUR,ETF,,,,
FCMC.FR,FCMC.PA,FR,ticker,FERM.CASINO MUNICIPAL CANNES,Société Fermière du Casino Municipal de Cannes,Consumer Cyclical,Resorts & Casinos,France,Cannes,EUR,EQUITY,441459200.0,757.0,https://www.groupesfcmc.com,
FDJ.FR,FDJU.PA,FR,isin,FDJ UNITED,,Consumer Cyclical,Gambling,France,Boulogne-Billancourt,EUR,EQUITY,4232354816.0,5755.0,https://www.fdjunited.com,FR0013451333
FGA.FR,FGA.PA,FR,ticker,FIGEAC AERO,Figeac Aero Société Anonyme,Industrials,Aerospace & Defense,France,Figeac,EUR,EQUITY,498886688.0,,https://www.figeac-aero.com,
FGR.FR,FGR.PA,FR,ticker,EIFFAGE,Eiffage SA,Industrials,Engineering & Construction,France,Vélizy-Villacoublay,EUR,EQUITY,12034400256.0,87000.0,https://www.eiffage.com,
FII.FR,FII.PA,FR,ticker,LISI,Lisi S.A.,Industrials,Aerospace & Defense,France,Belfort,EUR,EQUITY,3021878784.0,8862.0,https://www.lisi-group.com,
FINM.FR,FINM.PA,FR,ticker,FINANCIERE MARJOS,Financière Marjos SA,Industrials,Conglomerates,France,Paris,EUR,EQUITY,23961046.0,,https://www.financiere-marjos.com,
FIPP.FR,FIPP.PA,FR,ticker,FIPP,FIPP S.A.,Real Estate,Real Estate Services,France,Paris,EUR,EQUITY,18454860.0,2.0,https://www.f-i-p-p.com,
FNAC.FR,FNAC.PA,FR,ticker,FNAC DARTY,Fnac Darty SA,Consumer Cyclical,Specialty Retail,France,Ivry-sur-Seine,EUR,EQUITY,1016195008.0,28475.0,https://www.fnacdarty.com,
FNTS.FR,FNTS.PA,FR,ticker,"FNTS.PA,0P00009WGP,0",Finatis Société Anonyme,,,,,EUR,MUTUALFUND,7843907.0,,,
FOAF.FR,FOAF.PA,FR,ticker,FINANCIERE OUEST AFRICAIN,Fin.Ouest Africain,Financial Services,Financial Conglomerates,Senegal,Dakar,EUR,EQUITY,9620000.0,,https://www.cfoa.eu,
FORE.FR,FORE.PA,FR,ticker,FORESTIERE EQUATORIALE,La Forestière Equatoriale SA,Industrials,Railroads,France,Puteaux,EUR,EQUITY,124373040.0,,https://www.forestiere-equatoriale.fr,
FORSE.FR,ALFOR.PA,FR,isin,FORSEE POWER,,Consumer Cyclical,Auto Parts,France,Ivry-sur-Seine,EUR,EQUITY,30346692.0,515.0,https://www.forseepower.com,FR0014005SB3
FPG.FR,FPG.PA,FR,ticker,UNION TECH.INFOR.,Union Technologies Informatique Group S.A.,Technology,Information Technology Services,France,Levallois-perret,EUR,EQUITY,7628334.0,135.0,https://www.uti-group.fr,
FPN.FR,MHM.PA,FR,isin,MYHOTELMATCH,MyHotelMatch S.A.,Consumer Cyclical,Travel Services,France,Paris,EUR,EQUITY,527972.0,,https://mymatchingcompany.com,FR0011277391
FR.FR,FR.PA,FR,ticker,VALEO,Valeo SE,Consumer Cyclical,Auto Parts,France,Paris,EUR,EQUITY,3366714624.0,86226.0,https://www.valeo.com,
FREY.FR,FREY.PA,FR,ticker,FREY,Frey SA,Real Estate,REIT - Retail,France,Paris,EUR,EQUITY,1122947456.0,305.0,https://www.frey.fr,
FTI.FR,FTI,FR,isin,TechnipFMC plc,TechnipFMC plc,Energy,Oil & Gas Equipment & Services,United Kingdom,Newcastle upon Tyne,USD,EQUITY,29918590976.0,22000.0,https://www.technipfmc.com,GB00BDSFG982
GAM.FR,GAM.PA,FR,ticker,GAUMONT,Gaumont SA,Communication Services,Entertainment,France,Neuilly-sur-Seine,EUR,EQUITY,320852608.0,223.0,https://www.gaumont.com,
GBT.FR,GBT.PA,FR,ticker,GUERBET,Guerbet SA,Healthcare,Medical Devices,France,Villepinte,EUR,EQUITY,94093032.0,2653.0,https://www.guerbet.com,
GDS.FR,GDS.PA,FR,ticker,RAMSAY GENERALE DE SANTE,Ramsay Générale de Santé SA,Healthcare,Medical Care Facilities,France,Paris,EUR,EQUITY,1186470912.0,40000.0,https://www.ramsaygds.fr,
GEA.FR,GEA.PA,FR,ticker,GEA GRENOBL.ELECT.,Grenobloise d'Electronique et d'Automatismes Société Anonyme,Industrials,Business Equipment & Supplies,France,Meylan,EUR,EQUITY,82365376.0,165.0,https://www.gea.fr,
GET.FR,GET.PA,FR,ticker,GETLINK SE,Getlink SE,Industrials,Railroads,France,Paris,EUR,EQUITY,10161281024.0,3626.0,https://www.getlinkgroup.com,
GFC.FR,GFC.PA,FR,ticker,GECINA,Gecina,Real Estate,REIT - Office,France,Paris,EUR,EQUITY,5587860480.0,437.0,https://www.gecina.fr,
GID.FR,ALGID.PA,FR,isin,EGIDE,Egide S.A.,Technology,Electronic Components,France,Bollène,EUR,EQUITY,19220872.0,249.0,https://www.egide-group.com,FR0000072373
GJAJ.FR,GJAJ.PA,FR,ticker,GROUPE JAJ,Groupe JAJ,Consumer Cyclical,Apparel Manufacturing,France,Montreuil,EUR,EQUITY,3738985.0,52.0,https://www.jaj.fr,
GLE.FR,GLE.PA,FR,ticker,SOCIETE GENERALE,Société Générale Société anonyme,Financial Services,Banks - Regional,France,Paris,EUR,EQUITY,57280823296.0,110000.0,https://www.societegenerale.com,
GLO.FR,GLO.PA,FR,ticker,GL EVENTS,GL Events SA,Industrials,Specialty Business Services,France,Lyon,EUR,EQUITY,913705472.0,,https://www.gl-events.com,
GNE.FR,GE,FR,isin,GE Aerospace,GE Aerospace,Industrials,Aerospace & Defense,United States,Evendale,USD,EQUITY,375192944640.0,57000.0,https://www.geaerospace.com,US3696043013
GNFT.FR,GNFT.PA,FR,ticker,GENFIT,Genfit S.A.,Healthcare,Biotechnology,France,Loos,EUR,EQUITY,669285504.0,161.0,https://www.genfit.com,
GOE.FR,EXA.PA,FR,isin,EXAIL TECHNOLOGIES,Exail Technologies,Industrials,Aerospace & Defense,France,Paris,EUR,EQUITY,2109583872.0,2259.0,https://www.exail-technologies.com,FR0000062671
GOO2.FR,GOO2.PA,FR,ticker,Leverage Shares 2x Alphabet ETP,Leverage Shares 2x Alphabet ETP Securities,,,,,EUR,ETF,,,,
GOO3.FR,GOO3.PA,FR,ticker,Leverage Shares 3x Alphabet ETP,Leverage Shares 3x Alphabet ETP Scs,,,,,EUR,ETF,,,,
GOOS.FR,GOOS.PA,FR,ticker,Leverage Shares -1x Alphabet ET,Leverage Shares -1x Alphabet ETP Scs,,,,,EUR,ETF,,,,
GPE.FR,GPE.PA,FR,ticker,GPE GROUP PIZZORNO,Groupe Pizzorno Environnement,Industrials,Waste Management,France,Draguignan,EUR,EQUITY,238677952.0,2248.0,https://www.pizzorno.com,
GRVO.FR,GRVO.PA,FR,ticker,GRAINES VOLTZ,Graines Voltz S.A.,Basic Materials,Agricultural Inputs,France,Colmar,EUR,EQUITY,26644770.0,561.0,https://www.graines-voltz.com,
GS2.FR,GS2.PA,FR,ticker,Leverage Shares 2x Goldman Sach,Leverage Shares 2x Goldman Sachs ETP Securities,,,,,EUR,ETF,,,,
GTBP.FR,GTBP.PA,FR,ticker,"GTBP.PA,0P00009WN4,0","GT Biopharma, Inc.",,,,,EUR,MUTUALFUND,11399436288.0,,,
GTT.FR,GTT.PA,FR,ticker,GAZTRANSPORT & TECHNIGAZ,Gaztransport & Technigaz SA,Energy,Oil & Gas Equipment & Services,France,Saint-Rémy-lès-Chevreuse,EUR,EQUITY,7052444160.0,732.0,https://www.gtt.fr,
GUI.FR,GUI.PA,FR,ticker,GUILLEMOT,Guillemot Corporation S.A.,Technology,Computer Hardware,France,Carentoir,EUR,EQUITY,61742012.0,307.0,https://www.guillemot.com,
HCO.FR,HCO.PA,FR,ticker,HIGH CO,High Co. SA,Communication Services,Advertising Agencies,France,Aix-en-Provence,EUR,EQUITY,71673032.0,548.0,https://www.highco.com,
HDF.FR,HDF.PA,FR,ticker,HYDROGENE DE FRANCE,Hydrogène de France Société anonyme,Utilities,Utilities - Renewable,France,Blanquefort,EUR,EQUITY,32558856.0,118.0,https://www.hdf-energy.com,
HDP.FR,HDP.PA,FR,ticker,HOTELS DE PARIS,Les Hôtels de Paris SA,Consumer Cyclical,Lodging,France,Paris,EUR,EQUITY,15069441.0,231.0,https://www.leshotelsdeparis.com,
HEXA.FR,ALHEX.PA,FR,isin,HEXAOM,Hexaom S.A.,Consumer Cyclical,Residential Construction,France,Alençon,EUR,EQUITY,182277856.0,1357.0,https://www.hexaom.fr,FR0004159473
HO.FR,HO.PA,FR,ticker,THALES,Thales S.A.,Industrials,Aerospace & Defense,France,Meudon,EUR,EQUITY,51515703296.0,79263.0,https://www.thalesgroup.com,
HOLN.FR,HOLN.SW,FR,isin,HOLCIM N,Holcim AG,Basic Materials,Building Materials,Switzerland,Zug,CHF,EQUITY,41008697344.0,45134.0,https://www.holcim.com,CH0012214059
HOP.FR,ALHOP.PA,FR,isin,HOPSCOTCH GROUPE,Hopscotch Global PR Group,Communication Services,Advertising Agencies,France,Paris,EUR,EQUITY,44457752.0,821.0,https://www.hopscotchgroupe.com,FR0000065278
HSC3.FR,HSC3.PA,FR,ticker,Leverage Shares 3x HSBC ETP Sec,,,,,,EUR,ETF,,,,
IAM.FR,IAM.PA,FR,ticker,MAROC TELECOM,Itissalat Al-Maghrib (IAM) S.A.,Communication Services,Telecom Services,Morocco,Rabat,EUR,EQUITY,7840334336.0,8270.0,https://www.iam.ma,
ICAD.FR,ICAD.PA,FR,ticker,ICADE,Icade,Real Estate,REIT - Diversified,France,Puteaux,EUR,EQUITY,1465917184.0,954.0,https://www.icade.fr,
IDIP.FR,IDIP.PA,FR,ticker,IDI,IDI,Financial Services,Asset Management,France,Paris,EUR,EQUITY,516542528.0,46.0,https://www.idi.fr/en,
IDL.FR,IDL.PA,FR,ticker,ID LOGISTICS GROUP,ID Logistics Group SA,Industrials,Integrated Freight & Logistics,France,Orgon,EUR,EQUITY,2334303744.0,34760.0,https://www.id-logistics.com,
IMDA.FR,IMDA.PA,FR,ticker,IMMOB.DASSAULT,Immobiliere Dassault SA,Real Estate,REIT - Diversified,France,Paris,EUR,EQUITY,342191104.0,8.0,https://www.immobiliere-dassault.com,
INEA.FR,INEA.PA,FR,ticker,FONCIERE INEA,Fonciere Inea S.A.,Real Estate,Real Estate Services,France,Gennevilliers,EUR,EQUITY,358123104.0,,https://fonciere-inea.com/mentions-legales/,
INF.FR,INF.PA,FR,ticker,INFOTEL,Infotel SA,Technology,Information Technology Services,France,Paris,EUR,EQUITY,267572016.0,3232.0,https://www.infotel.com,
IPH.FR,IPH.PA,FR,ticker,INNATE PHARMA,Innate Pharma S.A.,Healthcare,Biotechnology,France,Marseille,EUR,EQUITY,151559904.0,164.0,https://www.innate-pharma.com,
IPN.FR,IPN.PA,FR,ticker,IPSEN,Ipsen S.A.,Healthcare,Drug Manufacturers - Specialty & Generic,France,Paris,EUR,EQUITY,13168475136.0,5535.0,https://www.ipsen.com,
IPS.FR,IPS.PA,FR,ticker,IPSOS,Ipsos SA,Industrials,Consulting Services,France,Paris,EUR,EQUITY,1741254272.0,20921.0,https://ipsos.com,
ITP.FR,ITP.PA,FR,ticker,INTERPARFUMS,Interparfums SA,Consumer Defensive,Household & Personal Products,France,Paris,EUR,EQUITY,2098397824.0,359.0,https://www.interparfums-finance.fr,
ITXT.FR,ITXT.PA,FR,ticker,INTEXA,Intexa SA,Consumer Cyclical,Apparel Manufacturing,France,Saint-Étienne,EUR,EQUITY,2530000.0,,https://intexa.fr,
IVA.FR,IVA.PA,FR,ticker,INVENTIVA,Inventiva S.A.,Healthcare,Biotechnology,France,Daix,EUR,EQUITY,929528256.0,69.0,https://inventivapharma.com,
JBOG.FR,JBOG.PA,FR,ticker,JACQUES BOGART,Jacques Bogart S.A.,Consumer Defensive,Household & Personal Products,France,Paris,EUR,EQUITY,34794772.0,1849.0,https://www.groupe-bogart.com,
JCQ.FR,JCQ.PA,FR,ticker,JACQUET METALS,Jacquet Metals SA,Basic Materials,Steel,France,Saint-Priest,EUR,EQUITY,441342304.0,3276.0,https://www.jacquetmetals.com,
JPM2.FR,JPM2.PA,FR,ticker,Leverage Shares 2x JPMorgan ETP,Leverage Shares 2x JPMorgan ETP Securities,,,,,EUR,ETF,,,,
KER.FR,KER.PA,FR,ticker,KERING,Kering SA,Consumer Cyclical,Luxury Goods,France,Paris,EUR,EQUITY,30409598976.0,41399.0,https://www.kering.com,
KOF.FR,KOF.PA,FR,ticker,KAUFMAN ET BROAD,Kaufman & Broad S.A.,Consumer Cyclical,Residential Construction,France,Courbevoie,EUR,EQUITY,497313824.0,693.0,https://www.kaufmanbroad.fr,
KORI.FR,CLARI.PA,FR,isin,CLARIANE SE,Clariane SE,Healthcare,Medical Care Facilities,France,Paris,EUR,EQUITY,1416998912.0,70685.0,https://www.clariane.com,FR0010386334
LACR.FR,LACR.PA,FR,ticker,LACROIX GROUP,LACROIX Group SA,Technology,Scientific & Technical Instruments,France,Saint-Herblain,EUR,EQUITY,88058192.0,2807.0,https://www.lacroix-group.com,
LARF.FR,LARF.PA,FR,ticker,LONGCHAM ABSOLUTE,,,,,,EUR,MUTUALFUND,,,,
LAT.FR,LAT.PA,FR,ticker,LATECOERE,Latécoère S.A.,Industrials,Aerospace & Defense,France,Toulouse,EUR,EQUITY,176837808.0,5790.0,https://www.latecoere.aero,
LBIRD.FR,LBIRD.PA,FR,ticker,LUMIBIRD,Lumibird SA,Healthcare,Diagnostics & Research,France,Lannion,EUR,EQUITY,591358784.0,1078.0,https://www.lumibird.com,
LBON.FR,ALBON.PA,FR,isin,LEBON,Compagnie Lebon,Financial Services,Asset Management,France,Paris,EUR,EQUITY,108199120.0,632.0,https://www.compagnielebon.fr,FR0000121295
LEBL.FR,LEBL.PA,FR,ticker,FONCIERE 7 INVEST,Foncière 7 investissement Société Anonyme,Consumer Cyclical,"Furnishings, Fixtures & Appliances",France,Paris,EUR,EQUITY,640000.0,,https://www.fonciere7investissement.fr,
LFDE.FR,FDE.PA,FR,isin,FRANCAISE ENERGIE,La Française de l'Energie S.A.,Energy,Oil & Gas E&P,France,Faulquemont,EUR,EQUITY,153120288.0,110.0,https://www.francaisedelenergie.fr,FR0013030152
LGFB.FR,LGFB.PA,FR,ticker,LONGCHAM GALILEO,,,,,,EUR,MUTUALFUND,,,,
LI.FR,LI.PA,FR,ticker,KLEPIERRE,Klépierre SA,Real Estate,REIT - Retail,France,Paris,EUR,EQUITY,11287835648.0,1034.0,https://www.klepierre.com,
LIN.FR,LIN.PA,FR,ticker,LINEDATA SERVICES,Linedata Services S.A.,Technology,Software - Application,France,Neuilly-sur-Seine,EUR,EQUITY,223057312.0,1411.0,https://www.linedata.com,
LNA.FR,LNA.PA,FR,ticker,LNA SANTE,LNA Santé SA,Healthcare,Medical Care Facilities,France,Vertou,EUR,EQUITY,355200672.0,7818.0,https://www.lna-sante.com,
LOCAL.FR,LOCAL.PA,FR,ticker,SOLOCAL GROUP,Solocal Group S.A.,Communication Services,Advertising Agencies,France,Boulogne-Billancourt,EUR,EQUITY,145857232.0,2248.0,https://www.solocal.com,
LOUP.FR,LOUP.PA,FR,ticker,L.D.C.,L.D.C. S.A.,Consumer Defensive,Farm Products,France,Sablé-sur-Sarthe,EUR,EQUITY,4066631680.0,25753.0,https://www.ldc.fr,
LPE.FR,LPE.PA,FR,ticker,LAURENT-PERRIER,Laurent-Perrier S.A.,Consumer Defensive,Beverages - Wineries & Distilleries,France,Tours-sur-Marne,EUR,EQUITY,495736160.0,396.0,https://www.finance-groupelp.com,
LR.FR,LR.PA,FR,ticker,LEGRAND,Legrand SA,Industrials,Electrical Equipment & Parts,France,Limoges,EUR,EQUITY,34274293760.0,34852.0,https://www.legrand.com,
LSS.FR,LSS.PA,FR,ticker,LECTRA,Lectra SA,Technology,Software - Application,France,Paris,EUR,EQUITY,686702912.0,2800.0,https://www.lectra.com,
LTA.FR,LTA.PA,FR,ticker,ALTAMIR,Altamir Ord,,,,,EUR,EQUITY,875535936.0,,,
LTF.FR,LTF.PA,FR,ticker,LONGCHAM TREASURY,,,,,,EUR,MUTUALFUND,,,,
MAAT.FR,MAAT.PA,FR,ticker,MAAT PHARMA,MaaT Pharma SA,Healthcare,Biotechnology,France,Lyon,EUR,EQUITY,53631080.0,52.0,https://www.maatpharma.com,
MALT.FR,MALT.PA,FR,ticker,MALTERIES FCO-BEL.,Malteries Franco-Belges Société Anonyme,Consumer Defensive,Beverages - Brewers,France,Nogent-sur-Seine,EUR,EQUITY,414146624.0,128.0,https://www.malteriesfrancobelges.fr,
MAU.FR,MAU.PA,FR,ticker,MAUREL ET PROM,Etablissements Maurel & Prom S.A.,Energy,Oil & Gas E&P,France,Paris,EUR,EQUITY,1590254720.0,808.0,https://www.maureletprom.fr,
MBWS.FR,MBWS.PA,FR,ticker,MARIE BRIZARD WINE AND SPIRITS,Marie Brizard Wine & Spirits SA,Consumer Defensive,Beverages - Wineries & Distilleries,France,Charenton-le-Pont,EUR,EQUITY,331119968.0,558.0,https://www.mbws.com,
MC.FR,MC.PA,FR,ticker,LVMH,"LVMH Moët Hennessy - Louis Vuitton, Société Européenne",Consumer Cyclical,Luxury Goods,France,Paris,EUR,EQUITY,225518944256.0,196647.0,https://www.lvmh.com,
MCPHY.FR,MPHYF,FR,isin,Mcphy Energy,McPhy Energy S.A.,Industrials,Specialty Industrial Machinery,France,Grenoble,USD,EQUITY,34327.0,220.0,https://mcphy.com,FR0011742329
MDM.FR,MDM.PA,FR,ticker,MAISONS DU MONDE,Maisons du Monde S.A.,Consumer Cyclical,Home Improvement Retail,France,Vertou,EUR,EQUITY,6750551.0,5278.0,https://corporate.maisonsdumonde.com,
MEDCL.FR,MEDCL.PA,FR,ticker,MEDINCELL S.A.,MedinCell S.A.,Healthcare,Biotechnology,France,Jacou,EUR,EQUITY,922927744.0,,https://www.medincell.com,
MEMS.FR,MEMS.PA,FR,ticker,MEMSCAP REGPT,"MEMSCAP, S.A.",Technology,Semiconductor Equipment & Materials,France,Crolles,EUR,EQUITY,35295800.0,55.0,https://www.memscap.com,
MERY.FR,MERY.PA,FR,ticker,MERCIALYS,Mercialys SA,Real Estate,REIT - Retail,France,Paris,EUR,EQUITY,1128319872.0,179.0,https://www.mercialys.com,
METEI.FR,METEI.PA,FR,ticker,OFIPRECMETEI,OFI Precious Metals,,,,,EUR,MUTUALFUND,,,,
METEX.FR,METEX.PA,FR,ticker,"METEX.PA,0P00009WLO,0",METabolic EXplorer S.A.,,,,,EUR,MUTUALFUND,7352967.0,,,
MF.FR,MF.PA,FR,ticker,WENDEL,Wendel,Financial Services,Asset Management,France,Paris,EUR,EQUITY,3071819776.0,88439.0,https://www.wendelgroup.com/en/,
MKEA.FR,ALMKT.PA,FR,isin,MAUNA KEA TECHNOLOGIES S.A.,Mauna Kea Technologies SA,Healthcare,Medical Devices,France,Paris,EUR,EQUITY,29796712.0,59.0,https://www.maunakeatech.com,FR0010609263
ML.FR,ML.PA,FR,ticker,MICHELIN,Compagnie Générale des Établissements Michelin Société en commandite par actions,,,,,EUR,EQUITY,0.0,,,
MLAA.FR,MLAA.PA,FR,ticker,L'AGENCE AUTOMOBILIERE S.A.,L Agence Automobiliere,Consumer Cyclical,Auto & Truck Dealerships,France,Sausheim,EUR,EQUITY,2000000.0,,https://www.agenceauto.com/fr/fr,
MLAAH.FR,MLAAH.PA,FR,ticker,AMATHEON AGRI HOLDING N.V.,Amatheon Agri Holding N.V.,Consumer Defensive,Farm Products,Germany,Berlin,EUR,EQUITY,1993636.0,,https://www.amatheon-agri.com,
MLAAT.FR,MLAAT.PA,FR,ticker,AZOREAN AQUATIC TECHNOLOGIES SA,"Azorean Aquatic Technologies, S.A.",Industrials,Specialty Industrial Machinery,Portugal,Ponta Delgada,EUR,EQUITY,,,https://azorean.eu,
MLABC.FR,MLABC.PA,FR,ticker,"MLABC.PA,0P0001N7LI,0","Igis Neptune Barcelona Holdco Socimi, S.A.",,,,,EUR,MUTUALFUND,51037128.0,,,
MLACT.FR,MLACT.PA,FR,ticker,ACTIVIUM GROUP,Activium Group SAS,Technology,Computer Hardware,France,Lyon,EUR,EQUITY,8433946.0,,https://www.activium-id.com,
MLAEM.FR,MLAEM.PA,FR,ticker,ASHLER ET MANSON,Ashler et Manson SA,Financial Services,Insurance Brokers,France,Bordeaux,EUR,EQUITY,7623600.0,,https://www.ashler-manson.com,
MLAGI.FR,MLAGI.PA,FR,ticker,AG3I,SAS AG3i,Industrials,Engineering & Construction,France,Grasse,EUR,EQUITY,,,https://ag3i-sas.com,
MLAGP.FR,MLAGP.PA,FR,ticker,"MLAGP.PA,0P0001K5XK,0","AGP Málaga Socimi, S.A.",,,,,EUR,MUTUALFUND,40848000.0,,,
MLAIR.FR,ALAIR.PA,FR,isin,GROUPE AIRWELL,Groupe Airwell Société anonyme,Consumer Cyclical,"Furnishings, Fixtures & Appliances",France,Montigny-le-Bretonneux,EUR,EQUITY,8185062.0,82.0,https://www.airwell.com,FR0014003V77
MLALE.FR,MLALE.PA,FR,ticker,UCAPITAL GLOBAL PLC,Ucapital Global Plc,,,,,EUR,MUTUALFUND,10649.0,,,
MLALV.FR,MLALV.PA,FR,ticker,ALVEEN,Alveen S.A.,Real Estate,Real Estate Services,France,Aix-en-Provence,EUR,EQUITY,920955.0,,https://www.alveen.com,
MLAMY.FR,MLAMY.PA,FR,ticker,,MLD SA,,,,,,MUTUALFUND,,,,
MLARD.FR,MLARD.PA,FR,ticker,ARDOIN ST AMAND A,Les Motocycles Ardoin Saint Amand & Cie Société Anonyme,Consumer Cyclical,Auto & Truck Dealerships,France,Paris,EUR,EQUITY,6838000.0,,https://www.lmasa.fr,
MLARI.FR,MLARI.PA,FR,ticker,,"Arimelia Itg Socimi, S.A.",Real Estate,REIT - Hotel & Motel,Spain,Madrid,EUR,EQUITY,16780380.0,,https://www.arimelia.com,
MLARO.FR,MLARO.PA,FR,ticker,"MLARO.PA,0P0001KJH0,0","Aroca Del Pinar Socimi, S.A.",,,,,EUR,MUTUALFUND,67002504.0,,,
MLAZL.FR,MLAZL.PA,FR,ticker,"MLAZL.PA,0P0000WI8Q,0",AZ Leasing SPA,,,,,EUR,MUTUALFUND,,,,
MLBAR.FR,MLBAR.PA,FR,ticker,,"Barings Core Spain Socimi, S.A.U.",Real Estate,REIT - Diversified,Spain,Madrid,EUR,EQUITY,9000000.0,,https://www.barings.com/en-us/guest/content/barings-core-spain-socimi,
MLBMD.FR,MLBMD.PA,FR,ticker,SWISSNET AG,Swissnet AG,,,,,EUR,MUTUALFUND,32190368.0,,,
MLBSP.FR,MLBSP.PA,FR,ticker,BLUE SHARK POWER,Blue Shark Power System,Utilities,Utilities - Renewable,France,Bordeaux,EUR,EQUITY,20350000.0,,https://bluesharkpower.eu,
MLCAC.FR,MLCAC.PA,FR,ticker,LOMBARD ET MEDOT,Lombard & Medot SA,Consumer Defensive,Beverages - Wineries & Distilleries,France,Épernay,EUR,EQUITY,7091051.0,,https://www.champagne-lombard.com,
MLCAN.FR,MLCAN.PA,FR,ticker,,Eurolog Canola Socimi S.A.,Real Estate,REIT - Specialty,Spain,Madrid,EUR,EQUITY,79200000.0,,https://eurologcanola.com,
MLCFD.FR,MLCFD.PA,FR,ticker,CH.FER DEPARTEMENTAUX,Compagnie de Chemins de Fer Départementaux Société Anonyme,Industrials,Railroads,France,Paris,EUR,EQUITY,30250000.0,5.0,https://www.cfd.fr,
MLCFM.FR,MLCFM.PA,FR,ticker,CFM INDOSUEZ WEALTH,CFM Indosuez Wealth Management SA,Financial Services,Banks - Regional,Monaco,Monaco,EUR,EQUITY,727710016.0,407.0,https://monaco.ca-indosuez.com,
MLCHE.FR,MLCHE.PA,FR,ticker,Cheops Technology,Cheops Technology France Société anonyme,Technology,Information Technology Services,France,Bordeaux,EUR,EQUITY,127650000.0,,https://www.cheops.fr,
MLCLI.FR,MLCLI.PA,FR,ticker,MAISON CLIO BLUE,Maison Clio Blue SA,Consumer Cyclical,Luxury Goods,France,Paris,EUR,EQUITY,7572304.0,,https://www.maisonclioblue.com,
MLCLP.FR,MLCLP.PA,FR,ticker,COLIPAYS,Colipays Reunion Société anonyme,Consumer Cyclical,Internet Retail,France,Sainte-Marie,EUR,EQUITY,3910596.0,23.0,https://colipays.com,
MLCMB.FR,MLCMB.PA,FR,ticker,CIE DU MONT BLANC,Compagnie Du Mont-Blanc,Consumer Cyclical,Leisure,France,Chamonix-Mont-Blanc,EUR,EQUITY,221529888.0,662.0,https://www.compagniedumontblanc.fr,
MLCMG.FR,MLCMG.PA,FR,ticker,CMG CLEANTECH,CMG Cleantech S.A.,Utilities,Utilities - Renewable,France,Paris,EUR,EQUITY,5181295.0,1.0,https://www.cmgcleantech.com,
MLCMI.FR,MLCMI.PA,FR,ticker,SCEMI,Societe de Conseil en Externalisation et en Marketing Internet - SCEMI Société Anonyme,Industrials,Specialty Business Services,France,Boulogne-Billancourt,EUR,EQUITY,3807273.0,,https://scemi.fr,
MLCNT.FR,MLCNT.PA,FR,ticker,CONSORT NT,Consort NT Société anonyme,Technology,Information Technology Services,France,Paris,EUR,EQUITY,132073504.0,1876.0,https://consort-group.com,
MLCOR.FR,MLCOR.PA,FR,ticker,"MLCOR.PA,0P0000DKVO,0",Corep Lighting Société anonyme,,,,,EUR,MUTUALFUND,7405380.0,,,
MLCOU.FR,MLCOU.PA,FR,ticker,COURBET HERITAGE,Courbet Héritage société anonyme,Real Estate,Real Estate - Development,France,Paris,EUR,EQUITY,13566567.0,,https://www.courbetheritage.com,
MLDAM.FR,MLDAM.PA,FR,ticker,DAMARIS,Damaris SA,Technology,Software - Application,France,Dardilly,EUR,EQUITY,2700000.0,,https://www.damaris.fr,
MLDYH.FR,MLDYH.PA,FR,ticker,,Design Your Home Holding AB (publ),,,,,,MUTUALFUND,,,,
MLDYN.FR,MLDYN.PA,FR,ticker,DYNAFOND,Dynafond Société Anonyme,Basic Materials,Aluminum,France,Etrepagny,EUR,EQUITY,,,https://www.dynafond.fr,
MLEAS.FR,MLEAS.PA,FR,ticker,EASSON HOLDINGS LIMITED,Easson Holdings Limited,,,,,EUR,MUTUALFUND,2291058.0,,,
MLEAV.FR,MLEAV.PA,FR,ticker,"MLEAV.PA,0P0000DKZX,0",E.A.V.S. Groupe Société anonyme,,,,,EUR,MUTUALFUND,15912000.0,,,
MLECE.FR,MLECE.PA,FR,ticker,,"Faifey Invest Socimi, S.A.",Real Estate,REIT - Retail,Spain,Madrid,EUR,EQUITY,85514000.0,,https://www.faifeysocimi.com,
MLECO.FR,MLECO.PA,FR,ticker,"MLECO.PA,0P0000P8G0,0",ecolutions GmbH & Co. KGaA,,,,,EUR,MUTUALFUND,750000.0,,,
MLEDR.FR,MLEDR.PA,FR,ticker,EAUX DE ROYAN,Compagnie des Eaux de Royan,Utilities,Utilities - Regulated Water,France,Vaux-sur-Mer,EUR,EQUITY,6451200.0,39.0,https://www.cer-eau.fr,
MLERO.FR,ALERO.PA,FR,isin,EUROLAND CORPORATE,Euroland Corporate Société anonyme,Financial Services,Capital Markets,France,Paris,EUR,EQUITY,9614608.0,9.0,https://www.elcorp.com,FR0010157115
MLETA.FR,MLETA.PA,FR,ticker,"MLETA.PA,0P0000DKZM,0",Metalliance SA,,,,,EUR,MUTUALFUND,16390890.0,,,
MLFDV.FR,MLFDV.PA,FR,ticker,FD,FD SA,Consumer Defensive,Packaged Foods,France,Roche-la-Molière,EUR,EQUITY,3157980.0,,https://www.franckdeville.fr,
MLFIR.FR,MLFIR.PA,FR,ticker,FIRSTCAUTION,Firstcaution SA,Financial Services,Insurance Brokers,Switzerland,Nyon,EUR,EQUITY,119435520.0,62.0,https://www.firstcaution.ch,
MLFNP.FR,MLFNP.PA,FR,ticker,FNP TECHNOLOGIES SA,FNP Technologies SA,Technology,Software - Application,France,Valbonne,EUR,EQUITY,1200000.0,,https://www.fnptechnologies.com,
MLFSG.FR,MLFSG.PA,FR,ticker,"MLFSG.PA,0P0000DKZQ,0",FranceSoir Groupe SA,,,,,EUR,MUTUALFUND,,,,
MLFTI.FR,MLFTI.PA,FR,ticker,FRANCE TOURISME IMMOBILIER,France Tourisme Immobilier SA,Real Estate,Real Estate Services,France,Thyez,EUR,EQUITY,3655333.0,,https://www.francetourismeimmobilier.fr,
MLFXO.FR,MLFXO.PA,FR,ticker,FINAXO ENVIRONNEMENT,Finaxo Environnement Societe Anonyme,Industrials,Waste Management,France,Ciry-Salsogne,EUR,EQUITY,8512278.0,,https://www.finaxo.fr,
MLGAI.FR,MLGAI.PA,FR,ticker,G.A.I.,Grande Armee Investissement SA,Industrials,Specialty Business Services,France,Paris,EUR,EQUITY,37894200.0,,https://www.ga-investissement.fr,
MLGAL.FR,MLGAL.PA,FR,ticker,GALEO,Galeo Concept Société Anonyme,Consumer Defensive,Household & Personal Products,France,Valreas,EUR,EQUITY,4354940.0,16.0,https://www.galeoconcept.com,
MLGDI.FR,MLGDI.PA,FR,ticker,"MLGDI.PA,0P0001DWB4,0","Guandao Puer Investment Co., Ltd S.A.",,,,,EUR,MUTUALFUND,65599816.0,,,
MLGEQ.FR,MLGEQ.PA,FR,ticker,GENTLEMEN'S EQUITY SA,Gentlemen's Equity S.A.,Financial Services,Asset Management,Portugal,Lisbon,EUR,EQUITY,1123529.0,,https://www.gentlemensequity.com,
MLGML.FR,MLPTZ.PA,FR,isin,PYRATZ CORP.,,Financial Services,Asset Management,France,Levallois-perret,EUR,EQUITY,19689018.0,,https://www.pyratzlabs.com,FR0013371507
MLGRC.FR,MLGRC.PA,FR,ticker,GROUPE CARNIVOR,Groupe Carnivor Société Anonyme,Consumer Defensive,Packaged Foods,France,Toulon,EUR,EQUITY,64916968.0,,https://carnivor.fr,
MLHAY.FR,MLHAY.PA,FR,ticker,,"Healthcare Activos Yield SOCIMI, S.A.",Real Estate,REIT - Healthcare Facilities,Spain,Madrid,EUR,EQUITY,238645344.0,1.0,https://healthcareactivosyield.com,
MLHBB.FR,MLHBB.PA,FR,ticker,HOCHE BAINS L.BAIN,Financiere Hoche Bains-Les-Bains SA,Financial Services,Mortgage Finance,France,Paris,EUR,EQUITY,6968180.0,,https://www.sfhbb.fr,
MLHCF.FR,MLHCF.PA,FR,ticker,HOME CONCEPT,Home Concept Société anonyme,Consumer Cyclical,Residential Construction,France,Fontenay-sous-Bois,EUR,EQUITY,15229040.0,,https://www.homeconcept.fr,
MLHIN.FR,MLHIN.PA,FR,ticker,HOTL.IMMOB.NICE,Société Hôtelière et Immobilière de Nice S.A.,Consumer Cyclical,Lodging,France,Nice,EUR,EQUITY,16547760.0,48.0,https://www.shin-hotels.com,
MLHK.FR,MLHK.PA,FR,ticker,HK,H&K AG,Industrials,Aerospace & Defense,Germany,Oberndorf am Neckar,EUR,EQUITY,1029000704.0,1383.0,https://www.heckler-koch.com,
MLHMC.FR,MLHMC.PA,FR,ticker,HOT.MAJESTIC CANNE,Ste Immo et d'Exp de l'Hotel Majestic SA,Consumer Cyclical,Resorts & Casinos,France,Cannes,EUR,EQUITY,370944000.0,,https://www.hotelsbarriere.com/en/cannes/le-majestic.html,
MLHOT.FR,MLHOT.PA,FR,ticker,HOTELIM,Hotelim Société Anonyme,Consumer Cyclical,Lodging,France,Paris,EUR,EQUITY,48525648.0,115.0,https://www.hotelim.eu,
MLHPE.FR,MLHPE.PA,FR,ticker,HOPENING,Hopening SA,Communication Services,Advertising Agencies,France,Puteaux,EUR,EQUITY,4037359.0,,https://hopening.fr,
MLHPI.FR,ALHPI.PA,FR,isin,HOPIUM,Hopium SA,Consumer Cyclical,Auto Manufacturers,France,Saint-Bonnet-de-Mure,EUR,EQUITY,1678837.0,28.0,https://www.hopium.com,FR0014000U63
MLHYD.FR,MLHYD.PA,FR,ticker,HYDRAULIQUE HOLDING,Hydraulique Holding Société anonyme,Industrials,Specialty Industrial Machinery,France,Darney,EUR,EQUITY,53013800.0,47.0,https://hydrauliquepb.org,
MLHYE.FR,MLHYE.PA,FR,ticker,HYDRO-EXPLOIT.,Hydro-Exploitations Societe Anonyme,Industrials,Engineering & Construction,France,Paris,EUR,EQUITY,1326000.0,6.0,https://www.hydro-exploitations.fr,
MLIDS.FR,MLIDS.PA,FR,ticker,IDS,IDS France SAS,Technology,Software - Application,France,Lyon,EUR,EQUITY,4204002.0,,https://idsfrance.com,
MLIFC.FR,MLIFC.PA,FR,ticker,INFOCLIP,Infoclip S.A.,Technology,Software - Infrastructure,France,Paris,EUR,EQUITY,11787446.0,,https://www.groupe-infoclip.com,
MLIFS.FR,MLIFS.PA,FR,ticker,IMPULSE FITNESS SOLUTIONS S.A.,"Impulse Fitness Solutions, S.A.",Consumer Cyclical,Leisure,Spain,Corunna,EUR,EQUITY,56154288.0,,https://impulsebodyfitness.com,
MLIML.FR,MLIML.PA,FR,ticker,IMALLIANCE,ImAlliance SA,Communication Services,Publishing,France,Saint-Ouen,EUR,EQUITY,1180681.0,,https://www.imalliance.fr,
MLIMP.FR,MLIMP.PA,FR,ticker,IMPRIMERIE CHIRAT,Imprimerie Chirat Société Anonyme,Communication Services,Publishing,France,Saint-Just-la-Pendue,EUR,EQUITY,3014503.0,160.0,https://www.imprimerie-chirat.fr,
MLINM.FR,MLINM.PA,FR,ticker,,"Inmark Prime Socimi, S.A.U.",Real Estate,REIT - Office,Spain,Madrid,EUR,EQUITY,86500000.0,,https://www.inmarkprimesocimi.com,
MLINT.FR,MLINT.PA,FR,ticker,"MLINT.PA,0P0001K0MT,0","Iante Investments Socimi, S.A.",,,,,EUR,MUTUALFUND,71756552.0,,,
MLIPO.FR,MLIPO.PA,FR,ticker,,"Iposa Properties Socimi, S.A.",Real Estate,REIT - Diversified,Spain,Madrid,EUR,EQUITY,77958000.0,,https://iposasocimi.es,
MLIPP.FR,MLIPP.PA,FR,ticker,IMM.PARIS.PERLE,Société Anonyme Immobilière Parisienne de la Perle et des Pierres Précieuses,Real Estate,Real Estate Services,France,Paris,EUR,EQUITY,4830000.0,,https://www.saipppp-group.com,
MLIRF.FR,MLIRF.PA,FR,ticker,INNOVATIVE RFK SPA,Innovative-RFK S.p.A.,Financial Services,Asset Management,Italy,Milan,EUR,EQUITY,17279418.0,2.0,https://www.innovative-rfk.it,
MLISP.FR,MLISP.PA,FR,ticker,,Inmosupa Socimi SA Fund,Real Estate,REIT - Diversified,Spain,A Coruña,EUR,EQUITY,13112345.0,,,
MLITN.FR,MLITN.PA,FR,ticker,ITALY INNOVAZIONI,Italy Innovazioni S.p.A.,Industrials,Electrical Equipment & Parts,Italy,Rome,EUR,EQUITY,30776680.0,,https://www.italyinnovazioni.com,
MLJDL.FR,MLJDL.PA,FR,ticker,,"Res Gestae Socimi, S.A.",Real Estate,REIT - Diversified,Spain,Málaga,EUR,EQUITY,39470300.0,4.0,https://www.regestae.com,
MLLAB.FR,MLLAB.PA,FR,ticker,MEDIA LAB,Media Lab S.p.A.,Healthcare,Health Information Services,Italy,Follo,EUR,EQUITY,7584000.0,11.0,https://mlsw.com,
MLLCB.FR,MLLCB.PA,FR,ticker,CONSTRUCTEURS BOIS,Les Constructeurs du Bois S.A.,Real Estate,Real Estate - Development,France,Épinal,EUR,EQUITY,9942859.0,18.0,https://lesconstructeursdubois.fr,
MLLOI.FR,MLLOI.PA,FR,ticker,LOCASYSTEM INTL,Locasystem International SA,Technology,Information Technology Services,France,Paris,EUR,EQUITY,4534812.0,3.0,https://www.locasystem.com,
MLMAB.FR,MLMAB.PA,FR,ticker,MAISON ANTOINE BAUD,Maison Antoine Baud Société Anonyme,,,,,EUR,MUTUALFUND,58879240.0,,,
MLMAQ.FR,MLMAQ.PA,FR,ticker,"MLMAQ.PA,0P0001ITZP,0","MAQ administración urbanas SOCIMI, S.A.",,,,,EUR,MUTUALFUND,48226072.0,,,
MLMFI.FR,MLMFI.PA,FR,ticker,"MLMFI.PA,0P000148AC,0",Condor Technologies NV,,,,,EUR,MUTUALFUND,27827580.0,,,
MLMGL.FR,MLMGL.PA,FR,ticker,MAGILLEM DESIGN SERVICES,Magillem Design Services SA,Technology,Software - Application,France,Paris,EUR,EQUITY,,,https://www.magillemdesignservices.fr,
MLMIB.FR,MLMIB.PA,FR,ticker,METRICS IN BALANCE,Metrics in Balance N.V.,Healthcare,Medical Distribution,Belgium,Gent,EUR,EQUITY,144887.0,,https://metricsinbalance.com,
MLMIV.FR,MLMIV.PA,FR,ticker,,"Meridia RE IV, SOCIMI, S.A.U.",Real Estate,REIT - Diversified,Spain,Barcelona,EUR,EQUITY,88500000.0,2.0,https://www.meridiareivsocimi.com,
MLMON.FR,ALEFA.PA,FR,isin,EDUFORM'ACTION,Eduform'action Société Anonyme,Financial Services,Asset Management,France,Boulogne-Billancourt,EUR,EQUITY,5879035.0,62.0,https://www.eduformaction.fr,FR0010882886
MLNDG.FR,MLNDG.PA,FR,ticker,,Global Pielago Socimi SA,Real Estate,REIT - Residential,Spain,Madrid,EUR,EQUITY,43446736.0,,https://niding.es,
MLNMA.FR,MLNMA.PA,FR,ticker,MIGUET ET ASSOCIES,Nicolas Miguet et Associes SA,Financial Services,Financial Data & Stock Exchanges,France,Verneuil D'avre Et D'iton,EUR,EQUITY,,,https://www.nicolas-miguet-et-associes.fr,
MLNOV.FR,MLNOV.PA,FR,ticker,NOVATECH IND.,Novatech Industries,Technology,Electronic Components,France,Lannion,EUR,EQUITY,15156630.0,376.0,https://www.novatech-groupe.com,
MLOCT.FR,MLOCT.PA,FR,ticker,OCTOPUS BIOSAFETY,Octopus Biosafety SA,Technology,Computer Hardware,France,Auray,EUR,EQUITY,18052062.0,6.0,https://www.octopusbiosafety.com,
MLOEX.FR,ALEXP.PA,FR,isin,ONE EXPERIENCE,One Experience Société anonyme,Financial Services,Capital Markets,France,Boulogne-Billancourt,EUR,EQUITY,4513529.0,24.0,https://groupe.one-experience.fr,FR0013266772
MLONE.FR,MLONE.PA,FR,ticker,BODY ONE,Body One SA,Consumer Cyclical,Apparel Manufacturing,France,Pantin,EUR,EQUITY,2907520.0,,https://www.bodyone.fr,
MLONL.FR,MLONL.PA,FR,ticker,ONLINEFORMAPRO,SA Onlineformapro,Consumer Defensive,Education & Training Services,France,Vesoul,EUR,EQUITY,1296000.0,,https://www.onlineformapro.com,
MLORB.FR,MLORB.PA,FR,ticker,,"Orbis Properties SOCIMI, S.A.",Real Estate,REIT - Office,Spain,Madrid,EUR,EQUITY,66000000.0,,,
MLORQ.FR,MLORQ.PA,FR,ticker,ORINOQUIA REAL ESTATE SOCIMI S.,"Orinoquia Real Estate SOCIMI, S.A.",Real Estate,REIT - Hotel & Motel,Spain,Madrid,EUR,EQUITY,21190950.0,,https://orinoquiarealestate.com,
MLPAC.FR,MLPAC.PA,FR,ticker,PACTE NOVATION,Pacte Novation,Technology,Software - Application,France,Issy-les-Moulineaux,EUR,EQUITY,4659200.0,70.0,https://www.pactenovation.fr,
MLPHO.FR,MLPHO.PA,FR,ticker,PHOTONIKE CAPITAL,Photonike Capital SA,Financial Services,Capital Markets,Belgium,Brussels,EUR,EQUITY,12166844.0,,https://www.photonike.com,
MLPHW.FR,MLPHW.PA,FR,ticker,PHONE WEB,Phone Web SA,Industrials,Specialty Business Services,France,Paris,EUR,EQUITY,914220.0,31.0,https://www.phoneweb.fr,
MLPLC.FR,MLPLC.PA,FR,ticker,PLACOPLATRE,Placoplatre SA,Industrials,Building Products & Equipment,France,Courbevoie,EUR,EQUITY,731175168.0,1040.0,https://www.placo.fr,
MLPRI.FR,MLPRI.PA,FR,ticker,PROPRIETE IMMEUBLES,Societe Nationale de Propriete d'Immeubles,Real Estate,Real Estate Services,France,Lyon,EUR,EQUITY,15869160.0,,https://www.sca-snpi.fr,
MLPRX.FR,MLPRX.PA,FR,ticker,PARX MATERIALS NV,Parx Materials N.V.,Basic Materials,Specialty Chemicals,Netherlands,Rotterdam,EUR,EQUITY,4023185.0,,https://www.parxmaterials.com,
MLPSH.FR,MLPSH.PA,FR,ticker,,TPSH Société Anonyme,,,,,,MUTUALFUND,,,,
MLPVG.FR,MLPVG.PA,FR,ticker,"MLPVG.PA,0P0000DKZY,0",Groupe Plus-Values,,,,,EUR,MUTUALFUND,652400.0,,,
MLSCI.FR,MLSCI.PA,FR,ticker,SCIENTIA SCHOOL S.A.,"Scientia School, S.A.",Consumer Defensive,Education & Training Services,Spain,Madrid,EUR,EQUITY,99944704.0,275.0,https://www.scientiaschool.com,
MLSDN.FR,MLSDN.PA,FR,ticker,SAVONNERIE NYONS,La Savonnerie De Nyons,Consumer Defensive,Household & Personal Products,France,Nyons,EUR,EQUITY,7080700.0,,https://www.lasavonneriedenyons.com,
MLSEQ.FR,MLSEQ.PA,FR,ticker,SEQUA PETROLEUM NV,Sequa Petroleum N.V.,Energy,Oil & Gas E&P,United Kingdom,London,EUR,EQUITY,4304999.0,5.0,https://www.sequa-petroleum.com,
MLSHD.FR,MLSHD.PA,FR,ticker,,Scandinavian House Development SA,,,,,,MUTUALFUND,,,,
MLSIL.FR,MLSIL.PA,FR,ticker,"MLSIL.PA,0P0000T2YJ,0",Sejours Internat. Linguistique Culture,,,,,EUR,MUTUALFUND,,,,
MLSML.FR,MLSML.PA,FR,ticker,SMALTO,Smalto Holding SA,Consumer Cyclical,Apparel Manufacturing,France,Paris,EUR,EQUITY,593048.0,118.0,https://www.smalto.com,
MLSMP.FR,MLSMP.PA,FR,ticker,"MLSMP.PA,0P000154IB,0",Semplicemente S.p.A.,,,,,EUR,MUTUALFUND,911250.0,,,
MLSNT.FR,MLSNT.PA,FR,ticker,,Sintesi S.p.A.,,,,,,MUTUALFUND,,,,
MLSRP.FR,MLSRP.PA,FR,ticker,SPEED RABBIT PIZZA,Speed Rabbit Pizza SA,Consumer Defensive,Food Distribution,France,Lille,EUR,EQUITY,31473660.0,,https://www.speedrabbitpizza.com,
MLSTR.FR,MLSTR.PA,FR,ticker,STREIT MECANIQUE,Streit Mecanique SA,Consumer Cyclical,Auto Parts,France,Clerval,EUR,EQUITY,6460465.0,140.0,https://groupe-streit.com,
MLTRO.FR,MLTRO.PA,FR,ticker,TROC ILE,TROC DE L'ILE SA,Consumer Cyclical,Specialty Retail,France,Les Angles,EUR,EQUITY,1668048.0,108.0,https://www.troc.com,
MLUMG.FR,MLUMG.PA,FR,ticker,UMALIS GROUP,Umalis Group,Industrials,Staffing & Employment Services,France,Paris,EUR,EQUITY,3847952.0,99.0,https://www.umalis.fr,
MLVAL.FR,MLVAL.PA,FR,ticker,,Valoneo SAS,,,,,,MUTUALFUND,,,,
MLVIE.FR,MLVIE.PA,FR,ticker,"MLVIE.PA,0P0001MO1V,0",Integritas Viager,,,,,EUR,MUTUALFUND,11960000.0,,,
MLVIN.FR,MLVIN.PA,FR,ticker,FONCIERE VINDI,Foncière Vindi Société Anonyme,Real Estate,Real Estate Services,France,Paris,EUR,EQUITY,90161320.0,,https://www.foncierevindi.com,
MLVRF.FR,MLVRF.PA,FR,ticker,,VREF Seville Real Estate Holdco SOCIMI S.A.,Real Estate,REIT - Industrial,Spain,Madrid,EUR,EQUITY,18800000.0,,,
MLVST.FR,MLVST.PA,FR,ticker,TELEVISTA,Televista Société anonyme,Communication Services,Broadcasting,France,Paris,EUR,EQUITY,1535134.0,1.0,https://televista.fr,
MLWEA.FR,MLWEA.PA,FR,ticker,WEACCESS GROUP,"Weaccess Group, Société Anonyme",Communication Services,Telecom Services,France,Saint-Étienne-du-Rouvray,EUR,EQUITY,3483117.0,9.0,https://www.weaccess.fr,
MLWEL.FR,MLODT.PA,FR,isin,ODIOT S.A.,Odiot S.A.,Consumer Cyclical,Luxury Goods,France,Paris,EUR,EQUITY,6057084.0,2.0,https://www.odiotholding.com,FR0004152700
MLWEY.FR,MLWEY.PA,FR,ticker,WEYA,Weya SA,Utilities,Utilities - Diversified,France,Malakoff,EUR,EQUITY,907599.0,,https://www.weya.fr,
MLWRC.FR,MLWRC.PA,FR,ticker,"MLWRC.PA,0P0001H1EA,0","Whiteni Rcajal Socimi, S.A.",,,,,EUR,MUTUALFUND,22087020.0,,,
MLZAM.FR,MLZAM.PA,FR,ticker,ZCCM,ZCCM Investments Holdings Plc,Basic Materials,Other Industrial Metals & Mining,Zambia,Lusaka,EUR,EQUITY,585495040.0,,https://www.zccm-ih.com.zm,
MMB.FR,MMB.PA,FR,ticker,LAGARDERE SA,Lagardere SA,Consumer Cyclical,Specialty Retail,France,Paris,EUR,EQUITY,2577772288.0,33112.0,https://www.lagardere.com,
MMT.FR,MMT.PA,FR,ticker,METROPOLE TV,Métropole Télévision S.A.,Communication Services,Broadcasting,France,Neuilly-sur-Seine,EUR,EQUITY,1512768640.0,1752.0,https://www.groupem6.fr,
MRK.FR,MRK.PA,FR,ticker,"MRK.PA,0P00009WLN,0","Merck & Co., Inc.",,,,,EUR,MUTUALFUND,0.0,,,
MRN.FR,MRN.PA,FR,ticker,MERSEN,Mersen S.A.,Industrials,Electrical Equipment & Parts,France,Courbevoie,EUR,EQUITY,826839040.0,7047.0,https://www.mersen.com,
MSF2.FR,MSF2.PA,FR,ticker,Leverage Shares 2x Microsoft ET,Leverage Shares 2x Microsoft ETP Securities A,,,,,EUR,ETF,,,,
MSF3.FR,MSF3.PA,FR,ticker,Leverage Shares 3x Microsoft ET,Leverage Shares 3x Microsoft ETP Securities,,,,,EUR,ETF,,,,
MSFS.FR,MSFS.PA,FR,ticker,Leverage Shares -1x Microsoft E,Leverage Shares -1x Microsoft ETP Securities,,,,,EUR,ETF,,,,
MTU.FR,MTU.PA,FR,ticker,MANITOU BF,Manitou BF SA,Industrials,Farm & Heavy Construction Machinery,France,Ancenis-Saint-Géréon,EUR,EQUITY,740836288.0,5955.0,https://www.manitou.com,
MU2.FR,MU2.PA,FR,ticker,Leverage Shares 2x Micron Techn,Leverage Shares 2x Micron Technology ETP Securities,,,,,EUR,ETF,,,,
MUSE.FR,MUSE.PA,FR,ticker,Leverage Shares -1x Micron Tech,Leverage Shares -1x Micron Tech ETP Scs,,,,,EUR,ETF,,,,
NAAA.FR,NAAA.PA,FR,ticker,NTXSAMAAA AGROALI,,,,,,EUR,MUTUALFUND,,,,
NACON.FR,NACON.PA,FR,ticker,NACON,Nacon S.A.,Communication Services,Electronic Gaming & Multimedia,France,Fretin,EUR,EQUITY,17431188.0,,https://www.nacongaming.com,
NAE.FR,NAE.PA,FR,ticker,North Atlantic Energies,North Atlantic Energies,Energy,Oil & Gas Refining & Marketing,France,Nanterre,EUR,EQUITY,852258624.0,1056.0,https://northatlantic.fr,
NANO.FR,NANO.PA,FR,ticker,NANOBIOTIX,Nanobiotix S.A.,Healthcare,Biotechnology,France,Paris,EUR,EQUITY,1736873856.0,100.0,https://www.nanobiotix.com,
NAVYA.FR,NVYAF,FR,isin,NAVYA SA,Navya SA,Consumer Cyclical,Auto Manufacturers,France,Villeurbanne,USD,EQUITY,869.0,266.0,https://www.navya.tech,FR0013018041
NCBE.FR,NCBE.PA,FR,ticker,NTXSAMCBEURO,,,,,,EUR,MUTUALFUND,,,,
NCEB.FR,NCEB.PA,FR,ticker,NTXSAMCASHEURIBOR,,,,,,EUR,MUTUALFUND,,,,
NCEU.FR,NCEU.PA,FR,ticker,NTXSAMCBEUROPE,,,,,,EUR,MUTUALFUND,,,,
NCPE.FR,NCPE.PA,FR,ticker,NTXSAMCASHPREM,,,,,,EUR,MUTUALFUND,,,,
NCRO.FR,NCRO.PA,FR,ticker,NTXSAMCRED OPP EUR,Natixis AM Funds SICAV - Ostrum Credit Opportunities,,,,,EUR,MUTUALFUND,,,,
NEAG.FR,NEAG.PA,FR,ticker,NTXSAMEURO AGGR,Natixis AM Funds SICAV - Ostrum Euro Aggregate,,,,,EUR,MUTUALFUND,,,,
NEBO.FR,NEBO.PA,FR,ticker,NTXSAMEUROB OPP12M,NATIXIS AM Funds - Natixis Euro Bonds Opportunities 12 Months,,,,,EUR,MUTUALFUND,,,,
NECR.FR,NECR.PA,FR,ticker,NTXSAMEURO CRED,Natixis AM Funds SICAV - Ostrum Euro Credit,,,,,EUR,MUTUALFUND,,,,
NEIN.FR,NEIN.PA,FR,ticker,NTXSAMEURO INFLAT,Natixis AM Funds - Ostrum Euro Inflation,,,,,EUR,MUTUALFUND,,,,
NEX.FR,NEX.PA,FR,ticker,NEXANS,Nexans S.A.,Industrials,Electrical Equipment & Parts,France,Courbevoie,EUR,EQUITY,5603724800.0,25700.0,https://www.nexans.com,
NFL2.FR,NFL2.PA,FR,ticker,Leverage Shares 2x Netflix ETP ,Leverage Shares 2x Netflix ETP Securities,,,,,EUR,ETF,,,,
NFL3.FR,NFL3.PA,FR,ticker,Leverage Shares 3x Netflix ETP ,Leverage Shares 3x Netflix ETP Scs,,,,,EUR,ETF,,,,
NFLS.FR,NFLS.PA,FR,ticker,Leverage Shares -1x Netflix ETP,Leverage Shares -1x Netflix ETP Scs,,,,,EUR,ETF,,,,
NFVJ.FR,NFVJ.PA,FR,ticker,NTXSAMFRUCTIFDSJAP,,,,,,EUR,MUTUALFUND,,,,
NGRP.FR,NGRP.PA,FR,ticker,NTXSAMGLBRISKPAR,Natixis AM Funds SICAV - Natixis Global Risk Parity,,,,,EUR,MUTUALFUND,,,,
NK.FR,NK.PA,FR,ticker,IMERYS,Imerys S.A.,Basic Materials,Specialty Chemicals,France,Paris,EUR,EQUITY,1827321344.0,12300.0,https://www.imerys.com,
NOKIA.FR,NOKIA.HE,FR,isin,Nokia Corporation,Nokia Oyj,Technology,Communication Equipment,Finland,Espoo,EUR,EQUITY,44637941760.0,78005.0,https://www.nokia.com,FI0009000681
NR21.FR,NR21.PA,FR,ticker,NR 21,NR21 Société Anonyme,Consumer Cyclical,Apparel Retail,France,Paris,EUR,EQUITY,3342257.0,,https://www.nr21.eu,
NRG.FR,NRG.PA,FR,ticker,NRJ GROUP,NRJ Group SA,Communication Services,Broadcasting,France,Paris,EUR,EQUITY,521803296.0,1466.0,https://www.nrjgroup.fr,
NRO.FR,NRO.PA,FR,ticker,NEURONES,Neurones S.A.,Technology,Information Technology Services,France,Nanterre,EUR,EQUITY,878594496.0,6989.0,https://www.neurones.net,
NSCG.FR,NSCG.PA,FR,ticker,NTXSAMSYDMACONSGRW,Seeyond Multi Asset Conservative Growth Fund,,,,,EUR,MUTUALFUND,,,,
NSDG.FR,NSDG.PA,FR,ticker,NTXSAMSYDMADVGRW,Natixis Am Funds - Ostrum SRI Total Return Dynamic,,,,,EUR,MUTUALFUND,,,,
NSE3.FR,NSE3.PA,FR,ticker,NTXSAMSOUVEURO3TO5,,,,,,EUR,MUTUALFUND,,,,
NSEE.FR,NSEE.PA,FR,ticker,NTXSAMSYD EQFACTEU,Natixis AM Funds - Seeyond Equity Factor Investing Europe,,,,,EUR,MUTUALFUND,,,,
NSEV.FR,NSEV.PA,FR,ticker,NTXSAMSYDEQVOLSTRA,Natixis AM Funds SICAV - Seeyond Volatility Equity Strategies,,,,,EUR,MUTUALFUND,,,,
NSG.FR,NSG.PA,FR,ticker,NTXSAMSYDGLBMINVAR,Natixis AM Funds SICAV - Seeyond Global MinVol,,,,,EUR,MUTUALFUND,,,,
NSME.FR,NSME.PA,FR,ticker,NTXSAMSMMIDCAPEURO,,,,,,EUR,MUTUALFUND,,,,
NSMF.FR,NSMF.PA,FR,ticker,NTXSAMSMMIDCAPFR,,,,,,EUR,MUTUALFUND,,,,
NSMV.FR,NSMV.PA,FR,ticker,NTXSAMSYDEURMINVAR,Natixis AM Funds SICAV - Seeyond Europe MinVol,,,,,EUR,MUTUALFUND,,,,
NSO1.FR,NSO1.PA,FR,ticker,NTXSAMSOUVEURO1TO3,,,,,,EUR,MUTUALFUND,,,,
NSTC.FR,NSTC.PA,FR,ticker,NTXSAMEURO ST CRED,Natixis AM Funds SICAV - Ostrum Euro Short Term Credit,,,,,EUR,MUTUALFUND,,,,
NSUS.FR,NSUS.PA,FR,ticker,NTXSAMSYDEQFACT US,,,,,,EUR,MUTUALFUND,,,,
NSVE.FR,NSVE.PA,FR,ticker,NTXSAMSOUV EURO,,,,,,EUR,MUTUALFUND,,,,
NTRP.FR,NTRP.PA,FR,ticker,NTXSAMTRESO PLUS,,,,,,EUR,MUTUALFUND,,,,
NUST.FR,NUST.PA,FR,ticker,NTXSAMULTRASTBPLUS,Ostrum Ultra Short Term Bonds Plus,,,,,EUR,MUTUALFUND,,,,
NVD2.FR,NVD2.PA,FR,ticker,Leverage Shares 2x NVIDIA ETP S,Leverage Shares 2x NVIDIA ETP Securities,,,,,EUR,ETF,,,,
NVD3.FR,NVD3.PA,FR,ticker,Leverage Shares 3x NVIDIA ETP S,Leverage Shares 3x NVIDIA ETP Scs,,,,,EUR,ETF,,,,
NVDS.FR,NVDS.PA,FR,ticker,Leverage Shares -1x NVIDIA ETP ,Leverage Shares -1x NVIDIA ETP Scs,,,,,EUR,ETF,,,,
NXI.FR,NXI.PA,FR,ticker,NEXITY,Nexity SA,Real Estate,Real Estate - Diversified,France,Saint-Ouen,EUR,EQUITY,375963392.0,3006.0,https://www.nexity.fr,
OCOBD.FR,OCOBD.PA,FR,ticker,OFICTE,Ofi Rs Euro Convertible Bond Defensive Fund,,,,,EUR,MUTUALFUND,,,,
ODET.FR,ODET.PA,FR,ticker,ODET(COMPAGNIE DE L-),Compagnie de l'Odet,Communication Services,Entertainment,France,Ergue-Gaberic,EUR,EQUITY,5908449792.0,,https://www.compagniedelodet.net,
OLG.FR,EFG.PA,FR,isin,EAGLE FOOTBALL GROUP,Eagle Football Group SA,Communication Services,Entertainment,France,Décines-Charpieu,EUR,EQUITY,293960256.0,440.0,https://finance.eaglefootballgroup.com,FR0010428771
OR.FR,OR.PA,FR,ticker,L'OREAL,L'Oréal S.A.,Consumer Defensive,Household & Personal Products,France,Clichy,EUR,EQUITY,202444800000.0,79033.0,https://www.loreal.com,
ORA.FR,ORA.PA,FR,ticker,ORANGE,Orange S.A.,Communication Services,Telecom Services,France,Issy-les-Moulineaux,EUR,EQUITY,45514297344.0,121242.0,https://www.orange.com,
OREGE.FR,OREGE.PA,FR,ticker,OREGE,Orege Société Anonyme,Industrials,Waste Management,France,Paris,EUR,EQUITY,14826627.0,42.0,https://www.orege.com,
OREQU.FR,OREQU.PA,FR,ticker,OFIRSEUREQEI,OFI Rs Euro Equity,,,,,EUR,MUTUALFUND,,,,
ORIA.FR,ORIA.PA,FR,ticker,FIDUCIAL REAL EST.,Fiducial Real Estate SA,Real Estate,Real Estate Services,France,Courbevoie,EUR,EQUITY,417622016.0,,https://www.fiducial-real-estate.fr,
ORP.FR,ORPEF,FR,isin,ORPEA,Orpea SA,Healthcare,Medical Care Facilities,France,Puteaux,USD,EQUITY,2288903168.0,52403.0,https://www.emeis.com,FR0000184798
OSE.FR,OSE.PA,FR,ticker,OSE IMMUNOTHERAPEUTICS,OSE Immunotherapeutics SA,Healthcare,Biotechnology,France,Nantes,EUR,EQUITY,75549912.0,64.0,https://www.ose-immuno.com,
OVH.FR,OVH.PA,FR,ticker,OVH,OVH Groupe S.A.,Technology,Software - Infrastructure,France,Roubaix,EUR,EQUITY,2236258560.0,3159.0,https://www.ovhcloud.com,
PAR.FR,PAR.PA,FR,ticker,PAREF,Paref SA,Real Estate,REIT - Diversified,France,Paris,EUR,EQUITY,36367272.0,72.0,https://www.paref.com,
PARP.FR,PARP.PA,FR,ticker,GROUPE PARTOUCHE,Groupe Partouche SA,Consumer Cyclical,Resorts & Casinos,France,Paris,EUR,EQUITY,173143888.0,4050.0,https://www.groupepartouche.com,
PARRO.FR,PARRO.PA,FR,ticker,PARROT,Parrot S.A.,Technology,Communication Equipment,France,Paris,EUR,EQUITY,300121344.0,412.0,https://www.parrot.com,
PAT.FR,PAT.PA,FR,ticker,PATRIMOINE ET COMM,Patrimoine et Commerce SA,Real Estate,REIT - Retail,France,Boulogne-Billancourt,EUR,EQUITY,440655040.0,7.0,https://www.patrimoine-commerce.com,
PERR.FR,PERR.PA,FR,ticker,PERRIER (GERARD),Gérard Perrier Industrie S.A.,Industrials,Electrical Equipment & Parts,France,Lyon,EUR,EQUITY,305065568.0,2502.0,https://www.gerard-perrier.com,
PEUG.FR,PEUG.PA,FR,ticker,PEUGEOT INVEST,Peugeot Invest Société anonyme,Financial Services,Asset Management,France,Neuilly-sur-Seine,EUR,EQUITY,1367522944.0,,https://www.peugeot-invest.com,
PHA.FR,EQS.PA,FR,isin,EQUASENS,Equasens Société anonyme,Healthcare,Health Information Services,France,Villers-lès-Nancy,EUR,EQUITY,506585216.0,1462.0,https://equasens.com,FR0012882389
PIG.FR,PIG.PA,FR,ticker,HAULOTTE GROUP,Haulotte Group SA,Industrials,Farm & Heavy Construction Machinery,France,Lorette,EUR,EQUITY,63266616.0,1659.0,https://www.haulotte.com,
POM.FR,OPM.PA,FR,isin,OPMOBILITY,OPmobility SE,Consumer Cyclical,Auto Parts,France,Levallois-Perret,EUR,EQUITY,1822427008.0,28258.0,https://www.opmobility.com,FR0000124570
POXEL.FR,POXEL.PA,FR,ticker,POXEL,Poxel S.A.,Healthcare,Biotechnology,France,Lyon,EUR,EQUITY,12479029.0,5.0,https://www.poxelpharma.com,
PRC.FR,PRC.PA,FR,ticker,ARTMARKET.COM(EX ARTPRICE.COM),Artmarket.com,Communication Services,Internet Content & Information,France,Saint-Romain-au-Mont-d'Or,EUR,EQUITY,16628788.0,51.0,https://www.artprice.com,
PREC.FR,ALPM.PA,FR,isin,PRECIA,Precia S.A.,Industrials,Specialty Industrial Machinery,France,Privas,EUR,EQUITY,135160256.0,1260.0,https://www.preciamolen.com,FR0014004EC4
PROAC.FR,PROAC.PA,FR,ticker,PROACTIS SA,Proactis SA,Technology,Software - Application,France,Paris,EUR,EQUITY,4875901.0,113.0,https://www.proactis.com,
PROL.FR,ALPRG.PA,FR,isin,PROLOGUE,Prologue S.A.,Technology,Software - Application,France,Gennevilliers,EUR,EQUITY,30566932.0,313.0,https://www.prologue.fr,FR0010380626
PSAT.FR,ALPAS.PA,FR,isin,PASSAT,,Consumer Cyclical,Specialty Retail,France,Fourqueux,EUR,EQUITY,19584024.0,195.0,https://www.passat.fr,FR0000038465
PUB.FR,PUB.PA,FR,ticker,PUBLICIS GROUPE SA,Publicis Groupe S.A.,Communication Services,Advertising Agencies,France,Paris,EUR,EQUITY,22909411328.0,115782.0,https://www.publicisgroupe.com,
PVL.FR,PVL.PA,FR,ticker,PLAST.VAL LOIRE,Plastiques du Val de Loire,Consumer Cyclical,Auto Parts,France,Langeais,EUR,EQUITY,52078656.0,5050.0,https://groupe-plastivaloire.com,
PWG.FR,ALPWG.PA,FR,isin,PRODWAYS GROUP,,Technology,Computer Hardware,France,Paris,EUR,EQUITY,42502056.0,393.0,https://www.prodways-group.com,FR0012613610
PYPS.FR,PYPS.L,FR,isin,LEVERAGE SHARES PUBLIC LIMITED ,Leverage Shares -1x Short PayPal ETP Securities,,,,,USD,ETF,,,,XS2297550308
QDT.FR,QDT.PA,FR,ticker,QUADIENT S.A.,Quadient S.A.,Technology,Software - Application,France,Bagneux,EUR,EQUITY,447356128.0,4525.0,https://www.quadient.com,
RAL.FR,RAL.PA,FR,ticker,"RAL.PA,0P00009WO4,0",Rallye SA,,,,,EUR,MUTUALFUND,2334001.0,,,
RBO.FR,RBO.PA,FR,ticker,ROCHE BOBOIS,Roche Bobois S.A.,Consumer Cyclical,"Furnishings, Fixtures & Appliances",France,Paris,EUR,EQUITY,206610560.0,1112.0,https://www.roche-bobois.com,
RBT.FR,RBT.PA,FR,ticker,ROBERTET,Robertet SA,Basic Materials,Chemicals,France,Grasse,EUR,EQUITY,1707758976.0,2570.0,https://www.robertet.com,
RCO.FR,RCO.PA,FR,ticker,REMY COINTREAU,Rémy Cointreau SA,Consumer Defensive,Beverages - Wineries & Distilleries,France,Cognac,EUR,EQUITY,2380576000.0,1754.0,https://www.remy-cointreau.com,
RDSS.FR,RDSS.PA,FR,ticker,Leverage Shares -1x Short Royal,Leverage Shares Plc - 1X Royal Dutch ETP,,,,,EUR,ETF,,,,
RF.FR,RF.PA,FR,ticker,EURAZEO SE,Eurazeo SE,Financial Services,Asset Management,France,Paris,EUR,EQUITY,2901224192.0,578.0,https://www.eurazeo.com/en,
RI.FR,RI.PA,FR,ticker,PERNOD RICARD,Pernod Ricard SA,Consumer Defensive,Beverages - Wineries & Distilleries,France,Paris,EUR,EQUITY,16644809728.0,17225.0,https://www.pernod-ricard.com,
RMS.FR,RMS.PA,FR,ticker,HERMES INTL,Hermès International Société en commandite par actions,Consumer Cyclical,Luxury Goods,France,Paris,EUR,EQUITY,174391787520.0,25414.0,https://finance.hermes.com,
RNL.FR,RNL.PA,FR,ticker,RENAULTPFRN24OCT49,Renault SA,,,,,EUR,EQUITY,,,,
RNO.FR,RNO.PA,FR,ticker,RENAULT,Renault SA,Consumer Cyclical,Auto Manufacturers,France,Boulogne-Billancourt,EUR,EQUITY,7886555648.0,100541.0,https://www.renaultgroup.com,
RSH3.FR,RSH3.PA,FR,ticker,Leverage Shares 3x Royal Dutch ,Leverage Shares Plc - 3X Royal Dutch ETP,,,,,EUR,ETF,,,,
RUI.FR,RUI.PA,FR,ticker,RUBIS,Rubis,Energy,Oil & Gas Refining & Marketing,France,Paris,EUR,EQUITY,3391442688.0,4256.0,https://www.rubis.fr,
RXL.FR,RXL.PA,FR,ticker,REXEL,Rexel S.A.,Technology,Electronics & Computer Distribution,France,Paris,EUR,EQUITY,10482766848.0,26706.0,https://www.rexel.com,
S30.FR,S30.PA,FR,ticker,SOLUTIONS 30 SE,Solutions 30 SE,Technology,Information Technology Services,Luxembourg,Luxembourg,EUR,EQUITY,58138768.0,6158.0,https://www.solutions30.com,
SABE.FR,SABE.PA,FR,ticker,SAINT JEAN GROUPE,Saint Jean Groupe Société anonyme,Consumer Defensive,Packaged Foods,France,Dardilly,EUR,EQUITY,68321192.0,511.0,https://saint-jean-groupe.fr,
SACI.FR,SACI.PA,FR,ticker,FIDUCIAL OFF.SOL.,Fiducial Office Solutions,Industrials,Business Equipment & Supplies,France,Courbevoie,EUR,EQUITY,74187736.0,627.0,https://www.fiducial-office-solutions.fr,
SAF.FR,SAF.PA,FR,ticker,SAFRAN,Safran SA,Industrials,Aerospace & Defense,France,Paris,EUR,EQUITY,141605322752.0,103710.0,https://www.safran-group.com,
SAMS.FR,SAMS.PA,FR,ticker,SAMSE,Samse SA,Industrials,Industrial Distribution,France,Grenoble,EUR,EQUITY,394771936.0,6590.0,https://www.samse.fr,
SAN.FR,SAN.PA,FR,ticker,SANOFI,Sanofi,Healthcare,Drug Manufacturers - General,France,Paris,EUR,EQUITY,93680140288.0,74846.0,https://www.sanofi.com,
SAVE.FR,SAVE.PA,FR,ticker,SAVENCIA S.A.,Savencia SA,Consumer Defensive,Packaged Foods,France,Viroflay,EUR,EQUITY,815634368.0,22680.0,https://savencia-fromagedairy.com,
SBCS.FR,SBCS.PA,FR,ticker,Leverage Shares -1x Short Barcl,,,,,,EUR,ETF,,,,
SBT.FR,SBT.PA,FR,ticker,OENEO,Oeneo SA,Consumer Defensive,Beverages - Wineries & Distilleries,France,Bordeaux,EUR,EQUITY,563784256.0,1066.0,https://oeneo.com,
SCHP.FR,SCHP.PA,FR,ticker,SECHE ENVIRONNEM.,Séché Environnement SA,Industrials,Waste Management,France,Changé,EUR,EQUITY,622771200.0,7356.0,https://www.groupe-seche.com,
SCR.FR,SCR.PA,FR,ticker,SCOR SE,SCOR SE,Financial Services,Insurance - Reinsurance,France,Paris,EUR,EQUITY,6088848896.0,3610.0,https://www.scor.com,
SDG.FR,SDG.PA,FR,ticker,SYNERGIE,Synergie SE,Industrials,Staffing & Employment Services,France,Boulogne-Billancourt,EUR,EQUITY,659248768.0,5501.0,https://www.synergie.com,
SEC.FR,ALSEC.PA,FR,isin,SODITECH,,Industrials,Engineering & Construction,France,Cannes,EUR,EQUITY,13196363.0,69.0,https://soditech.com,FR0000078321
SEFER.FR,SEFER.PA,FR,ticker,SERGEFERRARI GROUP,SergeFerrari Group SA,Industrials,Building Products & Equipment,France,Saint-Jean-de-Soudain,EUR,EQUITY,89110136.0,1145.0,https://www.sergeferrari.com,
SELER.FR,SELER.PA,FR,ticker,SELECTIRENTE,Selectirente,Real Estate,REIT - Retail,France,Evry,EUR,EQUITY,349554816.0,,https://www.selectirente.com,
SESG.FR,SESG.PA,FR,ticker,SES,SES S.A.,Communication Services,Broadcasting,Luxembourg,Betzdorf,EUR,EQUITY,2918627072.0,3830.0,https://www.ses.com,
SESL.FR,VU.PA,FR,isin,Vusion,Vusion S.A.,Technology,Software - Application,France,Nanterre,EUR,EQUITY,2118690432.0,1089.0,https://vusion.com,FR0010282822
SFCA.FR,SFCA.PA,FR,ticker,SOC FRANC CASINOS,Société Française de Casinos Société Anonyme,Consumer Cyclical,Resorts & Casinos,France,Paris,EUR,EQUITY,13240422.0,112.0,https://www.casinos-sfc.com,
SFPI.FR,SFPI.PA,FR,ticker,GROUPE SFPI,GROUPE SFPI SA,Industrials,Specialty Industrial Machinery,France,Paris,EUR,EQUITY,197319632.0,3782.0,https://www.sfpi-group.com,
SGO.FR,SGO.PA,FR,ticker,SAINT GOBAIN,Compagnie de Saint-Gobain S.A.,Industrials,Building Products & Equipment,France,Courbevoie,EUR,EQUITY,37084475392.0,155544.0,https://www.saint-gobain.com,
SGP.FR,SGP.PA,FR,ticker,STGOBAINTP83T1,Compagnie de Saint-Gobain S.A. IDX/LKD BDS PERP EUR152.45,,,,,EUR,EQUITY,,,,
SGRO.FR,SGRO.PA,FR,ticker,SEGRO PUBLIC LIMITED COMPANY,SEGRO Plc,Real Estate,REIT - Industrial,United Kingdom,London,EUR,EQUITY,13665048576.0,463.0,https://www.segro.com,
SGS.FR,SGS.PA,FR,ticker,Leverage Shares -1x Short Goldm,,,,,,EUR,ETF,,,,
SHO3.FR,SHO3.PA,FR,ticker,Leverage Shares 3x Shopify ETP ,,,,,,EUR,ETF,,,,
SHOS.FR,SHOS.PA,FR,ticker,Leverage Shares -1x Short Shopi,,,,,,EUR,ETF,,,,
SHSB.FR,SHSB.PA,FR,ticker,Leverage Shares -1x Short HSBC ,,,,,,EUR,ETF,,,,
SIGHT.FR,SIGHT.PA,FR,ticker,GENSIGHT BIOLOGICS,GenSight Biologics S.A.,Healthcare,Biotechnology,France,Paris,EUR,EQUITY,19226850.0,13.0,https://www.gensight-biologics.com,
SJPM.FR,SJPM.PA,FR,ticker,Leverage Shares -1x Short JPMor,,,,,,EUR,ETF,,,,
SK.FR,SK.PA,FR,ticker,S.E.B.,SEB SA,Consumer Cyclical,"Furnishings, Fixtures & Appliances",France,Ecully,EUR,EQUITY,3036943616.0,32000.0,https://www.groupeseb.com,
SLB.FR,SLB,FR,isin,SLB Limited,SLB N.V.,Energy,Oil & Gas Equipment & Services,United States,Houston,USD,EQUITY,76470517760.0,109000.0,https://www.slb.com,AN8068571086
SLCO.FR,SLCO.PA,FR,ticker,"SLCO.PA,0P00009WP9,0",Selcodis SA,,,,,EUR,MUTUALFUND,1800395.0,,,
SMCP.FR,SMCP.PA,FR,ticker,SMCP,SMCP S.A.,Consumer Cyclical,Apparel Retail,France,Paris,EUR,EQUITY,405410624.0,,https://www.smcp.com,
SMTPC.FR,ALTPC.PA,FR,isin,SMTPC,Société Marseillaise du Tunnel Prado Carénage,Industrials,Infrastructure Operations,France,Marseille,EUR,EQUITY,158196256.0,57.0,https://www.tunnelsprado.com,FR0004016699
SOG.FR,ALSOG.PA,FR,isin,SOGECLAIR,Sogeclair SA,Industrials,Aerospace & Defense,France,Blagnac,EUR,EQUITY,104498888.0,1211.0,https://www.sogeclair.com,FR0000065864
SOI.FR,SOI.PA,FR,ticker,SOITEC,Soitec SA,Technology,Semiconductor Equipment & Materials,France,Bernin,EUR,EQUITY,3515040512.0,1961.0,https://www.soitec.com,
SOP.FR,SOP.PA,FR,ticker,SOPRA STERIA GROUP,Sopra Steria Group SA,Technology,Information Technology Services,France,Paris,EUR,EQUITY,3250415360.0,51275.0,https://www.soprasteria.com,
SPEL.FR,SPEL.PA,FR,ticker,FONCIERE VOLTA,Foncière Volta,Real Estate,Real Estate Services,France,Paris,EUR,EQUITY,87519872.0,2.0,https://www.foncierevolta.com,
SPIE.FR,SPIE.PA,FR,ticker,SPIE,SPIE SA,Industrials,Engineering & Construction,France,Cergy-Pontoise,EUR,EQUITY,8145564160.0,54673.0,https://www.spie.com,
SQ3.FR,SQ3.L,FR,isin,LEVERAGE SHARES PUBLIC LIMITED ,Leverage Shares 3x Square ETP Securities,,,,,USD,ETF,,,,XS2297552262
SQS.FR,SQS.L,FR,isin,"SQS.L,0P0001M10W,0",Leverage Shares -1x Short Square ETP Securities,,,,,USD,ETF,,,,XS2297552932
SRP.FR,SRP.PA,FR,ticker,SHOWROOMPRIVE,SRP Groupe S.A.,Consumer Cyclical,Internet Retail,France,Saint-Denis,EUR,EQUITY,92623032.0,1056.0,https://www.showroomprivegroup.com,
STF.FR,STF.PA,FR,ticker,STEF,STEF SA,Industrials,Integrated Freight & Logistics,France,Paris,EUR,EQUITY,1698594560.0,26019.0,https://www.stef.com,
STLA.FR,STLAM.MI,FR,isin,STELLANTIS,Stellantis N.V.,Consumer Cyclical,Auto Manufacturers,Netherlands,Hoofddorp,EUR,EQUITY,14507822080.0,258668.0,https://www.stellantis.com,NL00150001Q9
STM.FR,STMPA.PA,FR,isin,STMICROELECTRONICS,STMicroelectronics N.V.,Technology,Semiconductors,Netherlands,Schiphol,EUR,EQUITY,39801229312.0,49000.0,https://www.st.com/content/st_com/en.html,NL0000226223
SU.FR,SU.PA,FR,ticker,SCHNEIDER ELECTRIC SE,Schneider Electric S.E.,Industrials,Specialty Industrial Machinery,France,Rueil-Malmaison,EUR,EQUITY,149181677568.0,156399.0,https://www.se.com,
SVOD.FR,SVOD.PA,FR,ticker,Leverage Shares -1x Short Vodaf,Leverage Shares Plc - 1X Vodafone ETP,,,,,EUR,ETF,,,,
SW.FR,SW.PA,FR,ticker,SODEXO,Sodexo S.A.,Industrials,Specialty Business Services,France,Issy-les-Moulineaux,EUR,EQUITY,8350344704.0,314292.0,https://www.sodexo.com,
SWP.FR,SWP.PA,FR,ticker,SWORD GROUP,Sword Group S.E.,Technology,Software - Application,Luxembourg,Windhof,EUR,EQUITY,284950528.0,3610.0,https://www.sword-group.com,
TAYN.FR,TBSO.PA,FR,isin,TBSO,,Financial Services,Capital Markets,France,Paris,EUR,EQUITY,27833274.0,,https://www.tayninh.fr/W/do/centre/accueil.html,FR0000063307
TCH.FR,VANTI.PA,FR,isin,VANTIVA S.A.,Vantiva S.A.,Communication Services,Entertainment,France,Paris,EUR,EQUITY,46872096.0,1544.0,https://www.vantiva.com,FR0013505062
TE.FR,TE.PA,FR,ticker,TECHNIP ENERGIES N.V.,Technip Energies N.V.,Energy,Oil & Gas Equipment & Services,France,Nanterre,EUR,EQUITY,5826636800.0,18000.0,https://www.ten.com/en,
TEP.FR,TEP.PA,FR,ticker,TELEPERFORMANCE,Teleperformance SE,Industrials,Specialty Business Services,France,Paris,EUR,EQUITY,3388027904.0,446716.0,https://www.tp.com,
TFF.FR,TFF.PA,FR,ticker,TFF GROUP,TFF Group,Consumer Cyclical,Packaging & Containers,France,Saint-Romain-en-Viennois,EUR,EQUITY,333872000.0,,https://www.tff-group.com,
TFI.FR,TFI.PA,FR,ticker,TF1,TF1 SA,Communication Services,Broadcasting,France,Boulogne-Billancourt,EUR,EQUITY,1479515008.0,3036.0,https://www.groupe-tf1.fr,
THEP.FR,THEP.PA,FR,ticker,THERMADOR GROUPE,Thermador Groupe SA,Industrials,Industrial Distribution,France,Saint-Quentin-Fallavier,EUR,EQUITY,712564480.0,829.0,https://www.thermador-groupe.fr,
TKO.FR,TKO.PA,FR,ticker,TIKEHAU CAPITAL,Tikehau Capital,Financial Services,Asset Management,France,Paris,EUR,EQUITY,3026589440.0,705.0,https://www.tikehaucapital.com/en,
TNG.FR,TNG.PA,FR,ticker,TRANSGENE,Transgene SA,Healthcare,Biotechnology,France,Illkirch-Graffenstaden,EUR,EQUITY,200343936.0,145.0,https://www.transgene.com,
TOUP.FR,ALTOU.PA,FR,isin,TOUAX,,Industrials,Rental & Leasing Services,France,La Défense,EUR,EQUITY,28465222.0,243.0,https://www.touax.com,FR0000033003
TPB.FR,TPB.PA,FR,ticker,BNPPARTPFRN,BNP Paribas SA IDX/LKD SNR BDS PERP EUR152.45,,,,,EUR,EQUITY,,,,
TRI.FR,TRI.PA,FR,ticker,TRIGANO,Trigano S.A.,Consumer Cyclical,Recreational Vehicles,France,Paris,EUR,EQUITY,2841684480.0,10139.0,https://trigano.com,
TS2S.FR,2STS.AS,FR,isin,Leverage Shares -2x Short Tesla,Leverage Shares -2x Short Tesla ETP Securities,,,,,EUR,EQUITY,,,,XS2297550134
TSL2.FR,TSL2.PA,FR,ticker,Leverage Shares 2x Tesla ETP Se,Leverage Shares 2x Tesla ETP Securities,,,,,EUR,ETF,,,,
TSLS.FR,TSLS.PA,FR,ticker,Leverage Shares -1x Tesla ETP S,Leverage Shares -1x Tesla ETP Securities,,,,,EUR,ETF,,,,
TTE.FR,TTE.PA,FR,ticker,TOTALENERGIES,TotalEnergies SE,Energy,Oil & Gas Integrated,France,Courbevoie,EUR,EQUITY,165522522112.0,94847.0,https://totalenergies.com,
TVRB.FR,TVRB.PA,FR,ticker,TELEVERBIER,Téléverbier SA,Industrials,Engineering & Construction,Switzerland,Verbier,EUR,EQUITY,93800000.0,531.0,https://verbier4vallees.ch,
TWT2.FR,TWT2.PA,FR,ticker,Leverage Shares 2x Twitter ETP ,Leverage Shares 2x Twitter ETC,,,,,EUR,ETF,,,,
TWTS.FR,TWTS.PA,FR,ticker,Leverage Shares -1x Twitter ETP,Leverage Shares -1x Twitter ETC,,,,,EUR,ETF,,,,
UBI.FR,UBI.PA,FR,ticker,UBISOFT ENTERTAIN,Ubisoft Entertainment SA,Communication Services,Electronic Gaming & Multimedia,France,Saint-Mandé,EUR,EQUITY,713712576.0,16590.0,https://www.ubisoft.com,
UBR2.FR,UBR2.PA,FR,ticker,Leverage Shares 2x Uber ETP Sec,Leverage Shares 2x Uber ETP Scs,,,,,EUR,ETF,,,,
UBRS.FR,UBRS.PA,FR,ticker,Leverage Shares -1x Uber ETP Se,Leverage Shares -1x Uber ETP Securities,,,,,EUR,ETF,,,,
VAC.FR,VAC.PA,FR,ticker,PIERRE VACANCES,Pierre et Vacances SA,Consumer Cyclical,Lodging,France,Paris,EUR,EQUITY,861914368.0,5540.0,https://www.groupepvcp.com,
VCT.FR,VCT.PA,FR,ticker,VICAT,Vicat S.A.,Basic Materials,Building Materials,France,L'Isle-d'Abeau,EUR,EQUITY,2721254400.0,10025.0,https://www.vicat.com,
VDF3.FR,VDF3.PA,FR,ticker,Leverage Shares 3x Vodafone ETP,Leverage Shares Plc - 3X Vodafone ETP,,,,,EUR,ETF,,,,
VETH.FR,VETH.PA,FR,ticker,VanEck Ethereum ETN,VanEck Ethereum ETN A,,,,,EUR,ETF,,,,
VETO.FR,VETO.PA,FR,ticker,VETOQUINOL,Vetoquinol SA,Healthcare,Drug Manufacturers - Specialty & Generic,France,Lure,EUR,EQUITY,840459968.0,2422.0,https://www.vetoquinol.com,
VIE.FR,VIE.PA,FR,ticker,VEOLIA ENVIRON.,Veolia Environnement SA,Industrials,Waste Management,France,Aubervilliers,EUR,EQUITY,26218096640.0,203100.0,https://www.veolia.com/fr,
VIL.FR,VIL.PA,FR,ticker,VIEL ET COMPAGNIE,"VIEL & Cie, société anonyme",Financial Services,Capital Markets,France,Paris,EUR,EQUITY,1154494464.0,2575.0,https://www.viel.com,
VIRP.FR,VIRP.PA,FR,ticker,VIRBAC,Virbac SA,Healthcare,Drug Manufacturers - General,France,Carros,EUR,EQUITY,2832988928.0,6442.0,https://corporate.virbac.com,
VIS2.FR,VIS2.PA,FR,ticker,Leverage Shares 2x Visa ETP Sec,Leverage Shares 2x Visa ETP Securities A,,,,,EUR,ETF,,,,
VIV.FR,VIV.PA,FR,ticker,VIVENDI SE,Vivendi SE,Communication Services,Electronic Gaming & Multimedia,France,Paris,EUR,EQUITY,1954489472.0,2500.0,https://www.vivendi.com,
VK.FR,VK.PA,FR,ticker,VALLOUREC,Vallourec S.A.,Basic Materials,Steel,France,Meudon,EUR,EQUITY,5673846784.0,13000.0,https://www.vallourec.com,
VLA.FR,VLA.PA,FR,ticker,VALNEVA SE,Valneva SE,Healthcare,Biotechnology,France,Saint-Herblain,EUR,EQUITY,443607712.0,674.0,https://valneva.com,
VLTSA.FR,VLTSA.PA,FR,ticker,VOLTALIA,Voltalia SA,Utilities,Utilities - Renewable,France,Paris,EUR,EQUITY,899579008.0,1896.0,https://www.voltalia.com,
VMX.FR,VMX.PA,FR,ticker,VERIMATRIX,Verimatrix SA,Technology,Software - Infrastructure,France,Meyreuil,EUR,EQUITY,19460036.0,211.0,https://www.verimatrix.com,
VRAP.FR,POMRY.PA,FR,isin,MAISON POMMERY & ASSOCIES,,Consumer Defensive,Beverages - Wineries & Distilleries,France,Reims,EUR,EQUITY,97756712.0,630.0,https://www.maisonpommery.com/en,FR0000062796
VRLA.FR,VRLA.PA,FR,ticker,VERALLIA,Verallia Société Anonyme,Consumer Cyclical,Packaging & Containers,France,Courbevoie,EUR,EQUITY,2263496192.0,11000.0,https://www.verallia.com,
VTR.FR,VTR.PA,FR,ticker,VITURA,Vitura SA,Real Estate,REIT - Office,France,Paris,EUR,EQUITY,70919472.0,2.0,https://www.vitura.fr,
WAGA.FR,WAGA.PA,FR,ticker,WAGA ENERGY,Waga Energy SA,Industrials,Specialty Industrial Machinery,France,Eybens,EUR,EQUITY,621736320.0,296.0,https://waga-energy.com,
WAVE.FR,WAVE.PA,FR,ticker,WAVESTONE,Wavestone SA,Technology,Information Technology Services,France,Paris,EUR,EQUITY,1027575168.0,5610.0,https://www.wavestone.com,
WLN.FR,WLN.PA,FR,ticker,WORLDLINE,Worldline SA,Technology,Software - Infrastructure,France,Puteaux,EUR,EQUITY,577769536.0,17948.0,https://worldline.com,
XBTI.FR,XBTI.PA,FR,ticker,DDA Physical Bitcoin ETP,DDA Physical Bitcoin ETP A,,,,,EUR,ETF,,,,
XFAB.FR,XFAB.PA,FR,ticker,X-FAB SILICON FOUNDRIES SE,X-FAB Silicon Foundries SE,Technology,Semiconductors,Belgium,Tessenderlo,EUR,EQUITY,860864384.0,4300.0,https://www.xfab.com,
XIL.FR,ALXIL.PA,FR,isin,XILAM ANIMATION,,Communication Services,Entertainment,France,Paris,EUR,EQUITY,33026060.0,196.0,https://xilam.com,FR0004034072
ZM3.FR,ZM3.PA,FR,ticker,Leverage Shares 3x Zoom ETP Sec,,,,,,EUR,ETF,,,,
ZMS.FR,ZMS.PA,FR,ticker,Leverage Shares -1x Short Zoom ,,,,,,EUR,ETF,,,,
2AAP.NL,2AAP.AS,NL,ticker,Leverage Shares 2x Apple ETP Se,Leverage Shares 2x Apple ETP Scs,,,,,EUR,ETF,,,,
2AMD.NL,2AMD.AS,NL,ticker,Leverage Shares 2x Advanced Mic,Leverage Shares 2x Advanced Micro Devices ETC,,,,,EUR,ETF,,,,
2AMZ.NL,2AMZ.AS,NL,ticker,Leverage Shares 2x Amazon ETP S,Leverage Shares 2x Amazon ETP Securities,,,,,EUR,ETF,,,,
2BAB.NL,2BAB.AS,NL,ticker,Leverage Shares 2x Alibaba ETP ,Leverage Shares 2x Alibaba ETP Scs,,,,,EUR,ETF,,,,
2CIT.NL,2CIT.AS,NL,ticker,Leverage Shares 2x Citigroup ET,Leverage Shares 2x Citigroup ETP Securities,,,,,EUR,ETF,,,,
2CRM.NL,2CRM.AS,NL,ticker,Leverage Shares 2x Salesforce.c,Leverage Shrs 2x Salesforce.com ETP Securities,,,,,EUR,ETF,,,,
2FB.NL,2FB.AS,NL,ticker,Leverage Shares 2x Facebook ETP,Leverage Shares 2x Facebook ETP Securities,,,,,EUR,ETF,,,,
2GOO.NL,2GOO.AS,NL,ticker,Leverage Shares 2x Alphabet ETP,Leverage Shares 2x Alphabet ETP Securities,,,,,EUR,ETF,,,,
2GS.NL,2GS.AS,NL,ticker,Leverage Shares 2x Goldman Sach,Leverage Shares 2x Goldman Sachs ETP Securities,,,,,EUR,ETF,,,,
2JPM.NL,2JPM.AS,NL,ticker,Leverage Shares 2x JPMorgan ETP,Leverage Shares 2x JPMorgan ETP Securities,,,,,EUR,ETF,,,,
2MSF.NL,2MSF.AS,NL,ticker,Leverage Shares 2x Microsoft ET,Leverage Shares 2x Microsoft ETP Securities,,,,,EUR,ETF,,,,
2MU.NL,2MU.AS,NL,ticker,Leverage Shares 2x Micron Techn,Leverage Shares 2x Micron Tech ETP Scs,,,,,EUR,ETF,,,,
2NFL.NL,2NFL.AS,NL,ticker,Leverage Shares 2x Netflix ETP ,Leverage Shares 2x Netflix ETP Securities,,,,,EUR,ETF,,,,
2NVD.NL,2NVD.AS,NL,ticker,Leverage Shares 2x NVIDIA ETP S,Leverage Shares 2x NVIDIA ETP Securities,,,,,EUR,ETF,,,,
2STS.NL,2STS.AS,NL,ticker,Leverage Shares -2x Short Tesla,Leverage Shares -2x Short Tesla ETP Securities,,,,,EUR,EQUITY,,,,
2TSL.NL,2TSL.AS,NL,ticker,Leverage Shares 2x Tesla ETP Se,Leverage Shares 2x Tesla ETP Scs,,,,,EUR,ETF,,,,
2TWT.NL,2TWT.AS,NL,ticker,Leverage Shares 2x Twitter ETP ,Leverage Shares 2x Twitter ETC,,,,,EUR,ETF,,,,
2UBR.NL,2UBR.AS,NL,ticker,Leverage Shares 2x Uber ETP Sec,Leverage Shares 2x Uber ETP Scs,,,,,EUR,ETF,,,,
2VIS.NL,2VIS.AS,NL,ticker,Leverage Shares 2x Visa ETP Sec,Leverage Shares 2x Visa ETP Securities,,,,,EUR,ETF,,,,
3AAP.NL,3AAP.AS,NL,ticker,Leverage Shares 3x Apple ETP Se,Leverage Shares 3x Apple ETP Scs,,,,,EUR,ETF,,,,
3AMZ.NL,3AMZ.AS,NL,ticker,Leverage Shares 3x Amazon ETP S,Leverage Shares 3x Amazon ETC,,,,,EUR,ETF,,,,
3BA.NL,BA3.L,NL,isin,LEVERAGE SHARES PUBLIC LIMITED ,Leverage Shares 3x Boeing ETP Securities,,,,,USD,ETF,,,,XS2297551371
3BP.NL,3BP.AS,NL,ticker,Leverage Shares 3x BP ETP Secur,Leverage Shares 3x BP ETP Securities,,,,,EUR,EQUITY,,,,
3CRM.NL,3CRM.AS,NL,ticker,Leverage Shares 3x Salesforce.C,Leverage Shrs 3x Salesforce.Com ETP Scs,,,,,EUR,ETF,,,,
3FB.NL,3FB.AS,NL,ticker,Leverage Shares 3x Facebook ETP,Leverage Shares 3x Facebook ETP Scs,,,,,EUR,ETF,,,,
3GOO.NL,3GOO.AS,NL,ticker,Leverage Shares 3x Alphabet ETP,Leverage Shares 3x Alphabet ETP Scs,,,,,EUR,ETF,,,,
3MSF.NL,3MSF.AS,NL,ticker,Leverage Shares 3x Microsoft ET,Leverage Shares 3x Microsoft ETC,,,,,EUR,ETF,,,,
3NFL.NL,3NFL.AS,NL,ticker,Leverage Shares 3x Netflix ETP ,Leverage Shares 3x Netflix ETC,,,,,EUR,EQUITY,,,,
3NVD.NL,3NVD.AS,NL,ticker,Leverage Shares 3x NVIDIA ETP S,Leverage Shares 3x NVIDIA ETC,,,,,EUR,ETF,,,,
3PYP.NL,3PYP.AS,NL,ticker,Leverage Shares 3x PayPal ETP S,Leverage Shares 3x PayPal ETP Securities,,,,,EUR,EQUITY,,,,
3SHP.NL,3SHP.AS,NL,ticker,Leverage Shares 3x Shopify ETP ,,,,,,EUR,ETF,,,,
3SQ.NL,3SQ.AS,NL,ticker,Leverage Shares 3x Square ETP S,Leverage Shares 3x Square ETP Securities,,,,,EUR,EQUITY,,,,
3TSL.NL,3TSL.AS,NL,ticker,Leverage Shares 3x Tesla ETP Se,Leverage Shares 3x Tesla ETP Securities,,,,,EUR,EQUITY,,,,
3ZM.NL,3ZM.AS,NL,ticker,Leverage Shares 3x Zoom ETP Sec,,,,,,EUR,ETF,,,,
AALB.NL,AALB.AS,NL,ticker,AALBERTS N.V.,Aalberts N.V.,Industrials,Specialty Industrial Machinery,Netherlands,Utrecht,EUR,EQUITY,4420777472.0,13000.0,https://www.aalberts.com,
ABN.NL,ABN.AS,NL,ticker,ABN AMRO BANK N.V.,ABN AMRO Bank N.V.,Financial Services,Banks - Diversified,Netherlands,Amsterdam,EUR,EQUITY,30845317120.0,23140.0,https://www.abnamro.com,
ACOMO.NL,ACOMO.AS,NL,ticker,ACOMO N.V.,Acomo N.V.,Consumer Defensive,Food Distribution,Netherlands,Rotterdam,EUR,EQUITY,693971392.0,840.0,https://www.acomo.nl,
AD.NL,AD.AS,NL,ticker,KONINKLIJKE AHOLD DELHAIZE N.V.,Koninklijke Ahold Delhaize N.V.,Consumer Defensive,Grocery Stores,Netherlands,Zaandam,EUR,EQUITY,30734669824.0,384000.0,https://www.aholddelhaize.com,
ADYEN.NL,ADYEN.AS,NL,ticker,ADYEN,Adyen N.V.,Technology,Software - Infrastructure,Netherlands,Amsterdam,EUR,EQUITY,26509742080.0,4771.0,https://www.adyen.com,
AGHY.NL,AGHY.AS,NL,ticker,AEAM Global High Yield Fund (EU,AEAM Global High Yield Fund (EUR) Inc,,,,,EUR,MUTUALFUND,,,,
AGN.NL,AGN.AS,NL,ticker,AEGON,Aegon Ltd.,Financial Services,Insurance - Diversified,Netherlands,Schiphol,EUR,EQUITY,11864414208.0,15304.0,https://www.aegon.com,
AJAX.NL,AJAX.AS,NL,ticker,AJAX,AFC Ajax NV,Communication Services,Entertainment,Netherlands,Amsterdam,EUR,EQUITY,159133328.0,483.0,https://www.ajax.nl,
AKZA.NL,AKZA.AS,NL,ticker,AKZO NOBEL,Akzo Nobel N.V.,Basic Materials,Specialty Chemicals,Netherlands,Amsterdam,EUR,EQUITY,10325963776.0,30900.0,https://www.akzonobel.com,
ALFEN.NL,ALFEN.AS,NL,ticker,ALFEN,Alfen N.V.,Industrials,Electrical Equipment & Parts,Netherlands,Almere,EUR,EQUITY,271352384.0,923.0,https://alfen.com,
ALLFG.NL,ALLFG.AS,NL,ticker,ALLFUNDS GROUP PLC,Allfunds Group plc,Financial Services,Asset Management,United Kingdom,London,EUR,EQUITY,5320606720.0,1126.0,https://allfunds.com/en,
ALX.NL,ALX.AS,NL,ticker,ALUMEXX N.V.,Alumexx N.V.,Consumer Cyclical,Internet Retail,Netherlands,Etten-Leur,EUR,EQUITY,21526010.0,71.0,https://alumexx.nl,
AMG.NL,AMG.AS,NL,ticker,AMG Critical Materials N.V.,AMG Critical Materials N.V.,Basic Materials,Other Industrial Metals & Mining,Netherlands,Amsterdam,EUR,EQUITY,980041216.0,3600.0,https://amg-nv.com,
AMUND.NL,AMUND.AS,NL,ticker,Almunda Professional N.V.,Almunda Professionals N.V.,Technology,Information Technology Services,Netherlands,Amsterdam,EUR,EQUITY,25168278.0,183.0,https://www.novisource.nl,
APAM.NL,APAM.AS,NL,ticker,APERAM,Aperam S.A.,Basic Materials,Steel,Luxembourg,Luxembourg,EUR,EQUITY,3575124992.0,13000.0,https://www.aperam.com,
ARCAD.NL,ARCAD.AS,NL,ticker,ARCADIS,Arcadis NV,Industrials,Engineering & Construction,Netherlands,Amsterdam,EUR,EQUITY,3561802752.0,31361.0,https://www.arcadis.com,
ARCPF.NL,ARCPF.AS,NL,ticker,ARCONA PROPERTY FUND NV,Arcona Property Fund N.V.,,,,,EUR,MUTUALFUND,,,,
ASM.NL,ASM.AS,NL,ticker,ASM International N.V.,ASM International NV,Technology,Semiconductor Equipment & Materials,Netherlands,Almere,EUR,EQUITY,37681385472.0,4489.0,https://www.asm.com,
ASML.NL,ASML.AS,NL,ticker,ASML HOLDING,ASML Holding N.V.,Technology,Semiconductor Equipment & Materials,Netherlands,Veldhoven,EUR,EQUITY,536203591680.0,43938.0,https://www.asml.com,
ASN.NL,ASN.AS,NL,ticker,ASN DUURZAAM AANDELENFONDS,ASN Duurzaam Aandelenfonds R,,,,,EUR,MUTUALFUND,,,,
ASN5.NL,ASN5.AS,NL,ticker,ASN Duurzaam Small & Midcapfond,ASN Duurzaam S&Mid Cap R,,,,,EUR,MUTUALFUND,,,,
ASND.NL,ASND.AS,NL,ticker,ASN DUURZAAM MIXFONDS DEFENSIEF,ASN Duurzaam Mixfonds Defensief,,,,,EUR,MUTUALFUND,,,,
ASNGF.NL,ASNGF.AS,NL,ticker,ASN Energie & Innovatiefonds,ASN Groenprojectenfonds,,,,,EUR,MUTUALFUND,,,,
ASNMF.NL,ASNMF.AS,NL,ticker,ASN MICROKREDIETFONDS,ASN Microkredietfonds R,,,,,EUR,MUTUALFUND,,,,
ASNML.NL,ASNML.AS,NL,ticker,ASN Milieu & Waterfonds,ASN Milieu & Waterfonds R,,,,,EUR,MUTUALFUND,,,,
ASNN.NL,ASNN.AS,NL,ticker,ASN DUURZAAM MIXFONDS NEUTRAAL,ASN Duurzaam Mixfonds Neutraal,,,,,EUR,MUTUALFUND,,,,
ASNO.NL,ASNO.AS,NL,ticker,ASN DUURZAAM MIXFONDS OFFENSIEF,ASN Duurzaam Mixfonds Offensief,,,,,EUR,MUTUALFUND,,,,
ASNOB.NL,ASNOB.AS,NL,ticker,ASN DUURZAAM OBLIGATIEFONDS,ASN Duurzaam Obligatiefonds R,,,,,EUR,MUTUALFUND,,,,
ASNZD.NL,ASNZD.AS,NL,ticker,ASN DUURZAAM MIXFONDS ZEER DEFE,ASN Duurzaam Mixfonds Zeer Defensief,,,,,EUR,MUTUALFUND,,,,
ASNZO.NL,ASNZO.AS,NL,ticker,ASN DUURZAAM MIXFONDS ZEER OFFE,ASN Duurzaam Mixfonds Zeer Offensief,,,,,EUR,MUTUALFUND,,,,
ASRNL.NL,ASRNL.AS,NL,ticker,ASR NEDERLAND,ASR Nederland N.V.,Financial Services,Insurance - Diversified,Netherlands,Utrecht,EUR,EQUITY,14451497984.0,4771.0,https://www.asrnl.com,
ATRS.NL,ATRS.AS,NL,ticker,"ATRS.AS,0P0000M29S,0",Atrium European Real Estate Ltd,,,,,EUR,MUTUALFUND,0.0,,,
AVFNV.NL,AVFNV.AS,NL,ticker,ADD VALUE FUND N.V.,Add Value Fund N.V.,,,,,EUR,MUTUALFUND,,,,
AVIAW.NL,AVIAW.AS,NL,ticker,Cardano ESG Transition Enhanced,Cardano ESG Trans EnhIndx Eq Glob C1 D €,,,,,EUR,MUTUALFUND,,,,
AVTX.NL,AVTX.AS,NL,ticker,AVANTIUM,Avantium N.V.,Basic Materials,Specialty Chemicals,Netherlands,Amsterdam,EUR,EQUITY,163843680.0,199.0,https://www.avantium.com,
AXS.NL,AXS.AS,NL,ticker,ACCSYS TECHNOLOGIES PLC,Accsys Technologies PLC,Basic Materials,Lumber & Wood Production,United Kingdom,London,EUR,EQUITY,210755040.0,241.0,https://www.accsysplc.com,
BAMNB.NL,BAMNB.AS,NL,ticker,Koninklijke BAM Groep N.V.,Koninklijke BAM Groep nv,Industrials,Engineering & Construction,Netherlands,Bunnik,EUR,EQUITY,2810211584.0,12836.0,https://www.bam.com,
BAPHF.NL,BAPHF.AS,NL,ticker,BNP Paribas Asia Pacific High I,BNP Paribas Fund III N.V. - BNP Paribas Asia Pacific High Income Equity Fund,,,,,EUR,MUTUALFUND,,,,
BESI.NL,BESI.AS,NL,ticker,BE Semiconductor Industries N.V,BE Semiconductor Industries N.V.,Technology,Semiconductor Equipment & Materials,Netherlands,Duiven,EUR,EQUITY,15893061632.0,1952.0,https://www.besi.com,
BEVER.NL,BEVER.AS,NL,ticker,BEVER HOLDING Gewone aandelen,Bever Holding NV,Real Estate,Real Estate - Development,Netherlands,Wassenaar,EUR,EQUITY,44349624.0,1.0,https://www.beverholding.nl,
BFIT.NL,BFIT.AS,NL,ticker,BASIC-FIT,Basic-Fit N.V.,Consumer Cyclical,Leisure,Netherlands,Hoofddorp,EUR,EQUITY,2233234688.0,7906.0,https://corporate.basic-fit.com,
BGHEF.NL,BGHEF.AS,NL,ticker,BNP Paribas Global Income Multi,BNP Paribas III Glbl Inc Mlt-Fct Eq Cl,,,,,EUR,MUTUALFUND,,,,
BGPSF.NL,BGPSF.AS,NL,ticker,BNP Paribas ESG Global Property,BNP Paribas III ESG Global Prop Secs Cl,,,,,EUR,EQUITY,,,,
BOBL.NL,BOBL.AS,NL,ticker,Robeco US Large Cap Equities N.,Robeco Customized US Large Cap Eqs G €,,,,,EUR,MUTUALFUND,,,,
BRNL.NL,BRNL.AS,NL,ticker,BRUNEL INTERNAT,Brunel International N.V.,Industrials,Staffing & Employment Services,Netherlands,Amsterdam,EUR,EQUITY,377496608.0,9530.0,https://brunelinternational.net,
CCEP.NL,CCEP.AS,NL,ticker,Coca-Cola Europacific Partners ,Coca-Cola Europacific Partners PLC,Consumer Defensive,Beverages - Non-Alcoholic,United Kingdom,Uxbridge,EUR,EQUITY,42813419520.0,37003.0,https://www.cocacolaep.com,
CH0454664001.NL,CH0454664001.AS,NL,ticker,21Shares Bitcoin ETP - ABTC,,,,,,USD,ETF,,,,
CH0454664027.NL,CH0454664027.AS,NL,ticker,21Shares Ethereum Staking ETP,,,,,,USD,ETF,,,,
CH0454664043.NL,CH0454664043.AS,NL,ticker,21Shares Ripple XRP,S&P/ASX Resources OPIC,,,,,USD,ETF,,,,
CH0475552201.NL,CH0475552201.AS,NL,ticker,21Shares Bitcoin Cash ETP,,,,,,USD,ETF,,,,
CH0491507486.NL,CH0491507486.AS,NL,ticker,21Shares Tezos Staking ETP,,,,,,USD,ETF,,,,
CH0496454155.NL,CH0496454155.AS,NL,ticker,21Shares Binance Coin ETP,,,,,,USD,ETF,,,,
CH0514065058.NL,CH0514065058.AS,NL,ticker,21Shares Short Bitcoin ETP - SB,MSCI CN IMI/HEALTH CARE GRTR HK,,,,,USD,ETF,,,,
CH0593331561.NL,CH0593331561.AS,NL,ticker,21Shares Polkadot ETP,,,,,,USD,ETF,,,,
CH1109575535.NL,CH1109575535.AS,NL,ticker,21Shares Stellar ETP,,,,,,USD,ETF,,,,
CH1114873776.NL,CH1114873776.AS,NL,ticker,21Shares Solana Staking ETP,,,,,,USD,ETF,,,,
CMCOM.NL,CMCOM.AS,NL,ticker,CM.COM,CM.com N.V.,Technology,Software - Application,Netherlands,Breda,EUR,EQUITY,231864672.0,595.0,https://www.cm.com,
CRBN.NL,CRBN.AS,NL,ticker,CORBION,Corbion N.V.,Basic Materials,Specialty Chemicals,Netherlands,Amsterdam,EUR,EQUITY,1091450496.0,2379.0,https://www.corbion.com,
CTAC.NL,CTAC.AS,NL,ticker,CTAC,Ctac N.V.,Technology,Information Technology Services,Netherlands,'s-Hertogenbosch,EUR,EQUITY,41881108.0,329.0,https://www.ctac.nl,
CTPNV.NL,CTPNV.AS,NL,ticker,CTP NV,CTP N.V.,Real Estate,Real Estate - Development,Netherlands,Amsterdam,EUR,EQUITY,8061447168.0,924.0,https://www.ctp.eu,
DDEF.NL,DDEF.AS,NL,ticker,DDEF.AS,DD Equity A EUR Acc,,,,,EUR,MUTUALFUND,,,,
DDIF.NL,DDIF.AS,NL,ticker,DDIF.AS,DD Income A EUR Inc,,,,,EUR,MUTUALFUND,,,,
DE000A27Z304.NL,DE000A27Z304.AS,NL,ticker,ETC Group Physical Bitcoin,,,,,,USD,ETF,,,,
DE000A28M8D0.NL,DE000A28M8D0.AS,NL,ticker,VanEck Bitcoin ETN,,,,,,EUR,ETF,,,,
DE000A3GK2N1.NL,DE000A3GK2N1.AS,NL,ticker,DDA Physical Bitcoin ETP,,,,,,EUR,ETF,,,,
DE000A3GMKD7.NL,DE000A3GMKD7.AS,NL,ticker,ETC Group Physical Ethereum,,,,,,USD,ETF,,,,
DE000A3GN5J9.NL,DE000A3GN5J9.AS,NL,ticker,ETC Group Physical Litecoin,,,,,,USD,ETF,,,,
DE000A3GPSP7.NL,DE000A3GPSP7.AS,NL,ticker,VanEck Ethereum ETN,,,,,,EUR,ETF,,,,
DE000A3GTBU5.NL,DE000A3GTBU5.AS,NL,ticker,BCHetc - ETC Group Physical Bit,,,,,,USD,ETF,,,,
DGB.NL,EARTH.AS,NL,isin,GREEN EARTH GROUP N.V.,,Basic Materials,Lumber & Wood Production,Netherlands,Lelystad,EUR,EQUITY,13557463.0,41.0,https://www.green.earth,NL0009169515
DSC2.NL,CABKA.AS,NL,isin,CABKA N.V.,Cabka N.V.,Consumer Cyclical,Packaging & Containers,Netherlands,Amsterdam,EUR,EQUITY,47384000.0,423.0,https://www.cabka.com,NL00150000S7
EAS2P.NL,EAS2P.AS,NL,ticker,EASE2PAY NV,Ease2pay N.V.,Technology,Software - Infrastructure,Netherlands,Rotterdam,EUR,EQUITY,9416887.0,13.0,https://www.ease2pay.com,
EBUS.NL,EBUS.AS,NL,ticker,EBUSCO HOLDING N.V.,Ebusco Holding N.V.,Consumer Cyclical,Auto Manufacturers,Netherlands,Deurne,EUR,EQUITY,54233048.0,282.0,https://www.ebusco.com,
ECMPA.NL,ECMPA.AS,NL,ticker,EUROCOMMERCIAL PROPERTIES,Eurocommercial Properties N.V.,Real Estate,REIT - Retail,Netherlands,Amsterdam,EUR,EQUITY,1506419584.0,98.0,https://www.eurocommercialproperties.com,
ECT.NL,ECT.AS,NL,ticker,EUROCASTLE INVESTM,Eurocastle Investment Limited,Financial Services,Asset Management,Guernsey,Saint Peter Port,EUR,EQUITY,11351472.0,,https://www.eurocastleinv.com,
EFIC1.NL,AZRN.AS,NL,isin,AZERION GROUP N.V.,Azerion Group N.V.,Communication Services,Electronic Gaming & Multimedia,Netherlands,Schiphol-Rijk,EUR,EQUITY,126575040.0,912.0,https://www.azerion.com,NL00150006Z9
EJP3.NL,EJP3.AS,NL,ticker,WisdomTree Long JPY Short EUR 3,WisdomTree Long JPY Short EUR 3x Daily,,,,,EUR,ETF,,,,
EMC.NL,EMC.AS,NL,ticker,InsingerGilissen European Mid C,Insinger de Beaufort European Mid Cap N.V. Fund,,,,,EUR,MUTUALFUND,,,,
ENVI.NL,ENVI.AS,NL,ticker,ENVIPCO HOLDING N.V.,Envipco Holding N.V.,Industrials,Pollution & Treatment Controls,Netherlands,Amersfoort,EUR,EQUITY,238916704.0,597.0,https://www.envipco.com,
EUJP.NL,EUJP.AS,NL,ticker,WisdomTree Long JPY Short EUR,WisdomTree Long JPY Short EUR,,,,,EUR,ETF,,,,
EUS3.NL,EUS3.AS,NL,ticker,WisdomTree Long USD Short EUR 3,WisdomTree Long USD Short EUR 3x Daily,,,,,EUR,ETF,,,,
FAST.NL,FAST.AS,NL,ticker,FASTNED,Fastned B.V.,Consumer Cyclical,Specialty Retail,Netherlands,Amsterdam,EUR,EQUITY,624798720.0,378.0,https://fastnedcharging.com,
FFARM.NL,FFARM.AS,NL,ticker,FORFARMERS,ForFarmers N.V.,Consumer Defensive,Packaged Foods,Netherlands,Lochem,EUR,EQUITY,512617984.0,2710.0,https://www.forfarmersgroup.eu,
FLOW.NL,FLOW.AS,NL,ticker,FLOW TRADERS,Flow Traders Ltd.,Financial Services,Capital Markets,Netherlands,Amsterdam,EUR,EQUITY,1134522240.0,656.0,https://www.flowtraders.com,
FUR.NL,FUR.AS,NL,ticker,FUGRO,Fugro N.V.,Energy,Oil & Gas Equipment & Services,Netherlands,Nootdorp,EUR,EQUITY,1030956224.0,9062.0,https://www.fugro.com,
GLPG.NL,LKFT.AS,NL,isin,LAKEFRONT BIOTHERAPEUTICS,,Healthcare,Biotechnology,Belgium,Mechelen,EUR,EQUITY,1610923008.0,452.0,https://lakefrontbio.com,BE0003818359
GSSS.NL,GSSS.AS,NL,ticker,Leverage Shares -1x Short Goldm,Leverage Shares -1x Short Goldman Sachs ETP Securities,,,,,EUR,EQUITY,,,,
HAL.NL,HAL.AS,NL,ticker,HAL TRUST,HAL Trust,Financial Services,Asset Management,Netherlands,Rotterdam,EUR,EQUITY,14654792704.0,34583.0,https://www.halholding.com,
HEIA.NL,HEIA.AS,NL,ticker,HEINEKEN,Heineken N.V.,Consumer Defensive,Beverages - Brewers,Netherlands,Amsterdam,EUR,EQUITY,43512582144.0,81028.0,https://www.theheinekencompany.com,
HEIJM.NL,HEIJM.AS,NL,ticker,Koninklijke Heijmans N.V.,Koninklijke Heijmans N.V.,Industrials,Engineering & Construction,Netherlands,Rosmalen,EUR,EQUITY,2558202368.0,6361.0,https://www.heijmans.nl,
HEIO.NL,HEIO.AS,NL,ticker,HEINEKEN HOLDING,Heineken Holding N.V.,Consumer Defensive,Beverages - Brewers,Netherlands,Amsterdam,EUR,EQUITY,19890190336.0,87870.0,https://www.heinekenholding.com,
HHEVF.NL,HHEVF.AS,NL,ticker,HH EUR VALUE FUND,HOF Hoorneman European Value Fund NV,,,,,EUR,MUTUALFUND,,,,
HHGF.NL,HHGF.AS,NL,ticker,HH GLOBAL FUND,Hof Hoorneman Fund Management Mutual Fund,,,,,EUR,MUTUALFUND,,,,
HHIF.NL,HHIF.AS,NL,ticker,HOF HOORNEMAN INCOME FUND,Hof Hoorneman Income Fund NV,,,,,EUR,MUTUALFUND,,,,
HHOF.NL,HHOF.AS,NL,ticker,Hof Hoorneman Obligatie Fonds,Hof Hoorneman Obligatie Fonds,,,,,EUR,MUTUALFUND,,,,
HHPF.NL,HHPF.AS,NL,ticker,Van Lanschot Kempen Umbrella Fu,HOF Hoorneman Phoenix Fund NV,,,,,EUR,MUTUALFUND,,,,
HHREF.NL,HHREF.AS,NL,ticker,HH RE Value Fund,Hof Hoorneman Real Estate Value Fund,,,,,EUR,MUTUALFUND,,,,
HHVF.NL,HHVF.AS,NL,ticker,HOF HOORNEMAN VALUE FUND,Hof Hoorneman Value Fund,,,,,EUR,MUTUALFUND,,,,
HOLCO.NL,HOLCO.AS,NL,ticker,Holland Colours,Holland Colours N.V.,Basic Materials,Specialty Chemicals,Netherlands,Apeldoorn,EUR,EQUITY,69258256.0,421.0,https://www.hollandcolours.com,
HYDRA.NL,HYDRA.AS,NL,ticker,HYDRATEC Gewone aandelen,Hydratec Industries NV,Industrials,Farm & Heavy Construction Machinery,Netherlands,Amersfoort,EUR,EQUITY,293765632.0,964.0,https://www.hydratec.nl,
ICAWA.NL,ICAWA.AS,NL,ticker,Intereffekt Active Leverage Chi,Intereffekt Active Leverage China,,,,,EUR,MUTUALFUND,,,,
IEX.NL,HWK.AS,NL,isin,HAWICK DATA NV,,Financial Services,Asset Management,Netherlands,Bussum,EUR,EQUITY,8884315.0,,https://www.hawick.nl,NL0010556726
IJAWA.NL,IJAWA.AS,NL,ticker,Intereffekt Active Leverage Jap,Intereffekt Active Leverage Japan,,,,,EUR,MUTUALFUND,,,,
IMCD.NL,IMCD.AS,NL,ticker,IMCD,IMCD N.V.,Basic Materials,Specialty Chemicals,Netherlands,Rotterdam,EUR,EQUITY,5199611904.0,5246.0,https://www.imcdgroup.com,
INBRA.NL,INBRA.AS,NL,ticker,Intereffekt Active Leverage Bra,Intereffekt Investment Funds N.V. - Intereffekt Active Leverage Brazil,,,,,EUR,MUTUALFUND,,,,
INGA.NL,INGA.AS,NL,ticker,ING GROEP N.V.,ING Groep N.V.,Financial Services,Banks - Diversified,Netherlands,Amsterdam,EUR,EQUITY,83765977088.0,60000.0,https://www.ing.com,
INIWA.NL,INIWA.AS,NL,ticker,Intereffekt Active Leverage Ind,Intereffekt Investment Funds N.V. - Intereffekt Active Leverage India,,,,,EUR,MUTUALFUND,,,,
INPHI.NL,INPHI.AS,NL,ticker,,Koninklijke Philips N.V.,Healthcare,Medical Devices,Netherlands,Amsterdam,EUR,EQUITY,,64317.0,https://www.philips.com,
INPST.NL,INPST.AS,NL,ticker,INPOST S.A.,InPost S.A.,Industrials,Integrated Freight & Logistics,Luxembourg,Luxembourg,EUR,EQUITY,7724113408.0,12055.0,https://inpost.eu,
INTER.NL,4IT.F,NL,isin,Smithfield Foods Inc.         R,"Smithfield Foods, Inc.",Consumer Defensive,Packaged Foods,United States,Smithfield,EUR,EQUITY,9049976832.0,34500.0,https://www.smithfieldfoods.com,NL0010937058
JPE3.NL,JPE3.AS,NL,ticker,WisdomTree Short JPY Long EUR 3,WisdomTree Short JPY Long EUR 3x Daily,,,,,EUR,ETF,,,,
JPEU.NL,JPEU.AS,NL,ticker,WisdomTree Short JPY Long EUR,WisdomTree Short JPY Long EUR,,,,,EUR,ETF,,,,
KBEPF.NL,KBEPF.AS,NL,ticker,KEMPEN EUROPEAN PROPERTY FUND N,Kempen European Property Fund N.V.,,,,,EUR,MUTUALFUND,,,,
KEHDF.NL,KEHDF.AS,NL,ticker,Kempen European High Divividend,Kempen European High Dividend N.V. N,,,,,EUR,MUTUALFUND,,,,
KENDR.NL,KENDR.AS,NL,ticker,KENDRION N.V.,Kendrion N.V.,Industrials,Specialty Industrial Machinery,Netherlands,Amsterdam,EUR,EQUITY,297141344.0,1258.0,https://www.kendrion.com,
KESVC.NL,KESVC.AS,NL,ticker,KEMPEN EUROPEAN SUSTAINABLE VAL,Kempen European Sustainable Value Creation Fund N.V.,,,,,EUR,MUTUALFUND,,,,
KGHDF.NL,KGHDF.AS,NL,ticker,Kempen Global High Div.Fund NV ,Kempen Global High Dividend Fund N,,,,,EUR,MUTUALFUND,,,,
KGPFN.NL,KGPFN.AS,NL,ticker,KEMPEN GLOBAL PROPERTY FUND,Kempen Global Property Fund N.V. N,,,,,EUR,EQUITY,,,,
KGSEF.NL,KGSEF.AS,NL,ticker,Kempen Global Sustainable Equit,Kempen Global Sustainable Equity Fund N.V.,,,,,EUR,MUTUALFUND,,,,
KORAF.NL,KORAF.AS,NL,ticker,KEMPEN ORANGE FUND N.V.,Kempen Orange Fund N.V.,,,,,EUR,MUTUALFUND,,,,
KORPT.NL,KORPT.AS,NL,ticker,KEMPEN ORANJE PARTICIPATIES N.V,Kempen Oranje Participaties N.V.,,,,,EUR,MUTUALFUND,,,,
KPN.NL,KPN.AS,NL,ticker,KPN KON,Koninklijke KPN N.V.,Communication Services,Telecom Services,Netherlands,Rotterdam,EUR,EQUITY,16090516480.0,4789.0,https://www.kpn.com,
KSGHD.NL,KSGHD.AS,NL,ticker,KEMPEN SUSTAINABLE GLOBAL HIGH ,Kempen Capital Management - Kempen Sustainable Global High Dividend Fund N.V.,,,Netherlands,Amsterdam,EUR,EQUITY,,,,
LANDE.NL,LANDE.AS,NL,ticker,Evi Go Gematigd Defensief N,Evi Go Gematigd Defensief - klasse N,,,,,EUR,MUTUALFUND,,,,
LANGR.NL,LANGR.AS,NL,ticker,Evi Go Offensief N,Evi Go Offensief - klasse N,,,,,EUR,MUTUALFUND,,,,
LANNE.NL,LANNE.AS,NL,ticker,Evi Go Neutraal N,Evi Go Neutraal - klasse N,,,,,EUR,MUTUALFUND,,,,
LANOF.NL,LANOF.AS,NL,ticker,KEMPEN PROFIELFONDS 5,Kempen Profielfonds 5 Klasse N,,,,,EUR,MUTUALFUND,,,,
LBUL.NL,LBUL.AS,NL,ticker,WT 2x Daily Long Gold,WisdomTree Gold 2x Daily Leveraged,,,,,EUR,ETF,,,,
LIGHT.NL,LIGHT.AS,NL,ticker,SIGNIFY NV,Signify N.V.,Industrials,Electrical Equipment & Parts,Netherlands,Eindhoven,EUR,EQUITY,1662258816.0,25866.0,https://www.signify.com,
LSIL.NL,LSIL.AS,NL,ticker,WT 2x Daily Long Silver,WisdomTree Silver 2x Daily Leveraged,,,,,EUR,ETF,,,,
LVIDE.NL,LVIDE.AS,NL,ticker,LAVIDE HOLDING,Lavide Holding N.V.,Financial Services,Shell Companies,Netherlands,Heemstede,EUR,EQUITY,4569099.0,1.0,https://www.lavideholding.com,
MORE.NL,MORE.AS,NL,ticker,MOREFIELD GROUP N.V.,Morefield Group N.V.,Industrials,Staffing & Employment Services,Curaçao,Willemstad,EUR,EQUITY,54560000.0,1408.0,https://www.morefieldgroup.nl,
MT.NL,MT.AS,NL,ticker,ARCELORMITTAL SA,ArcelorMittal S.A.,Basic Materials,Steel,Luxembourg,Luxembourg,EUR,EQUITY,44669431808.0,125554.0,https://corporate.arcelormittal.com,
MTRK.NL,MTRK.AS,NL,ticker,MOTORK PLC,MotorK plc,Technology,Software - Application,Italy,Milan,EUR,EQUITY,117985032.0,306.0,https://www.motork.io,
NAI.NL,NAI.AS,NL,ticker,NEW AMSTERDAM INVEST N.V. ORDIN,New Amsterdam Invest N.V.,Real Estate,Real Estate Services,Netherlands,Amsterdam,EUR,EQUITY,45864848.0,4.0,https://www.newamsterdaminvest.nl,
NAITR.NL,NAITR.AS,NL,ticker,,New Amsterdam Invest N.V.,,,Netherlands,Amsterdam,EUR,EQUITY,,4.0,https://www.newamsterdaminvest.nl,
NBZ.NL,NBZ.AS,NL,ticker,NBZ.AS,Nederlandse Beleggingsmaatschappij Voor Zeeschepen BV,,,,,EUR,MUTUALFUND,,,,
NEDAP.NL,NEDAP.AS,NL,ticker,NEDAP,Nedap N.V.,Technology,Information Technology Services,Netherlands,Groenlo,EUR,EQUITY,628672448.0,1055.0,https://nedap.com,
NEDSE.NL,NEDSE.AS,NL,ticker,MKB Nedsense N.V.,MKB Nedsense N.V.,Financial Services,Asset Management,Netherlands,Bussum,EUR,EQUITY,8000000.0,40.0,https://www.nedsense.nl,
NN.NL,NN.AS,NL,ticker,NN GROUP,NN Group N.V.,Financial Services,Insurance - Diversified,Netherlands,The Hague,EUR,EQUITY,20832657408.0,13393.0,https://www.nn-group.com,
NNDF.NL,NNDF.AS,NL,ticker,NN Paraplufonds 1 N.V.,NN Paraplufonds 1 N.V. - NN Dutch Fund,,,,,EUR,MUTUALFUND,,,,
NNDM1.NL,NNDM1.AS,NL,ticker,NN Paraplufonds 2 N.V.,NN Dynamic Mix Fund I,,,,,EUR,MUTUALFUND,,,,
NNDM2.NL,NNDM2.AS,NL,ticker,NN Dynamic Mix Fund II,NN Dynamic Mix Fund II - P,,,,,EUR,MUTUALFUND,,,,
NNDM3.NL,NNDM3.AS,NL,ticker,NN Dynamic Mix Fund III,NN Dynamic Mix Fund III,,,,,EUR,MUTUALFUND,,,,
NNDM4.NL,NNDM4.AS,NL,ticker,NN Paraplufonds 2 N.V.,NN Dynamic Mix Fund IV,,,,,EUR,MUTUALFUND,,,,
NNDM5.NL,NNDM5.AS,NL,ticker,NN Dynamic Mix Fund V,NN Dynamic Mix Fund V,,,,,EUR,MUTUALFUND,,,,
NNDZA.NL,NNDZA.AS,NL,ticker,NN Paraplufonds 1 N.V.,NN Duurzaam Aandelen Fonds - P,,,,,EUR,MUTUALFUND,,,,
NNED.NL,NNED.AS,NL,ticker,NN Europees Deelnemingen Fonds ,NN Paraplufonds 1 N.V. - NN Europees Deelnemingen Fonds,,,,,EUR,MUTUALFUND,,,,
NNEEF.NL,NNEEF.AS,NL,ticker,NN Paraplufonds 1 N.V. - NN Eme,NN Emerging Europe Fund,,,,,EUR,MUTUALFUND,,,,
NNEOF.NL,NNEOF.AS,NL,ticker,NN Paraplufonds 4 N.V.,NN Euro Obligatie Fonds P,,,,,EUR,MUTUALFUND,,,,
NNESC.NL,NNESC.AS,NL,ticker,NN Paraplufonds 1 N.V.,NN Paraplufonds 1 N.V. - NN Europe Small Caps Fund,,,,,EUR,MUTUALFUND,,,,
NNEUF.NL,NNEUF.AS,NL,ticker,NN Paraplufonds 1 N.V.,NN Europe Fund - P,,,,,EUR,MUTUALFUND,,,,
NNGLF.NL,NNGLF.AS,NL,ticker,NN Global Fund,NN Global Fund - P,,,,,EUR,MUTUALFUND,,,,
NNGLO.NL,NNGLO.AS,NL,ticker,NN Paraplufonds 4 N.V.,NN Global Obligatie Fonds,,,,,EUR,MUTUALFUND,,,,
NNGLR.NL,NNGLR.AS,NL,ticker,NN Paraplufonds 1 N.V.,NN Global Real Estate Fund - P,,,,,EUR,MUTUALFUND,,,,
NNGOF.NL,NNGOF.AS,NL,ticker,NN Paraplufonds 1 N.V.,NN Paraplufonds 1 N.V. - NN Global Sustainable Opportunities Fund,,,,,EUR,MUTUALFUND,,,,
NNHDA.NL,NNHDA.AS,NL,ticker,NN Paraplufonds 1 N.V.,NN Hoog Dividend Aandelen Fonds - P,,,,,EUR,MUTUALFUND,,,,
NNHDO.NL,NNHDO.AS,NL,ticker,NN Paraplufonds 3 N.V.,NN Hoog Dividend Obligatie Fonds P,,,,,EUR,MUTUALFUND,,,,
NNJPF.NL,NNJPF.AS,NL,ticker,NN Paraplufonds 1 N.V.,NN Japan Fund - P,,,,,EUR,MUTUALFUND,,,,
NNLF.NL,NNLF.AS,NL,ticker,NN Paraplufonds 4 N.V.,NN Lion Fund,,,,,EUR,MUTUALFUND,,,,
NNNA.NL,NNNA.AS,NL,ticker,NN Paraplufonds 1 N.V.,NN North America Fund - P,,,,,EUR,MUTUALFUND,,,,
NNPDF.NL,NNPDF.AS,NL,ticker,NN Paraplufonds 1 N.V.,NN Paraplufonds 1 N.V. - NN Premium Dividend Fund,,,,,EUR,MUTUALFUND,,,,
NRP.NL,NRP.AS,NL,ticker,NEPI ROCKCASTLE N.V.,NEPI Rockcastle N.V.,Real Estate,Real Estate - Diversified,Netherlands,Amsterdam,EUR,EQUITY,5552251392.0,676.0,https://www.nepirockcastle.com,
NSE.NL,NSE.AS,NL,ticker,New Sources Energy N.V.,New Sources Energy N.V.,Utilities,Utilities - Renewable,Netherlands,Amsterdam,EUR,EQUITY,5207363.0,,https://www.newsources.energy,
NSI.NL,NSI.AS,NL,ticker,NSI N.V.,NSI N.V.,Real Estate,REIT - Office,Netherlands,Amsterdam,EUR,EQUITY,320923808.0,63.0,https://www.nsi.nl,
NXFIL.NL,NXFIL.AS,NL,ticker,NX FILTRATION N.V.,NX Filtration N.V.,Industrials,Pollution & Treatment Controls,Netherlands,Hengelo,EUR,EQUITY,188675728.0,53.0,https://www.nxfiltration.com,
OBAM.NL,OBAM.AS,NL,ticker,OBAM N.V.,BNP Paribas Obam NV,,,,,EUR,MUTUALFUND,,,,
OCI.NL,OCI.AS,NL,ticker,OCI N.V.,OCI N.V.,Basic Materials,Specialty Chemicals,Netherlands,Amsterdam,EUR,EQUITY,855692544.0,761.0,https://oci-global.com,
OPEMF.NL,OPEMF.AS,NL,ticker,Optimix Emerging Markets Fund,Optimix Emerging Markets Fund,,,,,EUR,MUTUALFUND,,,,
OPERF.NL,OPERF.AS,NL,ticker,OPTIMIX EURORENTE FD G,Optimix EuroRente Fonds,,,,,EUR,MUTUALFUND,,,,
OPTIN.NL,OPTIN.AS,NL,ticker,Optimix Income Fund,Optimix Income Fund,,,,,EUR,MUTUALFUND,,,,
OPTMF.NL,OPTMF.AS,NL,ticker,Optimix Mix Fund,Optimix Mix Fund,,,,,EUR,MUTUALFUND,,,,
OPWAF.NL,OPWAF.AS,NL,ticker,OPTIMIX WERELD AANDELEN FD B,Optimix Wereld Aandelen Fonds,,,,,EUR,MUTUALFUND,,,,
PHARM.NL,PHARM.AS,NL,ticker,PHARMING GROUP,Pharming Group N.V.,Healthcare,Biotechnology,Netherlands,Leiden,EUR,EQUITY,779702528.0,407.0,https://www.pharming.com,
PHIA.NL,PHIA.AS,NL,ticker,KON.PHILIPS N.V.,Koninklijke Philips N.V.,Healthcare,Medical Devices,Netherlands,Amsterdam,EUR,EQUITY,20469954560.0,64317.0,https://www.philips.com,
PNL.NL,PNL.AS,NL,ticker,POSTNL,PostNL N.V.,Industrials,Integrated Freight & Logistics,Netherlands,The Hague,EUR,EQUITY,454251808.0,31531.0,https://www.postnl.nl,
PORF.NL,PORF.AS,NL,ticker,KONINKLIJKE PORCELEYNE FLES,"B.V. Delftsch Aardewerkfabriek ""De Porceleyne Fles Anno 1653""",Consumer Defensive,Household & Personal Products,Netherlands,Delft,EUR,EQUITY,12963288.0,67.0,https://www.royaldelft.com,
PPLA.NL,PPLA.AS,NL,ticker,,PPLA Participations Ltd.,Financial Services,Asset Management,Brazil,Sao Paulo,EUR,EQUITY,,,https://ir.pplaparticipations.com,
PPLAA.NL,PPLAA.AS,NL,ticker,,PPLA Participations Ltd.,Financial Services,Asset Management,Brazil,Sao Paulo,EUR,EQUITY,844399.0,,https://ir.pplaparticipations.com,
PPLAB.NL,PPLAB.AS,NL,ticker,,PPLA Participations Ltd.,Financial Services,Asset Management,Brazil,Sao Paulo,EUR,EQUITY,844399.0,,https://ir.pplaparticipations.com,
PREVA.NL,PREVA.AS,NL,ticker,Value8 cumulatief financierings,Value8 N.V.,Financial Services,Asset Management,Netherlands,Bussum,EUR,EQUITY,,2009.0,https://www.value8.com,
PRX.NL,PRX.AS,NL,ticker,PROSUS,Prosus N.V.,Consumer Cyclical,Internet Retail,Netherlands,Amsterdam,EUR,EQUITY,81512488960.0,41998.0,https://www.prosus.com,
PSH.NL,PSH.AS,NL,ticker,"Pershing Square Holdings Ord"",",Pershing Square Holdings Ord,,,,,USD,MUTUALFUND,9669994496.0,,,
RAFRI.NL,RAFRI.AS,NL,ticker,RAFRI.AS,Robeco Afrika Fonds – EUR E,,,,,EUR,MUTUALFUND,,,,
RAND.NL,RAND.AS,NL,ticker,Randstad N.V.,Randstad N.V.,Industrials,Staffing & Employment Services,Netherlands,Diemen,EUR,EQUITY,6479392768.0,38000.0,https://www.randstad.com,
REINA.NL,REINA.AS,NL,ticker,REINET INVESTMENTS,Reinet Investments S.C.A.,Financial Services,Asset Management,Luxembourg,Luxembourg,EUR,EQUITY,4403956224.0,,https://www.reinet.com,
REN.NL,REN.AS,NL,ticker,RELX,RELX PLC,Industrials,Specialty Business Services,United Kingdom,London,EUR,EQUITY,56943591424.0,37000.0,https://www.relx.com,
ROBA.NL,ROBA.AS,NL,ticker,Robeco Global Stars Equities Fu,Robeco Global Stars Equities EUR E,,,,,EUR,MUTUALFUND,,,,
ROBB.NL,ROBB.AS,NL,ticker,ROBB.AS,Robeco Global Stars Equities EUR G,,,,,EUR,MUTUALFUND,,,,
ROBC.NL,ROBC.AS,NL,ticker,Robeco US Conservative High Div,Robeco US Cnsrv High Div Eqs N.V. EUR G,,,,,EUR,MUTUALFUND,,,,
ROBF.NL,ROBF.AS,NL,ticker,ROBF.AS,Robeco Afrika Fonds - EUR G,,,,,EUR,MUTUALFUND,,,,
ROCO.NL,ROCO.AS,NL,ticker,Robeco QI Global Developed Cons,Robeco QI Global Developed Cnsrv Eqs G €,,,,,EUR,MUTUALFUND,,,,
ROLA.NL,ROLA.AS,NL,ticker,Rolinco - EUR E,Rolinco N.V. - EUR E,,,,,EUR,MUTUALFUND,,,,
ROLG.NL,ROLG.AS,NL,ticker,ROLG.AS,Rolinco N.V. - EUR G,,,,,EUR,MUTUALFUND,,,,
ROLPR.NL,ROLPR.AS,NL,ticker,ROLINCO CUMPREF,Rolinco NV,,,,,EUR,MUTUALFUND,,,,
ROMF.NL,ROMF.AS,NL,ticker,ROMF.AS,Robeco QI Global Active Eqs G €,,,,,EUR,MUTUALFUND,,,,
ROQI.NL,ROQI.AS,NL,ticker,ROQI.AS,Robeco QI Glb Dev Enh Index Eqs Fd EUR G,,,,,EUR,MUTUALFUND,,,,
RORA.NL,RORA.AS,NL,ticker,ROBECO GLOBAL TOTAL RETURN BOND,Robeco Global Total Return Bond Fund,,,,,EUR,MUTUALFUND,,,,
SAMD.NL,SAMD.AS,NL,ticker,Leverage Shares -1x Advanced Mi,Leverage Shares -1x Advcd Mcr Dvcs ETP Securities,,,,,EUR,ETF,,,,
SAMZ.NL,SAMZ.AS,NL,ticker,Leverage Shares -1x Amazon ETP ,Leverage Shares -1x Amazon ETP Scs,,,,,EUR,ETF,,,,
SAPL.NL,SAPL.AS,NL,ticker,Leverage Shares -1x Apple ETP S,Leverage Shares -1x Apple ETP Securities,,,,,EUR,ETF,,,,
SBA.NL,BAS.L,NL,isin,LEVERAGE SHARES PUBLIC LIMITED ,Leverage Shares -1x Short Boeing ETP Securities,,,,,USD,ETF,,,,XS2297551454
SBAB.NL,SBAB.AS,NL,ticker,Leverage Shares -1x Alibaba ETP,Leverage Shares -1x Alibaba ETP Scs,,,,,EUR,ETF,,,,
SBMO.NL,SBMO.AS,NL,ticker,SBM OFFSHORE,SBM Offshore N.V.,Energy,Oil & Gas Equipment & Services,Netherlands,Schiphol,EUR,EQUITY,5194948608.0,6716.0,https://www.sbmoffshore.com,
SBUL.NL,SBUL.AS,NL,ticker,WT 1x Daily Short Gold,WisdomTree Gold 1x Daily Short ETP Securities,,,,,EUR,ETF,,,,
SEIF.NL,SEIF.AS,NL,ticker,InsingerGilissen Umbrella Fund ,Theodoor Gilissen - Sustainable Europe Index Fund,,,,,EUR,MUTUALFUND,,,,
SFB.NL,SFB.AS,NL,ticker,Leverage Shares -1x Facebook ET,Leverage Shares -1x Facebook ETP Scs,,,,,EUR,ETF,,,,
SGOO.NL,SGOO.AS,NL,ticker,Leverage Shares -1x Alphabet ET,Leverage Shares -1x Alphabet ETP Securities,,,,,EUR,ETF,,,,
SIFG.NL,SIFG.AS,NL,ticker,SIF HOLDING,Sif Holding N.V.,Industrials,Metal Fabrication,Netherlands,Roermond,EUR,EQUITY,121347760.0,848.0,https://sif-group.com,
SLIGR.NL,SLIGR.AS,NL,ticker,Sligro Food Group N.V.,Sligro Food Group N.V.,Consumer Defensive,Food Distribution,Netherlands,Veghel,EUR,EQUITY,453464320.0,4375.0,https://www.sligrofoodgroup.nl,
SMSF.NL,SMSF.AS,NL,ticker,Leverage Shares -1x Microsoft E,Leverage Shares -1x Microsoft ETP Securities,,,,,EUR,ETF,,,,
SNAIF.NL,SNAIF.AS,NL,ticker,InsingerGilissen Umbrella Fund ,Theodoor Gilissen - Sustainable North America Index Fund,,,,,EUR,MUTUALFUND,,,,
SNFL.NL,SNFL.AS,NL,ticker,Leverage Shares -1x Netflix ETP,Leverage Shares -1x Netflix ETP Securities,,,,,EUR,ETF,,,,
SNVD.NL,SNVD.AS,NL,ticker,Leverage Shares -1x NVIDIA ETP ,Leverage Shares -1x NVIDIA ETP Securities,,,,,EUR,ETF,,,,
SPYP.NL,SPYP.AS,NL,ticker,Leverage Shares -1x Short PayPa,Leverage Shares -1x Short PayPal ETP Securities,,,,,EUR,EQUITY,,,,
SSHO.NL,SSHO.AS,NL,ticker,Leverage Shares -1x Short Shopi,,,,,,EUR,ETF,,,,
SSIL.NL,SSIL.AS,NL,ticker,WT 1x Daily Short Silver,WisdomTree Silver 1x Daily Short,,,,,EUR,ETF,,,,
SSQ.NL,SSQ.AS,NL,ticker,Leverage Shares -1x Short Squar,Leverage Shares -1x Short Square ETP Securities,,,,,EUR,EQUITY,,,,
STRN.NL,PBH.AS,NL,isin,PB HOLDING N.V.,PB Holding N.V.,Industrials,Specialty Business Services,Netherlands,Rotterdam,EUR,EQUITY,18404000.0,,https://www.pb-holding.nl,NL0000336303
STSL.NL,STSL.AS,NL,ticker,Leverage Shares -1x Tesla ETP S,Leverage Shares -1x Tesla ETP Securities,,,,,EUR,ETF,,,,
STWT.NL,STWT.AS,NL,ticker,Leverage Shares -1x Twitter ETP,Leverage Shares -1x Twitter ETC,,,,,EUR,ETF,,,,
SUBR.NL,SUBR.AS,NL,ticker,Leverage Shares -1x Uber ETP Se,Leverage Shares -1x Uber ETP Securities,,,,,EUR,ETF,,,,
SWIF.NL,SWIF.AS,NL,ticker,InsingerGilissen Umbrella Fund ,TG Fund Management BV -  Sustainable World Index Fund,,,,,EUR,MUTUALFUND,,,,
SZM.NL,SZM.AS,NL,ticker,Leverage Shares -1x Short Zoom ,,,,,,EUR,ETF,,,,
TCMAF.NL,TCMAF.AS,NL,ticker,TCMAF.AS,TCM Africa High Dividend Equity,,,,,EUR,MUTUALFUND,,,,
TCMGF.NL,TCMGF.AS,NL,ticker,TCMGF.AS,TCM Global Frontier High Dividend Equity,,,,,EUR,MUTUALFUND,,,,
TCMVN.NL,TCMVN.AS,NL,ticker,TCMVN.AS,TCM Vietnam High Dividend Equity,,,,,EUR,MUTUALFUND,,,,
TFG.NL,TFG.AS,NL,ticker,TETRAGON FINANCIAL GROUP,Tetragon Financial Group Limited,Financial Services,Asset Management,United States,New York,USD,EQUITY,1146690048.0,,https://www.tetragoninv.com,
THXLE.NL,THXLE.AS,NL,ticker,LEGENDS FUND,Theta Fund Management - Legend Fund,,,,,EUR,MUTUALFUND,,,,
TIE.NL,ERC.AS,NL,isin,ER Capital N.V.,,Real Estate,Real Estate Services,Netherlands,Rotterdam,EUR,EQUITY,4510339.0,5.0,https://www.ercapital.nl,NL0010389508
TMIF.NL,TMIF.AS,NL,ticker,Triodos Multi Impact Fund,Triodos IS Multi Impact Fund Z Dis,,,,,EUR,MUTUALFUND,,,,
TOM2.NL,TOM2.AS,NL,ticker,TOMTOM,TomTom N.V.,Technology,Software - Application,Netherlands,Amsterdam,EUR,EQUITY,445504672.0,3300.0,https://www.tomtom.com,
TP.NL,TP.AS,NL,ticker,T&P ALLEGRETTO FD,T&P Allegretto Fund N.V,,,,,EUR,MUTUALFUND,,,,
TRIGF.NL,TRIGF.AS,NL,ticker,TRIODOS GROENFONDS,Triodos Groenfonds R Dis,,,,,EUR,MUTUALFUND,,,,
TWEKA.NL,TWEKA.AS,NL,ticker,TKH GROUP N.V.,TKH Group N.V.,Technology,Communication Equipment,Netherlands,Haaksbergen,EUR,EQUITY,1675926400.0,5859.0,https://www.tkhgroup.com,
UMG.NL,UMG.AS,NL,ticker,UNIVERSAL MUSIC GROUP,Universal Music Group N.V.,Communication Services,Entertainment,Netherlands,Hilversum,EUR,EQUITY,34872889344.0,,https://www.universalmusic.com,
UNA.NL,UNA.AS,NL,ticker,UNILEVER PLC,Unilever PLC,Consumer Defensive,Household & Personal Products,United Kingdom,London,EUR,EQUITY,125100875776.0,93731.0,https://www.unilever.com,
URW.NL,URW.PA,NL,isin,UNIBAIL-RODAMCO-WESTFIELD,Unibail-Rodamco-Westfield SE,Real Estate,REIT - Retail,France,Paris,EUR,EQUITY,15234635776.0,1933.0,https://www.urw.com,FR0013326246
USE3.NL,USE3.AS,NL,ticker,WisdomTree Short USD Long EUR 3,WisdomTree Short USD Long EUR 3x Daily,,,,,EUR,ETF,,,,
VALUE.NL,VALUE.AS,NL,ticker,VALUE8,Value8 N.V.,Financial Services,Asset Management,Netherlands,Bussum,EUR,EQUITY,63385660.0,2009.0,https://www.value8.com,
VDOT.NL,VDOT.AS,NL,ticker,VanEck Polkadot ETN,VanEck Polkadot ETN A,,,,,EUR,ETF,,,,
VLK.NL,VLK.AS,NL,ticker,V LANSCHOT KEMPEN,Van Lanschot Kempen NV,Financial Services,Banks - Regional,Netherlands,'s-Hertogenbosch,EUR,EQUITY,2727610624.0,2309.0,https://www.vanlanschotkempen.com,
VPK.NL,VPK.AS,NL,ticker,VOPAK,Koninklijke Vopak N.V.,Energy,Oil & Gas Midstream,Netherlands,Rotterdam,EUR,EQUITY,5262810112.0,4794.0,https://www.vopak.com,
VSOL.NL,VSOL.AS,NL,ticker,VanEck Solana ETN,VanEck Solana ETN A,,,,,EUR,ETF,,,,
VTA.NL,VTA.AS,NL,ticker,Volta Finance Limited,Volta Finance Limited,Financial Services,Asset Management,France,Paris,EUR,EQUITY,219483488.0,,https://www.voltafinance.com,
VTRX.NL,VTRX.AS,NL,ticker,VanEck TRON ETN,VanEck TRON ETN A,,,,,EUR,ETF,,,,
VVY.NL,VVY.AS,NL,ticker,VIVORYON THERAPEUTICS N.V.,Vivoryon Therapeutics N.V.,Healthcare,Biotechnology,Germany,Halle,EUR,EQUITY,34204548.0,13.0,https://www.vivoryon.com,
WHA.NL,WHA.AS,NL,ticker,WERELDHAVE Gewone aandelen,Wereldhave N.V.,Real Estate,REIT - Retail,Netherlands,Amsterdam,EUR,EQUITY,901123520.0,104.0,https://www.wereldhave.com,
WKL.NL,WKL.AS,NL,ticker,WOLTERS KLUWER,Wolters Kluwer N.V.,Industrials,Specialty Business Services,Netherlands,Alphen aan den Rijn,EUR,EQUITY,15500037120.0,18877.0,https://www.wolterskluwer.com,
WPSEU.NL,WPSEU.AS,NL,ticker,W.P. Stewart Holdings Fund,W.P. Stewart Holdings Fund EUR,,,,,EUR,MUTUALFUND,,,,
YATRA.NL,YATRA.AS,NL,ticker,"""Yatra Capital Limited""",Yatra Capital Ord,,,,,EUR,MUTUALFUND,0.0,,,
