lei,isin,debs_symbol,yahoo_ticker,company_name,has_esef_filing
06BTX5UWZD0GQ5N5Y745,US9297401088,896022.ETR,WAB,Westinghouse Air Brake Technologies Corporation,false
0BGI85ALH27ZJP15DY16,US0584981064,860408.ETR,BALL,Ball Corporation,false
0J0XRGZE3PBRFEZ7MV65,US16119P1084,A2AJX9.ETR,CHTR,"Charter Communications, Inc.",false
0NURKC5Q3CJYZPPK5046,DE000WCH8881,WCH888.ETR,WCH.F,Wacker Chemie AG,false
14URO7KANNWKTLQY7F55,GG00B1RMC548,TFG.NL,TFG.AS,Tetragon Financial Group Limited,true
1B4S6S7G0TW5EE83BO58,US0255371017,850222.ETR,AEP,"American Electric Power Company, Inc.",false
1FRVQX2CRLGC1XLP5727,US5658491064,852789.ETR,,,false
1Z4GXXU7ZHVWFCD8TV52,US68389X1054,871460.ETR,ORCL,Oracle Corporation,false
20S05OYHG0MQM4VUIC57,US3453708600,502391.ETR,F,Ford Motor Company,false
2138001S47XKWIB7TH90,GB00B7KR2P84,A1JTC1.ETR,EZJ.L,EASYJET PLC,true
2138001XI4VRA8YIVQ69,NL0000289783,ROBA.NL,ROBA.AS,Robeco Global Stars Equities EUR E,false
2138001XI4VRA8YIVQ69,NL0010366407,ROBB.NL,ROBB.AS,Robeco Global Stars Equities EUR G,false
2138001XI4VRA8YIVQ69,NL0011354865,ROCO.NL,ROCO.AS,Robeco QI Global Developed Cnsrv Eqs G €,false
2138001XI4VRA8YIVQ69,NL0011354873,ROMF.NL,ROMF.AS,Robeco QI Global Active Eqs G €,false
21380029MJYTPSAEEV15,GB00BF553726,MLSKN.FR,,,false
2138002P5RNKC5W2JZ46,GB00BLGZ9862,A2QQMK.ETR,TSCO.L,TESCO PLC,true
2138003XT726JZK5HD07,GB00BJ9M4V82,MLALE.FR,MLALE.PA,Ucapital Global Plc,false
21380042MB2JKZ6RRP12,GB00B0130H42,A0B57L.ETR,ITM.L,ITM Power Plc,false
2138004JBXWWJKIURC57,GB0006776081,858266.ETR,PSON.L,PEARSON PLC,true
2138004KW8BV57III342,FR0000130577,PUB.FR,PUB.PA,PUBLICIS GROUPE SA,true
2138004N6QDNAZ2V3W80,GG00B1GHHH78,VTA.NL,VTA.AS,Volta Finance Limited,false
21380068Q1JSIAN4FO63,JE00B24DKC09,SBUL.NL,SBUL.AS,WisdomTree Gold 1x Daily Short ETP Securities,false
21380068Q1JSIAN4FO63,JE00B24DKK82,SSIL.NL,SSIL.AS,WisdomTree Silver 1x Daily Short,false
21380068Q1JSIAN4FO63,JE00B2NFTL95,LBUL.NL,LBUL.AS,WisdomTree Gold 2x Daily Leveraged,false
21380068Q1JSIAN4FO63,JE00B2NFTS64,LSIL.NL,LSIL.AS,WisdomTree Silver 2x Daily Leveraged,false
2138007GAHRJQB97YV21,NL0006238131,RAFRI.NL,RAFRI.AS,Robeco Afrika Fonds – EUR E,false
2138007GAHRJQB97YV21,NL0010510822,ROBF.NL,ROBF.AS,Robeco Afrika Fonds - EUR G,false
2138008FABJXP4HUOK53,FR0014005AL0,ANTIN.FR,ANTIN.PA,ANTIN INFRASTRUCTURE PARTNERS,true
2138008M6MH9OZ6U2T68,GB00BD6K4575,A2DR6K.ETR,CPG.L,COMPASS GROUP PLC,true
213800BBQO965UPQ7J59,DE000A3H3LL2,A3H3LL.ETR,VTWR.HM,VANTAGE TOWERS AG,false
213800BWAC2BF295EG28,FR0010397232,ALNOV.FR,ALNOV.PA,Novacyt S.A.,false
213800DS2NP83O5C3W42,NL0000288736,ROLPR.NL,ROLPR.AS,Rolinco NV,false
213800DS2NP83O5C3W42,NL0000289817,ROLA.NL,ROLA.AS,Rolinco N.V. - EUR E,false
213800DS2NP83O5C3W42,NL0010510798,ROLG.NL,ROLG.AS,Rolinco N.V. - EUR G,false
213800DY7G8EEJCCOL47,GB00BJFDXW97,A2PLC1.ETR,ADME.L,ADM Energy plc,false
213800EC7997ZBLZJH69,GB00B63H8491,A1H81L.ETR,RR.L,ROLLS-ROYCE HOLDINGS PLC,true
213800FKA5MF17RJKT63,GB0002875804,916018.ETR,BATS.L,BRITISH AMERICAN TOBACCO P.L.C.,true
213800FUJCKXO9LK3444,CH0308403085,GNRO.FR,,GeNeuro SA,true
213800HKRFK8PNUNV581,GB00BQQFX454,AXS.NL,AXS.AS,ACCSYS TECHNOLOGIES PLC,true
213800HZ8NNFILOCWB40,NL0015000NL9,SPR1T.NL,,,false
213800HZ8NNFILOCWB40,NL0015000NM7,SPR1.NL,,,false
213800KBMEV7I92FY281,GB0033195214,812861.ETR,KGF.L,KINGFISHER PLC,true
213800LBQA1Y9L22JB70,GB0031348658,850403.ETR,BARC.L,BARCLAYS PLC,true
213800LH1BZH3DI6G760,GB0007980591,850517.ETR,BP.L,BP P.L.C.,true
213800LMFSH7RJIW8I57,NL0006294167,BGHEF.NL,BGHEF.AS,BNP Paribas III Glbl Inc Mlt-Fct Eq Cl,false
213800LRO7NS5CYQMN21,GB0030913577,794796.ETR,BT-A.L,BT GROUP PLC,true
213800P1IM7V7YCD1A70,FR0000030611,GALIM.FR,,,false
213800QAUUUP6I445N30,GB00B0SWJX34,A0JEJF.ETR,LSEG.L,LONDON STOCK EXCHANGE GROUP PLC,true
213800QR1BLUTLQGPF83,NL0006294092,BGPSF.NL,BGPSF.AS,BNP Paribas III ESG Global Prop Secs Cl,false
213800T9DQ3RQPI28Q37,FR0000033466,MLTEA.FR,,,false
213800TB53ELEUKM7Q61,GB00BH4HKS39,A1XA83.ETR,VOD.L,VODAFONE GROUP PUBLIC LIMITED COMPANY,true
213800UCK16HW5KKGP60,GB00B647W791,A1C8XS.ETR,SAV.L,Savannah Resources Plc,false
213800W6NOMU3QTJAP16,NL0011896998,ROQI.NL,ROQI.AS,Robeco QI Glb Dev Enh Index Eqs Fd EUR G,false
213800WFQ334R8UXUG83,FR0000125486,867475.ETR,DG.PA,VINCI,true
213800WFQ334R8UXUG83,FR0000125486,DG.FR,DG.PA,VINCI,true
213800X2UDCFSIYXXR28,JE00B3KNMS14,JPEU.NL,JPEU.AS,WisdomTree Short JPY Long EUR,false
213800X2UDCFSIYXXR28,JE00B3MWC642,EUJP.NL,EUJP.AS,WisdomTree Long JPY Short EUR,false
213800X2UDCFSIYXXR28,JE00B3QQ4551,EUS3.NL,EUS3.AS,WisdomTree Long USD Short EUR 3x Daily,false
213800X2UDCFSIYXXR28,JE00B3T3K772,USE3.NL,USE3.AS,WisdomTree Short USD Long EUR 3x Daily,false
213800X2UDCFSIYXXR28,JE00B3WDZY68,EJP3.NL,EJP3.AS,WisdomTree Long JPY Short EUR 3x Daily,false
213800X2UDCFSIYXXR28,JE00B44CBN95,JPE3.NL,JPE3.AS,WisdomTree Short JPY Long EUR 3x Daily,false
213800XC35KGM9NFC641,GB00B5ZN1N88,SGRO.FR,SGRO.PA,SEGRO PUBLIC LIMITED COMPANY,true
213800YOEO5OQ72G2R82,GB0007188757,852147.ETR,RIO.L,RIO TINTO PLC,true
213800YSDD2DO2YCJT08,NL0010619748,ROBC.NL,ROBC.AS,Robeco US Cnsrv High Div Eqs N.V. EUR G,false
213800Z8NOHIKRI42W10,NL0000226223,893438.ETR,STMPA.PA,STMICROELECTRONICS N.V.,true
213800Z8NOHIKRI42W10,NL0000226223,STM.FR,STMPA.PA,STMICROELECTRONICS N.V.,true
213800ZVIELEA55JMJ32,GB0002374006,851247.ETR,DGE.L,DIAGEO PLC,true
213800ZVIELEA55JMJ32,GB0002374006,DGE.FR,DGE.PA,DIAGEO PLC,true
21TPXMRRHFKOBHDC8J74,US15189T1079,854566.ETR,CNP,"CenterPoint Energy, Inc.",false
21X2CX66SU2BR6QTAD08,US4278661081,851297.ETR,HSY,The Hershey Company,false
2221003G8BRH3CPABK72,FR0013379484,S30.FR,S30.PA,SOLUTIONS 30 SE,true
22210044U5KWVFGSJO84,NL0006489189,TCMVN.NL,TCMVN.AS,TCM Vietnam High Dividend Equity,false
222100BOXCIYPJ7CQY30,NL0010278073,TCMGF.NL,TCMGF.AS,TCM Global Frontier High Dividend Equity,false
222100GEODKMZ0FFWK29,FR0004180578,SWP.FR,SWP.PA,SWORD GROUP SE,true
222100P6D3QKU33LZQ72,FR0010828137,CARM.FR,CARM.PA,Carmila,false
222100QJQLUJHWREL058,DE000SAFH001,SAFH00.ETR,SFQ.DE,SAF-Holland SE,false
222100UH8Y1135OGDV16,FR0010436584,ALDNX.FR,ALDNX.PA,DNXCorp SE,false
225YDZ14ZO8E1TXUSU86,US5719032022,913070.ETR,MAR,"Marriott International, Inc.",false
2549000211GDCQSLV833,US7509171069,906870.ETR,RMBS,Rambus Inc.,false
2549006WMRKRC4G32Z67,US8006771062,936386.ETR,SGMOQ,"Sangamo Therapeutics, Inc.",false
254900885C4KDK58WR07,NL0010986428,EMC.NL,EMC.AS,Insinger de Beaufort European Mid Cap N.V. Fund,false
254900BIEY9XIDA04Q21,US1570851014,905249.ETR,CERS,Cerus Corporation,false
254900CEKKWIHTEAB172,US9831341071,663244.ETR,WYNN,"Wynn Resorts, Limited",false
254900CJNSY1K7T53Z16,US8334451098,A2QB38.ETR,SNOW,Snowflake Inc.,false
254900CUE0P9KFF6VY49,GG00BMB5XZ39,DCACS.NL,,Global InterConnection Group Limited,false
254900LSB0HNJUDC6Q18,US70432V1026,A1XFVG.ETR,PAYC,"Paycom Software, Inc.",false
254900M8C3E5VC8BR186,US40131M1099,A2N5RY.ETR,GH,"Guardant Health, Inc.",false
254900MXP6EWY0SFFR59,US3383071012,A1XFG9.ETR,FIVN,"Five9, Inc.",false
254900PJQB59O2O95R37,US30161Q1040,936718.ETR,EXEL,"Exelixis, Inc.",false
254900QFZEGKCURCJS93,US83192H1068,A2PRCJ.ETR,SDCCQ,"SmileDirectClub, Inc.",false
254900RKI81EPUJ3RW71,US3563901046,A2DW84.ETR,FRHC,Freedom Holdings Corp.,false
254900UWHMJRRODS3Z64,CH0454664001,CH0454664001.NL,CH0454664001.AS,,false
254900UWHMJRRODS3Z64,CH0454664027,CH0454664027.NL,CH0454664027.AS,,false
254900UWHMJRRODS3Z64,CH0454664043,AXRP.FR,AXRP.PA,21Shares XRP ETP,false
254900UWHMJRRODS3Z64,CH0454664043,CH0454664043.NL,CH0454664043.AS,S&P/ASX Resources OPIC,false
254900UWHMJRRODS3Z64,CH0475552201,ABCH.FR,ABCH.PA,21Shares Bitcoin Cash ETP,false
254900UWHMJRRODS3Z64,CH0475552201,CH0475552201.NL,CH0475552201.AS,,false
254900UWHMJRRODS3Z64,CH0491507486,AXTZ.FR,AXTZ.PA,21Shares Tezos ETP,false
254900UWHMJRRODS3Z64,CH0491507486,CH0491507486.NL,CH0491507486.AS,,false
254900UWHMJRRODS3Z64,CH0496454155,BNBA.FR,BNBA.PA,21Shares Binance BNB ETP,false
254900UWHMJRRODS3Z64,CH0496454155,CH0496454155.NL,CH0496454155.AS,,false
254900UWHMJRRODS3Z64,CH0514065058,CH0514065058.NL,CH0514065058.AS,MSCI CN IMI/HEALTH CARE GRTR HK,false
254900UWHMJRRODS3Z64,CH0593331561,ADOT.FR,ADOT.PA,21Shares Polkadot ETP,false
254900UWHMJRRODS3Z64,CH0593331561,CH0593331561.NL,CH0593331561.AS,,false
254900UWHMJRRODS3Z64,CH1109575535,AXLM.FR,AXLM.PA,21Shares Stellar ETP,false
254900UWHMJRRODS3Z64,CH1109575535,CH1109575535.NL,CH1109575535.AS,,false
254900UWHMJRRODS3Z64,CH1114873776,ASOL.FR,ASOL.PA,21Shares Solana Staking ETP,false
254900UWHMJRRODS3Z64,CH1114873776,CH1114873776.NL,CH1114873776.AS,,false
254900YAUJV2EUEVBR11,US74736K1016,A12CY9.ETR,QRVO,"Qorvo, Inc.",false
254900YF0PQV9APMA050,NL0015000D50,NXFIL.NL,NXFIL.AS,NX Filtration N.V.,true
254900ZZTSW7NL773X71,US92556V1061,A2QAME.ETR,VTRS,Viatris Inc.,false
2572IBTT8CCZW6AU4141,US7427181091,852062.ETR,PG,The Procter & Gamble Company,false
28ID94QU1140NC23S047,US9598021098,A0LA17.ETR,WU,The Western Union Company,false
29DX7H14B9S6O3FD6V18,US22160K1051,888351.ETR,COST,Costco Wholesale Corporation,false
2NUNNB7D43COUIRE5295,US00130H1059,882177.ETR,AES,The AES Corporation,false
2P2YLDVPES3BXQ1FRB91,US98956P1021,753718.ETR,ZBH,"Zimmer Biomet Holdings, Inc.",false
2S72QS2UO2OESLG6Y829,US92343V1044,868402.ETR,VZ,Verizon Communications Inc.,false
2T3D6M0JSY48PSZI1Q41,US6826801036,911060.ETR,OKE,"ONEOK, Inc.",false
2TGYMUGI08PO8X8L6150,US3703341046,853862.ETR,GIS,"General Mills, Inc.",false
2W8N8UU78PMDQKZENC08,IT0000072618,850605.ETR,ISP.MI,INTESA SANPAOLO SPA,true
2YD5STGSJNMUB7H76907,US61945C1036,A1JFWK.ETR,MOS,The Mosaic Company,false
3157000YTVO4TN65UM14,NL00150006R6,CTPNV.NL,CTPNV.AS,CTP N.V.,true
391200011MR2KPMKTD13,DE000A2TSU21,A2TSU2.ETR,WBAH.F,Wild Bunch AG,false
39120001TRQTQ01LPP57,DE000A3H2101,A3H210.ETR,AAQ1.DE,aap Implantate AG,false
39120005TZ76GQOY8Z19,DE000A1EWVY8,A1EWVY.ETR,FYB.DE,Formycon AG,false
3912000FZ0R0KEK9JS42,DE000A2YN900,A2YN90.ETR,TMV.DE,TeamViewer SE,false
39120014ZQ1I2RXEE848,DE000A1X3WX6,A1X3WX.ETR,ERWE.DE,ERWE Immobilien AG,false
39120016LX6AXCHAY147,DE0005218309,521830.ETR,MBQ.F,Mobotix AG,false
3912001BNTWG0PIZYX13,DE0006618309,661830.ETR,CHG.DE,CHAPTERS Group AG,false
3912001C5KDIBFOBIM91,DE000A0DNAY5,A0DNAY.ETR,ACX.DE,bet-at-home.com AG,false
3912001JMOBGDM7DKS79,CH0022237009,A0F5UQ.ETR,,,false
3912001LS9HMTYQODO63,DE000A3E5E55,A3E5E5.ETR,HP3A.DE,Ringmetall SE,false
3912001V2X8OOFAOY470,DE000A3E5E63,A3E5E6.ETR,HHHA.MU,Homes & Holiday AG,false
39120021VUEJYNGL7R59,DE000A2GS609,A2GS60.ETR,SB1.DE,Smartbroker Holding AG,false
3912003HZPSTWYICYA50,DE0007568578,756857.ETR,F3C.DE,SFC Energy AG,false
3912003JRJW9PA9BPQ22,DE0007448508,744850.ETR,IVU.DE,IVU Traffic Technologies AG,false
3912004AMB0KGZXZYJ15,NL00150002Q7,A2QJV6.ETR,VVY.AS,Vivoryon Therapeutics N.V.,false
3912004AMB0KGZXZYJ15,NL00150002Q7,VVY.NL,VVY.AS,Vivoryon Therapeutics N.V.,false
3912004GMFDLY04RUQ19,DE000TCAG172,TCAG17.ETR,TC1.HM,Tele Columbus AG,false
3912004NQTDPHAZYTQ56,DE000A289B07,A289B0.ETR,TLIK.F,Arzneiwerk AG VIDA,false
3912004WNM7UGIX4VA13,DE000A13SUL5,A13SUL.ETR,DEF.DE,DEFAMA Deutsche Fachmarkt AG,false
3912005AWHKLQ1CPLV11,DE0006062144,606214.ETR,1COV.F,Covestro AG,false
3912005CZ12PVVCIPT91,DE000A2P4LJ5,A2P4LJ.ETR,,PharmaSGP Holding SE,false
3912006GGHCRFSLMOB79,DE0001644565,164456.ETR,EAD.F,Erlebnis Akademie AG,false
3912006R73YW0SX1KG21,DE000A3E5C08,A3E5C0.ETR,CNW.F,co.don AG,false
39120070M14NLE1CDR38,CH0006539198,920299.ETR,HLG.DE,Highlight Communications AG,false
39120071R60VADPVFW16,DE0005209589,520958.ETR,A6T.F,artec technologies AG,false
3912007HK6DG8Q41UN59,DE0005156004,515600.ETR,GGS.F,Gigaset AG,false
3912007O3KBYO8R0SM92,DE000A1TNV91,A1TNV9.ETR,ADE.DE,Bitcoin Group SE,false
3912008FCA63AGIMEV74,DE0006577109,657710.ETR,NN6.F,NanoRepro AG,false
3912009QUNYSS2OTSU44,DE000LTT2470,LTT247.ETR,,,false
391200AMEYZ4MF5B1S02,DE0006223605,622360.ETR,ITN.DE,Intertainment AG,false
391200ANZU0I8BNOGO03,DE000A2NBVD5,A2NBVD.ETR,DFV.HM,DFV Deutsche Familienversicherung AG,false
391200APPWFDYDGV1M54,CH0560888270,A2QH97.ETR,LMIA.DE,LION E-Mobility AG,false
391200BIDNL2ZOKI1M61,DE000A0Z25L1,A0Z25L.ETR,,,false
391200BR5PDBQHT8X262,DE000A11QLU3,A11QLU.ETR,UDC.HM,UniDevice AG,false
391200CE11B23RTMJV77,DE0005855183,585518.ETR,MSAG.DE,MS Industrie AG,false
391200CRSBZRBTC5BF95,DE000A2E3772,A2E377.ETR,,,false
391200CTSVFF9EHN8Y59,DE000A2BPK34,A2BPK3.ETR,VRL.DE,Net-Digital AG,false
391200D201CARYBPU604,DE000A1TNWJ4,A1TNWJ.ETR,MPCK.DE,MPC Münchmeyer Petersen Capital AG,false
391200DBT2ILFEMKYU71,DE0005228779,522877.ETR,OBS.DE,ORBIS AG,false
391200DI4LPLWVFRHW27,DE000A2G8332,A2G833.ETR,NIIN.HM,niiio finance group AG,false
391200DINUIRPDZQHX03,DE000A2NBX80,A2NBX8.ETR,INS.DE,Instone Real Estate Group SE,false
391200E09XYBYITR1W32,DE000A11QVV0,A11QVV.ETR,HPHA.DE,Heidelberg Pharma AG,false
391200ECRPJ3SWQJUM30,DE000A1J5RX9,A1J5RX.ETR,O2D.HM,Telefónica Deutschland Holding AG,false
391200EDC3RF07OXPB41,DE000A2AAA75,A2AAA7.ETR,T3T1.DE,Seven Principles AG,false
391200EIRBXU4TUMMQ46,DE000ZEAL241,ZEAL24.ETR,TIMA.DE,ZEAL Network SE,false
391200EUDABLUKXCKG48,DE0005659700,565970.ETR,EUZ.DE,Eckert & Ziegler Strahlen- und Medizintechnik AG,false
391200FHEFGXUKL2BO93,DE000A0XFSF0,A0XFSF.ETR,DMRE.DE,DEMIRE Deutsche Mittelstand Real Estate AG,false
391200FPIT0AHTWFZY34,DE000A0Z2Y48,A0Z2Y4.ETR,VROS.SG,Verianos SE,false
391200FV2J0IVZ911G84,DE0007830788,783078.ETR,IS8.HM,ifa systems AG,false
391200FZ5TRMIHIK0S97,DE000A0N4N52,A0N4N5.ETR,NFN.DE,NFON AG,false
391200G5LKTIOTZOXP90,DE000BGAG981,BGAG98.ETR,BIG1.F,Bio-Gate AG,false
391200GNIFXXP6KRYQ46,DE0005493365,549336.ETR,HYQ.DE,HYPOPORT SE,false
391200GSXYBP2TJE6J38,DE0005854343,585434.ETR,E4C.DE,ecotel communication ag,false
391200GVAQPTJW58KH08,DE000A3CN9R8,A3CN9R.ETR,14D.DE,tokentus investment AG,false
391200H5BDEVHMOV3U10,DE000A3H3L44,A3H3L4.ETR,2INV.F,2invest AG,false
391200HHWCQ0KBSG9U91,DE0007507501,750750.ETR,WSU.DE,WashTec AG,false
391200HVYXFJ2R1BIN92,DE000A0B9N37,A0B9N3.ETR,JDC.DE,JDC Group AG,false
391200IDC1NAT4Q5NT91,DE000A2PXQD4,A2PXQD.ETR,9TS.DU,TubeSolar AG,false
391200IXVKR1W9JGEZ27,DE000A0HGQF5,A0HGQF.ETR,MF6.SG,MagForce AG,false
391200J2FRFZVJWZYU35,DE000A0S9R37,A0S9R3.ETR,,,false
391200JIZN9JYP440O07,DE000A255G02,A255G0.ETR,H2O.F,Enapter AG,false
391200JKPVHLD6JLZ107,DE0005203947,520394.ETR,BNN.F,BRAIN Biotech AG,false
391200JQA0PJDPUPXU64,DE000A2AAE22,A2AAE2.ETR,CY1K.F,SBF AG,false
391200KEHI6OQSGGN373,DE000A0JBPG2,A0JBPG.ETR,PNE3.DE,PNE AG,false
391200KOQF8RGMZ3XK74,DE000A11Q059,A11Q05.ETR,ELB.F,elumeo SE,false
391200KPS0L1YQ88JY41,DE0006580806,658080.ETR,MUM.DE,Mensch und Maschine Software SE,false
391200KYFPOLFJNEWL98,DE0005407100,540710.ETR,CSH.DE,CENIT Aktiengesellschaft,false
391200LB6JA3HAQWTS32,DE000A0SMU87,A0SMU8.ETR,NB2.F,Northern Data AG,false
391200LLYJPMY4QWMB39,DE000A161N14,A161N1.ETR,RTV.F,Your Family Entertainment AG,false
391200LNYDKGO1VJB154,DE000A161234,A16123.ETR,,,false
391200LVVLZVDYZGZB05,DE000A2DA588,A2DA58.ETR,MXHN.F,MAX Automation SE,false
391200LXVESZEJ1YCI58,DE0005229504,522950.ETR,BIJ.DE,Bijou Brigitte modische Accessoires Aktiengesellschaft,false
391200M6IPHYFEVUUC36,DE0006569403,656940.ETR,ALG.DE,ALBIS Leasing AG,false
391200MBZQNPFHIVKO34,CH0038389992,A0NFN3.ETR,BION.SW,BB Biotech AG,true
391200MMIN9EPH3GOD16,DE000A12UP29,A12UP2.ETR,LQAG.DE,Laiqon AG,false
391200MWV0FUVOW1MH06,DE000A1A6V48,A1A6V4.ETR,KSC.DE,KPS AG,false
391200N17PXPGZCLIN19,DE000A0V9L94,A0V9L9.ETR,,,false
391200N3TQNVUCU8N039,DE0007276503,727650.ETR,YSN.DE,secunet Security Networks Aktiengesellschaft,false
391200NDFM0QGPOSW190,DE000A2QDNX9,A2QDNX.ETR,C0M.F,CCS Abwicklungs AG,false
391200NWMO6NLQFSCU64,DE000A2NB650,A2NB65.ETR,MUX.DE,Mutares SE & Co. KGaA,false
391200OHW2F5WI2XCQ46,DE0005874846,587484.ETR,IS7.DE,InTiCa Systems AG,false
391200PMGCWW5RD7BL90,DE000A2YN991,A2YN99.ETR,ESY.HM,Easy Software AG,false
391200PWTXBEBMBP4P94,DE000A1MMEV4,A1MMEV.ETR,PGH.DE,SGT German Private Equity GmbH & Co. KGaA,false
391200QDXNL0MZQ9IL24,DE0007008906,700890.ETR,RTC.DE,RealTech AG,false
391200QG00R11VCOUR60,DE000A2YN777,A2YN77.ETR,DE000A2YN777.SG,,false
391200QMOJSFJ6EVEX54,DE0007857476,785747.ETR,KA8.DE,Klassik Radio AG,false
391200RAQZU0UDPE0S13,DE0006627201,662720.ETR,MUB.DE,Mühlbauer Holding AG,false
391200RRY20H0XD6QC53,DE0005495626,549562.ETR,GME.DE,Geratherm Medical AG,false
391200S2LPXG5ZD5G304,DE000A2LQ884,A2LQ88.ETR,AG1.DE,AUTO1 Group SE,false
391200SBGUML8UFGNW39,DE000A3CSAE2,A3CSAE.ETR,DE000A3CSAE2.SG,,false
391200SDLDT1KJVFRV52,DE0007846867,784686.ETR,V6C.DE,Viscom SE,false
391200SO40AKONBO0Z96,DE000LEG1110,LEG111.ETR,LEG.DE,LEG Immobilien SE,false
391200T4AUN1BPBXAO14,DE0005419105,541910.ETR,COK.DE,CANCOM SE,false
391200TJJ820ZDHNFJ33,DE0005093108,509310.ETR,AAD.DE,AMADEUS FIRE AG,false
391200TNERKXPD0TM559,DE0006044001,604400.ETR,MAK.F,Maternus-Kliniken Aktiengesellschaft,false
391200TRTWKYMYOFJB55,DE000A3H2135,A3H213.ETR,MA10.DE,Binect AG,false
391200UUW3S073CCDA23,DE000A0V9LA7,A0V9LA.ETR,DAR.DE,DATRON AG,false
391200V57NOSGK8UVW09,DE000A2YN504,A2YN50.ETR,KTA.DE,Knaus Tabbert AG,false
391200VJQF2QCKH6TB44,DE0008435967,843596.ETR,NBG6.DE,NÜRNBERGER Beteiligungs-AG,false
391200VWMMJ6ZN48DH82,DE0005118806,511880.ETR,TGT.DE,11880 Solutions AG,false
391200W2QBWCAZN4SR55,DE000A0BVU28,A0BVU2.ETR,OSP2.HM,USU Software AG,false
391200WD1VDASNHUMJ23,DE0005649503,564950.ETR,EDL.DE,Edel SE & Co. KGaA,false
391200WHND7OZEFNNL77,AT0000785407,922985.ETR,FAA.DE,Fabasoft AG,true
391200WJ0J8QYRQNC671,DE000A3E5ED2,A3E5ED.ETR,VEZ.DE,Planethic Group AG,false
391200XQHDMPACO9BG32,DE000A2LQ850,A2LQ85.ETR,,,false
391200XUREIZNGEH1A97,DE0005104806,510480.ETR,SYZ.DE,Syzygy AG,false
391200XWTRFJ0JRKK852,DE000A12UK08,A12UK0.ETR,ECF.DE,Mountain Alliance AG,false
391200Y1PCQR9Y3F4C76,DE000A1EWXA4,A1EWXA.ETR,ABO.DE,clearvise AG,false
391200Y9EA2FRAPKRQ70,DE0005936124,593612.ETR,OHB.DE,OHB SE,false
391200YI9NA1BYDBUW16,DE000A3GK2N1,DE000A3GK2N1.NL,DE000A3GK2N1.AS,,false
391200YI9NA1BYDBUW16,DE000A3GK2N1,XBTI.FR,XBTI.PA,DDA Physical Bitcoin ETP A,false
391200YTK6VMV8JTZV90,DE0005932735,593273.ETR,YOC.DE,YOC AG,false
391200YUZAZ2IYUT5V80,DE0001218063,121806.ETR,A7A.DE,Heliad AG,false
391200YVRGI53NXMSV66,DE0006286560,628656.ETR,O4B.DE,OVB Holding AG,false
391200Z7Z09IHDBT2L23,DE000A1MMCC8,A1MMCC.ETR,ILM1.DE,Medios AG,false
391200Z8HTYQVFL9IB58,DE000A0JDBC7,A0JDBC.ETR,LIK.DE,LIMES Schlosskliniken AG,false
391200ZAF4V6XD2M9G57,DE000A161408,A16140.ETR,HFG.DE,HelloFresh SE,false
391200ZATSWUACIZBU38,DE000A0KFKH0,A0KFKH.ETR,E8X.F,elexxion AG,false
391200ZOAI9BOLGC1D37,DE0005759807,575980.ETR,IXX.DE,init innovation in traffic systems SE,false
3BNYRYQHD39K4LCKQF12,US56585A1025,A1JEXK.ETR,MPC,Marathon Petroleum Corporation,false
3C7474T6CDKPR9K6YT90,US3696043013,A3CSML.ETR,GE,GE Aerospace,false
3C7474T6CDKPR9K6YT90,US3696043013,GNE.FR,GE,GE Aerospace,false
3SOUA6IRML7435B56G12,US30161N1019,852011.ETR,EXC,Exelon Corporation,false
3TK20IVIUJ8J3ZU0QE75,NL0010228730,NBZ.NL,NBZ.AS,ING BANK N.V.,true
3VEKWPJHTD4NKMBVG947,DE0005089031,508903.ETR,UTDI.F,United Internet AG,false
41BNNE1AFPNAZELZ6K07,US0382221051,865177.ETR,AMAT,"Applied Materials, Inc.",false
41GUOJQTALQHLF39XJ34,DE000EVNK013,EVNK01.ETR,EVK.DE,Evonik Industries AG,false
485100003NGNIR3CO857,DE000A0M93V6,A0M93V.ETR,ABX.DE,Advanced Blockchain AG,false
48510041U2G1IWA3R418,DE000A3E5A59,A3E5A5.ETR,SBX.DU,SynBiotic SE,false
4N6SD705LP5XZKA2A097,FR0013505062,TCH.FR,VANTI.PA,Vantiva,true
4NT01YGM4X7ZX86ISY52,US26884L1098,A0RFZL.ETR,EQT,EQT Corporation,false
4XM3TW50JULSLG8BNC79,US29364G1031,889290.ETR,ETR,Entergy Corporation,false
4YV9Y5M8S0BRK1RP0397,US58933Y1055,A0YD8Q.ETR,MRK,"Merck & Co., Inc.",false
4YV9Y5M8S0BRK1RP0397,US58933Y1055,MRK.FR,MRK.PA,"Merck & Co., Inc.",false
506700C4RTJ96AT3RZ90,CH0120879058,MLFIR.FR,MLFIR.PA,Firstcaution SA,false
506700FU4FBA20IS2771,CH0404880129,A2JE3W.ETR,ASWN.SW,Asmallworld AG,false
51M0QTTNCGUN7KFCFZ59,US20030N1019,157484.ETR,CMCSA,Comcast Corporation,false
52990003RXKZ9J9ERW70,DE000A0S8488,A0S848.ETR,HHFA.DE,Hamburger Hafen und Logistik Aktiengesellschaft,false
52990006IVXY7GCSSR39,FR0013154002,DIM.FR,DIM.PA,Sartorius Stedim Biotech,true
5299000LM9HC76W5XD46,DE000A1H8BV3,A1H8BV.ETR,NOEJ.F,NORMA Group SE,false
5299000Q9YDTA0PTQJ89,DE000A0JM2M1,A0JM2M.ETR,B7E.DE,Blue Cap AG,false
5299000WCG41FM5SV917,DE0005489561,548956.ETR,ULC.DE,United Labels Aktiengesellschaft,false
5299001A8NIHHA9KOY43,US5949603048,A1JUDY.ETR,MVIS,"MicroVision, Inc.",false
5299001ERX0K10IZUL40,DE0005773303,577330.ETR,FRA.DE,Fraport AG,false
5299001G2MZ6VQ2K4Z89,AT0000A25NJ6,A2PBHR.ETR,WAH.MU,Wolftank Group AG,false
5299001GNOTPZ0J9QN67,DE000A1PHBB5,A1PHBB.ETR,RSL2.F,R. Stahl Aktiengesellschaft,false
5299001GRRO0Z25YZT52,DE000KBX1006,KBX100.ETR,KBX.DE,Knorr-Bremse AG,false
5299001OU9CSE29O6S05,DE0007030009,703000.ETR,RHM.DE,Rheinmetall Aktiengesellschaft,false
5299001QZNN0TKI9J120,DE0005103006,510300.ETR,ADV.DE,Adtran Networks SE,false
5299001X9L42HXEBCZ51,DE0007257503,725750.ETR,CEC.F,Ceconomy AG,false
52990021YEMY298JY727,AT00000FACC2,A1147K.ETR,FACC.VI,FACC AG,true
5299002C4WEKXO9UG879,DE000A0HGQS8,A0HGQS.ETR,P4O.F,Planoptik AG,false
5299002FNBSGW23ULF72,DE0005800601,580060.ETR,GFT.DE,GFT Technologies SE,false
5299002LGTI7JRGVK968,DE000A2GS625,A2GS62.ETR,CRZK.F,CR Energy AG,false
5299002NFQKOBT1E8569,AT0000818802,915210.ETR,DOC.VI,DO & CO Aktiengesellschaft,true
5299002NZCMF1NIHZ018,DE000PAT1AG3,PAT1AG.ETR,PAT.DE,PATRIZIA AG,false
5299002PSXXMVHB26433,AT0000A0E9W5,A0X9EJ.ETR,KTN.DE,Kontron AG,true
5299002T3WE6IWG0E854,DE000A14KEB5,A14KEB.ETR,,home24 SE,false
5299002VHN50DM9T9H37,DE000NWRK013,NWRK01.ETR,,,false
5299002Y7DARXV2Y4R82,DE0007461006,746100.ETR,TPE.DE,PVA TePla AG,false
52990036Z3X91Z60TZ27,DE0007201907,720190.ETR,SIS.DE,First Sensor AG,false
52990038IB31TYK07X63,DE0007235301,723530.ETR,SGL.DE,SGL Carbon SE,false
5299003APZ54EDTSRO20,DE0005565204,556520.ETR,DUE.DE,Dürr Aktiengesellschaft,false
5299003GLDODCVP8DO20,DE000A0Z2ZZ5,A0Z2ZZ.ETR,FNTN.DE,freenet AG,false
5299003H07ZT0Z5ZNN35,DE0008051004,805100.ETR,WUW.DE,Wüstenrot & Württembergische AG,false
5299003HAEOUVX3HWX43,DE0007667107,766710.ETR,VOS.F,Vossloh Aktiengesellschaft,false
5299003IANGEF3R55G44,DE000A0XYGA7,A0XYGA.ETR,TTR1.F,technotrans SE,false
5299003KK8544RT71R38,DE0005558696,555869.ETR,PGN.DE,paragon GmbH & Co. KGaA,false
5299003NKV26NNGHHR90,DE000WAF3001,WAF300.ETR,WAF.DE,Siltronic AG,false
5299003VKVDCUPSS5X23,DE0005545503,554550.ETR,1U1.DE,1&1 Drillisch Aktiengesellschaft,false
529900419S8ZX9H95G64,DE000A0JJTG7,A0JJTG.ETR,GTY.DE,Gateway Real Estate AG,false
52990044IHUOUMETT163,US62855J1043,897518.ETR,MYGN,"Myriad Genetics, Inc.",false
52990044JL2ZPWONU738,DE000A1X3XX4,A1X3XX.ETR,BRNK.DE,DIC Asset AG,false
5299004BSTX10BXHV941,DE0006061104,606110.ETR,HMU.F,HMS Bergbau AG,false
5299004IU009FT2HTS78,DE0005202303,520230.ETR,QB7.DE,Quirin Privatbank AG,false
5299004UJ4D51M25LD67,DE000A0WMPJ6,A0WMPJ.ETR,AIXA.DE,AIXTRON SE,false
5299004ZME6CSBR7WP07,DE0007231326,723132.ETR,SIX2.F,Sixt SE,false
5299004ZME6CSBR7WP07,DE0007231334,723133.ETR,SIX3.DE,Sixt SE,false
529900533KQNW5XT1N41,DE0006605009,660500.ETR,,,false
52990053OCTMTW77M139,CH0110240600,A1CUXD.ETR,ARBN.SW,Arbonia AG,false
52990053Z17ZYM1KFV27,DE000PAH0038,PAH003.ETR,PAH3.DE,Porsche Automobil Holding SE,false
5299005A2ZEP6AP7KM81,DE000A1ML7J1,A1ML7J.ETR,VNA.DE,Vonovia SE,false
5299005CHJZ14D4FDJ62,DE000ENER6Y0,ENER6Y.ETR,ENR.DE,Siemens Energy AG,false
5299005DETTV58V2PP63,DE0006305006,630500.ETR,DEZ.DE,DEUTZ Aktiengesellschaft,false
5299005KY91C4C6U9H17,DE000KGX8881,KGX888.ETR,KGX.DE,KION GROUP AG,false
5299005SHIN9ZK7GW242,DE0006766504,676650.ETR,NDA.DE,Aurubis AG,false
5299005W5W1R5POQJL03,US3994732069,A2P6UE.ETR,GRPN,"Groupon, Inc.",false
52990061BHKV91FGSB18,DE0006042708,604270.ETR,HAW.DE,HAWESKO Holding Aktiengesellschaft,false
52990067LXA0GDUGW094,DE000A2E4LE9,A2E4LE.ETR,VOTR.F,Voltabox AG,false
5299006C0EVA5LAYOR30,AT000AGRANA3,A2NB37.ETR,AGR.VI,AGRANA Beteiligungs-Aktiengesellschaft,true
5299006FS69Q41A8KK44,DE000A1681X5,A1681X.ETR,SNG.F,Singulus Technologies AG,false
5299006GD4UWSYZOKC28,DE000A0LD6E6,A0LD6E.ETR,GXI.F,Gerresheimer AG,false
5299006MQBYLDAOI2D32,US38068T1051,A0LCTL.ETR,,,false
5299006NYTD89XM31K74,DE0007274136,727413.ETR,STO3.F,Sto SE & Co. KGaA,false
5299006OKY4JQTOWH448,DE0005102008,510200.ETR,BSL.DE,Basler Aktiengesellschaft,false
5299006TWTYFNXLFV488,DE0006968001,696800.ETR,PWO.F,Progress-Werk Oberkirch Aktiengesellschaft,false
5299006UDSEJCTTEJS30,AT0000746409,877738.ETR,VER.VI,VERBUND AG,true
5299006UH636V4UOZS07,FR0000120107,SAVE.FR,SAVE.PA,Savencia SA,false
5299006ZIILJ6VJVSJ32,DE000TLX1005,TLX100.ETR,TLX.DE,Talanx Aktiengesellschaft,false
529900779IEBP27T7695,DE0005538607,553860.ETR,,,false
52990079KTHQHXPGR759,DE0005408686,540868.ETR,VVV3.DE,Ökoworld AG,false
5299007DQ4OLATJQIX97,DE000A2GSU42,A2GSU4.ETR,BKHT.DE,Brockhaus Capital Management AG,false
5299007JEHAF0Z21UD86,DE0006214687,621468.ETR,MLL.DE,Müller - Die lila Logistik SE,false
5299007M20XBX8OEL882,DE0007279507,727950.ETR,SPM.HM,Splendid Medien AG,false
5299007PZPBNXDDWHC04,DE0001262152,126215.ETR,DTD2.DE,B+S Banksysteme Aktiengesellschaft,false
5299007UCGLCBLO3OE49,DE000A0LR936,A0LR93.ETR,ST5.F,STEICO SE,false
5299007YZU978DE0ZY32,FR0013447729,VRLA.FR,VRLA.PA,VERALLIA,true
5299007ZHUSGAJRMWH73,DE0006595101,659510.ETR,MED.DE,MEDICLIN Aktiengesellschaft,false
529900807L67JY81RD65,DE000A0D9PT0,A0D9PT.ETR,MTX.DE,MTU Aero Engines AG,false
52990083R241IFH91Z77,DE0005754402,575440.ETR,LSX.DE,LS telcom AG,false
5299008GFCQY16M45R85,DE0005765507,576550.ETR,XTP.F,Sino AG,false
5299008OP61LV2OHKN14,DE0006578008,657800.ETR,KWG.DE,KHD Humboldt Wedag International AG,false
5299008RI8NGQL3F3J12,DE0005199905,519990.ETR,ECK.F,Ludwig Beck am Rathauseck -Textilhaus Feldmeier Aktiengesellschaft,false
5299008TBI1EUJJSWP89,AT0000KTMI02,A2JKHY.ETR,BMAG.VI,PIERER Mobility AG,true
5299008WW53GLXRORN29,DE0006084403,608440.ETR,HBM.HM,HORNBACH Baumarkt AG,false
5299008X879D2BX3QP14,DE000A2E4MK4,A2E4MK.ETR,NUVA.F,Noratis AG,false
5299008Y94QHNMRK6U07,DE000A1K03W5,A1K03W.ETR,NXR.F,NeXR Technologies SE,false
52990096XE56IELO5P09,DE0005176903,517690.ETR,SUR.DE,Surteco Group SE,false
52990097YFPX9J0H5D87,FR0000120693,853373.ETR,RI.PA,PERNOD RICARD,true
52990097YFPX9J0H5D87,FR0000120693,RI.FR,RI.PA,PERNOD RICARD,true
52990099LIMD4VYT3175,DE000A2NBTL2,A2NBTL.ETR,SLT.HM,Schaltbau Holding AG,false
5299009E3J3ZK6P0GX20,DE000A254211,A25421.ETR,ISHA.DE,INTERSHOP Communications Aktiengesellschaft,false
5299009F0KNZINQQQK37,DE000A2GS5D8,A2GS5D.ETR,DMP.DE,Dermapharm Holding SE,false
529900A7YD9C0LLXM621,DE0005439004,543900.ETR,CON.DE,Continental Aktiengesellschaft,false
529900AHQOSBXKH09981,DE000A3CMGN3,A3CMGN.ETR,HGEA.F,hGears AG,false
529900AOAGTCLBY59M03,DE000A0MZ4B0,A0MZ4B.ETR,DLX.F,Delignit AG,false
529900ARBU9SBJFNX419,AT0000609607,850185.ETR,POS.VI,PORR AG,true
529900B635NV0KEEOR57,DE000A0JQ5U3,A0JQ5U.ETR,M5Z.F,Manz AG,false
529900BCQXUJL7J96G45,DE0006450000,645000.ETR,LPK.DE,LPKF Laser & Electronics Aktiengesellschaft,false
529900BCUIZZOY4FXQ88,DE0005760029,576002.ETR,DE0005760029.SG,,false
529900BHRYZ464GFD289,DE000A161N30,A161N3.ETR,GLJ.DE,Grenke AG,false
529900BKFJBI0QRDJH63,AT0000644505,852927.ETR,LNZ.VI,Lenzing Aktiengesellschaft,true
529900BLNVEW0MVKJB37,US4435731009,A12CWQ.ETR,HUBS,"HubSpot, Inc.",false
529900BN8B4KAHILIX84,DE000A2N4H07,A2N4H0.ETR,WEW.DE,Westwing Group AG,false
529900BNCVTTQVX7D294,DE000A1EMG56,A1EMG5.ETR,WIG1.F,Sporttotal AG,false
529900BQREX03QDSFT72,DE000A1RFMZ1,A1RFMZ.ETR,SMWN.DE,SM Wirtschaftsberatungs AG,false
529900BRWKYJGX50N274,DE0005495329,549532.ETR,HOC.HM,HolidayCheck Group AG,false
529900BU5B7N9GE4XU15,DE0005772206,577220.ETR,FIE.DE,Fielmann Aktiengesellschaft,false
529900BVAET534PD7C28,DE0006292006,629200.ETR,KSB.DE,KSB SE & Co. KGaA,false
529900BVAET534PD7C28,DE0006292030,629203.ETR,KSB3.DE,KSB SE & Co. KGaA,false
529900C1AQEJPOAZ9I12,DE0005157101,515710.ETR,HNL.DE,Hoenle AG,false
529900C3EX1FZGE48X78,DE000A2E4K43,A2E4K4.ETR,DHER.DE,Delivery Hero SE,false
529900C3KRUTSYDK7N87,DE000A1K0235,A1K023.ETR,SMHN.DE,SÜSS MicroTec SE,false
529900C9I6X1XZ169O63,DE000A0KD0F7,A0KD0F.ETR,M4N.HM,Give AG,false
529900CBIWZ57I62HZ92,DE000A0DPRE6,A0DPRE.ETR,LNSX.F,Sixt Leasing SE,false
529900CIUYJHJL6TU820,DE000A1RFMY4,A1RFMY.ETR,RCMN.DE,RCM Beteiligungs AG,false
529900CQ31CN6GV5LL52,DE000KC01000,KC0100.ETR,KCO.DE,Klöckner & Co SE,false
529900CUXZGOCJZR7O57,DE000A288904,A28890.ETR,COP.HM,CompuGroup Medical SE & Co. KGaA,false
529900CVB4R6HDRK5A15,DE000A0HNF96,A0HNF9.ETR,IC8.SG,InCity Immobilien AG,false
529900CY6JKIFT9GH610,DE000A2AA204,A2AA20.ETR,DFTK.DE,DF Deutsche Forfait Aktiengesellschaft,false
529900D476JST576RT25,DE000A0KF6M8,A0KF6M.ETR,H9Y.HM,HanseYachts AG,false
529900D6BF99LW9R2E68,DE0007164600,716460.ETR,SAP.DE,SAP SE,false
529900D82I6R9601CF26,DE000SYM9999,SYM999.ETR,SY1.DE,Symrise AG,false
529900DBX574P554QO57,DE0006464506,646450.ETR,LEI.F,Leifheit Aktiengesellschaft,false
529900DO9BYZ7VA3K502,US98850P1093,A2ARTP.ETR,YUMC,"Yum China Holdings, Inc.",false
529900DRBK1K538NYX30,DE0005232805,523280.ETR,BDT.F,Bertrandt Aktiengesellschaft,false
529900DS2PAVS3K9RV51,AT0000922554,892502.ETR,ROS.VI,Rosenbauer International AG,true
529900E12Z6HXIMHFA15,DE0006202005,620200.ETR,SZG.F,Salzgitter AG,false
529900EGQZ79V21LBL44,DE0006083405,608340.ETR,HBH.DE,HORNBACH Holding AG & Co. KGaA,false
529900EHPFPYHV6IQO98,CH0012214059,HOLN.FR,HOLN.SW,Holcim AG,false
529900EJTD8IR1GN0P96,DE000A3H2333,A3H233.ETR,HABA.HM,Hamborner REIT AG,false
529900EQV2DY4FOAMU38,DE0007165607,716560.ETR,SRT.F,Sartorius Aktiengesellschaft,false
529900EQV2DY4FOAMU38,DE0007165631,716563.ETR,SRT3.DE,Sartorius Aktiengesellschaft,false
529900ETS9WWPA8WR769,DE000A254294,A25429.ETR,IPOK.F,Heidelberger Beteiligungsholding AG,false
529900EVOKN4LCCD9321,AT0000969985,922230.ETR,ATS.VI,AT & S Austria Technologie & Systemtechnik Aktiengesellschaft,true
529900F1RRY8J20M2I79,DE000A1X3YY0,A1X3YY.ETR,BST.F,Bastei Lübbe AG,false
529900F3AIQECS8ZSV61,BE0974320526,A2H5A3.ETR,UMI.BR,UMICORE,true
529900F3EU2GVHVCLR26,DE0005146807,514680.ETR,DEX.DE,Delticom AG,false
529900F7WN69SXTGTM29,DE0005492938,549293.ETR,MZX.DE,Masterflex SE,false
529900F9KI6OYITO9B12,DE0005664809,566480.ETR,EVT.DE,Evotec SE,false
529900FDHSN08UBJII80,DE0005470306,547030.ETR,EVD.DE,CTS Eventim AG & Co. KGaA,false
529900FKCD84R5KOC106,DE0007501009,750100.ETR,TTO.DE,TTL Beteiligungs- und Grundbesitz-AG,false
529900FM8YZZ3AQ4S269,DE000A0KEXC7,A0KEXC.ETR,,,false
529900FNDVTQJOVVPZ19,FR0000121329,HO.FR,HO.PA,THALES,true
529900FNWXR2YEUAUM25,DE000A1EMHE0,A1EMHE.ETR,GTK.DE,Tonkens Agrar AG,false
529900FR2K4P9L9XLV21,DE0007074007,707400.ETR,KWS.DE,KWS SAAT SE & Co. KGaA,false
529900FXM41XSCUSGH04,FR0010481960,ARG.FR,ARG.PA,ARGAN,false
529900FXN57YQ7H5S098,DE000A0LAUP1,A0LAUP.ETR,CE2.HM,CropEnergies AG,false
529900G3SW56SHYNPR95,DE0005810055,581005.ETR,DB1.DE,Deutsche Börse Aktiengesellschaft,false
529900G3SW56SHYNPR95,DE000A0QY709,A0QY70.ETR,,Deutsche Börse Aktiengesellschaft,false
529900G3SW56SHYNPR95,DE000A0QY717,A0QY71.ETR,,Deutsche Börse Aktiengesellschaft,false
529900G3SW56SHYNPR95,DE000A0QY7X4,A0QY7X.ETR,,Deutsche Börse Aktiengesellschaft,false
529900G3SW56SHYNPR95,DE000A0QY7Y2,A0QY7Y.ETR,,Deutsche Börse Aktiengesellschaft,false
529900G3SW56SHYNPR95,DE000A0QY7Z9,A0QY7Z.ETR,,Deutsche Börse Aktiengesellschaft,false
529900G3SW56SHYNPR95,DE000A0S3MA3,A0S3MA.ETR,,Deutsche Börse Aktiengesellschaft,false
529900G3SW56SHYNPR95,DE000A0S3MB1,A0S3MB.ETR,,Deutsche Börse Aktiengesellschaft,false
529900G3SW56SHYNPR95,DE000A0S3MC9,A0S3MC.ETR,,Deutsche Börse Aktiengesellschaft,false
529900G3SW56SHYNPR95,DE000A0S3MD7,A0S3MD.ETR,,Deutsche Börse Aktiengesellschaft,false
529900G3SW56SHYNPR95,DE000A0S3ME5,A0S3ME.ETR,,Deutsche Börse Aktiengesellschaft,false
529900G3SW56SHYNPR95,DE000A0V8CX0,A0V8CX.ETR,,Deutsche Börse Aktiengesellschaft,false
529900G3SW56SHYNPR95,DE000A0V8CY8,A0V8CY.ETR,,Deutsche Börse Aktiengesellschaft,false
529900G3SW56SHYNPR95,DE000A0V8D04,A0V8D0.ETR,,Deutsche Börse Aktiengesellschaft,false
529900G3SW56SHYNPR95,DE000A0V8DF5,A0V8DF.ETR,,Deutsche Börse Aktiengesellschaft,false
529900G3SW56SHYNPR95,DE000A0V8DV2,A0V8DV.ETR,,Deutsche Börse Aktiengesellschaft,false
529900G3SW56SHYNPR95,DE000A0V8DW0,A0V8DW.ETR,,Deutsche Börse Aktiengesellschaft,false
529900G3SW56SHYNPR95,DE000A0V8DX8,A0V8DX.ETR,,Deutsche Börse Aktiengesellschaft,false
529900G3SW56SHYNPR95,DE000A0V8DY6,A0V8DY.ETR,,Deutsche Börse Aktiengesellschaft,false
529900G3SW56SHYNPR95,DE000A0V8DZ3,A0V8DZ.ETR,,Deutsche Börse Aktiengesellschaft,false
529900G3SW56SHYNPR95,DE000A0V8FC7,A0V8FC.ETR,,Deutsche Börse Aktiengesellschaft,false
529900G3SW56SHYNPR95,DE000A0V8FD5,A0V8FD.ETR,,Deutsche Börse Aktiengesellschaft,false
529900G3SW56SHYNPR95,DE000A0V8FE3,A0V8FE.ETR,,Deutsche Börse Aktiengesellschaft,false
529900G3SW56SHYNPR95,DE000A0V8FF0,A0V8FF.ETR,,Deutsche Börse Aktiengesellschaft,false
529900G3SW56SHYNPR95,DE000A0V8FG8,A0V8FG.ETR,,Deutsche Börse Aktiengesellschaft,false
529900G3SW56SHYNPR95,DE000A0V8FH6,A0V8FH.ETR,,Deutsche Börse Aktiengesellschaft,false
529900G3SW56SHYNPR95,DE000A0V8J08,A0V8J0.ETR,,Deutsche Börse Aktiengesellschaft,false
529900G3SW56SHYNPR95,DE000A0V8J16,A0V8J1.ETR,,Deutsche Börse Aktiengesellschaft,false
529900G3SW56SHYNPR95,DE000A0V8J24,A0V8J2.ETR,,Deutsche Börse Aktiengesellschaft,false
529900G3SW56SHYNPR95,DE000A0V8J32,A0V8J3.ETR,,Deutsche Börse Aktiengesellschaft,false
529900G3SW56SHYNPR95,DE000A0V8J40,A0V8J4.ETR,,Deutsche Börse Aktiengesellschaft,false
529900G3SW56SHYNPR95,DE000A0V8J57,A0V8J5.ETR,,Deutsche Börse Aktiengesellschaft,false
529900G3SW56SHYNPR95,DE000A0V8J65,A0V8J6.ETR,,Deutsche Börse Aktiengesellschaft,false
529900G3SW56SHYNPR95,DE000A0V8J73,A0V8J7.ETR,,Deutsche Börse Aktiengesellschaft,false
529900G3SW56SHYNPR95,DE000A0V8J81,A0V8J8.ETR,,Deutsche Börse Aktiengesellschaft,false
529900G3SW56SHYNPR95,DE000A0V8J99,A0V8J9.ETR,,Deutsche Börse Aktiengesellschaft,false
529900G3SW56SHYNPR95,DE000A0V8JG0,A0V8JG.ETR,,Deutsche Börse Aktiengesellschaft,false
529900G3SW56SHYNPR95,DE000A0V8JH8,A0V8JH.ETR,,Deutsche Börse Aktiengesellschaft,false
529900G3SW56SHYNPR95,DE000A0V8JK2,A0V8JK.ETR,,Deutsche Börse Aktiengesellschaft,false
529900G3SW56SHYNPR95,DE000A0V8JL0,A0V8JL.ETR,,Deutsche Börse Aktiengesellschaft,false
529900G3SW56SHYNPR95,DE000A0V8JM8,A0V8JM.ETR,,Deutsche Börse Aktiengesellschaft,false
529900G3SW56SHYNPR95,DE000A0V8JN6,A0V8JN.ETR,,Deutsche Börse Aktiengesellschaft,false
529900G3SW56SHYNPR95,DE000A0V8JP1,A0V8JP.ETR,,Deutsche Börse Aktiengesellschaft,false
529900G3SW56SHYNPR95,DE000A0V8JQ9,A0V8JQ.ETR,,Deutsche Börse Aktiengesellschaft,false
529900G3SW56SHYNPR95,DE000A0V8JR7,A0V8JR.ETR,,Deutsche Börse Aktiengesellschaft,false
529900G3SW56SHYNPR95,DE000A0V8JS5,A0V8JS.ETR,,Deutsche Börse Aktiengesellschaft,false
529900G3SW56SHYNPR95,DE000A0V8JT3,A0V8JT.ETR,,Deutsche Börse Aktiengesellschaft,false
529900G3SW56SHYNPR95,DE000A0V8JU1,A0V8JU.ETR,,Deutsche Börse Aktiengesellschaft,false
529900G3SW56SHYNPR95,DE000A0V8JV9,A0V8JV.ETR,,Deutsche Börse Aktiengesellschaft,false
529900G3SW56SHYNPR95,DE000A0V8JW7,A0V8JW.ETR,,Deutsche Börse Aktiengesellschaft,false
529900G3SW56SHYNPR95,DE000A0V8JX5,A0V8JX.ETR,,Deutsche Börse Aktiengesellschaft,false
529900G3SW56SHYNPR95,DE000A0V8JY3,A0V8JY.ETR,,Deutsche Börse Aktiengesellschaft,false
529900G3SW56SHYNPR95,DE000A0V8JZ0,A0V8JZ.ETR,,Deutsche Börse Aktiengesellschaft,false
529900G3SW56SHYNPR95,DE000A0V8KA1,A0V8KA.ETR,,Deutsche Börse Aktiengesellschaft,false
529900G3SW56SHYNPR95,DE000A0V8KB9,A0V8KB.ETR,,Deutsche Börse Aktiengesellschaft,false
529900G3SW56SHYNPR95,DE000A0V8KC7,A0V8KC.ETR,,Deutsche Börse Aktiengesellschaft,false
529900G3SW56SHYNPR95,DE000A0V8KD5,A0V8KD.ETR,,Deutsche Börse Aktiengesellschaft,false
529900G3SW56SHYNPR95,DE000A0V8KE3,A0V8KE.ETR,,Deutsche Börse Aktiengesellschaft,false
529900G3SW56SHYNPR95,DE000A0V8KF0,A0V8KF.ETR,,Deutsche Börse Aktiengesellschaft,false
529900G3SW56SHYNPR95,DE000A0V8KG8,A0V8KG.ETR,,Deutsche Börse Aktiengesellschaft,false
529900G3SW56SHYNPR95,DE000A0V8KH6,A0V8KH.ETR,,Deutsche Börse Aktiengesellschaft,false
529900G3SW56SHYNPR95,DE000A0V8KJ2,A0V8KJ.ETR,,Deutsche Börse Aktiengesellschaft,false
529900G3SW56SHYNPR95,DE000A0V8KK0,A0V8KK.ETR,,Deutsche Börse Aktiengesellschaft,false
529900G3SW56SHYNPR95,DE000A0V8KL8,A0V8KL.ETR,,Deutsche Börse Aktiengesellschaft,false
529900G3SW56SHYNPR95,DE000A0V8KM6,A0V8KM.ETR,,Deutsche Börse Aktiengesellschaft,false
529900G3SW56SHYNPR95,DE000A0V8KN4,A0V8KN.ETR,,Deutsche Börse Aktiengesellschaft,false
529900G3SW56SHYNPR95,DE000A0Z2680,A0Z268.ETR,,Deutsche Börse Aktiengesellschaft,false
529900G3SW56SHYNPR95,DE000A0Z3P06,A0Z3P0.ETR,,Deutsche Börse Aktiengesellschaft,false
529900G3SW56SHYNPR95,DE000A0Z3P14,A0Z3P1.ETR,,Deutsche Börse Aktiengesellschaft,false
529900G3SW56SHYNPR95,DE000A0Z3P22,A0Z3P2.ETR,,Deutsche Börse Aktiengesellschaft,false
529900G3SW56SHYNPR95,DE000A0Z3P30,A0Z3P3.ETR,,Deutsche Börse Aktiengesellschaft,false
529900G3SW56SHYNPR95,DE000A0Z3P48,A0Z3P4.ETR,,Deutsche Börse Aktiengesellschaft,false
529900G3SW56SHYNPR95,DE000A0Z3PZ4,A0Z3PZ.ETR,,Deutsche Börse Aktiengesellschaft,false
529900G3SW56SHYNPR95,DE000A1A4DP7,A1A4DP.ETR,,Deutsche Börse Aktiengesellschaft,false
529900G3SW56SHYNPR95,DE000A1A4E41,A1A4E4.ETR,,Deutsche Börse Aktiengesellschaft,false
529900G3SW56SHYNPR95,DE000A1A4F73,A1A4F7.ETR,,Deutsche Börse Aktiengesellschaft,false
529900G3SW56SHYNPR95,DE000A1A4F81,A1A4F8.ETR,,Deutsche Börse Aktiengesellschaft,false
529900G3SW56SHYNPR95,DE000A1EXJA1,A1EXJA.ETR,,Deutsche Börse Aktiengesellschaft,false
529900G3SW56SHYNPR95,DE000A1EXNS5,A1EXNS.ETR,,Deutsche Börse Aktiengesellschaft,false
529900G3SW56SHYNPR95,DE000A1X2251,A1X225.ETR,,Deutsche Börse Aktiengesellschaft,false
529900G3SW56SHYNPR95,DE000A1X2XH9,A1X2XH.ETR,,Deutsche Börse Aktiengesellschaft,false
529900G977BSS7DATK68,DE000JST4000,JST400.ETR,JST.F,JOST Werke AG,false
529900GB6FMY3QJLBM61,DE0005110001,511000.ETR,A1OS.DE,All for One Group SE,false
529900GB7KCA94ACC940,DE0007037129,703712.ETR,RWE.DE,RWE Aktiengesellschaft,false
529900GC2NUJ6F0TSK26,DE000A0HL8N9,A0HL8N.ETR,2GB.F,2G Energy AG,false
529900GE4O7ZOMRWR939,DE0006200108,620010.ETR,INH.F,INDUS Holding Aktiengesellschaft,false
529900GEUFGNGXF5Q548,DE000A1TNNN5,A1TNNN.ETR,ACWN.F,A.S. Création Tapeten AG,false
529900GL9CBG4AOM3766,DE000A12UP37,A12UP3.ETR,NC5A.DE,NorCom Information Technology GmbH & Co. KGaA,false
529900GLI93PGU71F690,DE000A2DAM03,A2DAM0.ETR,AAG.DE,Aumann AG,false
529900GNXP3D2XUCWP57,FR0000030769,MLPLC.FR,MLPLC.PA,Placoplatre SA,false
529900GRL4MZ8NMOOK95,DE0005313704,531370.ETR,AFX.DE,Carl Zeiss Meditec AG,false
529900GRZ2BQY5ZM9N49,DE0006969603,696960.ETR,PUM.DE,PUMA SE,false
529900H0HULEN2BZ4604,DE0005909006,590900.ETR,GBF.DE,Bilfinger SE,false
529900H37S84ND4UQ869,DE0007229007,722900.ETR,SWA.DE,Schloss Wachenheim AG,false
529900HA2QT774RUXW59,DE0005158703,515870.ETR,BC8.DE,Bechtle Aktiengesellschaft,false
529900HP7RTRDC3BPW13,DE000A1PG508,A1PG50.ETR,FF24.F,Fast Finance24 Holding AG,false
529900HQULSBCELVUD31,DE000A12UPJ7,A12UPJ.ETR,CAP.DE,SCP Standard Capital Partners AG,false
529900HVDYCUWVD0OE76,DE000A0D6554,A0D655.ETR,NDX1.DE,Nordex SE,false
529900HXE4EQIHJY8518,DE0005878003,587800.ETR,GIL.F,DMG MORI AKTIENGESELLSCHAFT,false
529900I4YVHC8WULT855,CH0451424300,A2PAA5.ETR,IQL.F,iQ International AG,false
529900I4YVHC8WULT855,CH0563815429,A2QAZJ.ETR,,,false
529900I73VUGSTE6DR27,DE0006201106,620110.ETR,CEA.DE,FRIWO AG,false
529900I88AOT7YXRMQ23,DE000A1TNUT7,A1TNUT.ETR,DBAN.F,Deutsche Beteiligungs AG,false
529900IBXKVGR2ZZGT64,DE0005220909,522090.ETR,,Nexus AG,false
529900ICA8XQYGIKR372,NL0000303709,A0JL2Y.ETR,,BAWAG P.S.K. Bank für Arbeit und Wirtschaft und Österreichische Postsparkasse Aktiengesellschaft,true
529900ICA8XQYGIKR372,NL0000303709,AGN.NL,AGN.AS,BAWAG P.S.K. Bank für Arbeit und Wirtschaft und Österreichische Postsparkasse Aktiengesellschaft,true
529900IDFHN9MQ3WUD64,DE0005403901,540390.ETR,CWC.DE,CEWE Stiftung & Co. KGaA,false
529900IIODYNYAZ2ID26,AT0000837307,A0JLPR.ETR,ZAG.VI,Zumtobel Group AG,true
529900IQ90WSXBWSTD78,DE0007193500,719350.ETR,SKB.F,Koenig & Bauer AG,false
529900IQAYRZIGKOJL63,DE000A2GS633,A2GS63.ETR,AEIN.DE,Allgeier SE,false
529900IRBZTADXJB6757,DE000FTG1111,FTG111.ETR,FTK.DE,flatexDEGIRO AG,false
529900ISR2VNZV1C0T93,DE000A0H52F5,A0H52F.ETR,MVV1.DE,MVV Energie AG,false
529900J2IRSW3ULWN521,DE000A0MVLS8,A0MVLS.ETR,ETG.F,EnviTec Biogas AG,false
529900JEHFM47DYY3S57,FR0014000MR3,ERF.FR,ERF.PA,EUROFINS SCIENTIFIC SE,true
529900JFOPPEDUR61H13,DE0005088108,508810.ETR,BWB.DE,Baader Bank Aktiengesellschaft,false
529900JI1GG6F7RKVI53,FR0000120321,853888.ETR,OR.PA,L'OREAL,true
529900JI1GG6F7RKVI53,FR0000120321,OR.FR,OR.PA,L'OREAL,true
529900JK6UXHY1YKZ082,NL0012044747,A2AR94.ETR,RDC.DE,Redcare Pharmacy N.V.,true
529900JSFZ4TS59HKD79,DE0005220008,522000.ETR,EBK.DE,EnBW Energie Baden-Württemberg AG,false
529900K139N6UFJ1A758,DE0007010803,701080.ETR,RAA.DE,RATIONAL Aktiengesellschaft,false
529900K900DW6SUBM174,US7043261079,868284.ETR,PAYX,"Paychex, Inc.",false
529900K9B0N5BT694847,DE0008404005,840400.ETR,ALV.DE,Allianz SE,false
529900KCNFQU5OJH7L33,AT0000720008,588811.ETR,TKA.VI,Telekom Austria Aktiengesellschaft,true
529900KIN5BE45V5KB18,DE0008402215,840221.ETR,HNR1.DE,Hannover Rück SE,false
529900KOICE97ZSA1O52,DE000A0Z23Q5,A0Z23Q.ETR,ADN1.DE,adesso SE,false
529900L3YY7VW52QZT63,DE000A0XYHT5,A0XYHT.ETR,IBU.F,IBU-tec advanced materials AG,false
529900L5AIT07HWHCJ66,DE0006942808,694280.ETR,PZS.DE,Scherzer & Co. AG,false
529900L89P6LHLQVKI48,DE0005407407,540740.ETR,CEK.F,CeoTronics AG,false
529900LFVU534EBRXD13,DE000A1PHFF7,A1PHFF.ETR,BOSS.DE,HUGO BOSS AG,false
529900LG4MEW8I54JM22,DE0007551509,755150.ETR,UZU.F,Uzin Utz SE,false
529900LIN8L1K9MLTR09,DE0006223407,622340.ETR,PCZ.DE,ProCredit Holding AG & Co.KGaA,false
529900LQ2ZJ7F5Z4KN18,CH0303692047,A143NB.ETR,ED4.DE,EDAG Engineering Group AG,false
529900LYIH9JX5XUZL96,DE000A2G9M17,A2G9M1.ETR,CPX.F,capsensixx AG,false
529900M158OU8D7KIY26,DE0005201602,520160.ETR,BEZ.F,Berentzen-Gruppe Aktiengesellschaft,false
529900M25NF9TALIWQ20,DE0006569908,656990.ETR,MLP.F,MLP SE,false
529900MBF3N1ATE55378,DE0007493991,749399.ETR,SAX.F,Ströer SE & Co. KGaA,false
529900MCVP6QF0PTPQ72,DE0005313506,531350.ETR,EKT.DE,Energiekontor AG,false
529900MHY0HTHX71DO39,DE0006636681,663668.ETR,VQT.HM,va-Q-tec AG,false
529900MP0OZ3LL80MX76,DE000A161077,A16107.ETR,ERAG.DE,Ernst Russ AG,false
529900MUF4C20K50JS49,DE0008430026,843002.ETR,MUV2.DE,Münchener Rückversicherungs-Gesellschaft Aktiengesellschaft in München,false
529900MVGMIVUDQY9E20,DE0007042301,704230.ETR,RHK.DE,RHÖN-KLINIKUM Aktiengesellschaft,false
529900MVUWACNUTK8467,AT0000APOST4,A0JML5.ETR,POST.VI,Österreichische Post Aktiengesellschaft,true
529900MWSW56LJ8TRZ61,DE0005181606,518160.ETR,WFA.F,Weng Fine Art AG,false
529900MZ0RTK1BWRNF46,US98980G1022,A2JF28.ETR,ZS,"Zscaler, Inc.",false
529900N7I4DSM16GF659,ATFREQUENT09,A2PHG5.ETR,FQT.F,FREQUENTIS AG,true
529900N912ADVTM1P292,DE000A0MSN11,A0MSN1.ETR,M7U.F,Nynomic AG,false
529900NBM89YAM5ENI18,DE000A255F11,A255F1.ETR,DE000A255F11.SG,Friedrich Vorwerk Group SE,false
529900NCRGGS5E0MGL93,DE000A2E4T77,A2E4T7.ETR,2HRA.DE,H&R GmbH & Co. KGaA,false
529900NFW9IP8LMOFM33,DE000A2YPDD0,A2YPDD.ETR,VIH1.DE,VIB Vermögen AG,false
529900NG5C03XEKUA646,DE0005774103,577410.ETR,FEV.F,FORTEC Elektronik Aktiengesellschaft,false
529900NK4WP5QSWI8X50,DE0007657231,765723.ETR,VIB3.F,Villeroy & Boch Aktiengesellschaft,false
529900NN7SOJ5QG82X67,DK0060448595,A1KAGC.ETR,COLO-B.CO,COLOPLAST A/S,true
529900NNSQCX28FWBW79,DE000A0XYG76,A0XYG7.ETR,DR0.DE,Deutsche Rohstoff AG,false
529900NNUPAGGOMPXZ31,DE0007664005,766400.ETR,VOW.DE,VOLKSWAGEN AKTIENGESELLSCHAFT,false
529900NNUPAGGOMPXZ31,DE0007664039,766403.ETR,VOW3.DE,VOLKSWAGEN AKTIENGESELLSCHAFT,false
529900NQYULK6CGQIN42,DE0002605557,260555.ETR,B8A.MU,BAVARIA Industries Group AG,false
529900NY0WWQUKOMWQ37,DE000PSM7770,PSM777.ETR,PSM.DE,ProSiebenSat.1 Media SE,false
529900NY2GSZWWUBW049,DE0006335003,633500.ETR,KRN.DE,KRONES Aktiengesellschaft,false
529900NZQ81TIOW3CW52,US55616P1049,A0MS7Y.ETR,M,"Macy's, Inc.",false
529900NZYUC5IBOIDC88,DE0008131350,813135.ETR,AMI.DE,medondo holding AG,false
529900O5RR7R39FRDM42,SE0000106270,872318.ETR,HM-B.ST,H & M Hennes & Mauritz AB,true
529900OAREIS0MOPTW25,DE0006599905,659990.ETR,MRK.DE,MERCK Kommanditgesellschaft auf Aktien,false
529900OEWA4GSZEZ4P40,DE000A0BL849,A0BL84.ETR,V3V.F,Vita 34 AG,false
529900OOW8ELHOXWZP82,AT0000821103,928900.ETR,UQA.VI,UNIQA Insurance Group AG,true
529900OS5AIRXC3T2J37,DE000A0Z1JH9,A0Z1JH.ETR,PSAN.DE,PSI Software AG,false
529900P34GDHGXK6VB37,DE000A2NB601,A2NB60.ETR,JEN.DE,JENOPTIK Aktiengesellschaft,false
529900P4JZBFEVNEAE60,AT0000741053,878279.ETR,EVN.VI,EVN AG,true
529900PH63HYJ86ASW55,DE0008232125,823212.ETR,LHA.DE,Deutsche Lufthansa Aktiengesellschaft,false
529900PHZORTU6FSXE73,DE0006219934,621993.ETR,JUN3.F,Jungheinrich Aktiengesellschaft,false
529900PL69Z32D8WH189,DE0006208408,620840.ETR,IUR.DE,KAP AG,false
529900PLX4ADJFWIY024,DE000A13SX22,A13SX2.ETR,HLE.DE,HELLA GmbH & Co. KGaA,false
529900PM64WH8AF1E917,DE000BASF111,BASF11.ETR,BAS.DE,BASF SE,false
529900POEO7KMKWM0A53,DE0005570808,557080.ETR,UBK.DE,UmweltBank AG,false
529900PP0C7H2HHPSJ32,US3119001044,887891.ETR,FAST,Fastenal Company,false
529900PS9YW3YY29F326,CH0126881561,A1H81M.ETR,SREN.SW,Swiss Re AG,false
529900PTLRE72EMYIJ77,DE0005470405,547040.ETR,LXS.DE,LANXESS Aktiengesellschaft,false
529900PURWE5WMRCH576,DE000A11Q133,MLHK.FR,MLHK.PA,H&K AG,false
529900PV3Y1FXFBWXO56,DE000A0KPPR7,A0KPPR.ETR,NTG.DE,Nabaltec AG,false
529900Q3CGRYVCW7E340,DE000A289VV1,A289VV.ETR,HAEK.HM,HAEMATO AG,false
529900Q6JQHI8X451Q21,DE000A0DJ6J9,A0DJ6J.ETR,S92.DE,SMA Solar Technology AG,false
529900Q9G9280ADNOA39,DE0005104400,510440.ETR,AOF.DE,ATOSS Software SE,false
529900QBVWXMWANH7H45,DE000SHL1006,SHL100.ETR,SHL.DE,Siemens Healthineers AG,false
529900QDISXXZ2D1Q489,DE0007856023,785602.ETR,ZIL2.F,ElringKlinger AG,false
529900QE24Q67I3FWZ10,DE000A0HN5C6,A0HN5C.ETR,DWNI.DE,Deutsche Wohnen SE,false
529900QXC6TDASMCSU89,DE000A14KRD3,A14KRD.ETR,DKG.DE,Deutsche Konsum Real Estate AG,false
529900QXCJYECYCN6V41,DE000A1X3X33,A1X3X3.ETR,WCMK.HM,WCM Beteiligungs- und Grundbesitz-AG,false
529900R0S2IX1S358J38,DE0006452907,645290.ETR,NEM.DE,Nemetschek SE,false
529900R27DL06UVNT076,DE0007100000,710000.ETR,MBG.DE,Daimler AG,false
529900R2B8HNG8H5ED30,DE000A28M8D0,DE000A28M8D0.NL,DE000A28M8D0.AS,,false
529900R2B8HNG8H5ED30,DE000A3GPSP7,DE000A3GPSP7.NL,DE000A3GPSP7.AS,,false
529900R2B8HNG8H5ED30,DE000A3GPSP7,VETH.FR,VETH.PA,VanEck Ethereum ETN A,false
529900R2B8HNG8H5ED30,DE000A3GSUC5,DE000A3GSUC5.FR,DE000A3GSUC5.PA,,false
529900R2B8HNG8H5ED30,DE000A3GSUC5,VDOT.NL,VDOT.AS,VanEck Polkadot ETN A,false
529900R2B8HNG8H5ED30,DE000A3GSUD3,DE000A3GSUD3.FR,DE000A3GSUD3.PA,,false
529900R2B8HNG8H5ED30,DE000A3GSUD3,VSOL.NL,VSOL.AS,VanEck Solana ETN A,false
529900R2B8HNG8H5ED30,DE000A3GSUE1,DE000A3GSUE1.FR,DE000A3GSUE1.PA,,false
529900R2B8HNG8H5ED30,DE000A3GSUE1,VTRX.NL,VTRX.AS,VanEck TRON ETN A,false
529900RE3JI3SZCF9R79,DE000FPH9000,FPH900.ETR,FPH.HM,Francotyp-Postalia Holding AG,false
529900RJL86244E1I652,DE000WACK012,WACK01.ETR,WAC.F,Wacker Neuson SE,false
529900RLXP5HZXHVCT80,DE000A289V03,A289V0.ETR,93M1.F,MPH Health Care AG,false
529900S21EQ1BO4ESM68,FR0000120271,850727.ETR,TTE.PA,TotalEnergies SE,true
529900S21EQ1BO4ESM68,FR0000120271,TTE.FR,TTE.PA,TotalEnergies SE,true
529900S2ZKWINY4ZNU39,DE0005178008,517800.ETR,SYT.DE,Softing AG,false
529900S3ZI14OWRJII50,US02043Q1076,A0CBCK.ETR,ALNY,"Alnylam Pharmaceuticals, Inc.",false
529900S8QNB101D40S72,DE0007297004,729700.ETR,SZU.F,Südzucker AG,false
529900SEX4UQ2WLPRC40,US9855101062,A2QN3E.ETR,,,false
529900SM0FDLLYATXU36,DE0005194005,519400.ETR,BYW.DE,BayWa Aktiengesellschaft,false
529900SM0FDLLYATXU36,DE0005194062,519406.ETR,BYW6.DE,BayWa Aktiengesellschaft,false
529900SNF9E1P5ZO4P98,DE000A3E5D56,A3E5D5.ETR,FPE.DE,Fuchs SE,false
529900SNF9E1P5ZO4P98,DE000A3E5D64,A3E5D6.ETR,DE000A3E5D64.SG,,false
529900SSBV5I4LWSK313,US2533931026,662541.ETR,DKS,"DICK'S Sporting Goods, Inc.",false
529900SUURYOXKCQ6Z90,DE000A11QW68,A11QW6.ETR,HRPK.DE,7C Solarparken AG,false
529900T4Y9MH9A5TJJ87,DE000A0LR4P1,A0LR4P.ETR,H9W.DE,HWA AG,false
529900TAE68USJNXLR59,DE0008303504,830350.ETR,TEG.DE,TAG Immobilien AG,false
529900TID8A3AEWPG697,DE0005498901,549890.ETR,DAM.DE,DATA MODUL Aktiengesellschaft Produktion und Vertrieb von elektronischen Systemen,false
529900U1YYT1FMT1KR71,DE000RYSE888,RYSE88.ETR,,,false
529900U350CWHH15G169,US25470M1099,A0NBN0.ETR,,,false
529900UIMQRKPFN6SV80,DE000TRAT0N7,TRAT0N.ETR,8TRA.DE,TRATON SE,false
529900UMKKDCAP4P4H63,DE0005677108,567710.ETR,ELG.DE,Elmos Semiconductor SE,false
529900UXB9R20Y9CZG06,DE000A1EWVR2,A1EWVR.ETR,A62.DU,IGP Advan­tag AG,false
529900V1ZBO7TDIQX144,DE000A168205,A16820.ETR,SVE.DE,Shareholder Value Beteiligungen AG,false
529900VJD4H4GZ0KGA70,DE0005895403,589540.ETR,GMM.F,GRAMMER Aktiengesellschaft,false
529900VKQHIQKPDF7811,DE0007203705,720370.ETR,SHF.DE,SNP Schneider-Neureither & Partner SE,false
529900VM3464806ERS69,DE000DWS1007,DWS100.ETR,DWS.DE,DWS Group GmbH & Co. KGaA,false
529900VPRFDDIN7BE119,DE0006204407,620440.ETR,,,false
529900VVQ4470YJ67K26,DE0005167902,516790.ETR,UUU.DE,3U Holding AG,false
529900VXIFBHO0SW2I31,AT0000831706,852894.ETR,WIE.VI,Wienerberger AG,true
529900W51PINCFFALS96,DE000A0JL9W6,A0JL9W.ETR,VBK.DE,VERBIO Vereinigte BioEnergie AG,false
529900W65VE206C6PC25,DE0005775803,577580.ETR,FRS.DE,FORIS AG,false
529900W697S31A26WT02,DE000A0STSQ8,A0STSQ.ETR,M12.DE,M1 Kliniken AG,false
529900WCUY9ZAHMRV489,US1894641000,A1JPJY.ETR,,,false
529900WNWN5L0OVDHA79,US12541W2098,A0HGF5.ETR,CHRW,"C.H. Robinson Worldwide, Inc.",false
529900X0OMB39EW0OC11,DE0005156236,515623.ETR,SCE.DE,Schweizer Electronic AG,false
529900XO0YTOOKCLQB44,DE0005493092,549309.ETR,BVB.DE,Borussia Dortmund GmbH & Co. Kommanditgesellschaft auf Aktien,false
529900Y25S8NZIYTT924,DE0006070006,607000.ETR,HOT.DE,HOCHTIEF Aktiengesellschaft,false
529900Y2B3X8XMAPUH28,DE000A161N22,A161N2.ETR,TUF.F,LIBERO Football Finance AG,false
529900Y4JC31VHRD9012,DE0005580005,558000.ETR,DIE.F,Dierig Holding AG,false
529900Y9QTEFHFEKQ736,DE0007480204,748020.ETR,DEQ.DE,Deutsche EuroShop AG,false
529900Y9V9S4JSXJZK89,DE0008148206,814820.ETR,MBK.DE,Merkur PrivatBank KgaA,false
529900YPBSSV8PHYCF60,DE000A1YDAZ7,A1YDAZ.ETR,SD1.HM,Clean Logistics SE,false
529900YRFFGH5AXU4S86,DE000ZAL1111,ZAL111.ETR,ZAL.DE,Zalando SE,false
529900YURAYD4IJX2J91,DE000KSAG888,KSAG88.ETR,SDF.DE,K+S Aktiengesellschaft,false
529900Z3TN9K598Y4G29,DE000A0JC0V8,A0JC0V.ETR,,,false
529900Z5OVX74EG2PD20,DE000A0EQ578,A0EQ57.ETR,,,false
529900Z8B6L1WCLNHW14,DE000A0LBFE4,A0LBFE.ETR,M3V.DE,MeVis Medical Solutions AG,false
529900ZARRZWUT1YO213,DE000A1YC996,A1YC99.ETR,PU11.F,The Social Chain AG,false
529900ZAXBMQDIWPNB72,AT0000937503,897200.ETR,VOE.VI,voestalpine AG,true
529900ZIETUJG71XNM98,DE0005533400,553340.ETR,DGR.DE,Deutsche Grundstücksauktionen AG,false
529900ZJQKHS1W2KJY50,GA0000121459,EC.FR,EC.PA,TotalEnergies EP Gabon Société Anonyme,false
529900ZM98OISTG16932,DE0007314007,731400.ETR,HDD.DE,Heidelberger Druckmaschinen Aktiengesellschaft,false
529900ZPF6KHG6O3GY79,DE000A0LR9G9,A0LR9G.ETR,EXL.DE,Exasol AG,false
529900ZRINMVRLGE9A07,DE0007830572,783057.ETR,4DS.F,Daldrup & Söhne Aktiengesellschaft,false
529900ZZJWANAFSPGV30,DE000STRA555,STRA55.ETR,SBS.F,STRATEC SE,false
5323X5O7RN0NKFCDRY08,US9113631090,911443.ETR,URI,"United Rentals, Inc.",false
54930005OUP720S5U385,US7502361014,885069.ETR,RDN,Radian Group Inc.,false
549300072P3J1X8NZO35,NL0011821392,LIGHT.NL,LIGHT.AS,SIGNIFY N.V.,true
54930007SJ77CI66U531,US86771W1053,A14V1T.ETR,RUN,Sunrun Inc.,false
54930008SFZH7W0RZF83,NL0014270217,ASN5.NL,ASN5.AS,ASN Duurzaam S&Mid Cap R,false
5493000BD5GJNUDIUG10,US5926881054,910553.ETR,MTD,Mettler-Toledo International Inc.,false
5493000C01ZX7D35SD85,US0846701086,854075.ETR,BRKA.VI,Berkshire Hathaway Inc.,false
5493000C01ZX7D35SD85,US0846707026,A0YJQ2.ETR,BRK-B,Berkshire Hathaway Inc.,false
5493000F4ZO33MV32P92,US45866F1049,A1W5H0.ETR,ICE,"Intercontinental Exchange, Inc.",false
5493000J7LL72TOGT983,US0028962076,903016.ETR,ANF,Abercrombie & Fitch Co.,false
5493000KKX5VQ37Q2W83,FR0010425595,ALCLS.FR,ALCLS.PA,Cellectis S.A.,false
5493000O3IE3DNOY3R07,BMG455841020,HAL.NL,HAL.AS,HAL Trust,true
5493000TSHHWY24VHM09,US6866881021,A0DK9X.ETR,ORA,"Ormat Technologies, Inc.",false
5493000WDH6A0LHDJD55,US8326964058,633835.ETR,SJM,The J. M. Smucker Company,false
5493000Y33XDVO2CXC18,US98421M1062,A2PPE1.ETR,XRX,Xerox Holdings Corporation,false
54930015FPK9KT966303,US3156161024,922977.ETR,FFIV,"F5, Inc.",false
54930015RAQRRZ5ZGJ91,US92532F1003,882807.ETR,VRTX,Vertex Pharmaceuticals Incorporated,false
549300161U3R53V4SO45,FR0000054322,CIB.FR,ALCBX.PA,Cibox Inter@ctive,false
5493001EZOOA66PTBR68,FR0000051732,ATO.FR,ATO.PA,ATOS SE,true
5493001NTNQJDH60PM02,US01609W1027,A117ME.ETR,BABA,Alibaba Group Holding Limited,false
5493001RONPF2Y4H4N47,NL0000286045,NNNA.NL,NNNA.AS,NN North America Fund - P,false
5493001UW25QWCUXN079,NL0000293173,NNDM4.NL,NNDM4.AS,NN Dynamic Mix Fund IV,false
5493001W31MVFKKLV295,AT0000827209,A0LGV4.ETR,WXF.VI,Warimpex Finanz- und Beteiligungs Aktiengesellschaft,true
5493001WKQK5C6X5DU58,NL0009265404,NNGOF.NL,NNGOF.AS,NN Paraplufonds 1 N.V. - NN Global Sustainable Opportunities Fund,false
5493001Z3ZE83NGK8Y12,GB0007099541,852069.ETR,PRU.L,Prudential Public Limited Company,true
5493002BI0S2ZQUY3437,US3825501014,851204.ETR,GT,The Goodyear Tire & Rubber Company,false
5493002CONDB4N2HKI23,US7010941042,855950.ETR,PH,Parker-Hannifin Corporation,false
5493002F0SC4JTBU5137,US8636671013,864952.ETR,SYK,Stryker Corporation,false
5493002U1CA1XJOVID83,US57060D1081,A0B897.ETR,MKTX,MarketAxess Holdings Inc.,false
5493002WL2W5WMS89568,US1567271093,A2PRLS.ETR,CRNC,Cerence Inc.,false
5493002XNM3W9D6DF327,GG00B1FQG453,BGHL.NL,,,false
5493002YS021166W0339,US70614W1009,A2PR0M.ETR,PTON,"Peloton Interactive, Inc.",false
54930032LHW54PQUJD44,US34964C1062,A1JE0N.ETR,FBIN,"Fortune Brands Innovations, Inc.",false
54930033SBW53OO8T749,US2091151041,911563.ETR,ED,"Consolidated Edison, Inc.",false
54930035GFU1FKBFS457,NL0006311839,NNGLO.NL,NNGLO.AS,NN Global Obligatie Fonds,false
54930036C8MWP850MI84,US6558441084,867028.ETR,NSC,Norfolk Southern Corporation,false
5493003AVK173D48DR70,US1921085049,A0RNL2.ETR,CDE,"Coeur Mining, Inc.",false
5493003CJFC2MM82WB25,US81752R1005,A14UQQ.ETR,SRG,Seritage Growth Properties,false
5493003HHDOCCW4OP744,US88554D2053,888346.ETR,DDD,3D Systems Corporation,false
5493003MASTEE11NEJ34,NL0014270233,ASNML.NL,ASNML.AS,ASN Milieu & Waterfonds R,false
5493003S21INSLK2IP73,US2605571031,A2PFRC.ETR,DOW,Dow Inc.,false
5493003T8SZSHOGGAW52,US10922N1037,A2DUDM.ETR,BHF,"Brighthouse Financial, Inc.",false
5493003TARU041L6MN07,CWN814651014,MORE.NL,MORE.AS,Morefield Group N.V.,false
5493003UDPENPUQBJH65,BE0974310428,XFAB.FR,XFAB.PA,X-Fab Silicon Foundries,true
5493003VYL2SZEKTMF32,NL0006311862,NNLF.NL,NNLF.AS,NN Lion Fund,false
5493004201F72ADDZW04,US9224171002,896007.ETR,VECO,Veeco Instruments Inc.,false
54930042348RKR3ZPN35,US25179M1036,925345.ETR,DVN,Devon Energy Corporation,false
54930043XZGB27CTOV49,US88160R1014,A1CX3T.ETR,TSLA,"Tesla, Inc.",false
54930044KVSC06Z79I06,US1890541097,856678.ETR,CLX,The Clorox Company,false
5493004G3J2SC154DU06,US19260Q1076,A2QP7J.ETR,COIN,"Coinbase Global, Inc.",false
5493004MCF8JDC86VS77,US2944291051,854618.ETR,EFX,Equifax Inc.,false
5493004V6A3Z027YT216,FR0000130395,RCO.FR,RCO.PA,REMY COINTREAU,true
549300505KLOET039L77,US36467W1099,A0HGDX.ETR,GME,GameStop Corp.,false
54930050SSMU8SKDJ030,US69370C1009,A1H9GN.ETR,PTC,PTC Inc.,false
54930052SRG011710797,US46120E6023,888024.ETR,ISRG,"Intuitive Surgical, Inc.",false
5493005GKEG8QCVY7037,US21036P1084,871918.ETR,STZ,"Constellation Brands, Inc.",false
5493005GNGE7UFJCIL03,FR0000121857,FBEL.FR,,,false
5493005JBO5YSIGK1814,US7185461040,A1JWQU.ETR,PSX,Phillips 66,false
5493005TYN4G6OVWVP35,NL0014270316,ASNZO.NL,ASNZO.AS,ASN Duurzaam Mixfonds Zeer Offensief,false
5493005UFVHY0PPNKD75,DE0005550602,555060.ETR,DRW8.DE,Drägerwerk AG & Co. KGaA,false
5493005UFVHY0PPNKD75,DE0005550636,555063.ETR,DRW3.DE,Drägerwerk AG & Co. KGaA,false
5493005UWYUHCCQ0EW87,NL0010831046,BOBL.NL,BOBL.AS,Robeco Customized US Large Cap Eqs G €,false
5493005VZK1KMN6CO617,US73278L1052,A0JMVJ.ETR,POOL,Pool Corporation,false
5493005X2GO78EFZ3E94,US70450Y1038,A14R7U.ETR,PYPL,"PayPal Holdings, Inc.",false
5493005XWVVZ07J7EU39,NL0000293165,NNDM3.NL,NNDM3.AS,NN Dynamic Mix Fund III,false
54930066VBP7DZEGGJ87,US5529531015,880883.ETR,MGM,MGM Resorts International,false
5493006CMF043V56K243,US9616842061,A2PG8A.ETR,WWR,"Westwater Resources, Inc.",false
5493006IEVQEFQO40L83,US1924461023,915272.ETR,CTSH,Cognizant Technology Solutions Corporation,false
5493006IH2N2WMIBB742,FR0013176526,FR.FR,FR.PA,VALEO,true
5493006K3E3N1QOBF092,US9255501051,A14XLZ.ETR,VIAV,Viavi Solutions Inc.,false
5493006KG87W8S0TKV54,GB00B94QM994,ECT.NL,ECT.AS,Eurocastle Investment Limited,false
5493006MHB84DD0ZWV18,US02079K1079,A14Y6H.ETR,GOOG,Alphabet Inc.,false
5493006MHB84DD0ZWV18,US02079K3059,A14Y6F.ETR,1GOOGL.MI,Alphabet Inc.,false
5493006MN6OH67U2YI74,NL0000888691,AMG.NL,AMG.AS,AMG Critical Materials N.V.,true
5493006QMFDDMYWIAM13,ES0113900J37,858872.ETR,SAN.MC,BANCO SANTANDER S.A.,true
5493006TKFPYISY2DS54,US76118Y1047,A2N64R.ETR,REZI,"Resideo Technologies, Inc.",false
54930070J9H97ZO93T57,US4771431016,541867.ETR,JBLU,JetBlue Airways Corporation,false
54930070NSV60J38I987,US37045V1008,A1C9CM.ETR,GM,General Motors Company,false
54930073LBBH6ZCBE225,US60871R2094,A0DPTB.ETR,TAP,Molson Coors Beverage Company,false
54930075MZSSIB2TGC64,FR0000120859,NK.FR,NK.PA,IMERYS,true
5493007B9BM9ZXJINO78,US5380341090,A0H0VZ.ETR,LYV,"Live Nation Entertainment, Inc.",false
5493007EIKM2ENQS7U66,DE000A12DM80,A12DM8.ETR,G24.DE,Scout24 AG,false
5493007JDSMX8Z5Z1902,US1344291091,850561.ETR,CPB,The Campbell's Company,false
5493007KMDG4MFIGJJ63,FR0010609263,MKEA.FR,ALMKT.PA,MAUNA KEA TECHNOLOGIES,true
5493007NKRGM1RJQ1P16,US9553061055,864330.ETR,WST,"West Pharmaceutical Services, Inc.",false
5493007PTFULNYZJ1R12,US5950171042,886105.ETR,MCHP,Microchip Technology Incorporated,false
54930080TRNZE8ORP359,NL0010511002,DDEF.NL,DDEF.AS,DD Equity A EUR Acc,false
54930084U0R1OP766Y02,US45253H1014,878613.ETR,,,false
54930089Q7XT501AEA40,US29786A1060,A14P98.ETR,ETSY,"Etsy, Inc.",false
5493008C12PZMWP3WY03,US4851703029,502665.ETR,,,false
5493008H3828EMEXB082,BE0974293251,A2ASUV.ETR,ABI.BR,ANHEUSER-BUSCH INBEV,true
5493008I9R5597D9MY12,CH0008175645,TVRB.FR,TVRB.PA,Téléverbier SA,false
5493008IUOJ5VWTRC333,US4606901001,851781.ETR,,,false
5493008LG4W3I6K8J118,US2435371073,894298.ETR,DECK,Deckers Outdoor Corporation,false
5493008MTS3OGGMHGK69,US74967X1037,A2DJTU.ETR,RH,RH,false
5493008U7KIGMI59Z314,US29355A1079,A1JC82.ETR,ENPH,"Enphase Energy, Inc.",false
5493009CUNFK9IGU8R54,US00774B2088,AKOM.FR,AKOM.PA,Aerkomm Inc.,false
5493009PRNKOUKBAT390,US4627261005,A0F5CC.ETR,,,false
5493009S30DUFCF75V87,US22304C1009,A2PBX0.ETR,,,false
5493009Y6HOBZD1QD537,US4227041062,854693.ETR,HL,Hecla Mining Company,false
549300AK8Y0LBIQ4T071,FR0013280286,BIM.FR,BIM.PA,BIOMERIEUX SA,true
549300AKX7O8JG0O3G77,US1630921096,A1W4ER.ETR,CHGG,"Chegg, Inc.",false
549300AMCKY57OK2CO56,US68622V1061,A3CPKP.ETR,OGN,Organon & Co.,false
549300AZ0JTVTW3IZY37,DE0007446007,744600.ETR,TTK.DE,TAKKT AG,false
549300B2FTG34FILDR98,US90353T1007,A2PHHG.ETR,UBER,"Uber Technologies, Inc.",false
549300B4YFWH3U74B152,US03966V1070,A2PZZV.ETR,47I.HM,,false
549300B5FXAXUCWNP180,NL0014270282,ASND.NL,ASND.AS,ASN Duurzaam Mixfonds Defensief,false
549300B8P6MUJ1YWTS08,FR0000120172,852362.ETR,CA.PA,CARREFOUR,true
549300B8P6MUJ1YWTS08,FR0000120172,CA.FR,CA.PA,CARREFOUR,true
549300BIJKT86CPCKK96,US57667L1070,A2P75D.ETR,MTCH,"Match Group, Inc.",false
549300BKPEP01R3V6C59,US6935061076,852026.ETR,PPG,"PPG Industries, Inc.",false
549300BO9IWPF3S48F93,US2220702037,A1WY6X.ETR,COTY,Coty Inc.,false
549300BSQ0R4UZ5KX287,US1598641074,939391.ETR,CRL,"Charles River Laboratories International, Inc.",false
549300BUDHS3LRWBE814,US9285634021,A0MYC8.ETR,,,false
549300BX44RGX6ANDV88,US42824C1099,A140KD.ETR,HPE,Hewlett Packard Enterprise Company,false
549300BX623VURJZ5269,US29415F1049,A2PN69.ETR,NVST,Envista Holdings Corporation,false
549300C8EH0H1614VE84,US76680R2067,A1W58K.ETR,RNG,"RingCentral, Inc.",false
549300CHPK3JEF8T7982,NL0006311730,NNESC.NL,NNESC.AS,NN Paraplufonds 1 N.V. - NN Europe Small Caps Fund,false
549300CJMQNCA0U4TS33,FR0011981968,WLN.FR,WLN.PA,WORLDLINE,true
549300CMFRXVMGWPXO56,NL0014926404,KSGHD.NL,KSGHD.AS,Kempen Capital Management - Kempen Sustainable Global High Dividend Fund N.V.,false
549300CP8NY40UP89Q40,DE0005785802,578580.ETR,FME.DE,Fresenius Medical Care AG & Co. KGaA,false
549300CQJMLT21SZFL16,US38268T1034,A1XE7G.ETR,GPRO,"GoPro, Inc.",false
549300CRL28LF3CSEA14,NL0010937066,GVNV.NL,,,false
549300CXGMDKYTFTQH55,NL0014270274,ASNZD.NL,ASNZD.AS,ASN Duurzaam Mixfonds Zeer Defensief,false
549300D2KJ20JMXE7542,US78486Q1013,A0ET46.ETR,,,false
549300D3L3G0R4U4VT04,US0320951017,882749.ETR,APH,Amphenol Corporation,false
549300D4549QKWETZ406,US9043111072,A0HL4V.ETR,UAA,"Under Armour, Inc.",false
549300D4549QKWETZ406,US9043112062,A2AF8T.ETR,UA,"Under Armour, Inc.",false
549300D46DQVEU651W04,US3724601055,858406.ETR,GPC,Genuine Parts Company,false
549300D5I93QWCJTCK36,GB00BDSFG982,FTI.FR,FTI,TechnipFMC plc,false
549300D6NI416VIQ6R53,NL0011309349,AVIAW.NL,AVIAW.AS,Cardano ESG Trans EnhIndx Eq Glob C1 D €,false
549300D9GZ4BMLDW5T40,US5500211090,A0MXBY.ETR,LULU,lululemon athletica inc.,false
549300DCAFIXFNFR3304,US8485771021,A1CX36.ETR,,,false
549300DDU6FDRBIELS05,US35137L1052,A2PF3K.ETR,FOXA,Fox Corporation,false
549300DF5MV96DRYLQ48,US98419M1009,A1JMBU.ETR,XYL,Xylem Inc.,false
549300DFVPOB67JL3A42,GB0004544929,903000.ETR,IMB.L,IMPERIAL BRANDS PLC,false
549300DJ09SMTO561131,US8545021011,A1CTQA.ETR,SWK,"Stanley Black & Decker, Inc.",false
549300DKPDN9M5S8GB14,US58733R1023,A0MYNP.ETR,MELI,"MercadoLibre, Inc.",false
549300DOVZ3EDJB7O259,US23355L1061,A2DM8U.ETR,DXC,DXC Technology Company,false
549300DRQQI75D2JP341,US89832Q1094,A2PWMZ.ETR,TFC,Truist Financial Corporation,false
549300DSFX2IE88NSX47,US0997241064,887320.ETR,BWA,BorgWarner Inc.,false
549300DUOO1KXOHPM605,US5178341070,A0B8S2.ETR,LVS,Las Vegas Sands Corp.,false
549300DV9GIB88LZ5P30,US6092071058,A1J4U0.ETR,MDLZ,"Mondelez International, Inc.",false
549300DXHIJQMD5WFW18,US0304201033,A0NJ38.ETR,AWK,"American Water Works Company, Inc.",false
549300DYMC8BGZZC8844,DK0061539921,A3CMNS.ETR,VWS.CO,VESTAS WIND SYSTEMS A/S,true
549300DYP6F5ZJL0LB74,US4364401012,879100.ETR,,,false
549300E707U7WNPZN687,US31428X1063,912029.ETR,FDX,FedEx Corporation,false
549300E9PC51EN656011,FR0000120578,920657.ETR,SAN.PA,SANOFI,true
549300E9PC51EN656011,FR0000120578,SAN.FR,SAN.PA,SANOFI,true
549300EDRLDFOSBD1G50,NL0010949392,CNV.FR,,Cnova N.V.,true
549300EEJH4FEPDBBR25,ES0178430E18,850775.ETR,TEF.MC,TELEFONICA SA,true
549300EFWH9UR17YSK05,FR0010221234,ETL.FR,ETL.PA,EUTELSAT COMMUNICATIONS,true
549300EI6OKH5K5Q2G38,US60770K1079,A2N9D9.ETR,MRNA,"Moderna, Inc.",false
549300EJG376EN5NQE29,US1266501006,859034.ETR,CVS,CVS Health Corporation,false
549300EMP9DT6Q35HZ31,NL0000852564,AALB.NL,AALB.AS,Aalberts N.V.,true
549300ENZFLPGRDFZQ60,US7782961038,870053.ETR,ROST,"Ross Stores, Inc.",false
549300EQ4L1O62OQHV09,NL0000289858,NNHDA.NL,NNHDA.AS,NN Hoog Dividend Aandelen Fonds - P,false
549300EWC06TYV07XE53,FR0000062671,GOE.FR,EXA.PA,EXAIL TECHNOLOGIES,true
549300F6JNO0KRPO1K63,US23804L1035,A2PSFR.ETR,DDOG,"Datadog, Inc.",false
549300FC3G3YU2FBZD92,US8425871071,852523.ETR,SO,The Southern Company,false
549300FIBAKMNHPZ4009,US29452E1010,A2PX9L.ETR,EQH,"Equitable Holdings, Inc.",false
549300FMC2ALGA7N9E80,US2600031080,853707.ETR,DOV,Dover Corporation,false
549300FOEUH1IP7C0817,NL0000293157,NNDM2.NL,NNDM2.AS,NN Dynamic Mix Fund II - P,false
549300G0CFPGEF6X2043,US4781601046,853260.ETR,JNJ,Johnson & Johnson,false
549300G8MN54YBNR2E45,NL0000290468,LANDE.NL,LANDE.AS,Evi Go Gematigd Defensief - klasse N,false
549300G8MN54YBNR2E45,NL0000290476,LANNE.NL,LANNE.AS,Evi Go Neutraal - klasse N,false
549300G8MN54YBNR2E45,NL0000290484,LANGR.NL,LANGR.AS,Evi Go Offensief - klasse N,false
549300GHBMY8T5GXDE41,US91324P1021,869561.ETR,UNH,UnitedHealth Group Incorporated,false
549300GKK294V7W57P06,US6806652052,851936.ETR,OLN,Olin Corporation,false
549300GLKVIO8YRCYN02,US49338L1035,A12B6J.ETR,KEYS,"Keysight Technologies, Inc.",false
549300GTRLP2V24IH470,NL0000685576,AGHY.NL,AGHY.AS,AEAM Global High Yield Fund (EUR) Inc,false
549300GXPD31VT3E0P46,US88339J1051,A2ARCV.ETR,TTD,"The Trade Desk, Inc.",false
549300GY08QLXXUBJT89,NL0006311797,NNEOF.NL,NNEOF.AS,NN Euro Obligatie Fonds P,false
549300GZKULIZ0WOW665,US2546871060,855686.ETR,DIS,The Walt Disney Company,false
549300H0BF5JCG96TJ81,US4824801009,865884.ETR,KLAC,KLA Corporation,false
549300H7I5VN334XVZ52,US55087P1049,A2PE38.ETR,LYFT,"Lyft, Inc.",false
549300HD9Q1LOC9KLJ48,US98978V1035,A1KBYX.ETR,ZTS,Zoetis Inc.,false
549300HGBVWX4FC44K67,FR0013455482,FATL.FR,ATLD.PA,ATLAND,true
549300HI3464J8OIIZ26,NL0013025539,DDIF.NL,DDIF.AS,DD Income A EUR Inc,false
549300HJTQM36M0E1G39,US81762P1021,A1JX4P.ETR,NOW,"ServiceNow, Inc.",false
549300HMUDNO0RY56D37,US0090661010,A2QG35.ETR,ABNB,"Airbnb, Inc.",false
549300HO5WFZUT5N2T22,US4432011082,A2PZ2D.ETR,HWM,Howmet Aerospace Inc.,false
549300HTIN2PD78UB763,US55354G1004,A0M63R.ETR,MSCI,MSCI Inc.,false
549300HU3524ARMRHE34,FR0010679365,MLSIL.FR,MLSIL.PA,Sejours Internat. Linguistique Culture,false
549300HUJT6FGDTWQU46,BMG9887P1068,CV.FR,CV.PA,ZCI Limited,false
549300HVGPK36ICB0B89,US43300A2033,A2DH1A.ETR,HLT,Hilton Worldwide Holdings Inc.,false
549300HZB50EB89IQ797,NL0000290492,LANOF.NL,LANOF.AS,Kempen Profielfonds 5 Klasse N,false
549300I7ROF15MAEVP56,US2810201077,887629.ETR,EIX,Edison International,false
549300I8RX485XMK6836,US90184L1026,A1W6XZ.ETR,,,false
549300IA9XFBAGNIBW29,US1258961002,850795.ETR,CMS,CMS Energy Corporation,false
549300IJU04ZINLCU261,NL0000293181,NNDM5.NL,NNDM5.AS,NN Dynamic Mix Fund V,false
549300IK1L5VA3B6XF18,BE0974269012,ALDV.FR,ALDV.PA,ALLIANCE DEVELOPPEMENT CAPITAL SIIC,true
549300ILF3L0BBIDPZ11,FR0000031684,ROTH.FR,,,false
549300IRDTHJQ1PVET45,US35671D8570,896476.ETR,FCX,Freeport-McMoRan Inc.,false
549300ISY5YHUJZTON08,US52603B1070,A12HU0.ETR,TREE,"LendingTree, Inc.",false
549300IUTGTP6EJP8124,US5253271028,A1W5CT.ETR,LDOS,"Leidos Holdings, Inc.",false
549300J4U55H3WP1XT59,DE000BAY0017,BAY001.ETR,BAYN.DE,Bayer Aktiengesellschaft,false
549300JBN1OSM8YNAI90,US02005N1000,A1W2MF.ETR,ALLY,Ally Financial Inc.,false
549300JCDF7UAR6TJR51,US26210C1045,A2JE48.ETR,DBX,"Dropbox, Inc.",false
549300JE3W6CWY2NAN77,US14448C1045,A2P1UY.ETR,CARR,Carrier Global Corporation,false
549300JE8XHZZ7OHN517,US9884981013,909190.ETR,YUM,"Yum! Brands, Inc.",false
549300JEB576INN13W07,US96145D1054,A14V41.ETR,,,false
549300JLWRRC38DWEF52,US55024U1097,A14WK0.ETR,LITE,Lumentum Holdings Inc.,false
549300JNC0L6VP8A2Q35,US83304A1060,A2DLMS.ETR,SNAP,Snap Inc.,false
549300JPDKRSJ8JSM954,US72919P2020,A1JA81.ETR,PLUG,Plug Power Inc.,false
549300JSX0Z4CW0V5023,DE000A1EWWW0,A1EWWW.ETR,ADS.DE,adidas AG,false
549300JTD6ROSQP7L139,NL0000292225,NNEEF.NL,NNEEF.AS,NN Emerging Europe Fund,false
549300JVQR4N1MMP3Q88,US1264081035,865857.ETR,CSX,CSX Corporation,false
549300JZ4OKEHW3DPJ59,US92826C8394,A0NC7B.ETR,V,Visa Inc.,false
549300K4W3A5ITOPTK67,FR0000120560,QDT.FR,QDT.PA,QUADIENT S.A.,true
549300KDSERHTJOXUS80,US45073V1089,A2AJTS.ETR,ITT,ITT Inc.,false
549300KEQJS5FRVUCO94,US92343X1000,541561.ETR,,,false
549300KI75VYLLMSK856,GB0007908733,881905.ETR,SSE.L,SSE PLC,true
549300KR6ITU0YIR1T71,US77543R1023,A2DW4X.ETR,ROKU,"Roku, Inc.",false
549300L5MUH0K2E7GW78,NL0006311805,NNGLF.NL,NNGLF.AS,NN Global Fund - P,false
549300L7QJLHH6AG4W08,NL0014270290,ASNN.NL,ASNN.AS,ASN Duurzaam Mixfonds Neutraal,false
549300L8X1Q78ERXFD06,US6311031081,813516.ETR,NDAQ,"Nasdaq, Inc.",false
549300LDXPD7XM2J2X44,NL0014270225,ASN.NL,ASN.AS,ASN Duurzaam Aandelenfonds R,false
549300LJNVY5SW3VTN33,US8760301072,A2JSR1.ETR,TPR,"Tapestry, Inc.",false
549300LKFJ962MZ46593,US17275R1023,878841.ETR,CSCO,"Cisco Systems, Inc.",false
549300LKT9PW7ZIBDF31,NL00150001Q9,A2QL01.ETR,STLAM.MI,STELLANTIS N.V.,true
549300LKT9PW7ZIBDF31,NL00150001Q9,STLA.FR,STLAM.MI,STELLANTIS N.V.,true
549300LL2QMPTYIE0K55,US17243V1026,A0MK44.ETR,CNK,"Cinemark Holdings, Inc.",false
549300LMMRSZZCZ8CL11,US9078181081,858144.ETR,UNP,Union Pacific Corporation,false
549300LO13MQ9HYSTR83,US0394831020,854161.ETR,ADM,Archer-Daniels-Midland Company,false
549300LTH67W4GWMRF57,GB00BDCPN049,CCEP.NL,CCEP.AS,COCA-COLA EUROPACIFIC PARTNERS PLC,true
549300LUH78PG2MP6N64,FR0000131757,ERA.FR,ERA.PA,ERAMET,true
549300M0CPXV65RFF271,US50050N1037,A2PJSK.ETR,KTB,"Kontoor Brands, Inc.",false
549300M1BOLNXL8DOV14,US1638511089,A14RPH.ETR,CC,The Chemours Company,false
549300M3KFBXTMISEB18,NL0000292332,NNEUF.NL,NNEUF.AS,NN Europe Fund - P,false
549300M3VH1A3ER1TB49,FR0000121667,EL.FR,EL.PA,ESSILORLUXOTTICA,true
549300M6SGDPB4Z94P11,FR0010259150,IPN.FR,IPN.PA,IPSEN,true
549300MIX43II8JLN536,US5303073051,A12DQC.ETR,LBRDK,Liberty Broadband Corporation,false
549300MOVEFQ78DMPG58,US08975P1084,A2P9T5.ETR,CMRC,"Commerce.com, Inc.",false
549300MU9YQJYHDQEF63,US34959J1088,A2AJ0F.ETR,FTV,Fortive Corporation,false
549300MYFJSQ3L4PCD31,NL0006311813,NNHDO.NL,NNHDO.AS,NN Hoog Dividend Obligatie Fonds P,false
549300N0B7DOGLXWPP39,US0010551028,853081.ETR,AFL,Aflac Incorporated,false
549300N1ZRO6S90WSG02,FR0011605617,MLVIN.FR,MLVIN.PA,Foncière Vindi Société Anonyme,false
549300N3DUFR5U6NRN38,US9170471026,888903.ETR,URBN,"Urban Outfitters, Inc.",false
549300N4OEVCFQ0XQD65,BE0948608451,MLPHO.FR,MLPHO.PA,Photonike Capital SA,false
549300N5YSE0U3LCP840,US0162551016,590375.ETR,ALGN,"Align Technology, Inc.",false
549300NCMRGIBJYUOE57,NL0010558797,OCI.NL,OCI.AS,OCI N.V.,true
549300NK4AB8OUEX1F54,FR0013183985,SIGHT.FR,SIGHT.PA,GENSIGHT BIOLOGICS,true
549300NOMHGVQBX6S778,US37940X1028,603111.ETR,GPN,Global Payments Inc.,false
549300NPYMLM4NHTOF27,US3364331070,A0LEKM.ETR,FSLR,"First Solar, Inc.",false
549300NUB6D2R1ITYR45,US4180561072,859888.ETR,HAS,"Hasbro, Inc.",false
549300NYKK9MWM7GGW15,NL0011821202,A2ANV3.ETR,INGA.AS,ING GROEP N.V.,true
549300NYKK9MWM7GGW15,NL0011821202,INGA.NL,INGA.AS,ING GROEP N.V.,true
549300NYKK9MWM7GGW15,US4568371037,907466.ETR,ING,ING GROEP N.V.,true
549300NYSIH10FPUO363,DE000A12B8Z4,A12B8Z.ETR,TLG.HM,TLG Immobilien AG,false
549300O2L66VR14X2Z60,NL0014270308,ASNO.NL,ASNO.AS,ASN Duurzaam Mixfonds Offensief,false
549300O7A67PUEYKDL45,US2855121099,878372.ETR,EA,Electronic Arts Inc.,false
549300OHIIUWSTIZME52,US8522341036,A143D6.ETR,XYZ,"Block, Inc.",false
549300OJ9VZHZRO6I137,US8923561067,889826.ETR,TSCO,Tractor Supply Company,false
549300OQS2LO07ZJ7N73,US2017231034,855786.ETR,CMC,Commercial Metals Company,false
549300PHUU0ZZWO8EO07,DE0006602006,660200.ETR,G1A.F,GEA Group Aktiengesellschaft,false
549300PMSTQITB1WHR43,US2567461080,A0NFQC.ETR,DLTR,"Dollar Tree, Inc.",false
549300PPXHEU2JF0AM85,GB0008706128,871784.ETR,LLOY.L,LLOYDS BANKING GROUP PLC,true
549300PW7VPFCYKLIV37,US0536111091,850354.ETR,AVY,Avery Dennison Corporation,false
549300Q4ES5G7EYSQR03,NL0006311748,NNPDF.NL,NNPDF.AS,NN Paraplufonds 1 N.V. - NN Premium Dividend Fund,false
549300Q5OZTF68OGPY72,KYG4406A1022,HEGA.NL,,,false
549300Q5OZTF68OGPY72,KYG4406A1287,HEGAU.NL,,,false
549300Q95ICR2GFL2K37,US22266L1061,A2ASF5.ETR,,,false
549300QC70JB7MUGXM66,US05988J1034,A2H7JF.ETR,BAND,Bandwidth Inc.,false
549300QHIJYOHPACPG31,US8725901040,A1T7LU.ETR,TMUS,"T-Mobile US, Inc.",false
549300QKJ78IY0IOV655,BE0003818359,A0EAT9.ETR,LKFT.AS,Galapagos NV,false
549300QKJ78IY0IOV655,BE0003818359,GLPG.NL,LKFT.AS,Galapagos NV,false
549300QQXOOYEF89IC56,US9581021055,863060.ETR,WDC,Western Digital Corporation,false
549300QXR2YVZV231H43,US6974351057,A1JZ0Q.ETR,PANW,"Palo Alto Networks, Inc.",false
549300R22LSX6OHWEN64,US25278X1090,A1J6Y4.ETR,FANG,"Diamondback Energy, Inc.",false
549300R5QGZL4PYQU617,NL0014270258,ASNGF.NL,ASNGF.AS,ASN Groenprojectenfonds,false
549300R7SCIV7FQI6T56,US3927091013,A12EA8.ETR,GRBK,"Green Brick Partners, Inc.",false
549300RCBFWIRX3HYQ56,US75886F1075,881535.ETR,REGN,"Regeneron Pharmaceuticals, Inc.",false
549300RDGCRYZ5QE6513,NL0000360618,SBMO.NL,SBMO.AS,SBM OFFSHORE N.V.,true
549300RIVY5EX8RCON76,NL0011585146,A2ACKK.ETR,RACE.MI,FERRARI N.V.,true
549300RS7EWPM9MA6C78,US87165B1035,A117UJ.ETR,SYF,Synchrony Financial,false
549300RXO8H17HD6S120,NL0000293140,NNDM1.NL,NNDM1.AS,NN Dynamic Mix Fund I,false
549300S3UD8XV1MN0287,US3719011096,868891.ETR,GNTX,Gentex Corporation,false
549300S4KLFTLO7GSQ80,US67066G1040,918422.ETR,NVDA,NVIDIA Corporation,false
549300SHPNDCE059M934,US28414H1032,A2N6BH.ETR,ELAN,Elanco Animal Health Incorporated,false
549300SIV6FPS9Y7IH33,US74144T1088,870967.ETR,TROW,"T. Rowe Price Group, Inc.",false
549300SVYJS666PQJH88,US3379321074,910509.ETR,FE,FirstEnergy Corp.,false
549300T12EZ1F6PWWU29,US0138721065,A2ASZ7.ETR,AA,Alcoa Corporation,false
549300T21W22FIJJOW08,US9092143067,A0YCM4.ETR,UIS,Unisys Corporation,false
549300T9GCHU0ODOM055,US98980L1017,A2PGJ2.ETR,ZM,"Zoom Communications, Inc.",false
549300TDSYL55EX8BP22,NL0006311847,NNGLR.NL,NNGLR.AS,NN Global Real Estate Fund - P,false
549300TJB5YBRUPOG437,US24703L2025,A2N6WP.ETR,DELL,Dell Technologies Inc.,false
549300TM2WLI2BJMDD86,US1858991011,A2DVSM.ETR,CLF,Cleveland-Cliffs Inc.,false
549300TPAA38FXDAB106,US69355L1098,PPLA.NL,PPLA.AS,PPLA Participations Ltd.,false
549300TPQQDBP9GNOF40,US00507V1098,A0Q4K4.ETR,,,false
549300TRUWO2CD2G5692,IT0005239360,A2DJV6.ETR,UCG.MI,"UNICREDIT, SOCIETA' PER AZIONI",true
549300TTCXZOGZM2EY83,ES0148396007,A11873.ETR,ITX.MC,"INDUSTRIA DE DISEÑO TEXTIL, S.A.",true
549300TWZSP6O1IH2V34,US3848021040,857498.ETR,GWW,"W.W. Grainger, Inc.",false
549300UDG16DOYUPR330,DE0007500001,750000.ETR,TKA.DE,thyssenkrupp AG,false
549300UMNC43HQB3JA96,DE000SPG1003,SPG100.ETR,SPG.DE,Springer Nature AG & Co. KGaA,false
549300UTE50ZMDBG8A20,US5024311095,A2PM3H.ETR,LHX,"L3Harris Technologies, Inc.",false
549300UVN46B3BBDHO85,US69608A1088,A2QA4J.ETR,PLTR,Palantir Technologies Inc.,false
549300V3B1M3QBK7LI23,NL0014270266,ASNMF.NL,ASNMF.AS,ASN Microkredietfonds R,false
549300V62YJ9HTLRI486,AT0000743059,874341.ETR,OMV.VI,OMV AKTIENGESELLSCHAFT,true
549300V9QSIG4WX4GJ96,DE0005557508,555750.ETR,DTE.DE,Deutsche Telekom AG,false
549300VB13ZT2X88PU78,DE0005111702,511170.ETR,ZO1.HM,zooplus SE,false
549300VCIWLRHYVSHC79,US03743Q1085,A2QQVE.ETR,APA,APA Corporation,false
549300VD69WD2USLIP04,US9168961038,A0JDRR.ETR,UEC,Uranium Energy Corp.,false
549300VELLG24KHTJ564,US5770811025,851704.ETR,MAT,"Mattel, Inc.",false
549300VFZ8XJ9NUPU221,US5184391044,897933.ETR,EL,The Estée Lauder Companies Inc.,false
549300VGEJKB7SVUZR78,FR0000121485,851223.ETR,KER.PA,KERING,true
549300VGEJKB7SVUZR78,FR0000121485,KER.FR,KER.PA,KERING,true
549300VIWYMSIGT1U456,US1255231003,A2PA9L.ETR,CI,The Cigna Group,false
549300VSGCJ7E698NM85,US8085131055,874171.ETR,SCHW,The Charles Schwab Corporation,false
549300VSP3RIX7FGDZ51,US6516391066,853823.ETR,NEM,Newmont Corporation,false
549300VZCL1HTH4O4Y49,DE0006048408,604840.ETR,HEN.DE,Henkel AG & Co. KGaA,false
549300VZCL1HTH4O4Y49,DE0006048432,604843.ETR,HEN3.DE,Henkel AG & Co. KGaA,false
549300VZKC61IR5U8G96,AT0000730007,632305.ETR,ANDR.VI,Andritz AG,true
549300W3R20NM4KQPH86,US46266C1053,A2JSPM.ETR,IQV,IQVIA Holdings Inc.,false
549300W9JLPW15XIFM52,SE0000108649,857463.ETR,ERIC-A.ST,Telefonaktiebolaget LM Ericsson,true
549300W9JLPW15XIFM52,SE0000108656,850001.ETR,ERIC-B.ST,Telefonaktiebolaget LM Ericsson,true
549300WA6BT5H4F7IO94,US57164Y1073,A1JNDJ.ETR,VAC,Marriott Vacations Worldwide Corporation,false
549300WR7IX8XE0TBO16,US49456B1017,A1H6GK.ETR,KMI,"Kinder Morgan, Inc.",false
549300WSX3VBUFFJOO66,GB00B2B0DG97,A0M95J.ETR,REL.L,RELX PLC,true
549300WSX3VBUFFJOO66,GB00B2B0DG97,REN.NL,REN.AS,RELX PLC,true
549300WTZWR07K8MNV44,US3755581036,885823.ETR,GILD,"Gilead Sciences, Inc.",false
549300WV6GIDOZJTV909,US11135F1012,A2JG9Z.ETR,AVGO,Broadcom Inc.,false
549300WYXDDBYRASEG81,US55261F1049,863582.ETR,MTB,M&T Bank Corporation,false
549300WZ3ORQ2BVKBD96,US83088M1027,857760.ETR,SWKS,"Skyworks Solutions, Inc.",false
549300WZDEF9KKE40E98,US0311001004,908668.ETR,AME,"AMETEK, Inc.",false
549300WZN9I2QKLS0O94,US22052L1044,A2PKRR.ETR,CTVA,"Corteva, Inc.",false
549300X04FB2QPCJ5J24,US25659T1079,A0DNCY.ETR,DLB,"Dolby Laboratories, Inc.",false
549300X2937PB0CJ7I56,US2193501051,850808.ETR,GLW,Corning Incorporated,false
549300X4W0TZH9RLVH54,NL0012512958,KESVC.NL,KESVC.AS,Kempen European Sustainable Value Creation Fund N.V.,false
549300X5UKJVE386ZB61,IT0000062072,850312.ETR,G.MI,ASSICURAZIONI GENERALI SOCIETA' PER AZIONI,true
549300XB5J9BFW5JXV97,US0937121079,A2JQTG.ETR,BE,Bloom Energy Corporation,false
549300XGDSGBP6UEI867,US8486371045,A1JV4H.ETR,,,false
549300XIVUQ1N48NVW28,NL0000286078,NNJPF.NL,NNJPF.AS,NN Japan Fund - P,false
549300XMP3KDCKJXIU47,US5717481023,858415.ETR,MRSH,"Marsh & McLennan Companies, Inc.",false
549300XNQ0U2EL088Z74,US98986T1088,A1JMFQ.ETR,,,false
549300XNQIMIFOSO0039,NL0010623518,MLSEQ.FR,MLSEQ.PA,Sequa Petroleum N.V.,false
549300XQ946NCE51DR09,US08862E1091,A2N7XQ.ETR,BYND,"Beyond Meat, Inc.",false
549300XTO5VR8SKV1V74,US91913Y1001,908683.ETR,VLO,Valero Energy Corporation,false
549300XTVCVV9I7B5T19,US4461501045,867622.ETR,HBAN,Huntington Bancshares Incorporated,false
549300XU3XH6F05YEQ93,US05722G1004,A2DUAY.ETR,BKR,Baker Hughes Company,false
549300XVG45PT5BART17,US8969452015,A1JRLK.ETR,TRIP,"Tripadvisor, Inc.",false
549300XWZG0JHL7I0827,US02156B1035,A2DME9.ETR,,,false
549300Y2T8X61N5WTL02,NL0014270209,ASNOB.NL,ASNOB.AS,ASN Duurzaam Obligatiefonds R,false
549300Y650407RU8B149,US89417E1091,A0MLX4.ETR,TRV,"The Travelers Companies, Inc.",false
549300Y7VHGU0I7CE873,US64110L1061,552484.ETR,NFLX,"Netflix, Inc.",false
549300YDLK0YQO5B1V80,US12468P1049,A2QJVE.ETR,AI,"C3.ai, Inc.",false
549300YKWOC0AOR16R51,US0130911037,A14YJM.ETR,ACI,"Albertsons Companies, Inc.",false
549300YNNLBXT8N8R512,US0427351004,855225.ETR,ARW,"Arrow Electronics, Inc.",false
549300YO0JZHAL7FVP81,NL0000009082,890963.ETR,KPN.AS,Koninklijke KPN N.V.,true
549300YO0JZHAL7FVP81,NL0000009082,KPN.NL,KPN.AS,Koninklijke KPN N.V.,true
549300YSK3QDSFR5EU59,US2521311074,A0D9T1.ETR,DXCM,"DexCom, Inc.",false
549300YX8JIID70NFS41,US94106L1098,893579.ETR,WM,"Waste Management, Inc.",false
549300YZEXPDB92M2F02,US9224751084,A1W5SA.ETR,VEEV,Veeva Systems Inc.,false
549300Z3CRB4LKZXF003,NL0006311789,NNDZA.NL,NNDZA.AS,NN Duurzaam Aandelen Fonds - P,false
549300Z40J86GGSTL398,US00206R1023,A0HL9Z.ETR,T,AT&T Inc.,false
549300ZC1GPV35XYDK53,US0905722072,865406.ETR,BIO,"Bio-Rad Laboratories, Inc.",false
549300ZD9ED8GSG3JW36,AT0000946652,907391.ETR,SBO.VI,SBO AG,true
549300ZFEEJ2IP5VME73,US8574771031,864777.ETR,STT,State Street Corporation,false
549300ZLBKR8VSU25153,US68902V1070,A2P1UZ.ETR,OTIS,Otis Worldwide Corporation,false
549300ZS772LUNUMRB03,US89400J1079,A14TUX.ETR,TRU,TransUnion,false
549300ZTF7OT1FW66Q96,US00650F1093,A2PLR5.ETR,ADPT,Adaptive Biotechnologies Corporation,false
5E2UPK5SW04M13XY7I38,US6293775085,A0BLR4.ETR,NRG,"NRG Energy, Inc.",false
5GCSNMQXHEYA1JO8QN11,US5745991068,856632.ETR,MAS,Masco Corporation,false
5KYC8KF17ROCY24M3H09,US92556H2067,A2PUZ3.ETR,,,false
5PRBRS5FEH7NREC8OR45,US7443201022,764959.ETR,PRU,"Prudential Financial, Inc.",false
5QK37QC7NWOJ8D7WVQ45,ES0144580Y14,A0M46B.ETR,IBE.MC,IBERDROLA SA,true
5RGWIFLMGH3YS7KWI652,US8718291078,859121.ETR,SYY,Sysco Corporation,false
62QBXGPJ34PQ72Z12S66,US0311621009,867900.ETR,AMGN,Amgen Inc.,false
635400BR2ROC1FVEBQ56,IE00BYTBXV33,A1401Z.ETR,RYA.IR,Ryanair Holdings plc,false
635400TLFJSNHVSOFH59,IE00BD09ZV33,2VIS.NL,2VIS.AS,Leverage Shares 2x Visa ETP Securities,false
635400TLFJSNHVSOFH59,IE00BD09ZV33,VIS2.FR,VIS2.PA,Leverage Shares 2x Visa ETP Securities A,false
635400TLFJSNHVSOFH59,IE00BD09ZW40,2NFL.NL,2NFL.AS,Leverage Shares 2x Netflix ETP Securities,false
635400TLFJSNHVSOFH59,IE00BD09ZW40,NFL2.FR,NFL2.PA,Leverage Shares 2x Netflix ETP Securities,false
635400TLFJSNHVSOFH59,IE00BD09ZY63,2CRM.NL,2CRM.AS,Leverage Shrs 2x Salesforce.com ETP Securities,false
635400TLFJSNHVSOFH59,IE00BD09ZY63,CRM2.FR,CRM2.PA,Leverage Shrs 2x Salesforce.com ETP Scs,false
635400TLFJSNHVSOFH59,IE00BF01VY89,2GOO.NL,2GOO.AS,Leverage Shares 2x Alphabet ETP Securities,false
635400TLFJSNHVSOFH59,IE00BF01VY89,GOO2.FR,GOO2.PA,Leverage Shares 2x Alphabet ETP Securities,false
635400TLFJSNHVSOFH59,IE00BF03XH11,2AMZ.NL,2AMZ.AS,Leverage Shares 2x Amazon ETP Securities,false
635400TLFJSNHVSOFH59,IE00BF03XH11,AMZ2.FR,AMZ2.PA,Leverage Shares 2x Amazon ETP Securities A,false
635400TLFJSNHVSOFH59,IE00BF03XL56,2CIT.NL,2CIT.AS,Leverage Shares 2x Citigroup ETP Securities,false
635400TLFJSNHVSOFH59,IE00BF03XL56,CIT2.FR,CIT2.PA,Leverage Shares 2x Citigroup ETP Securities,false
635400TLFJSNHVSOFH59,IE00BF03XP94,2FB.NL,2FB.AS,Leverage Shares 2x Facebook ETP Securities,false
635400TLFJSNHVSOFH59,IE00BF03XP94,FB2.FR,FB2.PA,Leverage Shares 2x Facebook ETP Securities A,false
635400TLFJSNHVSOFH59,IE00BF03XR19,2GS.NL,2GS.AS,Leverage Shares 2x Goldman Sachs ETP Securities,false
635400TLFJSNHVSOFH59,IE00BF03XR19,GS2.FR,GS2.PA,Leverage Shares 2x Goldman Sachs ETP Securities,false
635400TLFJSNHVSOFH59,IE00BF03XW61,2JPM.NL,2JPM.AS,Leverage Shares 2x JPMorgan ETP Securities,false
635400TLFJSNHVSOFH59,IE00BF03XW61,JPM2.FR,JPM2.PA,Leverage Shares 2x JPMorgan ETP Securities,false
635400TLFJSNHVSOFH59,IE00BK5BZQ82,3AMZ.NL,3AMZ.AS,Leverage Shares 3x Amazon ETC,false
635400TLFJSNHVSOFH59,IE00BK5BZQ82,AMZ3.FR,AMZ3.PA,Leverage Shares 3x Amazon ETP Securities,false
635400TLFJSNHVSOFH59,IE00BK5BZS07,3AAP.NL,3AAP.AS,Leverage Shares 3x Apple ETP Scs,false
635400TLFJSNHVSOFH59,IE00BK5BZS07,AAP3.FR,AAP3.PA,Leverage Shares 3x Apple ETP Securities,false
635400TLFJSNHVSOFH59,IE00BK5BZT14,3CRM.NL,3CRM.AS,Leverage Shrs 3x Salesforce.Com ETP Scs,false
635400TLFJSNHVSOFH59,IE00BK5BZT14,CRM3.FR,CRM3.PA,Leverage Shares 3x Salesforce.Com ETP Securities,false
635400TLFJSNHVSOFH59,IE00BK5BZV36,3MSF.NL,3MSF.AS,Leverage Shares 3x Microsoft ETC,false
635400TLFJSNHVSOFH59,IE00BK5BZV36,MSF3.FR,MSF3.PA,Leverage Shares 3x Microsoft ETP Securities,false
635400TLFJSNHVSOFH59,IE00BK5BZW43,3NFL.NL,3NFL.AS,Leverage Shares 3x Netflix ETC,false
635400TLFJSNHVSOFH59,IE00BK5BZW43,NFL3.FR,NFL3.PA,Leverage Shares 3x Netflix ETP Scs,false
635400TLFJSNHVSOFH59,IE00BK5BZX59,3GOO.NL,3GOO.AS,Leverage Shares 3x Alphabet ETP Scs,false
635400TLFJSNHVSOFH59,IE00BK5BZX59,GOO3.FR,GOO3.PA,Leverage Shares 3x Alphabet ETP Scs,false
635400TLFJSNHVSOFH59,IE00BK5BZY66,2TSL.NL,2TSL.AS,Leverage Shares 2x Tesla ETP Scs,false
635400TLFJSNHVSOFH59,IE00BK5BZY66,TSL2.FR,TSL2.PA,Leverage Shares 2x Tesla ETP Securities,false
635400TLFJSNHVSOFH59,IE00BK5C1B80,3FB.NL,3FB.AS,Leverage Shares 3x Facebook ETP Scs,false
635400TLFJSNHVSOFH59,IE00BK5C1B80,FB3.FR,FB3.PA,Leverage Shares 3x Facebook ETP Securities,false
635400TLFJSNHVSOFH59,IE00BK5C1C97,2BAB.NL,2BAB.AS,Leverage Shares 2x Alibaba ETP Scs,false
635400TLFJSNHVSOFH59,IE00BK5C1C97,BAB2.FR,BAB2.PA,Leverage Shares 2x Alibaba ETP Scs,false
635400TLFJSNHVSOFH59,IE00BKT66J95,2TWT.NL,2TWT.AS,Leverage Shares 2x Twitter ETC,false
635400TLFJSNHVSOFH59,IE00BKT66J95,TWT2.FR,TWT2.PA,Leverage Shares 2x Twitter ETC,false
635400TLFJSNHVSOFH59,IE00BKT66K01,2MU.NL,2MU.AS,Leverage Shares 2x Micron Tech ETP Scs,false
635400TLFJSNHVSOFH59,IE00BKT66K01,MU2.FR,MU2.PA,Leverage Shares 2x Micron Technology ETP Securities,false
635400TLFJSNHVSOFH59,IE00BKT66L18,2UBR.NL,2UBR.AS,Leverage Shares 2x Uber ETP Scs,false
635400TLFJSNHVSOFH59,IE00BKT66L18,UBR2.FR,UBR2.PA,Leverage Shares 2x Uber ETP Scs,false
635400TLFJSNHVSOFH59,IE00BKT66M25,BABS.FR,BABS.PA,Leverage Shares -1x Alibaba ETP Scs,false
635400TLFJSNHVSOFH59,IE00BKT66M25,SBAB.NL,SBAB.AS,Leverage Shares -1x Alibaba ETP Scs,false
635400TLFJSNHVSOFH59,IE00BKT66N32,STWT.NL,STWT.AS,Leverage Shares -1x Twitter ETC,false
635400TLFJSNHVSOFH59,IE00BKT66N32,TWTS.FR,TWTS.PA,Leverage Shares -1x Twitter ETC,false
635400TLFJSNHVSOFH59,IE00BKT66P55,MUSE.FR,MUSE.PA,Leverage Shares -1x Micron Tech ETP Scs,false
635400TLFJSNHVSOFH59,IE00BKT66P55,SMU.NL,,,false
635400TLFJSNHVSOFH59,IE00BKT66Q62,AMDS.FR,AMDS.PA,Leverage Shares -1x Advcd Mcr Dvcs ETP Securities,false
635400TLFJSNHVSOFH59,IE00BKT66Q62,SAMD.NL,SAMD.AS,Leverage Shares -1x Advcd Mcr Dvcs ETP Securities,false
635400TLFJSNHVSOFH59,IE00BKT66R79,SUBR.NL,SUBR.AS,Leverage Shares -1x Uber ETP Securities,false
635400TLFJSNHVSOFH59,IE00BKT66R79,UBRS.FR,UBRS.PA,Leverage Shares -1x Uber ETP Securities,false
635400TLFJSNHVSOFH59,IE00BKT66S86,AMZS.FR,AMZS.PA,Leverage Shares -1x Amazon ETP Scs,false
635400TLFJSNHVSOFH59,IE00BKT66S86,SAMZ.NL,SAMZ.AS,Leverage Shares -1x Amazon ETP Scs,false
635400TLFJSNHVSOFH59,IE00BKT6ZG93,2AMD.NL,2AMD.AS,Leverage Shares 2x Advanced Micro Devices ETC,false
635400TLFJSNHVSOFH59,IE00BKT6ZG93,AMD2.FR,AMD2.PA,Leverage Shares 2x Advcd Mcr Dvcs ETP Securities,false
635400TLFJSNHVSOFH59,IE00BKT6ZH01,STSL.NL,STSL.AS,Leverage Shares -1x Tesla ETP Securities,false
635400TLFJSNHVSOFH59,IE00BKT6ZH01,TSLS.FR,TSLS.PA,Leverage Shares -1x Tesla ETP Securities,false
635400TLFJSNHVSOFH59,IE00BKTW5674,NVDS.FR,NVDS.PA,Leverage Shares -1x NVIDIA ETP Scs,false
635400TLFJSNHVSOFH59,IE00BKTW5674,SNVD.NL,SNVD.AS,Leverage Shares -1x NVIDIA ETP Securities,false
635400TLFJSNHVSOFH59,IE00BKTW9M13,MSFS.FR,MSFS.PA,Leverage Shares -1x Microsoft ETP Securities,false
635400TLFJSNHVSOFH59,IE00BKTW9M13,SMSF.NL,SMSF.AS,Leverage Shares -1x Microsoft ETP Securities,false
635400TLFJSNHVSOFH59,IE00BKTW9N20,GOOS.FR,GOOS.PA,Leverage Shares -1x Alphabet ETP Scs,false
635400TLFJSNHVSOFH59,IE00BKTW9N20,SGOO.NL,SGOO.AS,Leverage Shares -1x Alphabet ETP Securities,false
635400TLFJSNHVSOFH59,IE00BKTWZ451,APLS.FR,APLS.PA,Leverage Shares -1x Apple ETP Securities,false
635400TLFJSNHVSOFH59,IE00BKTWZ451,SAPL.NL,SAPL.AS,Leverage Shares -1x Apple ETP Securities,false
635400TLFJSNHVSOFH59,IE00BKTWZ568,CRMS.FR,CRMS.PA,Lvrg Shrs -1x Salesforce.Com ETP Scs,false
635400TLFJSNHVSOFH59,IE00BKTWZ568,SCRM.NL,,,false
635400TLFJSNHVSOFH59,IE00BKTWZ675,FBS.FR,FBS.PA,Leverage Shares -1x Facebook ETP Scs,false
635400TLFJSNHVSOFH59,IE00BKTWZ675,SFB.NL,SFB.AS,Leverage Shares -1x Facebook ETP Scs,false
635400TLFJSNHVSOFH59,IE00BKTWZ782,NFLS.FR,NFLS.PA,Leverage Shares -1x Netflix ETP Scs,false
635400TLFJSNHVSOFH59,IE00BKTWZ782,SNFL.NL,SNFL.AS,Leverage Shares -1x Netflix ETP Securities,false
635400Z5LQ5F9OLVT688,NL0013654783,A2PRDK.ETR,PRX.AS,Prosus N.V.,true
635400Z5LQ5F9OLVT688,NL0013654783,PRX.NL,PRX.AS,Prosus N.V.,true
6CPEOKI6OYJ13Q6O7870,US5010441013,851544.ETR,KR,The Kroger Co.,false
6EY4K7ZMF9UX1CU6KC79,US9839191015,880135.ETR,,,false
6S552MUG6KGJVEBSEC55,US6200763075,A0YHMA.ETR,MSI,"Motorola Solutions, Inc.",false
6SHGI4ZSSLCXXQSBB395,US1729674242,A1H92V.ETR,C,Citigroup Inc.,false
6WQI0GK1PRFVBA061U48,US31620M1062,A0H1FP.ETR,FIS,"Fidelity National Information Services, Inc.",false
6ZLKQF7QB6JAEKQS5388,US03076C1062,A0F55S.ETR,AMP,"Ameriprise Financial, Inc.",false
7245000G0HS48PZWUD53,NL0011872643,ASRNL.NL,ASRNL.AS,ASR Nederland N.V.,true
7245000R8GNBSDTSZ396,NL00150003E1,FUR.NL,FUR.AS,Fugro N.V.,true
7245000UZH70GO047N03,NL0006237562,ARCAD.NL,ARCAD.AS,ARCADIS N.V.,true
7245000V8JJ8CE1L8G60,NL0013654809,FAST.NL,FAST.AS,Fastned B.V.,true
7245001I22ND6ZFHX623,NL0000334118,ASM.NL,ASM.AS,ASM International N.V.,true
7245001M40ANG7IIS437,NL0000313286,ACOMO.NL,ACOMO.AS,ACOMO N.V.,true
7245002BE1N4B6QWBA36,NL0000852531,KENDR.NL,KENDR.AS,Kendrion N.V.,false
7245002CEKKCLR6LZZ95,NL0006173007,TCMAF.NL,TCMAF.AS,TCM Africa High Dividend Equity,false
7245003GZ2696Y0W1X57,NL0000440311,HOLCO.NL,HOLCO.AS,Holland Colours N.V.,true
7245003M83GJX4AP1516,NL0010556726,IEX.NL,HWK.AS,Hawick Data N.V.,true
7245003RJ12C0YNZKC66,NL0000378669,PORF.NL,PORF.AS,N.V. Koninklijke Porceleyne Fles,true
7245005PZAIJS09FML20,NL0000440204,TRIGF.NL,TRIGF.AS,Triodos Groenfonds R Dis,false
7245006HJFXSSM99L555,NL0012044739,KGPFN.NL,KGPFN.AS,Kempen Global Property Fund N.V. N,false
7245007A1YFLI2GNYX06,NL0012866412,BESI.NL,BESI.AS,BE Semiconductor Industries N.V.,true
7245007FC6PAJZL7QM61,NL00150000S7,DSC2.NL,CABKA.AS,Cabka N.V.,true
7245007FC6PAJZL7QM61,NL00150000U3,DSCW2.NL,,Cabka N.V.,true
7245007FC6PAJZL7QM61,NL00150000V1,DSCW3.NL,,Cabka N.V.,true
7245007FC6PAJZL7QM61,NL00150002R5,DSC2S.NL,,Cabka N.V.,true
7245007PXO9QM2DDES73,NL0009388743,AVFNV.NL,AVFNV.AS,Add Value Fund N.V.,false
7245007RB3M5PMWY6N86,NL00150006Z9,EFIC1.NL,AZRN.AS,Azerion Group N.V.,false
7245007RB3M5PMWY6N86,NL00150007A0,EFICW.NL,,Azerion Group N.V.,false
7245008G22FOV7TYYJ34,NL0000852523,TWEKA.NL,TWEKA.AS,TKH Group N.V.,true
7245009039DLST1VM058,NL0000289627,KORAF.NL,KORAF.AS,Kempen Orange Fund N.V.,false
724500973ODKK3IFQ447,NL0012969182,A2JNF4.ETR,ADYEN.AS,Adyen N.V.,true
724500973ODKK3IFQ447,NL0012969182,ADYEN.NL,ADYEN.AS,Adyen N.V.,true
7245009EAAUUQJ0U4T57,NL0000379121,RAND.NL,RAND.AS,Randstad N.V.,true
7245009QH646WM76PR25,NL0015000GX8,ENVI.NL,ENVI.AS,Envipco Holding N.V.,true
724500AGWCZCU7ZOBC89,NL0009312842,NEDSE.NL,NEDSE.AS,MKB Nedsense N.V.,false
724500BGF3XIKX9EST18,NL0000345577,CTAC.NL,CTAC.AS,Ctac N.V.,true
724500BKS1TSAVLTWG46,NL0010583399,CRBN.NL,CRBN.AS,Corbion N.V.,true
724500BQF15DIYK3CX29,NL0000336303,STRN.NL,PBH.AS,PB Holding N.V.,true
724500C9GNBV20UYRX36,NL0011794037,A2ANT0.ETR,AD.AS,Koninklijke Ahold Delhaize N.V.,true
724500C9GNBV20UYRX36,NL0011794037,AD.NL,AD.AS,Koninklijke Ahold Delhaize N.V.,true
724500CA8ZUHJUE1M753,NL0000442523,BRILL.NL,,,false
724500D8WOYCL1BUCB80,NL0000302636,VLK.NL,VLK.AS,VAN LANSCHOT KEMPEN N.V.,true
724500DCJ9MPG74JEH91,NL0010391025,PHARM.NL,PHARM.AS,Pharming Group N.V.,true
724500DP8SZN3NBQKC44,NL0009169515,DGB.NL,EARTH.AS,DGB Group N.V.,true
724500E5WW4731JJ4G46,NL0012047823,AVTX.NL,AVTX.AS,Avantium N.V.,true
724500EHG519SE5ZRT89,NL0014332678,A2P0E9.ETR,,JDE Peet's N.V.,true
724500EHG519SE5ZRT89,NL0014332678,JDEP.NL,,JDE Peet's N.V.,true
724500FLODI49NSCIP70,NL0014559478,TE.FR,TE.PA,Technip Energies N.V.,true
724500FS31OV3Y11N495,NL0009822014,NSE.NL,NSE.AS,New Sources Energy N.V.,false
724500FVZIBSSQ7SHI95,NL0012015705,A2ASAC.ETR,,Just Eat Takeaway.com N.V.,true
724500FVZIBSSQ7SHI95,NL0012015705,TKWY.NL,,Just Eat Takeaway.com N.V.,true
724500FZ04AAIEZPDX10,NL0012191662,ALPER.FR,ALPER.PA,La Perla Fashion Holding N.V.,false
724500G36285VC273D97,NL0000345627,EAS2P.NL,EAS2P.AS,Ease2pay N.V.,true
724500GJBUL3D9TW9Y18,NL0015000IY2,UMG.NL,UMG.AS,Universal Music Group N.V.,true
724500GNJ52E8YUAVC40,NL0009272137,ESP.NL,,,false
724500HDW6IWR9J5YT90,NL0012817175,A2JGMQ.ETR,ALFEN.AS,Alfen N.V.,true
724500HDW6IWR9J5YT90,NL0012817175,ALFEN.NL,ALFEN.AS,Alfen N.V.,true
724500HUNP3WMBI3AR51,NL0000440675,KORPT.NL,KORPT.AS,Kempen Oranje Participaties N.V.,false
724500HUXGTQC07CAZ61,NL0011872650,BFIT.NL,BFIT.AS,Basic-Fit N.V.,true
724500I77C30W2LZZJ03,NL0012365084,NSI.NL,NSI.AS,NSI N.V.,true
724500IOX980PF17L830,NL0010661864,VALUE.NL,VALUE.AS,Value8 N.V.,false
724500IOX980PF17L830,NL0015118803,PREVA.NL,PREVA.AS,Value8 N.V.,false
724500IS1M4H9S4SDD39,NL0010389508,TIE.NL,ERC.AS,ER Capital N.V.,true
724500J0BPD5CLHCK040,NL0011660485,SIFG.NL,SIFG.AS,Sif Holding N.V.,true
724500J0ITXIWK2CJX62,NL0000285278,BEVER.NL,BEVER.AS,N.V. Bever Holding,true
724500JXEXUGEATP5L52,NL0015000CG2,NAI.NL,NAI.AS,New Amsterdam Invest N.V.,false
724500K5PTPSST86UQ23,NL0000009165,A0CA0G.ETR,HEIA.AS,Heineken N.V.,true
724500K5PTPSST86UQ23,NL0000009165,HEIA.NL,HEIA.AS,Heineken N.V.,true
724500KCD67FSNA3M269,NL0010998878,BOLS.NL,,Lucas Bols N.V.,true
724500KT5PE9BZOF6F18,NL0000440477,ROOD.NL,,RoodMicrotec N.V.,true
724500L1YIPUZPJKM737,NL0000293348,KEHDF.NL,KEHDF.AS,Kempen European High Dividend N.V. N,false
724500LTUWK3JQG63903,NL0009391242,HYDRA.NL,HYDRA.AS,TenneT Holding B.V.,true
724500M1WJLFM9TYBS04,NL0000008977,HEIO.NL,HEIO.AS,Heineken Holding N.V.,true
724500NQKTWBNN3HIO61,NL0010545679,LVIDE.NL,LVIDE.AS,Lavide Holding N.V.,false
724500NSJPNFJPDAUP02,NL0010801007,IMCD.NL,IMCD.AS,IMCD N.V.,true
724500OHYNDT9OY6Q215,NL0010773842,NN.NL,NN.AS,NN Group N.V.,true
724500OUE3PCA809DZ79,NL0009269109,HEIJM.NL,HEIJM.AS,Koninklijke Heijmans N.V.,true
724500OX0EBQRYTVV639,NL0011832936,A2AJ68.ETR,COPN.SW,Cosmo N.V.,false
724500PZHSQTJODTGY09,NL0009767532,A1JADL.ETR,,Accell Group N.V.,true
724500PZHSQTJODTGY09,NL0009767532,ACCEL.NL,,Accell Group N.V.,true
724500Q41FHN0P1GPC53,NL0009739416,A1JJQC.ETR,PNL.AS,PostNL N.V.,true
724500Q41FHN0P1GPC53,NL0009739416,PNL.NL,PNL.AS,PostNL N.V.,true
724500QDJRUMSPRDHW25,NL0012747059,CMCOM.NL,CMCOM.AS,CM.com N.V.,true
724500QJ4QSZ3H9QU415,NL0006294274,ENX.FR,ENX.PA,Euronext N.V.,true
724500QLFWTRHA3K0440,NL0000018034,AJAX.NL,AJAX.AS,AFC Ajax N.V.,true
724500QOTHETJORSS616,NL0000370419,ORANW.NL,,,false
724500RTZ40CFA61Y872,NL0012650535,MLPRX.FR,MLPRX.PA,Parx Materials N.V.,false
724500S2QABOWHX6MM18,NL0010696704,AMUND.NL,AMUND.AS,Almunda Professionals N.V.,true
724500SABXCV6OPXR277,NL0006311706,ARCPF.NL,ARCPF.AS,Arcona Property Fund N.V.,true
724500SB1LKCXIB6UY42,NL0006089229,KGHDF.NL,KGHDF.AS,Kempen Global High Dividend Fund N,false
724500SFK53FPNM68L95,NL0015000K93,ECMPA.NL,ECMPA.AS,Eurocommercial Properties N.V.,true
724500TEM53I0U077B74,NL0000395903,WKL.NL,WKL.AS,Wolters Kluwer N.V.,true
724500UL634GFV1KYF10,NL0009432491,VPK.NL,VPK.AS,Koninklijke Vopak N.V.,true
724500UPZNWHB9J3FQ35,NL0010627865,SNOW.NL,,,false
724500V38C5KTDY5BS93,NL0000337319,BAMNB.NL,BAMNB.AS,Koninklijke BAM Groep N.V.,true
724500VQOX7IXG7RJM76,NL0012194724,ALX.NL,ALX.AS,Alumexx N.V.,true
724500W1FESNTNY5DL70,NL0000852580,BOKA.NL,,Koninklijke Boskalis Westminster N.V.,true
724500WAU923OTVC7M86,NL0013332471,TOM2.NL,TOM2.AS,TomTom N.V.,true
724500X4WAS3V33MVX37,NL0000371243,NEDAP.NL,NEDAP.AS,Nedap N.V.,true
724500X71OF1CVRGUC26,NL0012817134,NNED.NL,NNED.AS,NN Paraplufonds 1 N.V. - NN Europees Deelnemingen Fonds,false
724500XYIJUGXAA5QD70,NL0013267909,AKZA.NL,AKZA.AS,Akzo Nobel N.V.,true
724500Y5L5UIEYCJCZ03,NL0010776944,BRNL.NL,BRNL.AS,Brunel International N.V.,true
724500Y6DUVHQD6OXN27,NL0010273215,A1J4U4.ETR,ASML.AS,ASML Holding N.V.,true
724500Y6DUVHQD6OXN27,NL0010273215,ASML.NL,ASML.AS,ASML Holding N.V.,true
724500Y6DUVHQD6OXN27,USN070592100,A1J85V.ETR,ASML,ASML Holding N.V.,true
724500YEIHQKMHTXW058,NL0011832811,FFARM.NL,FFARM.AS,ForFarmers N.V.,true
724500YLB8OA6WK5CH48,NL0000817179,SLIGR.NL,SLIGR.AS,Sligro Food Group N.V.,true
724500YRQCY3BD9RJZ92,NL0000289213,WHA.NL,WHA.AS,Wereldhave N.V.,true
724500Z4NS4Y5QK2ML16,NL0011327432,TMIF.NL,TMIF.AS,Triodos IS Multi Impact Fund Z Dis,false
724500Z83T2KWHUVEE93,NL0010273694,MLAAH.FR,MLAAH.PA,Amatheon Agri Holding N.V.,false
765LHXWGK1KXCLTFYQ30,US7170811035,852009.ETR,PFE,Pfizer Inc.,false
76NA4I14SZCFAYMNSV04,US4523081093,861219.ETR,ITW,Illinois Tool Works Inc.,false
784F5XWPLTWKTBV3E584,US38141G1040,920332.ETR,GS,"The Goldman Sachs Group, Inc.",false
787RXPR0UX0O0XUXPZ81,US6541061031,866993.ETR,NKE,"NIKE, Inc.",false
7LTWFZYICNSX8D621K86,DE0005140008,514000.ETR,DBK.DE,DEUTSCHE BANK AKTIENGESELLSCHAFT,false
7QEON6Y1RL5XR3R1W237,US0091581068,854912.ETR,APD,"Air Products and Chemicals, Inc.",false
8156000DA2DA67D9FD63,IT0005119109,ALMBG.FR,,,false
8156001DF271DAA93774,IT0005336521,MLITN.FR,MLITN.PA,Italy Innovazioni S.p.A.,false
8156002F8C11F80A9740,IT0004147952,A0LF18.ETR,NWRN.SW,Newron Pharmaceuticals S.p.A.,false
8156004C96C13077DB83,IT0005353484,ALSEI.FR,ALSEI.PA,Società Editoriale Il Fatto S.p.A.,false
8156006DEC4E421BEE73,IT0004615396,ALMTH.FR,ALMTH.PA,Methorios Capital SpA,false
81560073E7B8FFD8CE39,IT0005391161,MLIRF.FR,MLIRF.PA,Innovative-RFK S.p.A.,false
8156007D5EEE53EBC329,IT0005072811,MLSMP.FR,MLSMP.PA,Semplicemente S.p.A.,false
815600848F7C25869F28,IT0005398877,MLCSB.FR,,,false
815600848F7C25869F28,IT0005402034,MLCSA.FR,,,false
8156009729A39576B317,IT0005380438,ALKER.FR,,,false
815600B8027DA724EC81,IT0005351504,ALEAC.FR,ALEAC.PA,EdiliziAcrobatica S.p.A.,false
815600D404C9C1EB2F84,IT0005324105,MLLAB.FR,MLLAB.PA,Media Lab S.p.A.,false
824LMFJDH41EY779Q875,US4601461035,851413.ETR,IP,International Paper Company,false
82DYEISM090VG8LTLS26,US2788651006,854545.ETR,ECL,Ecolab Inc.,false
851WYGNLUQLFZBSYGB56,DE000CBK1001,CBK100.ETR,CBK.DE,COMMERZBANK Aktiengesellschaft,false
875500BTZPKWM4X8R658,DE000A27Z304,DE000A27Z304.NL,DE000A27Z304.AS,,false
875500BTZPKWM4X8R658,DE000A3GMKD7,DE000A3GMKD7.NL,DE000A3GMKD7.AS,,false
875500BTZPKWM4X8R658,DE000A3GN5J9,DE000A3GN5J9.NL,DE000A3GN5J9.AS,,false
875500BTZPKWM4X8R658,DE000A3GN5J9,ELTC.FR,ELTC.PA,Bitwise Physical Litecoin ETC,false
875500F4XQNDSFRSVU75,BE6200101556,MLIOC.FR,,,false
894500106EI75PGHOV27,FR0013374667,ALKKO.FR,ALKKO.PA,KKO International SA,false
89450012XZ2GPWGIGH37,DE000A2G9MZ9,A2G9MZ.ETR,S9I.HM,Stemmer Imaging AG,false
894500180W6SSACJ1T19,DE000A2E4SV8,A2E4SV.ETR,CYR.DE,cyan AG,false
8945002KP07Y9J48EM22,NL00150009D0,PACE.NL,,,false
8945004AW6QK8JHNQP69,DE0006916604,691660.ETR,PFV.F,Pfeiffer Vacuum Technlogy AG,false
8945004EL7WZK3ERG181,DE000A2YNT30,A2YNT3.ETR,DE000A2YNT30.SG,AlzChem Group AG,false
8945004QLKQVCN5CHD75,CH0003583256,896040.ETR,HLEE.SW,Highlight Event and Entertainment AG,false
8945004RIU1H6J4MEP15,DE000A1A6WE6,A1A6WE.ETR,AJ91.DE,DocCheck AG,false
8945004VIYBFS1PHF562,DE000A0LBKW6,A0LBKW.ETR,CFC.DE,aconnic AG,false
8945005ERTYEKPYE7N23,DE000A2QRHL6,A2QRHL.ETR,,,false
894500686FYLLZD3M624,DE000HAG0005,HAG000.ETR,HAG.DE,HENSOLDT AG,false
8945006PVZZBX0XGFN77,FR0014003711,ALBIZ.FR,ALBIZ.PA,Obiz S.A.,false
8945006ZVZH8L5TKDV83,ES0105601001,MLARI.FR,MLARI.PA,"Arimelia Itg Socimi, S.A.",false
8945007GIXZ5CT0KMQ09,DE000A2TR919,A2TR91.ETR,S6P.F,Spielvereinigung Unterhaching Fußball GmbH & Co. KGaA,false
8945008J0LDN1YW5N382,FR0010945733,MLEES.FR,,,false
894500BJQ2X3N0H65T46,FR0000072597,ALITL.FR,ALITL.PA,IT Link SA,false
894500BSYCO648PVU910,DE000A2G8X31,A2G8X3.ETR,SJJ.DE,Serviceware SE,false
894500DB5P9YR5T76656,CH0451123589,MLBMD.FR,MLBMD.PA,Swissnet AG,false
894500DZXXD0LOZYIC55,DE000A1K0201,A1K020.ETR,GSC1.DE,Gesco SE,false
894500FCLU2M5GTUUR76,DE000A3CQ7F4,A3CQ7F.ETR,BIKE.F,Bike24 Holding AG,false
894500FOM6WHY0KFW309,FR0014003AC4,TRANW.FR,,ARVERNE GROUP,false
894500HMNYJTKW5H0X64,DE000A1TNU68,A1TNU6.ETR,SF3.DE,STS Group AG,false
894500HQU4W3KIK2A674,FR0014001PM5,ALHRS.FR,ALHRS.PA,Hydrogen-Refueling-Solutions SA,false
894500HRR6V5GXLJ7716,ES0105553004,MLECE.FR,MLECE.PA,"Faifey Invest Socimi, S.A.",false
894500J6VH61ER5GFQ92,NL0000287100,OPTMF.NL,OPTMF.AS,Optimix Mix Fund,false
894500JPCBV66V6XDD58,BE0974334667,ALAVY.FR,ALWIN.PA,,false
894500K921GZTYDA4U88,DE000A2P4HL9,A2P4HL.ETR,123F.F,123fahrschule SE,false
894500KY04AT54FYPI40,NL0010558813,OPWAF.NL,OPWAF.AS,Optimix Wereld Aandelen Fonds,false
894500KY5NUKS3RUD288,NL0000287084,OPTIN.NL,OPTIN.AS,Optimix Income Fund,false
894500KYB7ECF33Q0M53,NL0000287126,OPEMF.NL,OPEMF.AS,Optimix Emerging Markets Fund,false
894500KYGQY422FLO678,NL0010558805,OPERF.NL,OPERF.AS,Optimix EuroRente Fonds,false
894500MVRBD595V34E89,FR0014000U63,MLHPI.FR,ALHPI.PA,Hopium SA,false
894500MY25EO0898CV63,DE000A2NB7S2,A2NB7S.ETR,TRU.MU,Traumhaus AG,false
894500OEEVZ4Y32FE921,BE6201089735,MLV4S.FR,,,false
894500UZJ5LG1F8J1U58,US09075V1026,A2PSR2.ETR,US09075V1026.SG,,false
894500WSIBBFFKHL6B32,NL0015000CZ2,EBUS.NL,EBUS.AS,Ebusco Holding NV,true
8ER8GIG7CSMVD8VUFE78,DE0005552004,555200.ETR,DHL.DE,Deutsche Post AG,false
8I5DZWZKVSZI1NUHU748,US46625H1005,850628.ETR,JPM,JPMorgan Chase & Co.,false
8M3THTGWLTYZVE6BBY25,US5502411037,A2QMYN.ETR,LUMN,"Lumen Technologies, Inc.",false
8MCWUBXQ0WE04KMXBX50,US74834L1008,904533.ETR,DGX,Quest Diagnostics Incorporated,false
8MYN82XMYQH89CTMTH67,US0367521038,A12FMV.ETR,ELV,"Elevance Health, Inc.",false
8R95QZMKZLJX5Q2XR704,GB00BDR05C01,A2DQWX.ETR,NG.L,NATIONAL GRID PLC,true
8SVCSVKSGDWMW2QHOH83,GB0002634946,866131.ETR,BA.L,BAE SYSTEMS PLC,true
8WDDFXB5T1Z6J0XC1L66,US87612E1064,856243.ETR,TGT,Target Corporation,false
8YQ2GSDWYZXO2EDN3511,US69331C1080,851962.ETR,PCG,PG&E Corporation,false
95980003BEM2LKBMYH45,ES0105498002,MLHAY.FR,MLHAY.PA,"Healthcare Activos Yield SOCIMI, S.A.",false
9598004BR8D81D3M1D64,ES0143416115,A0B5Z8.ETR,,SIEMENS GAMESA RENEWABLE ENERGY SA,true
95980052CK0AK94BRE05,ES0105399002,MLWRC.FR,MLWRC.PA,"Whiteni Rcajal Socimi, S.A.",false
9598005U8TZQ8Q64SC71,GB00BNTJ3546,ALLFG.NL,ALLFG.AS,ALLFUNDS GROUP PLC,true
9598006179Z0DWLKJ964,ES0105447009,MLMAQ.FR,MLMAQ.PA,"MAQ administración urbanas SOCIMI, S.A.",false
9598006D23D7JAV8AH11,ES0105425005,ALKOM.FR,ALKOM.PA,"Plásticos Compuestos, S.A.",false
959800985EMZTMRJAJ91,ES0105486007,MLARO.FR,MLARO.PA,"Aroca Del Pinar Socimi, S.A.",false
959800AWMKX48AVNDG16,ES0105118006,ALQP.FR,,,false
959800BDSAGJBJ04EG04,ES0105473005,MLISP.FR,MLISP.PA,Inmosupa Socimi SA Fund,false
959800DET8UZLU15UW84,ES0105089009,ALLLN.FR,ALLLN.PA,"LleidaNetworks Serveis Telemàtics, S.A.",false
959800E4WX9SMJXH3E20,ES0105559001,MLMIV.FR,MLMIV.PA,"Meridia RE IV, SOCIMI, S.A.U.",false
959800E9KZM3SC10X493,ES0105586004,MLCAN.FR,MLCAN.PA,Eurolog Canola Socimi S.A.,false
959800EL2WMTGM86KT22,ES0105551008,MLABC.FR,MLABC.PA,"Igis Neptune Barcelona Holdco Socimi, S.A.",false
959800F8B0AUGTU82803,ES0105490009,MLORB.FR,MLORB.PA,"Orbis Properties SOCIMI, S.A.",false
959800G9C846Q8S3GC85,ES0105492005,MLVRF.FR,MLVRF.PA,VREF Seville Real Estate Holdco SOCIMI S.A.,false
959800H206WBR5AZTJ53,ES0109429037,ALANT.FR,ALISP.PA,"ISPD Network, S.A.",false
959800H5NST7QNR25786,ES0105029005,ALPHI.FR,ALPHI.PA,"Facephi Biometria, S.A.",false
959800JYJ13RKB5UER51,ES0105362000,MLBAR.FR,MLBAR.PA,"Barings Core Spain Socimi, S.A.U.",false
959800N7TNUTNC00N543,ES0105592002,MLSCI.FR,MLSCI.PA,"Scientia School, S.A.",false
959800NATLQD576R4Q86,ES0105537007,MLNDG.FR,MLNDG.PA,Global Pielago Socimi SA,false
959800QJ8154Y145FY59,ES0105479002,MLINT.FR,MLINT.PA,"Iante Investments Socimi, S.A.",false
959800TXTLTZJQ4CCL18,ES0105511002,MLINM.FR,MLINM.PA,"Inmark Prime Socimi, S.A.U.",false
959800TZHQRUSH1ESL13,ES0177542018,A1H6AJ.ETR,IAG.L,"INTERNATIONAL CONSOLIDATED AIRLINES GROUP, S.A.",true
959800VYNZ4TJUR5AW25,ES0105550000,MLJDL.FR,MLJDL.PA,"Res Gestae Socimi, S.A.",false
959800WRJ96MY465LE18,ES0105333001,MLLOG.FR,,,false
959800XLRTZ7YGUETE06,ES0105590006,MLIFS.FR,MLIFS.PA,"Impulse Fitness Solutions, S.A.",false
959800XQTJ0E73WF4D19,ES0105534004,MLORQ.FR,MLORQ.PA,"Orinoquia Real Estate SOCIMI, S.A.",false
959800YBRTJD5Q1GVJ05,ES0105478004,MLAGP.FR,MLAGP.PA,"AGP Málaga Socimi, S.A.",false
959800YD6W3WJ4WLGF68,ES0105417002,MLIPO.FR,MLIPO.PA,"Iposa Properties Socimi, S.A.",false
9676001O8J81JR4HH394,BE0974328602,MLMIB.FR,MLMIB.PA,Metrics in Balance N.V.,false
9676003NK54369PYVG89,BE6252013725,MLMFI.FR,MLMFI.PA,Condor Technologies NV,false
9676007I0L7VU8DAH762,DE0005492276,549227.ETR,,,false
9676009U2B9KFVJFUF64,DE000A1MME74,A1MME7.ETR,NF4.F,Netfonds AG,false
967600DULSDZGUQ3RU35,BE0160342011,ALCOI.FR,ALCOI.PA,Coil S.A./N.V.,false
967600E9ZL3H9FUG6311,DE0006972508,697250.ETR,PBY.SG,Publity AG,false
967600H8653W4XPTPE22,CH0557519201,A2QQQU.ETR,VXT.DE,Vidinext AG,false
967600LT9MY90VC0Y128,DE000A1YC913,A1YC91.ETR,FC9.DE,FCR Immobilien AG,false
967600M9R4EFYLPNWR50,DE000A0ETBQ4,A0ETBQ.ETR,MBB.DE,MBB SE,false
967600PBC0TWY36SDW23,BE0974299316,ALINV.FR,ALINV.PA,Invibes Advertising N.V.,false
969500041VBJI46JBU89,FR0014004QZ9,ALDOL.FR,ALDOL.PA,Dolfines SA,false
969500081CGAXB7YS433,FR0010241638,MERY.FR,MERY.PA,MERCIALYS,true
96950009EM1D72NGCV27,FR0000074759,ALFLE.FR,ALFLE.PA,Fleury Michon SA,false
9695000B4BRCKZUB2E36,FR0010221069,ALFIL.FR,,,false
9695000B742KPNDQ4D05,FR00140048X2,ALIKO.FR,ALIKO.PA,Ikonisys S.A.,false
9695000EAC5UI2LAPJ16,FR0011522168,ALDR.FR,,,false
9695000EHMS84KKP2785,FR0010313833,AKE.FR,AKE.PA,ARKEMA,true
9695000ETCC5C2IUVB29,FR0013451044,ALHGR.FR,ALHGR.PA,Hoffmann Green Cement Technologies Societe anonyme,false
9695000H29HRRE478O62,FR0010341032,INEA.FR,INEA.PA,FONCIERE INEA,true
9695000I90LU9IWUDI50,FR0004155208,MLLOI.FR,MLLOI.PA,Locasystem International SA,false
9695000KELLFSASOM232,FR0004038263,PARRO.FR,PARRO.PA,PARROT,true
9695000KWQEBUDT6IO19,FR0000065484,LSS.FR,LSS.PA,Lectra SA,false
9695000L8HNPZ1PFL243,FR0000062341,BERR.FR,,,false
9695000L8HNPZ1PFL243,FR0000062507,EBPF.FR,,,false
9695000LXXIFVG0UIJ36,FR0000185480,MLPHW.FR,MLPHW.PA,Phone Web SA,false
9695000R64QEKPF8AF66,FR0004166197,ALTVO.FR,,,false
9695000UMPNY21KKDO98,FR0000061129,BOI.FR,BOI.PA,BOIRON,true
96950010FL2T1TJKR531,FR0004125920,AMUN.FR,AMUN.PA,AMUNDI,true
96950011RMTVI95JJ665,FR0010827741,MLMGL.FR,MLMGL.PA,Magillem Design Services SA,false
96950015FU78G84UIV14,FR0000044448,NEX.FR,NEX.PA,NEXANS,true
96950016DJXPSUVJMX67,FR0000060535,ORIA.FR,ORIA.PA,Fiducial Real Estate SA,false
96950016RCM5WFRBKJ74,FR0012267151,NSUS.FR,NSUS.PA,,false
96950018AS30IUG0V528,FR0010095596,ALONX.FR,ALVIO.PA,Valerio Therapeutics Société anonyme,false
96950018NOMJX5XRH047,FR0000053225,MMT.FR,MMT.PA,METROPOLE TELEVISION,true
9695001D0TLYAWZSX187,FR0013400835,ALMAR.FR,ALMAR.PA,Mare Nostrum SA,false
9695001J8OSOVX4TP939,FR0014005HJ9,OVH.FR,OVH.PA,OVH GROUPE,true
9695001J9GMM5XYK6482,FR0004032746,ALNEV.FR,ALNEV.PA,Neovacs S.A.,false
9695001KHDJG1DTXB725,FR0013479730,ALPAU.FR,ALPAU.PA,PAULIC Meunerie SA,false
9695001MO6W0781R9051,FR0011636083,ALNLF.FR,ALNLF.PA,Neolife SA,false
9695001MO6W0781R9051,FR0013282936,NLFBS.FR,,,false
9695001NADA53SXLP505,FR0000053076,ALADA.FR,,,false
9695001UXZB531E28C78,FR0000037475,CFI.FR,CFI.PA,CFI-Compagnie Foncière Internationale,false
9695001VLC2KYXX0DW73,FR0000124570,POM.FR,OPM.PA,OPmobility SE,false
9695002060AHCPU4KG26,FR0000045122,ALENR.FR,,,false
96950020QIOHAAK9V551,FR0000050809,SOP.FR,SOP.PA,SOPRA STERIA GROUP,true
96950022J37K8UHSJH76,FR0000051393,IDIP.FR,IDIP.PA,IDI,true
96950022O6SP7FQONJ77,FR0011040500,AXW.FR,74SW.PA,74SOFTWARE,true
96950023L46VUM1L8555,FR0011950682,SEFER.FR,SEFER.PA,SERGEFERRARI GROUP,true
96950024A1S6095J5067,FR0000062978,DKUPL.FR,DKUPL.PA,ADLPartner SA,false
96950025N07LTJYFSN57,FR0010667147,COFA.FR,COFA.PA,COFACE SA,true
96950029IN3GW457GG90,FR0000053324,CDA.FR,CDA.PA,COMPAGNIE DES ALPES,true
96950029IN3GW457GG90,FR00140017V1,CDANV.FR,,COMPAGNIE DES ALPES,true
9695002DKJ3CXMRA4P62,FR0000061608,ALPDX.FR,ALPDX.PA,Piscines Desjoyaux SA,false
9695002EVBYM5B2OIP31,FR0004188670,TKTT.FR,,TARKETT,true
9695002F3DKGDCD6FB03,FR0000124232,IRD.FR,,,false
9695002H313Z060LIP33,FR0000030074,MALT.FR,MALT.PA,Malteries Franco-Belges Société Anonyme,false
9695002I5YNOOY7QBA45,FR0010882886,MLMON.FR,ALEFA.PA,Eduform'action Société Anonyme,false
9695002M26EY0PEN7S80,FR0004027068,ALLAN.FR,ALLAN.PA,Lanson-BCC,false
9695002OALTJ10BG4080,FR0013335742,ALLEC.FR,,,false
9695002OY2X35E9X8W87,FR0000073298,IPS.FR,IPS.PA,IPSOS,true
9695002PXZMQNBPY2P44,FR0000066672,GLO.FR,GLO.PA,GL EVENTS,true
9695002Q984W0T41WB42,FR0014003U94,ARAMI.FR,ARAMI.PA,ARAMIS GROUP,true
9695002QEV361KXSMK20,FR0000044943,ALLOG.FR,ALLOG.PA,Logic Instrument S.A.,false
9695002QW200T6HJQR87,FR0010380626,PROL.FR,ALPRG.PA,Prologue S.A.,false
9695002SAP6O5BC9A872,FR0000053035,GEA.FR,GEA.PA,Grenobloise d'Electronique et d'Automatismes Société Anonyme,false
9695002TYOGOSP7JWV43,FR0013251584,MLAHC.FR,,,false
9695002UO0UHM0VKRH38,FR0000063034,FAUV.FR,,,false
9695002UQEA4MV16DC24,FR0000062465,AAA.FR,AAA.PA,Alan Allman Associates,false
9695002W8GRJRZ44MA62,FR0000060402,ABIO.FR,,ALBIOMA,true
9695002XQWX9TKCOZT86,FR0000053506,CGM.FR,ALCGM.PA,CEGEDIM,true
9695002Y8420ZB8HJE29,FR0010331421,IPH.FR,IPH.PA,INNATE PHARMA,true
9695002YVGSA5Z2O3511,FR0000035123,FNTS.FR,FNTS.PA,Finatis Société Anonyme,false
9695002ZQ0NCDYU5YB44,FR0000073793,DVT.FR,,,false
96950032TUYMW11FB530,FR0010220475,A0F7BK.ETR,ALO.PA,ALSTOM,false
96950032TUYMW11FB530,FR0010220475,ALO.FR,ALO.PA,ALSTOM,false
96950034TTGHHKKEN547,FR0013214145,SMCP.FR,SMCP.PA,SMCP,true
96950036OIHAEGNGJ871,FR0006864484,LPE.FR,LPE.PA,LAURENT-PERRIER,true
96950037H7K8DXF28652,FR0013252186,PVL.FR,PVL.PA,Plastiques du Val de Loire,false
9695003CV1KE3DI24K30,FR0000079634,ALGEC.FR,ALGEC.PA,GECI International S.A.,false
9695003D0XVFSWYN0M16,FR0000054421,ALBOU.FR,ALBOU.PA,Bourrelier Group SA,false
9695003D6KVJ0H8CL506,FR0004156297,LIN.FR,LIN.PA,LINEDATA SERVICES,true
9695003E4MMA10IBTR26,FR0010040865,A0BLMY.ETR,GFC.PA,GECINA,true
9695003E4MMA10IBTR26,FR0010040865,GFC.FR,GFC.PA,GECINA,true
9695003JO5WBTYFJQW28,FR0000185423,ALDAR.FR,ALDAR.PA,Damartex,false
9695003KQD0XMJYDX764,FR0004153930,ALHYG.FR,ALTAO.PA,,false
9695003M5ITE4XSCP069,FR0012709160,ALUNT.FR,ALUNT.PA,Uniti S.A,false
9695003OIX0T7NX72N26,FR0012432516,POXEL.FR,POXEL.PA,POXEL,true
9695003QNWHLC60H9E89,FR0010501692,GENX.FR,,GENERIX GROUP,true
9695003TCT79VIR5GB55,FR0000079659,CBDG.FR,CBDG.PA,Compagnie du Cambodge,false
9695003VVLE4R8O9FC23,FR00140047H7,MLWIZ.FR,,,false
9695003W8NIBIV7IN278,FR0000065278,HOP.FR,ALHOP.PA,HOPSCOTCH GROUPE,true
9695003ZVCCVQTZP9942,FR0013066750,ALDBT.FR,ALDBT.PA,DBT SA,false
96950044FWV7YEJCKR65,FR0000074122,SII.FR,,,false
96950045MCSQKLJ0OQ13,FR0000039232,AURE.FR,AURE.PA,AUREA,false
96950046OPLRLKKEOO08,FR0011950641,ALPIX.FR,,,false
96950047V9DJ43TZKN60,FR0000060451,ALLUX.FR,ALLUX.PA,Installux S.A.,false
9695004ANBJMIMZEYY03,FR0012612646,PARP.FR,PARP.PA,GROUPE PARTOUCHE,true
9695004C9D3ZX7FTZY16,FR0013256518,ALECR.FR,ALECR.PA,Eurofins-Cerep SA,false
9695004DQQKJRQJKUP89,FR0010050773,MLATV.FR,,,false
9695004EKIERIR4CNU56,FR0010688465,MLWEA.FR,MLWEA.PA,"Weaccess Group, Société Anonyme",false
9695004FALTKA67E3T78,FR0000050049,VIL.FR,VIL.PA,"VIEL & Cie, société anonyme",false
9695004FF6FA43KC4764,FR0004152882,ALCLA.FR,ALCLA.PA,,false
9695004GI61FHFFNRG61,FR0000051807,TEP.FR,TEP.PA,TELEPERFORMANCE SE,true
9695004HHMMJJMZB7240,FR0013222346,MLFSG.FR,MLFSG.PA,FranceSoir Groupe SA,false
9695004HPDBVG72O8851,FR0011766229,ALONC.FR,,,false
9695004OAPTHOKN99645,FR0000039216,AREIT.FR,AREIT.PA,ALTAREIT,true
9695004QARWGOCBZ1Y29,FR0004034320,ALMRB.FR,ALMRB.PA,Mr.Bricolage S.A.,false
9695004RFDS89YEZN363,FR0000075343,ALEMG.FR,ALEMG.PA,Laboratoires Euromedis Société anonyme,false
9695004RP20YYZYY7E41,FR0013399359,ALNRG.FR,ALNRG.PA,SA Energisme,false
9695004SMAJM96NSUG48,FR0000035784,EGR.FR,EGR.PA,Transition Evergreen SA,false
9695004YRMWNX0TMOQ58,FR0010889386,ALQWA.FR,ALQWA.PA,Qwamplify,false
96950051SYXQCDDZN810,FR0013421286,ALM.FR,,,false
96950052GK4O22I70Y62,FR0011665280,FGA.FR,FGA.PA,Figeac Aero Société Anonyme,false
96950052HNVVPVIE4J93,FR0010654087,ALTXC.FR,ALTXC.PA,TXCOM Société Anonyme,false
96950053T2YTG8917B10,FR0004065639,ALNSE.FR,ALNSE.PA,NSE S.A.,false
96950056ULJ4JI7V3752,FR0010411983,SCR.FR,SCR.PA,SCOR SE,true
96950059FVBYVM79EE59,FR0011217710,ALMET.FR,ALMET.PA,Méthanor SCA,false
9695005A9W1Y9XNHN541,FR0000051302,MLHBB.FR,MLHBB.PA,Financiere Hoche Bains-Les-Bains SA,false
9695005BDIQVS2PM7G48,FR0010263202,PAR.FR,PAR.PA,Paref SA,false
9695005BNQGNY0ND5S19,FR0004045847,ALVDM.FR,ALVDM.PA,Voyageurs du Monde SA,false
9695005JQWQKVVI8MG15,FR0000065393,COUR.FR,COUR.PA,Courtois S.A.,false
9695005LBNQJXT452Y30,FR0000066755,PIG.FR,PIG.PA,Haulotte Group SA,false
9695005LHRU1IBDMSE79,FR0010313486,ALPRO.FR,,,false
9695005NNHRB8KW54I35,FR0000065864,SOG.FR,ALSOG.PA,SOGECLAIR,true
9695005PEG4IL375U849,FR0000062234,ODET.FR,ODET.PA,Compagnie de l'Odet,false
9695005QNE7C8Z0LXU64,FR0011051598,ALMIB.FR,ALMIB.PA,Amoéba S.A.,false
9695005RWXG1PYVBLM37,FR0004152700,MLWEL.FR,MLODT.PA,Odiot S.A.,false
9695005U38X1SF184325,FR00140006O9,LOCAL.FR,LOCAL.PA,SOLOCAL GROUP SE,true
96950065LBWY0APQIM86,FR0014003TT8,DSY.FR,DSY.PA,DASSAULT SYSTEMES,true
969500667RSYIH8YL895,FR0011341205,NANO.FR,NANO.PA,NANOBIOTIX,true
96950066I7XVFGZI8L92,FR0012882389,PHA.FR,EQS.PA,EQUASENS,true
96950069QOZWKV4Y1F88,FR0000079691,MLIDS.FR,MLIDS.PA,IDS France SAS,false
9695006FW9E6J8N96D03,FR0006174496,MLVER.FR,,,false
9695006IK5NBKHQU9116,FR0010169920,ALPRE.FR,ALPRE.PA,Predilife S.A.,false
9695006JSNO3RE8RMG80,FR0013242385,METEI.FR,METEI.PA,OFI Precious Metals,false
9695006LOD5B2D7Y0N70,FR0010908533,EDEN.FR,EDEN.PA,EDENRED,true
9695006MW4PCLSLSA171,FR0010523167,ALROC.FR,ALROC.PA,RocTool S.A.,false
9695006MW4PCLSLSA171,FR0013477593,ROCBT.FR,,,false
9695006NXTANN9D7D860,FR0004174712,MLONL.FR,MLONL.PA,SA Onlineformapro,false
9695006PTSQSQEAOMV94,FR0010457531,ALADM.FR,,,false
9695006Q1VL1OHK06336,FR0012789667,AMPLI.FR,,AMPLITUDE SURGICAL,true
9695006S6L6YQECK2015,FR0000053043,ADVI.FR,ALAVI.PA,AdVini S.A.,false
9695006TUCBEXITVFJ66,FR0012034791,LARF.FR,LARF.PA,,false
9695006UURLX13H3IV87,FR0013015583,ALPOU.FR,ALPOU.PA,Poulaillon SA,false
9695006VJWNTN4UNHA27,FR0014003XT0,ALNFL.FR,ALNFL.PA,NFL Biosciences SA,false
9695007098XW590MAF78,FR0014003J32,ALNMR.FR,ALNMR.PA,namR Société anonyme,false
96950075EH7AW6R0E929,FR0000061475,EFI.FR,EFI.PA,Eurasia Fonciere Investissements Société Anonyme,false
96950077L0TN7BAROX36,FR0000125338,CAP.FR,CAP.PA,CAPGEMINI,true
969500785J7VIC5YPC96,FR0012616852,ABNX.FR,ABNX.PA,ABIONYX PHARMA,true
96950079QAYBTB8V4F22,FR0010193052,CATG.FR,ALCAT.PA,,false
9695007CHPJX01GDP147,FR0000061244,ALORA.FR,ALORA.PA,Altheora SA,false
9695007D9COFPA5V9V67,FR0013429404,ALGTR.FR,ALGTR.PA,Groupe Tera SA,false
9695007OBW30ATMM1668,FR0004031763,COH.FR,COH.PA,Coheris SA,false
9695007P3OVZYPVI7992,FR0000054132,ALDEL.FR,ALDEL.PA,Delfingen Société Anonyme,false
9695007VNRQR6V5TMN85,FR0011271600,FALG.FR,FR0011271600.SG,FERMENTALG,true
9695007X7HA7A1GCYD29,FR0010120402,ALTHE.FR,ALTHE.PA,Theraclion SA,false
9695007YG6O07A8N6395,FR0011049824,ALMDT.FR,ALMDT.PA,Median Technologies SA,false
9695007ZEQ7M0OE74G82,FR0010533075,GET.FR,GET.PA,GETLINK S.E.,true
96950085A13FFW45G765,FR0013030152,LFDE.FR,FDE.PA,La Française de l'Energie S.A.,false
96950088PO71EP872P02,FR0000065260,DPAM.FR,DPAM.PA,Les Docks des Pétroles d'Ambès -SA,false
9695008BIKG0E486UL47,FR0000064271,STF.FR,STF.PA,STEF,true
9695008DNLXZVDHVSC31,FR0000061657,MLMAB.FR,MLMAB.PA,Maison Antoine Baud Société Anonyme,false
9695008GIE061NBGU106,FR0012816825,ALBPS.FR,ALBPS.PA,Biophytis S.A.,false
9695008GTTDJGF00CT88,FR0000074148,ASY.FR,ASY.PA,ASSYSTEM,true
9695008GVA59G8SVGO83,FR0000074072,BIG.FR,BIG.PA,BIGBEN INTERACTIVE,true
9695008J05IVNRH25N49,FR0000075392,ORAP.FR,,ORAPI,true
9695008JULKH9KJQLP04,FR0000071797,INF.FR,INF.PA,INFOTEL,true
9695008MS676KBY3HB95,FR0000038531,ALHF.FR,ALHF.PA,HF Company SA,false
9695008N89S7OTLXGE29,FR0004034593,ALFBA.FR,,,false
9695008PJ4ZO8QKYII19,FR0000064958,ITXT.FR,ITXT.PA,Intexa SA,false
9695008PZKIXDUKZRE87,FR00140059B5,ALAUD.FR,ALAUD.PA,Audacia SA,false
9695008SHP3XTT9QCM25,FR0000038606,MTU.FR,MTU.PA,MANITOU BF,true
9695008STUXNBW4KCC38,FR0013204070,ALPAR.FR,,,false
9695008Y07TSG8SZCG57,FR0004050250,NRO.FR,NRO.PA,NEURONES,true
9695008ZEDPL7I5V5I78,FR0012969095,CAPLI.FR,,,false
96950091FL62XSLPHO35,FR0011476928,FNAC.FR,FNAC.PA,FNAC DARTY,true
96950092BR3THFEYNI82,FR0011041011,ALBLU.FR,ALBLU.PA,Bluelinea Société Anonyme,false
969500949JC0587OSC65,FR0000077885,MLDAM.FR,MLDAM.PA,Damaris SA,false
96950095GR12IANF5L11,FR0010424697,ALENT.FR,ALENT.PA,Ethero,false
96950099K67303OLR406,FR0014003T71,ALODC.FR,ALODC.PA,Omer-Decugis & Cie SA,false
96950099YSQX0UF05V84,FR0000061780,AUGR.FR,AUGR.PA,Augros Cosmetic Packaging SA,false
9695009AOETI38F0R646,FR0011884378,ALUCI.FR,ALUCI.PA,Lucibel SA,false
9695009APC3YV9588914,FR0013231180,ALOSM.FR,,,false
9695009DV2698O4ZBU71,FR0013153541,MDM.FR,MDM.PA,MAISONS DU MONDE,true
9695009FXHWX468RM706,FR0000073041,VAC.FR,VAC.PA,PIERRE ET VACANCES,true
9695009GEFEXHS93UO81,FR0013155975,MLSDN.FR,MLSDN.PA,La Savonnerie De Nyons,false
9695009KV7AFPDEI5S30,FR0000077919,DEC.FR,DEC.PA,JCDECAUX SE,true
9695009OW5BFZN8NCX45,FR0004023208,BASS.FR,BASS.PA,BASSAC Société anonyme,false
9695009SISMDAOR3GO20,FR0000066607,LACR.FR,LACR.PA,LACROIX Group SA,false
9695009UQ3QIRQZAWU89,FR0010285965,ALMIL.FR,,,false
9695009WMW72CD0E3W90,FR0000053514,PCA.FR,,PCAS,true
9695009X63IU81RJEY17,FR0000052680,SBT.FR,SBT.PA,Oeneo SA,false
9695009YI1863TOVDP79,FR0000031775,VCT.FR,VCT.PA,VICAT,true
969500A1YF1XUYYXS284,FR0000121972,860180.ETR,SU.PA,SCHNEIDER ELECTRIC SE,true
969500A1YF1XUYYXS284,FR0000121972,SU.FR,SU.PA,SCHNEIDER ELECTRIC SE,true
969500A2JI1PIT7Z7X81,FR0010688440,ALWED.FR,,,false
969500A2Z14AVX87BU73,FR0014004362,ALESE.FR,ALESE.PA,Entech SA,false
969500A4R8HLXMZQDT80,FR0013482791,NACON.FR,NACON.PA,NACON,true
969500AAY5O54KATPS47,FR0011158823,MLIFC.FR,MLIFC.PA,Infoclip S.A.,false
969500AD03WV65AU4P50,FR0010518936,MLMTD.FR,,,false
969500AEDFIE2DYDF769,FR0014004339,ALAGO.FR,ALAGO.PA,E-Pango SA,false
969500AGQP2FXW6GMN75,FR0004159473,HEXA.FR,ALHEX.PA,HEXAOM,true
969500AI7V5V0J9TOU58,FR0000060618,RAL.FR,RAL.PA,RALLYE,true
969500AQUJ1J9V2S9Z88,FR0010278762,ALTEV.FR,,,false
969500AQW31GYO8JZD66,FR0000031122,AF.FR,AF.PA,AIR FRANCE - KLM,true
969500ARXACM0P0KH333,FR0010907956,ALCAR.FR,,,false
969500B0E8Z2V3RXFV36,FR0000072894,CAS.FR,,,false
969500B0Y068KE2BJT38,FR0013072741,MLOSA.FR,,,false
969500B1IS5BCGNBKO76,FR0000061418,SACI.FR,SACI.PA,Fiducial Office Solutions,false
969500B26JTBMARX7I11,FR0013530102,ALCG.FR,,,false
969500B6HIQ3B0JLR552,FR0011898584,ALUVI.FR,ALUVI.PA,UV Germi SA,false
969500BFCV6IC7MFQP20,FR0013286259,ALTHX.FR,ALTHX.PA,THX Pharma Société Anonyme,false
969500BJFG8GH5EOIS96,FR0000035750,MLROU.FR,,,false
969500BLZ32ILNER6691,FR0010326090,ALVIA.FR,ALVIA.PA,Vialife SA,false
969500BMWA8QCO496931,FR0000062788,BUI.FR,BUI.PA,Barbara Bui SA,false
969500BP164KQ7HB7675,FR0010885236,NTRP.FR,NTRP.PA,,false
969500BSN1E0SN4HCM30,FR0013340973,MLBSP.FR,MLBSP.PA,Blue Shark Power System,false
969500BVLJEPXKHGU456,FR0000072993,ALMAK.FR,,,false
969500BVLJEPXKHGU456,FR0013525565,MAKB2.FR,,,false
969500BVOHVZUUFWDT54,FR0011726835,GTT.FR,GTT.PA,GAZTRANSPORT ET TECHNIGAZ,true
969500BWN96GQML9H473,FR0010768770,MLWEY.FR,MLWEY.PA,Weya SA,false
969500BY8TEU16U3SJ94,FR0013230612,TKO.FR,TKO.PA,TIKEHAU CAPITAL,true
969500C0AIAGQWZGJO13,FR0011675362,NEOEN.FR,,NEOEN,true
969500C15M96P00UR648,FR0010844464,ALMDP.FR,,,false
969500C2C11L0PTGRH11,FR0011027135,PAT.FR,PAT.PA,PATRIMOINE ET COMMERCE,true
969500C2Y8644S2M8N69,FR0000060824,FINM.FR,FINM.PA,Financière Marjos SA,false
969500C43H7W90FX6G79,FR0010202606,ALBFR.FR,ALBFR.PA,Sidetrade SA,false
969500C656AA39O94N60,FR0000121121,RF.FR,RF.PA,EURAZEO,true
969500CC2PIGAFVPD702,FR0000053399,COM.FR,,,false
969500CDBDYFK6UGFF67,FR0000052755,MLEDS.FR,,,false
969500CDG241WHIFL611,FR00140069U4,THEDS.FR,,,false
969500CE0X343D8ALO86,FR0004007813,KOF.FR,KOF.PA,KAUFMAN & BROAD SA,true
969500CE7V8FKMJZC371,FR0010396309,ALHIT.FR,ALHIT.PA,HITECHPROS Société anonyme,false
969500CGTBE91NX76Q18,FR0014001PV6,NR21.FR,NR21.PA,NR21 Société Anonyme,false
969500CHE47COB873G22,FR00140043Y1,ALSPT.FR,ALSPT.PA,Spartoo SAS,false
969500CIMHFWNM4J4V14,FR0013470168,ALIMP.FR,ALIMP.PA,Implanet S.A.,false
969500CKO13UUTLTT460,FR0013018041,NAVYA.FR,NVYAF,Navya SA,false
969500CMAIZOJBR35333,FR0011398874,ALSPW.FR,ALSPW.PA,Spineway SA,false
969500CQD8K0BUIGDH55,FR0010908723,ALINT.FR,ALINT.PA,IntegraGen SA,false
969500CQQB6XUNW6CN97,FR0012634822,MAAT.FR,MAAT.PA,MaaT Pharma SA,false
969500CRPYH06GTZO863,FR0005854700,ALI2S.FR,ALI2S.PA,i2S SA,false
969500CRQJCR86DNNC50,FR0000033243,IMDA.FR,IMDA.PA,IMMOBILIERE DASSAULT SA,true
969500CSFMICHS9D8B42,FR0013406881,MLCMG.FR,MLCMG.PA,CMG Cleantech S.A.,false
969500CTWTBU17XY8495,FR0000064404,EDI.FR,EDI.PA,Groupe MEDIA 6,false
969500CVD92TCP4GJR87,FR0004175842,SELER.FR,SELER.PA,Selectirente,false
969500CVFTUT88V8QN95,FR0014004L86,AM.FR,AM.PA,Dassault Aviation société anonyme,false
969500D2EQO0B1ESH812,FR0004154060,ALNTG.FR,ALNTG.PA,Netgem SA,false
969500D830K8WFLKFS83,FR0013199916,SO.FR,,,false
969500D8TMNB184OJU95,FR0012333284,ABVX.FR,ABVX.PA,ABIVAX,false
969500D9BXOAKU5U6X12,FR0010337865,ALUPG.FR,ALUPG.PA,UPERGY Société Anonyme,false
969500DB5T4TMZBSHF29,FR0014003VY4,HDF.FR,HDF.PA,Hydrogène de France Société anonyme,false
969500DBDJVCX4MNB168,FR0011814938,ALBOO.FR,ALBOO.PA,Boostheat SA,false
969500DCGMF1DNOXFH76,FR0000054215,UNBL.FR,,UNIBEL,true
969500DDHORASZ80AH52,FR0000072373,GID.FR,ALGID.PA,Egide S.A.,false
969500DG8YK9AV60FN03,FR0013467123,ALSAF.FR,ALSAF.PA,Safe Orthopaedics SA,false
969500DIVIP5VKNW4948,FR0004056851,A0MVJZ.ETR,VLA.PA,VALNEVA,true
969500DIVIP5VKNW4948,FR0004056851,VLA.FR,VLA.PA,VALNEVA,true
969500DJ67NWWO3OJ977,FR0000075442,ALLDL.FR,ALLDL.PA,Groupe LDLC société anonyme,false
969500DJL43L53840141,FR0000065773,MLIMP.FR,MLIMP.PA,Imprimerie Chirat Société Anonyme,false
969500DKWUNXWIOSTC75,FR0010528059,ALSTW.FR,ALSTW.PA,Streamwide S.A.,false
969500DMA54G9G33MK42,FR0000032302,MAN.FR,,,false
969500DQD951FFTQHE77,FR0000124414,ALBI.FR,ALBI.PA,Gascogne SA,false
969500DRN4YMCV7T4G40,FR0000077992,MLPAC.FR,MLPAC.PA,Pacte Novation,false
969500DWAEWYP7GOWU54,FR0014003FN0,MLVIE.FR,MLVIE.PA,Integritas Viager,false
969500DWZ4IMXC8VWW55,FR0012821916,ALHYP.FR,ALHYP.PA,HiPay Group SA,false
969500DXZLWVUPWMOL42,FR0000064297,ALINN.FR,ALINN.PA,Innelec Multimédia SA,false
969500DY1XHUQMKSBN56,FR0004175222,MLSBT.FR,,,false
969500DZBBMYHB8NAM93,FR0000121634,RE.FR,,,false
969500E1IO6PRE1MOA25,FR0000075673,ALTAN.FR,,,false
969500E49IJXR9T6O894,FR0004029478,ALVIV.FR,,,false
969500E49IJXR9T6O894,FR0014003O76,VIVBS.FR,,,false
969500E4APQOJGQIRN84,FR0000060949,ALTIV.FR,,,false
969500E7HW1ANN0U4O13,FR0010776617,ALMER.FR,ALMER.PA,Sapmer SA,false
969500E7V019H9NP7427,FR0013258662,ALD.FR,AYV.PA,AYVENS,true
969500EFNNFB2DRUC163,FR0011053636,ALTBG.FR,ALCPB.PA,Capital B,false
969500EFVEBGWDZ6MB82,FR0013507985,CYBKA.FR,,,false
969500EFVEBGWDZ6MB82,FR0013508009,CYBKB.FR,,,false
969500EFVEBGWDZ6MB82,FR0014004QR6,ALCYB.FR,ALIBR.PA,,false
969500EH6WF68VORPO82,FR0004175099,ALTRO.FR,,,false
969500EJ1VXQBOHQR803,FR0010404368,ALDLS.FR,ALDLS.PA,DLSI,false
969500EPORUC3580O341,FR0000065492,SLCO.FR,SLCO.PA,Selcodis SA,false
969500EQZGSVHQZQE212,FR0010309096,VTR.FR,VTR.PA,VITURA S.A.,true
969500EUEC3HIYQOCS92,FR0000039091,RBT.FR,RBT.PA,Robertet SA,false
969500EUEC3HIYQOCS92,FR0000045601,CBE.FR,CBE.PA,Robertet SA,false
969500EUEC3HIYQOCS92,FR0000045619,CBR.FR,CBR.PA,Robertet SA,false
969500EUI4WPK59A4Y27,FR0000066961,ALDBL.FR,ALDBL.PA,Bernard Loiseau S.A.,false
969500EUXVXI1P4RAR57,FR0010397901,ALTRI.FR,ALTRI.PA,Trilogiq S.A.,false
969500EVHCLEEM63OR65,FR0000076960,MLGRC.FR,MLGRC.PA,Groupe Carnivor Société Anonyme,false
969500EWBEGIDU4SVC87,FR0000033888,ALGEV.FR,ALGEV.PA,Gévelot SA,false
969500EX26X99WBVPD66,FR0004052561,PROAC.FR,PROAC.PA,Proactis SA,false
969500EY082T9MF5R336,FR0010478248,ATA.FR,ALATA.PA,Atari SA,false
969500EY4ARW93GFO256,FR0014005WE9,MLAA.FR,MLAA.PA,L Agence Automobiliere,false
969500EZGEO9W4JXR353,FR0013018124,COX.FR,ALCOX.PA,NICOX SA,true
969500F0VMZLK2IULV85,FR0000121147,EO.FR,FRVIA.PA,FORVIA,true
969500F7JLTX36OUI695,FR0000131906,893113.ETR,RNO.PA,RENAULT,true
969500F7JLTX36OUI695,FR0000131906,RNO.FR,RNO.PA,RENAULT,true
969500F7JLTX36OUI695,FR0000140014,RNL.FR,RNL.PA,RENAULT,true
969500F9H7I22AX1D138,FR0000032278,LAT.FR,LAT.PA,LATECOERE,true
969500FCVQ5SLAAUJV59,FR0013181864,CGG.FR,,VIRIDIEN,true
969500FCVQ5SLAAUJV59,FR0013309614,CGGBS.FR,,VIRIDIEN,true
969500FCYAKEELKJV459,FR0000061137,BUR.FR,BUR.PA,Burelle SA,false
969500FGWDMDLZXSLJ50,FR0000060907,CHSR.FR,CHSR.PA,La Chausseria S.A.,false
969500FHXW3AEY6Z0B25,FR0000035164,BEN.FR,BEN.PA,Bénéteau S.A.,false
969500FNFP0ZDQXDQ440,FR0000064164,ALEXA.FR,ALEXA.PA,Exacompta Clairefontaine S.A.,false
969500FP2EHJUKSIMS70,FR0000077562,ALHIO.FR,,,false
969500FQ2JC287ZCC133,FR0004172450,ALBUD.FR,ALMIN.PA,MINT Société anonyme,false
969500FU4DRAEVJW7U54,FR0000127771,591068.ETR,VIV.PA,VIVENDI SE,true
969500FU4DRAEVJW7U54,FR0000127771,VIV.FR,VIV.PA,VIVENDI SE,true
969500FULTKJYIRIAT87,FR0004170017,LNA.FR,LNA.PA,LNA SANTE,true
969500FVAJDMARZUBM83,FR0010621722,MLABO.FR,,,false
969500FYD3E89HF4LW17,FR0000034548,UFF.FR,,,false
969500FYLNRXCJ348W66,FR0000054231,HCO.FR,HCO.PA,HIGH CO,true
969500G0Z0933Z8XKG78,FR0000077828,MLCNT.FR,MLCNT.PA,Consort NT Société anonyme,false
969500G118PJ7KZ4HQ90,FR0010193979,CBOT.FR,CBOT.PA,CBo Territoria SA,false
969500G42GDB5YEC2Q03,FR0011289040,SQI.FR,,SQLI,true
969500G4DJ93X62C2W81,FR0004171346,ALNXT.FR,ALNXT.PA,Nextedia S.A.,false
969500G6LC624T55MP11,FR0000037640,ALRGR.FR,ALRGR.PA,Rougier S.A.,false
969500GCABYSIZT27Q52,FR0013253374,ECE.FR,ECE.PA,Ecofi Convertibles Euro,false
969500GEI6NT3SYD8O24,FR0000064529,ALNSC.FR,ALNSC.PA,NSC Groupe SA,false
969500GFIL2Z81YKUM35,FR0000074254,BSD.FR,BSD.PA,BOURSE DIRECT,true
969500GFM1C4M1KMPL74,FR0014005DA7,EXN.FR,,EXCLUSIVE NETWORKS SA,true
969500GH9OGWIN97XN36,FR0013253812,MLALV.FR,MLALV.PA,Alveen S.A.,false
969500GKS79O8C1HDB31,FR0010959684,MLCLP.FR,MLCLP.PA,Colipays Reunion Société anonyme,false
969500GKTZFIKLFCP746,FR0000064735,MLHYD.FR,MLHYD.PA,Hydraulique Holding Société anonyme,false
969500GLMRELZ61HJS76,FR0012419307,ALFOC.FR,ALPUL.PA,Pullup Entertainment Société anonyme,false
969500GMPWNUM7HCZ452,FR0000034894,GAM.FR,GAM.PA,GAUMONT,true
969500GPJBRKNSCNAB70,FR0010035816,MLCOR.FR,MLCOR.PA,Corep Lighting Société anonyme,false
969500GSN25I3B3X6F94,FR0013357621,WAVE.FR,WAVE.PA,WAVESTONE,true
969500GV06OGYU2T9502,FR0013345493,ALTUV.FR,ALTUV.PA,BIO-UV Group S.A.,false
969500H46XRAMTMVB676,FR0011052257,ALGBE.FR,,,false
969500H4BGE1HBLGP566,FR0011005933,ALBIO.FR,ALBIO.PA,Biosynex SA,false
969500H6OHPO4Q5D4L88,FR0011038348,ALKLA.FR,ALKLA.PA,Klarsen,false
969500H7AHAGHSHCCC18,FR0013231453,NUST.FR,NUST.PA,Ostrum Ultra Short Term Bonds Plus,false
969500HDP5A7UH2A5Q23,FR0011071570,ALCOG.FR,ALCOG.PA,Cogra 48 Société Anonyme,false
969500HGMRK6AD1XI361,FR0010353888,ALMDG.FR,ALMDG.PA,MGI Digital Technology Société Anonyme,false
969500HIUWVGY6NZSM05,FR0012127173,OSE.FR,OSE.PA,OSE IMMUNOTHERAPEUTICS,true
969500HMHUPR3KYXUT19,FR0004053510,ALGEN.FR,ALGEN.PA,genOway Société anonyme,false
969500HMPJ64EB79ZN33,FR0010358507,MLNEI.FR,,,false
969500HQ6PWNILD1HE63,FR0014000T90,2MX.FR,,TERACT,false
969500HQ6PWNILD1HE63,FR0014000TB2,2MXBS.FR,,TERACT,false
969500HRRRC395Z65936,FR0000037970,GREV.FR,,,false
969500HTKB2YPUB7HY81,FR0010086371,MLIML.FR,MLIML.PA,ImAlliance SA,false
969500HVPZRRU7M2I465,FR0010298620,MEMS.FR,MEMS.PA,"MEMSCAP, S.A.",false
969500HYKS59O76EGA11,FR0000053944,SPEL.FR,SPEL.PA,Foncière Volta,false
969500HZ36JO2ODTSW29,FR0004026151,ITE.FR,,ITESOFT,true
969500HZ6T4ZSSMB6331,FR0005783503,MLUMH.FR,,,false
969500I1EJGUAT223F44,FR0000044471,GDS.FR,GDS.PA,RAMSAY GENERALE DE SANTE,true
969500I1IXN32ZGYEY90,FR0013495298,ALGAU.FR,,,false
969500I4RF06BPM4AN82,FR0011992700,ATEME.FR,ATEME.PA,ATEME,false
969500I7C8V1LBIMSM05,FR0000054470,UBI.FR,UBI.PA,UBISOFT ENTERTAINMENT,true
969500I9Y690B3FZW590,FR0013233012,IVA.FR,IVA.PA,INVENTIVA,true
969500IANLNITRI3R653,FR0014004974,ALENO.FR,ALENO.PA,Enogia SAS,false
969500IC07Z1WYEN3325,FR0000066441,ALPJT.FR,ALPJT.PA,Poujoulat SA,false
969500IC14Z1G4WLFT38,FR0011208693,ALGLD.FR,ALGLD.PA,Gold By Gold SA,false
969500ICGCY1PD6OT783,FR0000033219,ALTA.FR,ALTA.PA,ALTAREA,true
969500IDVLZHTUCMVU22,FR0004529147,TES.FR,,,false
969500IIE66C3CFB1K57,FR0012821890,ADUX.FR,ALDUX.PA,,false
969500IJO9LS9EG0DV72,FR0000061459,PERR.FR,PERR.PA,Gérard Perrier Industrie S.A.,false
969500IKELAA58Q3C212,FR0013529815,AVT.FR,AVT.PA,AVENIR TELECOM,true
969500IQEUEH806GE257,FR0013240934,ALERS.FR,ALERS.PA,Eurobio Scientific Société anonyme,false
969500IQLBCOOICLAB88,FR0000121691,NRG.FR,NRG.PA,NRJ GROUP,true
969500IS461XV7XJRX16,FR0013242096,EEFX.FR,EEFX.PA,Epargne Ethique Flexible,false
969500IVQWILFTR34X18,FR0000060840,ALDEV.FR,ALDEV.PA,Devernois S.A.,false
969500IZ7E6B3QVX2I11,FR0004040608,ABCA.FR,ABCA.PA,ABC arbitrage SA,false
969500J01B2O4RQ0K260,FR0013371507,MLGML.FR,MLPTZ.PA,,false
969500J2V41R87GPTD23,FR0000032658,SDG.FR,SDG.PA,Synergie SE,false
969500J3U02G3X2MWE37,FR0010328302,MLMAD.FR,,,false
969500J4V0B25WJKTF08,FR0013143872,ALWIT.FR,ALWIT.PA,Witbe S.A.,false
969500JDD1C1LPVFXM23,FR0000053738,MLHOT.FR,MLHOT.PA,Hotelim Société Anonyme,false
969500JJ71T2DIPDVV84,FR0010112524,NXI.FR,NXI.PA,NEXITY,true
969500JJOFGPP40OOE78,FR0013384369,ALBKK.FR,ALBKK.PA,Baikowski SA,false
969500JP6LROUFOMCU46,FR0013398997,ALCUR.FR,ALCUR.PA,Arcure S.A.,false
969500JTN8BU5BW6UW36,FR0010588079,FREY.FR,FREY.PA,FREY,true
969500JVQYDXVU1J2829,FR0010447086,MLCHE.FR,MLCHE.PA,Cheops Technology France Société anonyme,false
969500JWHZYG3D8QLZ17,FR0000066482,TIPI.FR,,,false
969500JYL5Y41I8YGO57,FR0011776889,MLUMG.FR,MLUMG.PA,Umalis Group,false
969500JZSD8O83SPU920,FR0013344173,RBO.FR,RBO.PA,ROCHE BOBOIS,true
969500K433EK1G89EV95,FR0014005OJ5,ALACT.FR,,,false
969500K8EPT7JBE7FP45,FR0011070457,ALUCR.FR,,,false
969500KA4JCGL7F8WX73,FR0013253705,OREQU.FR,OREQU.PA,OFI Rs Euro Equity,false
969500KB7P0M43DNUN56,FR0000074197,FPG.FR,FPG.PA,UTI GROUP,true
969500KE938Z79ZH1N44,FR0011995588,VLTSA.FR,VLTSA.PA,VOLTALIA,true
969500KFLRL1R08AP317,FR0013318813,PID.FR,,,false
969500KGFSDP6UUKIA67,FR0000063737,AUB.FR,AUB.PA,AUBAY,true
969500KI179R130T7Q32,FR0000036675,CEN.FR,CEN.PA,GROUPE CRIT,true
969500KJGF9ZUYXSMJ27,FR0011191287,ALPHA.FR,,,false
969500KKGUT4N1VNBA75,FR0010208421,NSO1.FR,NSO1.PA,,false
969500KLZPNMO8TUM811,FR0005691656,TRI.FR,TRI.PA,Trigano S.A.,false
969500KMUQ2B6CBAF162,FR0000120644,851194.ETR,BN.PA,DANONE,true
969500KMUQ2B6CBAF162,FR0000120644,BN.FR,BN.PA,DANONE,true
969500KPUJ4J2ZMPWK53,FR0000065930,LEBL.FR,LEBL.PA,Foncière 7 investissement Société Anonyme,false
969500KSHYK6DAL2KE70,FR0012384907,MLCIO.FR,,,false
969500KTAT15BMR1QA92,FR0000078321,SEC.FR,ALSEC.PA,,false
969500KVDFCL47CTBX34,FR0010812230,ALMNG.FR,ALSRS.PA,Sirius Media,false
969500L0JJOTQTCMKZ79,FR0010330613,ALOBR.FR,,,false
969500L3PI1D8PFDTK24,FR0013331212,ALDNE.FR,ALDNE.PA,Don't Nod Entertainment S.A.,false
969500L4X4UUYJSPC384,FR0000062101,FCMC.FR,FCMC.PA,Société Fermière du Casino Municipal de Cannes,false
969500L99934II0JH488,FR0000079147,ALU10.FR,ALU10.PA,U10 Corp,false
969500LCBOG12HXPYM84,FR0000121220,SW.FR,SW.PA,SODEXO,true
969500LEKCHH6VV86P94,FR0000039299,BOL.FR,BOL.PA,BOLLORE SE,true
969500LENY69X51OOT31,FR0000124141,501451.ETR,VIE.PA,VEOLIA ENVIRONNEMENT,true
969500LENY69X51OOT31,FR0000124141,VIE.FR,VIE.PA,VEOLIA ENVIRONNEMENT,true
969500LEX1OL93DGRH34,FR0010151589,CAFO.FR,ALCAF.PA,,false
969500LHIH3NT7PK1V89,FR0000184798,ORP.FR,ORPEF,EMEIS,true
969500LIE7J9LG2YCH27,FR0004050300,OPN.FR,,,false
969500LIJD0OW1446X30,FR0000036816,EIFF.FR,EIFF.PA,SOCIETE DE LA TOUR EIFFEL,true
969500LKYTKFF9X34M67,FR0007200100,MLEDR.FR,MLEDR.PA,Compagnie des Eaux de Royan,false
969500LLOO6VZU9RL468,FR0006563904,MLHIN.FR,MLHIN.PA,Société Hôtelière et Immobilière de Nice S.A.,false
969500LM904RGABQUN96,FR0014004JF6,I2POW.FR,,DEEZER,true
969500LQ1GARPRIUHR29,FR0004010338,GJAJ.FR,GJAJ.PA,Groupe JAJ,false
969500LQMP73SHE1NZ68,FR0000054678,EUR.FR,,,false
969500LWX4Q09KE9HZ13,FR0000054371,MLSRP.FR,MLSRP.PA,Speed Rabbit Pizza SA,false
969500LXL8AZAI9TDZ20,FR0010214064,GPE.FR,GPE.PA,Groupe Pizzorno Environnement,false
969500LYSYS0E800SQ95,FR0011950732,ELIOR.FR,ELIOR.PA,ELIOR GROUP,true
969500LYUDIOTB1DEZ38,FR0004034072,XIL.FR,ALXIL.PA,,false
969500LYW7BY1FPKLN92,FR0013330792,ALNN6.FR,ALNN6.PA,ENENSYS Technologies SA,false
969500M0C1OJODVJGT68,FR0010490920,ECP.FR,ALECP.PA,EuropaCorp,false
969500M2EFP3ASV8WL56,FR0004527638,EXE.FR,EXE.PA,EXEL INDUSTRIES,true
969500M2RCIWO4NO5F08,FR0011648716,ALCRB.FR,ALCRB.PA,Carbios SAS,false
969500M3M957TMW13B93,FR0007080254,ALLHB.FR,ALLHB.PA,Les Hôtels Baverez S.A.,false
969500M5EQJVDASURW53,FR0000062796,VRAP.FR,POMRY.PA,VRANKEN-POMMERY MONOPOLE,true
969500M6PGRQS475JN03,FR0000066540,ALHRG.FR,ALHRG.PA,Herige,false
969500M83NANZZ5FGF95,FR0006205019,MLCAC.FR,MLCAC.PA,Lombard & Medot SA,false
969500M98ZMIZYJD5O34,FR0000121204,MF.FR,MF.PA,WENDEL,true
969500MBA2IX17UII261,FR0000033599,ALLEX.FR,ALLEX.PA,Lexibook - Linguistic Electronic System Société anonyme,false
969500MCOONR8990S771,FR0000133308,906849.ETR,ORA.PA,ORANGE,true
969500MCOONR8990S771,FR0000133308,ORA.FR,ORA.PA,ORANGE,true
969500MGFIKUGLTC9742,FR0013269123,RUI.FR,RUI.PA,RUBIS,true
969500MHIJSVB68OTX46,FR0012185536,ARTE.FR,ARTE.PA,Artea SA,false
969500MLJC3ZSZP4L019,FR0000038242,LBIRD.FR,LBIRD.PA,LUMIBIRD,true
969500MMPQVHK671GT54,FR0000120073,850133.ETR,AI.PA,L'AIR LIQUIDE SOCIETE ANONYME POUR L'ETUDE ET L'EXPLOITATION DES PROCEDES GEORGES CLAUDE,true
969500MMPQVHK671GT54,FR0000120073,AI.FR,AI.PA,L'AIR LIQUIDE SOCIETE ANONYME POUR L'ETUDE ET L'EXPLOITATION DES PROCEDES GEORGES CLAUDE,true
969500MOCLNQFNZN0D63,FR0000120503,EN.FR,EN.PA,BOUYGUES,true
969500MQKPVEWTQIRT36,FR0010291245,VMX.FR,VMX.PA,VERIMATRIX,true
969500MTCZNT7JHITU04,FR0000076887,ASP.FR,,,false
969500N24EZ7HPKJIV79,FR0000066722,GUI.FR,GUI.PA,GUILLEMOT CORPORATION,true
969500N2QX5LGFFZ0I67,FR0000060303,COVH.FR,COVH.PA,COVIVIO HOTELS,true
969500N30CO4B5N2GN67,FR0013333077,AFME.FR,CVX.PA,CARVOLIX,true
969500N3H8KIGSLOK677,FR0012819381,ALGIL.FR,ALGIL.PA,Groupe Guillin S.A.,false
969500N6AVPA51648T62,FR0010451203,RXL.FR,RXL.PA,REXEL,true
969500N6BAT2PU986341,FR0013295789,TFF.FR,TFF.PA,TFF Group,false
969500N70Q1WX29Z2675,FR0000120388,RX.FR,,,false
969500N9JR2SWLNAY585,FR0013310281,MLOCT.FR,MLOCT.PA,Octopus Biosafety SA,false
969500NE4IRK1H9OAG25,FR0000063307,TAYN.FR,TBSO.PA,,false
969500NI2T909ECQHX32,FR0000120669,ES.FR,NAE.PA,North Atlantic Energies,false
969500NJJ5B6LG68FF12,FR0012968485,MLAEM.FR,MLAEM.PA,Ashler et Manson SA,false
969500NKTBKWRR93CY32,FR0013308582,ALLGO.FR,ALLGO.PA,Largo SA,false
969500NPTXP45WNXHW18,FR0014000P11,ALWF.FR,ALWF.PA,WINFARM Société anonyme,false
969500NPX63QD6OVK416,FR0013257409,ALCOF.FR,ALCOF.PA,Cofidur S.A.,false
969500NSBH4XTWSGFE04,FR0004183960,ALVTX.FR,,,false
969500NV17I4L0N08710,FR0000037871,MLCFD.FR,MLCFD.PA,Compagnie de Chemins de Fer Départementaux Société Anonyme,false
969500NVW9B4NGN65D89,FR0010395681,ALTUR.FR,,,false
969500NWCP1OQ4315C79,FR0014006F90,NHODS.FR,,NHOA,true
969500NWDCMSYHVZ7O49,FR0013410370,ALAMG.FR,,,false
969500NWS9YHZ8AW0B54,FR0000062150,BLEE.FR,BLEE.PA,BLEECKER,true
969500O0L8I77GLC6V09,FR0000076861,EOS.FR,EOS.PA,ACTEOS,true
969500O1BRTYLAFA9I65,FR0012872141,JBOG.FR,JBOG.PA,Jacques Bogart S.A.,false
969500O3NXA5XJF97623,FR0012532810,WAGA.FR,WAGA.PA,WAGA ENERGY,false
969500OECUJRHZ1TSP49,FR0000185928,MLPFX.FR,,,false
969500OEN9G3S215DL68,FR0000185464,MLNOV.FR,MLNOV.PA,Novatech Industries,false
969500OIT7HXEIH2Z703,FR0000064446,CTRG.FR,ALCIS.PA,CATERING INTERNATIONAL & SERVICES,true
969500OJ8OZTC3747919,FR0011076595,MLVST.FR,MLVST.PA,Televista Société anonyme,false
969500OLTWVI6246EZ48,FR0013284627,ALARF.FR,ALARF.PA,Adeunis Société anonyme,false
969500OM23RBWMP49277,FR0013088606,ALDRV.FR,ALDRV.PA,Drone Volt SA,false
969500ONI3X5EA276S20,FR0000031023,ELEC.FR,ELEC.PA,Électricite de Strasbourg Société Anonyme,false
969500OP0AFORNKIGP59,FR0000060071,SAMS.FR,SAMS.PA,SAMSE,true
969500OPFO76AHWQEE53,FR0013178712,ALPCV.FR,,,false
969500OQXKE5WDM9M994,FR0000130452,FGR.FR,FGR.PA,EIFFAGE,true
969500ORJQVJW46DED41,FR0013452281,ALAGP.FR,ALAGP.PA,Agripower France Société Anonyme,false
969500OS5L9Z4PCLOQ93,FR0000038465,PSAT.FR,ALPAS.PA,,false
969500OUUFFIL46LKV56,FR0011490648,ALESA.FR,ALESA.PA,Ecoslops S.A.,false
969500P0W8XJ9CGZDP97,FR0012596468,ALSEN.FR,ALSEN.PA,Sensorion SA,false
969500P2Q1B47H4MCJ34,FR0013506730,VK.FR,VK.PA,VALLOUREC,true
969500P2Q1B47H4MCJ34,FR00140030K7,VKBS.FR,,VALLOUREC,true
969500P37RPOIG33A760,FR0004155000,SFPI.FR,SFPI.PA,GROUPE SFPI SA,false
969500P3RUS57W9Z9Z70,FR0013426004,CLA.FR,ALCLA.PA,CLARANOVA S.E.,true
969500P448GL7H3MJ058,FR0004029411,ALKEY.FR,ALKEY.PA,Keyrus S.A.,false
969500P7L99JTK2AIG60,FR0000074783,PRC.FR,PRC.PA,Artmarket.com,false
969500P81H2U7WXH0720,FR0010673392,NFVJ.FR,NFVJ.PA,,false
969500P8AHSOYCRCGZ31,FR0010717579,MLCEC.FR,,,false
969500P8M3W2XX376054,FR0000064578,COV.FR,COV.PA,COVIVIO,true
969500PAMIH8AZECWJ69,FR0011100759,MLGAL.FR,MLGAL.PA,Galeo Concept Société Anonyme,false
969500PAQ4MZR4PYL805,FR0010383877,ALTTI.FR,,,false
969500PB4U31KEFHZ621,FR0000121964,LI.FR,LI.PA,KLEPIERRE,true
969500PBMOTXO3XXME96,FR0010211037,ALPLA.FR,,,false
969500PBXHZCKB442N39,FR0014003I41,MLPAP.FR,,,false
969500PDJW8N0FSGGK69,FR0005175080,TNG.FR,TNG.PA,TRANSGENE,true
969500PE6RET5QUGNV69,FR0012300424,MLFDV.FR,MLFDV.PA,FD SA,false
969500PJMBSFHYC37989,FR0010340141,ADP.FR,ADP.PA,AEROPORTS DE PARIS,true
969500PKFU9JCKUX4592,FR0010831693,NCEB.FR,NCEB.PA,,false
969500PMHO1IUMAXZ571,FR0011668821,ALTBM.FR,,,false
969500PMJR23G2GLP639,FR0013341781,2CRSI.FR,AL2SI.PA,2CRSI S.A.,false
969500PQAMHVVTV3SN62,FR0010536185,MLEAV.FR,MLEAV.PA,E.A.V.S. Groupe Société anonyme,false
969500PRD9XHKRJMX820,FR0013230067,MLFNP.FR,MLFNP.PA,FNP Technologies SA,false
969500PRQIU1I2EMOL30,FR0000064602,ACAN.FR,ACAN.PA,Acanthe Développement,false
969500PU9JWSOM92M193,FR0004998318,MLCOU.FR,MLCOU.PA,Courbet Héritage société anonyme,false
969500PVBQFWQKVDMD80,FR0010417345,DBV.FR,DBV.PA,DBV TECHNOLOGIES,true
969500Q0TXUSFDLH3940,FR0000121295,LBON.FR,ALBON.PA,COMPAGNIE LEBON,true
969500Q3NHQ7HVB5XB32,FR0004155687,ALMAS.FR,ALMAS.PA,Mastrad Société Anonyme,false
969500Q3NHQ7HVB5XB32,FR0013472446,MASBS.FR,,,false
969500Q422G9Z4EBBI31,FR0010209809,SFCA.FR,SFCA.PA,Société Française de Casinos Société Anonyme,false
969500QEPE1Q1C5EBN24,FR0000053415,MLGAI.FR,MLGAI.PA,Grande Armee Investissement SA,false
969500QGLYZDJ8QZOT70,FR0010766667,ALVU.FR,ALVU.PA,Vente-Unique.com SA,false
969500QNAZOKCGF8FR74,FR0011365907,ALBOA.FR,ALBOA.PA,BOA Concept SAS,false
969500QNETQTC7OHHE57,FR0011858190,ALREA.FR,ALREA.PA,Réalités S.A.,false
969500QOO4C4IPGID263,FR0000053381,DBG.FR,DBG.PA,DERICHEBOURG,true
969500QQ1X5XHG649644,FR0000031577,VIRP.FR,VIRP.PA,Virbac SA,false
969500QTLZBAUNE0NC59,FR0010157115,MLERO.FR,ALERO.PA,Euroland Corporate Société anonyme,false
969500QVHHN3NNVYRE94,FR0000063935,BON.FR,BON.PA,BONDUELLE,true
969500QXNXXS3MAN6B46,FR0010152967,NAAA.FR,NAAA.PA,,false
969500QZC2Q0TK11NV07,FR0000120404,AC.FR,AC.PA,ACCOR,true
969500QZC2Q0TK11NV07,FR00140015P7,ACNV.FR,,ACCOR,true
969500QZJBA9R36U9J48,FR0000033003,TOUP.FR,ALTOU.PA,TOUAX SCA - SGTR - CITE - SGT - CMTE - TAF - SLM TOUAGE INVESTISSEMENTS REUNIES,true
969500QZN2BGCPF22V20,FR00140007I9,MLLCB.FR,MLLCB.PA,Les Constructeurs du Bois S.A.,false
969500R28RHD3HDEIL86,FR0014005IU4,ALICR.FR,,,false
969500R4CLSQFTYYI535,FR0013451333,FDJ.FR,FDJU.PA,LA FRANCAISE DES JEUX,true
969500R79R79EPOYHA40,FR0013006558,SRP.FR,SRP.PA,SRP GROUPE,true
969500R79U6PXCL2FF46,FR0004065605,MEDCL.FR,MEDCL.PA,MEDINCELL S.A.,true
969500R9ENNIN33POO20,FR0000039109,SCHP.FR,SCHP.PA,SECHE ENVIRONNEMENT,true
969500RC3F6AGLE5IT57,FR0000035370,BLC.FR,BLC.PA,Bastide Le Confort Médical SA,false
969500RGICK2JH3EMK18,FR0010493510,ALALO.FR,ALALO.PA,Acheter-Louer.Fr SA,false
969500RHMIVO2YAU3X84,FR0013266772,MLOEX.FR,ALEXP.PA,One Experience Société anonyme,false
969500RKTIGCNNIKIN19,FR0012202497,DGM.FR,ALDMS.PA,Diagnostic Medical Systems S.A.,false
969500RNXLCUXSC98Q32,FR0000060121,SABE.FR,SABE.PA,Saint Jean Groupe Société anonyme,false
969500RP2RIEGGPTPJ62,FR0010641449,ALAGR.FR,ALAGR.PA,AgroGeneration SA,false
969500RQMWNOH1CFDB81,FR0000075954,ALRIB.FR,ALRIB.PA,Riber S.A.,false
969500RSAK1B1K2EFO38,FR0010340711,ALAQU.FR,ALAQU.PA,Aquila SA,false
969500RSUFGJP0GX2G45,FR0000062184,ALIDS.FR,,,false
969500RU6K8AVTCX7818,FR0014004EC4,PREC.FR,ALPM.PA,PRECIA,false
969500RWF4QUJY6HF161,FR0006239109,CBSM.FR,CBSM.PA,SOC CENTRALE BOIS SCIERIES MANCHE,true
969500RXF62TC04Z7S84,FR0010609206,OREGE.FR,OREGE.PA,Orege Société Anonyme,false
969500S7F4LVSHHUZB87,FR0014005SB3,FORSE.FR,ALFOR.PA,FORSEE POWER SAS,true
969500SARWF33OPQED48,FR0004024222,ITP.FR,ITP.PA,INTERPARFUMS,true
969500SCFBLZQTVIG483,FR0013156007,ALKLK.FR,ALKLK.PA,Kerlink SA,false
969500SHQITWXSIS7N89,FR0013326246,A2JH5S.ETR,URW.PA,UNIBAIL-RODAMCO-WESTFIELD SE,true
969500SHQITWXSIS7N89,FR0013326246,URW.NL,URW.PA,UNIBAIL-RODAMCO-WESTFIELD SE,true
969500SJCEYK6O6RXV95,FR0004110310,ESI.FR,,ESI GROUP,true
969500SKAWBQWSUS9Y06,FR0013534617,ALECO.FR,ALECO.PA,écomiam SA,false
969500SLRZYUAMUHOD49,FR0000031973,FAYE.FR,FSDV.PA,FSDV Société anonyme,false
969500SSIGMAGT008F11,FR0013333432,THEP.FR,THEP.PA,THERMADOR GROUPE,true
969500SU1R00BLS1YL40,FR0012336691,MLHCF.FR,MLHCF.PA,Home Concept Société anonyme,false
969500SVR0D7W9RQ6751,FR0000053027,AKW.FR,AKW.PA,Akwel SA,false
969500SXUPEA7RX9OA51,FR0000038499,EURS.FR,EURS.PA,Foncière Euris SA,false
969500SYCOPKNKYE9T19,FR0011277391,FPN.FR,MHM.PA,MyHotelMatch S.A.,false
969500T0C120332EZB79,FR0010655456,NSVE.FR,NSVE.PA,,false
969500T1IIQTEHNK4C83,FR0000038184,FIPP.FR,FIPP.PA,FIPP S.A.,false
969500T64RILK1RD0852,FR0013233475,LYS.FR,,LYSOGENE,true
969500T8ACEOZ6XKAG86,FR0010465534,ALEO2.FR,ALEO2.PA,Eo2 Société Anonyme,false
969500T8J3DEVXVDFA03,FR0004180537,AKA.FR,,,false
969500TC93KNXMVI6F61,FR0013053535,ALMLB.FR,ALMLB.PA,Miliboo Société anonyme,false
969500TFCD8K9RPM9K97,FR0011648971,ALQGC.FR,ALQGC.PA,Quantum Genomics Société Anonyme,false
969500THGE54QJH45009,FR0014004X25,FLO.FR,,GROUPE FLO,true
969500TJ5KRTCJQWXH05,FR0000045072,ACA.FR,ACA.PA,CREDIT AGRICOLE SA,true
969500TJNS5GSFWJ8X85,FR0012757854,SPIE.FR,SPIE.PA,SPIE SA,false
969500TKUAME6031UQ32,FR0012788065,ALCOR.FR,,,false
969500TM5UQ66GKY2M85,FR0004155240,ALVER.FR,,,false
969500TP17VPZ8OQRD10,FR0005843125,MLHYE.FR,MLHYE.PA,Hydro-Exploitations Societe Anonyme,false
969500TPEBWXG9I1CP43,FR0010649228,SMLBS.FR,,,false
969500TPEBWXG9I1CP43,FR0011131788,MLSML.FR,MLSML.PA,Smalto Holding SA,false
969500TPU5T3HA5D1F11,FR0006174348,BVI.FR,BVI.PA,BUREAU VERITAS,true
969500TQ4OAZZXSUPZ18,FR0000052516,RIN.FR,,VILMORIN & CIE,true
969500TQMTHT72DPUI08,FR0000031106,MLTRO.FR,MLTRO.PA,TROC DE L'ILE SA,false
969500TSO6GWD6JEMU86,FR0004044600,ALPRI.FR,ALPRI.PA,"Prismaflex International, S.A.",false
969500TWKHK39VDCJ963,FR0010492181,MLETA.FR,MLETA.PA,Metalliance SA,false
969500U08JYEZI8M3111,FR0010823724,MLFTI.FR,MLFTI.PA,France Tourisme Immobilier SA,false
969500U1DQN70VMJ9P45,FR0010929125,IDL.FR,IDL.PA,ID LOGISTICS GROUP,true
969500U3O001CE9Y2I83,FR0010781377,MLAAE.FR,,,false
969500U43TVR8CCVBJ97,FR0010557264,AB.FR,AB.PA,AB Science S.A.,false
969500U4BPYFRAOQ3Z75,FR0000053837,LTA.FR,LTA.PA,ALTAMIR,true
969500U51BYOMEW9M549,FR0010282822,SESL.FR,VU.PA,VUSIONGROUP,true
969500U6FT40W3C2CX75,FR0013283108,DLTA.FR,ALDLT.PA,Delta Plus Group,false
969500U8ZZCODU8A9374,FR0011471135,ERYP.FR,,PHAXIAM THERAPEUTICS,true
969500UDH342QLTE1M42,FR0000035081,ICAD.FR,ICAD.PA,ICADE,true
969500UF0AK00I9GGY96,FR0013270626,ALMII.FR,,,false
969500UIC89GT3UL7L24,FR0000073272,SAF.FR,SAF.PA,SAFRAN,true
969500UPP3G1EYL1UI19,FR0000076655,ATI.FR,ALATI.PA,ACTIA GROUP,true
969500UR00DF63I0VH67,FR0000120966,BB.FR,BB.PA,SOCIETE BIC,true
969500URB8KRQ9IDBK68,FR0012613610,PWG.FR,ALPWG.PA,PRODWAYS GROUP,true
969500USKOS4RHAJLM09,FR0014003AQ4,EXPL.FR,EXPL.PA,SOC D EXPLOSIFS PRODUITS CHIMIQUES,true
969500UTPBLTQO4Z5325,FR0010312181,MLHPE.FR,MLHPE.PA,Hopening SA,false
969500UU4O58BR802Y55,FR0000050353,FII.FR,FII.PA,LISI,true
969500UX71LCE8MAY492,FR0012435121,ELIS.FR,ELIS.PA,ELIS,true
969500UXJNBY1C8Y8471,FR0011799907,GV.FR,,,false
969500V0TUEG5FXHJG11,FR0004174233,ALBLD.FR,ALBLD.PA,Bilendi SA,false
969500V43IZW95LT3246,FR0006226791,MLHMC.FR,MLHMC.PA,Ste Immo et d'Exp de l'Hotel Majestic SA,false
969500V4IV4RL0H6RP42,FR0000076952,ARTO.FR,ARTO.PA,Société Industrielle et Financière de l'Artois Société anonyme,false
969500V6O5UX0822SR26,FR0004187367,ALFRE.FR,ALFRE.PA,Freelance.com SA,false
969500V8D7K304U0O246,FR0000061376,MLPRI.FR,MLPRI.PA,Societe Nationale de Propriete d'Immeubles,false
969500V8OL3NGL0GKZ37,FR0000033904,JCQ.FR,JCQ.PA,JACQUET METALS,true
969500VDHCHCXA2TXH29,FR0013183589,AURS.FR,,,false
969500VF6MOVQXWHAE33,FR0011179886,ALINS.FR,ALINS.PA,Intrasense S.A.,false
969500VHL8F83GBL6L29,FR0000125585,CO.FR,CO.PA,"CASINO, GUICHARD-PERRACHON",true
969500VI1GSBPGD9B460,FR0004177046,METEX.FR,METEX.PA,METabolic EXplorer S.A.,false
969500VJOAUSXLS74682,FR0013185857,ABEO.FR,ABEO.PA,ABEO,true
969500VJR0R6U29WF359,FR0010500363,MLNMA.FR,MLNMA.PA,Nicolas Miguet et Associes SA,false
969500VK5FWV45L0LZ46,FR0000060428,MLCMB.FR,MLCMB.PA,Compagnie Du Mont-Blanc,false
969500VMAA9YBAGPU774,FR0000035818,ALESK.FR,,,false
969500VNJV091QSPW730,FR0000052920,MLDYN.FR,MLDYN.PA,Dynafond Société Anonyme,false
969500VO74QGAKE3EF53,FR0010820274,ALREW.FR,ALREW.PA,Unify Group SA,false
969500VP4JBJCF0MOP60,FR0013254851,ALVAL.FR,ALVAL.PA,Valbiotis SA,false
969500VQY0ALTZZ0WS92,FR0004016699,SMTPC.FR,ALTPC.PA,Société Marseillaise du Tunnel Prado Carénage,false
969500VX2NV2AQQ65G45,FR0000130213,MMB.FR,MMB.PA,LAGARDERE SA,true
969500VXNDXTXP6LNE91,FR0000064156,CARP.FR,CARP.PA,Carpinienne de Participations,false
969500VXY6GPR155GW88,FR0000035719,EEM.FR,EEM.PA,Electricité et Eaux de Madagascar Société Anonyme,false
969500VYBKDPXIOQAU23,FR0000065765,SDT.FR,,,false
969500W1VTFNL2D85A65,FR0011716265,ALCJ.FR,ALCJ.PA,Crossject Société Anonyme,false
969500W4XYRN9R81DL52,FR0013356755,ALEMV.FR,ALEMV.PA,Emova Group SA,false
969500W5X02DTT3BZS69,FR0011742329,MCPHY.FR,MPHYF,MCPHY ENERGY,true
969500W6740M4US9ES57,FR0013204336,LOUP.FR,LOUP.PA,L.D.C. S.A.,false
969500WCODOO2EV5W145,FR0013462231,ALMUN.FR,ALMUN.PA,Munic S.A.,false
969500WCWQK79VV9SJ13,FR0004070795,ARDO.FR,ARDO.PA,Les Motocycles Ardoin Saint Amand et Cie,false
969500WCWQK79VV9SJ13,FR0005057635,MLARD.FR,MLARD.PA,Les Motocycles Ardoin Saint Amand & Cie Société Anonyme,false
969500WEPS61H6TJM037,FR0010386334,KORI.FR,CLARI.PA,CLARIANE,true
969500WESYQMQ1F2C272,FR0000130403,CDI.FR,CDI.PA,Christian Dior SE,false
969500WGEAZ8YE4UAI86,FR0014003FE9,BLV.FR,,BELIEVE,true
969500WGEBVQM1X2L217,FR0000074775,ALSAS.FR,ALSAS.PA,Stradim Espace Finances SA,false
969500WOQ2BYU2J8D083,FR0004165801,HDP.FR,HDP.PA,Les Hôtels de Paris SA,false
969500WP61NBK098AC47,FR0000121709,SK.FR,SK.PA,SEB SA,true
969500WPA3Q15Q63VY06,FR0010972091,MLCMI.FR,MLCMI.PA,Societe de Conseil en Externalisation et en Marketing Internet - SCEMI Société Anonyme,false
969500WQFC6OAQYG7E65,FR0000054900,TFI.FR,TFI.PA,TELEVISION FRANCAISE 1,true
969500WROM4GNT5WN632,FR0010204453,ALMGI.FR,ALMGI.PA,MG International S.A.,false
969500WV1U1WQ059L135,FR0000032526,GBT.FR,GBT.PA,GUERBET,true
969500WYVNHBV1ABQ250,FR0013294089,EURBU.FR,,,false
969500WYVNHBV1ABQ250,FR0013514114,ALEUP.FR,ALEUP.PA,Europlasma S.A.,false
969500X2F1QAFLKJ4110,FR0010680033,MLJSA.FR,,,false
969500X703O1LCEGFS65,FR0000063976,MLSTR.FR,MLSTR.PA,Streit Mecanique SA,false
969500XC9CWK05O9B572,FR0010033480,MLVIS.FR,,,false
969500XCGTMV08D76N87,FR0012789949,EUCAR.FR,,EUROPCAR MOBILITY GROUP,true
969500XCNV6TL7KA1869,FR0000079683,ALATF.FR,,,false
969500XHY1C10NM3UC57,FR0010487272,MLFXO.FR,MLFXO.PA,Finaxo Environnement Societe Anonyme,false
969500XKOIIX6JRUAY14,FR0014005AC9,ALAFY.FR,ALAFY.PA,AFYREN SAS,false
969500XNFFXX16Q1ES22,FR0000035305,ALBDM.FR,ALTRA.PA,,false
969500XNZ2W5NOXRWW30,FR0011092089,MLCLI.FR,MLCLI.PA,Maison Clio Blue SA,false
969500XOAIIQP1K9AZ93,FR0011532225,ALVGO.FR,ALVGO.PA,Vogo SA,false
969500XPWN2DMZQA5X73,FR0004163111,GNFT.FR,GNFT.PA,SA GENFIT,true
969500XQ6BR5QU4V0Y82,FR0011915339,ALENE.FR,,,false
969500XQM2JOWHKWI437,FR0000060873,MBWS.FR,MBWS.PA,MARIE BRIZARD WINE AND SPIRITS,true
969500XQM2JOWHKWI437,FR0013066313,MBWSZ.FR,,MARIE BRIZARD WINE AND SPIRITS,true
969500XXRPGD7HCAFA90,FR0010307819,LR.FR,LR.PA,LEGRAND,true
969500Y014KR9K8QM551,FR0010131409,ALLIX.FR,ALLIX.PA,WALLIX GROUP SA,false
969500Y1PUEV0APBE938,FR0013247244,ALADO.FR,ALADO.PA,Adomos S.A.,false
969500Y21CR6TC57AQ59,FR0010439265,MLEDU.FR,,,false
969500Y4FCHUKBD3YP05,FR0010722819,ALKAL.FR,ALKAL.PA,Kalray S.A.,false
969500Y4IJGHJE2MTJ13,FR0000052292,886670.ETR,RMS.PA,HERMES INTERNATIONAL,true
969500Y4IJGHJE2MTJ13,FR0000052292,RMS.FR,RMS.PA,HERMES INTERNATIONAL,true
969500Y7G9TY7Y24GN07,FR0000071946,ATE.FR,ATE.PA,ALTEN,true
969500Y8FMHV2BHC0C87,FR0011466069,EKI.FR,EKI.PA,EKINOPS,true
969500Y9OS90CR85XK68,FR0006859039,MLIPP.FR,MLIPP.PA,Société Anonyme Immobilière Parisienne de la Perle et des Pierres Précieuses,false
969500YBZ13NTSG2XL44,FR0000060790,ALGIR.FR,ALGIR.PA,Signaux Girod S.A.,false
969500YEQRY2T8Z7W336,FR0000050395,CROS.FR,CROS.PA,CROSSWOOD,true
969500YFD17UM03R2F09,FR0000076986,MONC.FR,,,false
969500YFSB44H6OIWV39,FR0010485268,ALFPC.FR,ALFPC.PA,Fountaine Pajot SA,false
969500YG7U0UQDEHBD60,FR0010428771,OLG.FR,EFG.PA,EAGLE FOOTBALL GROUP,true
969500YH3R5STMGZ6S50,FR0004030708,ALDUB.FR,ALDUB.PA,Encres Dubuit,false
969500YP0AETQIK48R39,FR0004186856,VETO.FR,VETO.PA,VETOQUINOL S.A,true
969500YPEOPKYEM69510,FR0014000JX7,ALCHI.FR,,,false
969500YR73OPTIH53976,FR0012833770,MLVAL.FR,MLVAL.PA,Valoneo SAS,false
969500YT2CGGAD8YNM04,FR0000054199,DPT.FR,DPT.PA,ST DUPONT,true
969500YT5VMEYAYODW34,FR0013296746,ADVIC.FR,ALDVI.PA,Advicenne S.A.,false
969500YU85NTYEG7IK63,FR00140050Q2,ALMND.FR,,,false
969500YUY64NQT9YP439,FR0010979377,MLACT.FR,MLACT.PA,Activium Group SAS,false
969500YVYO7USMKYNW97,FR0000073728,ALSER.FR,,,false
969500YWGB8ESKH5HU49,FR0010844001,ALEUA.FR,ALEUA.PA,Eurasia Groupe SA,false
969500Z4769FFQ6NVF37,FR0013318052,ALORD.FR,ALORD.PA,Ordissimo SA,false
969500Z4BRXQX6CSL565,FR0011464452,ALSGD.FR,ALSGD.PA,SpineGuard SA,false
969500Z8LOO0H8JY2E60,FR0000064784,PEUG.FR,PEUG.PA,PEUGEOT INVEST,true
969500ZH8PE9A98GLY06,FR0013481835,ALVMG.FR,ALKLH.PA,,false
969500ZIB8VE0GM5YA81,FR0000066219,INFE.FR,,CIE INDUSTRIELLE FINANCIERE ENTREPRISE,true
969500ZL79KYH9PTYP78,FR0011184241,ADOC.FR,ADOC.PA,ADOCIA,true
969500ZL7TBNY6D1GH98,FR0013079092,ALWEC.FR,ALWEC.PA,We.Connect SA,false
969500ZN2S4HA1M9L812,FR0014000RP6,ALIMO.FR,ALIMO.PA,Groupimo S.A.,false
969500ZOM2KTHFN6UL52,FR0010785790,ALPAT.FR,ALPAT.PA,Plant Advanced Technologies SA,false
969500ZPQQLG72TQND21,FR0000130692,CRI.FR,CRI.PA,COMPAGNIE CHARGEURS INVEST,true
969500ZQ1CCG0PLH0P54,FR0013060100,ALIMR.FR,ALIMR.PA,Immersion SA,false
969500ZR92SQCU9TST26,FR0013227113,SOI.FR,SOI.PA,SOITEC,true
969500ZTYI9C1C594X25,FR0000051070,MAU.FR,MAU.PA,ETABLISSEMENTS MAUREL ET PROM,true
969500ZX35JFNKB6H637,FR0000065971,GRVO.FR,GRVO.PA,Graines Voltz S.A.,false
969500ZZP9B2M1L69I40,FR0011033083,ALMOU.FR,ALMOU.PA,Moulinvest S.A.,false
984500102FAWB50EDE31,NL0015000G40,VAM.NL,,,false
984500102FAWB50EDE31,NL0015000GH1,VAMT.NL,,,false
98450041D8BBCFDFT410,NL0015000F09,CTCT1.NL,,Climate Transition Capital Acquisition I B.V.,true
98450078D88582A09B88,GB00BMDXQ672,ALHGO.FR,ALHGO.PA,Hamilton Global Opportunities PLC,false
98450079DA0B78DD6764,US9100471096,A1C6TV.ETR,UAL,"United Airlines Holdings, Inc.",false
984500804EBR3F1EFF71,BE0974387194,ALVET.FR,,,false
9845008396BA67DA9B37,DE000A3H2200,A3H220.ETR,NA9.DE,Nagarro SE,false
9845009C3B49686EE672,FR0014003V77,MLAIR.FR,ALAIR.PA,Groupe Airwell Société anonyme,false
984500AH590BE88BB517,CH0461929603,A2PK6Z.ETR,XLS.SW,Xlife Sciences AG,false
984500B055A804AB6E40,US3021301094,875272.ETR,EXPD,"Expeditors International of Washington, Inc.",false
984500BDDC5702EEZ482,DE000A3H2226,A3H222.ETR,,,false
984500D014E1B57CE949,GB00BNKGZC51,ALAMA.FR,ALAMA.PA,AMA Corporation Plc,false
984500D2AF7044A3S764,FR00140062P9,ALCBI.FR,ALCBI.PA,Crypto Blockchain Industries,false
984500D45D5950C6CB68,ES0105463006,ALMKS.FR,ALMKS.PA,"Making Science Group, S.A.",false
984500E0A1C4DLBA3878,GB00BMXH3352,MTRK.NL,MTRK.AS,MOTORK PLC,true
984500YC3LE06F73D175,IT0005450819,ALAIR.FR,ALAIR.PA,Groupe Airwell Société anonyme,false
9C1X8XOOTYY2FNYTVH06,US3695501086,851143.ETR,GD,General Dynamics Corporation,false
9DJT3UXIJIZJI4WXO774,US0605051046,858388.ETR,BAC,Bank of America Corporation,false
9N3UAJSNOUXFKQLF3V18,US69351T1060,895250.ETR,PPL,PPL Corporation,false
9NHEHR1SOZCYXDO8HO28,US24906P1093,A2AF0E.ETR,XRAY,DENTSPLY SIRONA Inc.,false
9ZHRYM6F437SQJ6OUG95,AT0000606306,A0D9SU.ETR,RBI.VI,Raiffeisen Bank International AG,true
AEMSOT3SS15TNMJCE605,US67020Y1001,A0HGWX.ETR,,,false
AI8GXW8LG5WK7E9UD086,US03073E1055,766149.ETR,COR,"Cencora, Inc.",false
AR5L2ODV9HN37376R084,US57636Q1040,A0F602.ETR,MA,Mastercard Incorporated,false
AUHIXNGG7U2U7JEHM527,US48203R1041,923889.ETR,,,false
B3DXGBC8GAIYWI2Z0172,US5951121038,869020.ETR,MU,"Micron Technology, Inc.",false
BFXS5XCH7N0Y05NIXW11,NL0009692839,THXLE.NL,THXLE.AS,ABN AMRO Bank N.V.,true
BFXS5XCH7N0Y05NIXW11,NL0010514204,HHOF.NL,HHOF.AS,ABN AMRO Bank N.V.,true
BFXS5XCH7N0Y05NIXW11,NL0010514212,HHREF.NL,HHREF.AS,ABN AMRO Bank N.V.,true
BFXS5XCH7N0Y05NIXW11,NL0011540547,ABN.NL,ABN.AS,ABN AMRO Bank N.V.,true
BOMSTHHJK882EWYX3334,US8740541094,914508.ETR,TTWO,"Take-Two Interactive Software, Inc.",false
BQ4BKCS1HXDV9HN80Z93,US30303M1027,A1JWVX.ETR,META,"Meta Platforms, Inc.",false
BSYCX13Y0NOTV14V9N85,ES0173516115,876845.ETR,REP.MC,REPSOL SA,true
BUCRF72VH5RBN7X3VL35,IT0003132476,897791.ETR,ENI.MI,ENI S.P.A.,true
BZLRL03D3GPGMOGFO832,US4595061015,853881.ETR,IFF,International Flavors & Fragrances Inc.,false
C3X4YJ278QNZHRJULN75,US8807701029,859892.ETR,TER,"Teradyne, Inc.",false
C4BXATY60WC6XEOZDX54,US59156R1086,934623.ETR,MET,"MetLife, Inc.",false
CFGNEKW0P8842LEUIA51,US6934751057,867679.ETR,PNC,"The PNC Financial Services Group, Inc.",false
CW05CS5KW59QTC0DG824,US7591EP1005,A0B6XA.ETR,RF,Regions Financial Corporation,false
CWAJJ9DJ5Z7P057HV541,US9182041080,857621.ETR,VFC,V.F. Corporation,false
CY1NFSCCB5GUXC7WZC70,US2371941053,895738.ETR,DRI,"Darden Restaurants, Inc.",false
D01LMJZU09ULLNCY6Z23,US9113121068,929198.ETR,UPS,"United Parcel Service, Inc.",false
D71FAKCBLFS2O0RBPG08,US9694571004,855451.ETR,WMB,"The Williams Companies, Inc.",false
DPRBOZP0K5RM2YE8UU08,US5398301094,894648.ETR,LMT,Lockheed Martin Corporation,false
DZZ47B9A52ZJ6LT6VV95,DE0008019001,801900.ETR,PBB.DE,Deutsche Pfandbriefbank AG,false
ENYF8GB5SMQZ25S06U51,US4062161017,853986.ETR,HAL,Halliburton Company,false
F5WCUMTUM4RKZ1MAIE39,FR0000120628,855705.ETR,CS.PA,AXA,true
F5WCUMTUM4RKZ1MAIE39,FR0000120628,CS.FR,CS.PA,AXA,true
FGLT0EWZSUIRRITFOA30,US2910111044,850981.ETR,EMR,Emerson Electric Co.,false
FJSUNZKFNQ5YPJ5OT455,US7134481081,851995.ETR,PEP,"PepsiCo, Inc.",false
FR5LCKFTG8054YNNRU85,US00287Y1091,A1J84E.ETR,ABBV,AbbVie Inc.,false
FRDRIPF3EKNDJ2CQJL29,US5324571083,858560.ETR,LLY,Eli Lilly and Company,false
FRKKVKAIQEF3FCSTPG55,US0527691069,869964.ETR,ADSK,"Autodesk, Inc.",false
FU4LY2G4933NH2E1CP29,US00724F1012,871981.ETR,ADBE,Adobe Inc.,false
FXM8FAOHMYDIPD38UZ17,US09857L1089,A2JEXP.ETR,BKNG,Booking Holdings Inc.,false
GCT7RXJOGLXPV0NXZY22,US1273871087,873567.ETR,CDNS,"Cadence Design Systems, Inc.",false
GI7UBEJLXYLGR2C7GV83,US3377381088,881793.ETR,FISV,"Fiserv, Inc.",false
GR3KVMWVCR54YWQNXU90,US0708301041,A3CWHH.ETR,BBWI,"Bath & Body Works, Inc.",false
GX5LWVWZLL5S4W1L2F20,US4103451021,A0KEQF.ETR,,,false
GYVOE5EZ4GDAVTU4CQ61,US0326541051,862485.ETR,ADI,"Analog Devices, Inc.",false
H1FJE8H61JGM1JSGM897,NL0000009538,940602.ETR,PHIA.AS,Koninklijke Philips N.V.,true
H1FJE8H61JGM1JSGM897,NL0000009538,PHIA.NL,PHIA.AS,Koninklijke Philips N.V.,true
H1FJE8H61JGM1JSGM897,US5004723038,940936.ETR,PHG,Koninklijke Philips N.V.,true
H1J8DDZKZP6H7RWC0H53,US7475251036,883121.ETR,QCOM,QUALCOMM Incorporated,false
HCHV7422L5HDJZCRFL38,US8835561023,857209.ETR,TMO,Thermo Fisher Scientific Inc.,false
HD52L5PJVBXJUUX8I539,DE000HLAG475,HLAG47.ETR,HLAG.DE,Hapag-Lloyd Aktiengesellschaft,false
HDBLS2Q6GV1LSKQPBS54,US0126531013,890167.ETR,ALB,Albemarle Corporation,false
HGBOLILQXWER4SAL2I23,US0530151036,850347.ETR,ADP,"Automatic Data Processing, Inc.",false
HHWAT5TDOYZMM26KKQ73,US8330341012,853887.ETR,SNA,Snap-on Incorporated,false
HKUPACFHSSASQK8HLS17,US6819191064,871706.ETR,OMC,Omnicom Group Inc.,false
HL3H1H2BGXWVG3BSWR90,US7181721090,A0NDBJ.ETR,PM,Philip Morris International Inc.,false
HLYYNH7UQUORYSJQCN42,US1101221083,850501.ETR,BMY,Bristol-Myers Squibb Company,false
HO1QNWM0IXBZ0QSMMO20,US7512121010,A1JD3A.ETR,RL,Ralph Lauren Corporation,false
HQD377W2YR662HK5JX27,US0028241000,850103.ETR,ABT,Abbott Laboratories,false
HWUPKR0MPOU8FGXBT394,US0378331005,865985.ETR,AAPL,Apple Inc.,false
I07WOS4YJ0N7YRFE7309,US75513E1010,A2PZ0R.ETR,RTX,RTX Corporation,false
I1BZKREC126H0VB1BL91,US26441C2044,A1J0EV.ETR,DUK,Duke Energy Corporation,false
ICE2EP6D98PQUILVRZ91,US0758871091,857675.ETR,BDX,"Becton, Dickinson and Company",false
ILUL7B6Z54MRYCF6H308,US25746U1097,932798.ETR,D,"Dominion Energy, Inc.",false
IM7X0T3ECJW4C1T7ON55,US6745991058,851921.ETR,OXY,Occidental Petroleum Corporation,false
INR2EJN1ERAN0W5ZP974,US5949181045,870747.ETR,MSFT,Microsoft Corporation,false
IOG4E947OATN0KJYSD45,FR0000121014,853292.ETR,MC.PA,LVMH MOET HENNESSY LOUIS VUITTON,true
IOG4E947OATN0KJYSD45,FR0000121014,MC.FR,MC.PA,LVMH MOET HENNESSY LOUIS VUITTON,true
IU7C3FTM7Y3BQM112U94,US4165151048,898521.ETR,HIG,"The Hartford Insurance Group, Inc.",false
IWUQB36BXD6OWD6X4T14,US02376R1023,A1W97M.ETR,AAL,American Airlines Group Inc.,false
J3WHBG0MTS7O8ZVMDC91,US30231G1022,852549.ETR,XOM,ExxonMobil Holdings Corporation,false
J5OIVXX3P24RJRW5CK77,US0718131099,853815.ETR,BAX,Baxter International Inc.,false
JM1I5YUAURL6DC8N1468,US7374461041,A1JS25.ETR,POST,"Post Holdings, Inc.",false
JNLUVFYJT1OZSIQ24U47,US9129091081,529498.ETR,,,false
JO5M6676RDJIZ2U8X907,US6907421019,A0LCN9.ETR,OC,Owens Corning,false
K8MS7FD7N5Z2WQ51AZ71,ES0113211835,875773.ETR,BBVA.MC,BANCO BILBAO VIZCAYA ARGENTARIA SOCIEDAD ANONIMA,true
KDTEY8BWE486IKZ3CC07,US6937181088,861114.ETR,PCAR,PACCAR Inc,false
KNX4USFCNGPY45LOCE31,US4581401001,855681.ETR,INTC,Intel Corporation,false
L47NHHI0Z9X22DV46U41,DE0005200000,520000.ETR,BEI.DE,Beiersdorf Aktiengesellschaft,false
LAXUQCHT4FH58LRZDY46,FR0010208488,A0ER6Q.ETR,ENGI.PA,ENGIE,true
LAXUQCHT4FH58LRZDY46,FR0010208488,ENGI.FR,ENGI.PA,ENGIE,true
LCZ7XYGSLJUHFXXNXD88,US12572Q1058,A0MW32.ETR,CME,CME Group Inc.,false
LGJNMI9GH8XIDG5RCM61,US98389B1008,855009.ETR,XEL,Xcel Energy Inc.,false
LMPL4N8ZOJRMF0KOF759,US92343E1029,911090.ETR,VRSN,"VeriSign, Inc.",false
LONOZNOJYIBXOHXWDB86,US4878361082,853265.ETR,,,false
LUZQVYP4VS22CLWDAR65,US88579Y1010,851745.ETR,MMM,3M Company,false
LYOM0B2GCF1JWXK5ZG04,US0010841023,888282.ETR,AGCO,AGCO Corporation,false
LZ2C6E0W5W7LQMX5ZI37,DE0006047004,604700.ETR,HEI.DE,Heidelberg Materials AG,false
MB0UERO0RDFKU8258G77,US52736R1023,A2PFHR.ETR,LEVI,Levi Strauss & Co.,false
MINO79WLOO247M1IL051,NL0000235190,938914.ETR,AIR.PA,AIRBUS SE,true
MINO79WLOO247M1IL051,NL0000235190,AIR.FR,AIR.PA,AIRBUS SE,true
MLU0ZO3ML4LN2LL2TL39,GB0005405286,923893.ETR,HSBA.L,HSBC HOLDINGS PLC,true
MP3J6QPYPGN75NVW2S34,US4943681035,855178.ETR,KMB,Kimberly-Clark Corporation,false
MSD54751OJP1FS2ND863,US4404521001,850875.ETR,HRL,Hormel Foods Corporation,false
N1GZ7BBF3NP8GI976H15,US9029733048,917523.ETR,USB,U.S. Bancorp,false
NFONVGN05Z0FMN5PEC35,FR0000125007,872087.ETR,SGO.PA,COMPAGNIE DE SAINT-GOBAIN,true
NFONVGN05Z0FMN5PEC35,FR0000125007,SGO.FR,SGO.PA,COMPAGNIE DE SAINT-GOBAIN,true
NFONVGN05Z0FMN5PEC35,FR0000140030,SGP.FR,SGP.PA,COMPAGNIE DE SAINT-GOBAIN,true
NNROIXVWJ7CPSR27SV97,DE000A1DAHH0,A1DAHH.ETR,BNR.DE,Brenntag SE,false
NQ0NIXPGW4YKG4MWM571,US02208R1068,A0LGD8.ETR,,,false
NSLL8ITTRR0J5HEMR848,US09061G1013,924801.ETR,BMRN,BioMarin Pharmaceutical Inc.,false
NYLWZIOY8PUNIT4JOE22,US2283681060,252092.ETR,CCK,"Crown Holdings, Inc.",false
O2RNE8IBXP4R0TD8PU41,FR0000130809,873403.ETR,GLE.PA,SOCIETE GENERALE,true
O2RNE8IBXP4R0TD8PU41,FR0000130809,GLE.FR,GLE.PA,SOCIETE GENERALE,true
O2RNE8IBXP4R0TD8PU41,FR0014004GE5,SGFI.FR,,SOCIETE GENERALE,true
O4QK7KMMK83ITNTHUG69,US0079241032,873131.ETR,,Aegon Ltd.,true
OBT0W1ED8G0NWVOLOJ77,US0200021014,886429.ETR,ALL,The Allstate Corporation,false
OC1LZNN2LF5WTJ5RIL89,US00971T1016,928906.ETR,AKAM,"Akamai Technologies, Inc.",false
ODVCVCQG2BP6VHV36M30,US0268747849,A0X88Z.ETR,AIG,"American International Group, Inc.",false
OGMTXK0LUU1HKV2P0J84,US45168D1046,888210.ETR,IDXX,"IDEXX Laboratories, Inc.",false
OML71K8X303XQONU6T67,US2786421030,916529.ETR,EBAY,eBay Inc.,false
OPX52SQVOZI8IVSWYU66,US2566771059,A0YEES.ETR,DG,Dollar General Corporation,false
OQSJ1DU9TAOC51A47K68,US8552441094,884437.ETR,SBUX,Starbucks Corporation,false
OQXDLNM5DTBULYMF5U27,FR0000039620,MRN.FR,MRN.PA,MERSEN,true
PBBKGKLRK5S5C0Y4T545,US8168511090,915266.ETR,SRE,Sempra,false
PBLD0EJDB5FWOLXP3B76,US9497461015,857949.ETR,WFC,Wells Fargo & Company,false
PO0I32GKZ3HZMMDPZZ08,US9892071054,882578.ETR,ZBRA,Zebra Technologies Corporation,false
POOXSI30AWAQGYJZC921,US1713401024,864371.ETR,CHD,"Church & Dwight Co., Inc.",false
PQOH26KWDF7CG10L6792,AT0000652011,909943.ETR,EBS.VI,ERSTE GROUP BANK AG,true
PUSS41EMO3E6XXNV3U28,US7445731067,852070.ETR,PEG,Public Service Enterprise Group Incorporated,false
PWFTNG3EI0Y73OXWDH08,US2441991054,850866.ETR,DE,Deere & Company,false
PY6ZZQWO2IZFZC3IOL08,GB0009895292,886455.ETR,AZN.L,ASTRAZENECA PLC,true
Q2CCMS6R0AS67HJMBN42,US2473617023,A0MQV8.ETR,DAL,"Delta Air Lines, Inc.",false
Q9MAIUP40P25UFBFG033,DE000ENAG999,ENAG99.ETR,EOAN.DE,E.ON SE,false
QEKMOTMBBKA8I816DO57,US4370761029,866953.ETR,HD,"The Home Depot, Inc.",false
QG7T915N9S0NY5UKNE63,US8716071076,883703.ETR,SNPS,"Synopsys, Inc.",false
QTX3D84DZDD5JYOCYH15,US64110D1046,A0NHKR.ETR,NTAP,"NetApp, Inc.",false
QVLWEGTD2S8GJMO8D383,US0495601058,868746.ETR,ATO,Atmos Energy Corporation,false
R0MUWSFPU8MPRO8K5P83,FR0000047664,BNPAQ.FR,BNPAQ.PA,BNP PARIBAS,true
R0MUWSFPU8MPRO8K5P83,FR0000131104,887771.ETR,BNP.PA,BNP PARIBAS,true
R0MUWSFPU8MPRO8K5P83,FR0000131104,BNP.FR,BNP.PA,BNP PARIBAS,true
R0MUWSFPU8MPRO8K5P83,FR0000140063,TPB.FR,TPB.PA,BNP PARIBAS,true
R2I72C950HOYXII45366,US0079031078,863186.ETR,AMD,"Advanced Micro Devices, Inc.",false
R4PP93JZOLY261QX3811,US0258161092,850226.ETR,AXP,American Express Company,false
RCGZFPDMRW58VJ54VR07,US79466L3024,A0B87V.ETR,CRM,"Salesforce, Inc.",false
RIFQSET379FOGTEFKS80,US3546131018,870315.ETR,BEN,"Franklin Resources, Inc.",false
RIMU48P07456QXSO0R61,US6668071029,851915.ETR,NOC,Northrop Grumman Corporation,false
RKPI3RZGV1V1FJTH5T61,US4932671088,869353.ETR,KEY,KeyCorp,false
RVHJWBXLJ1RFUBSY1F30,US0970231058,850471.ETR,BA,The Boeing Company,false
S4BKK9OTCEWQ3YHPFM11,US2358511028,866197.ETR,DHR,Danaher Corporation,false
S7DWAC87RDMPBF77GJ92,US5261071071,924838.ETR,LII,Lennox International Inc.,false
SE8N1EZEHPZQBCBVKD53,US5367971034,914076.ETR,LAD,"Lithia Motors, Inc.",false
SJ7XXD41SQU3ZNWUJ746,US30040W1080,A14NE5.ETR,ES,Eversource Energy,false
SQ95QG8SR5Q56LSNF682,US4523271090,927079.ETR,ILMN,"Illumina, Inc.",false
T2ZG1WRWZ4BUCMQL9224,US3647601083,863533.ETR,GAP,"The Gap, Inc.",false
TSI2PJM6EPETEQ4X1U25,DE0006231004,623100.ETR,IFX.DE,Infineon Technologies AG,false
TWSEY0NEDUDCKS27AH81,US7234841010,853915.ETR,PNW,Pinnacle West Capital Corporation,false
U7LC4KOKCTZ0YWGI2G56,GG00BPFJTF46,PSH.NL,PSH.AS,Pershing Square Holdings Ord,false
UASVRYNXNK17ULIGK870,US42809H1077,A0JMQL.ETR,,,false
UDTZ87G0STFETI6HGH41,US8447411088,862837.ETR,LUV,Southwest Airlines Co.,false
UE2136O97NLB5BYP9H04,US5801351017,856958.ETR,MCD,McDonald's Corporation,false
UUL85LWXB4NGSWWXIQ25,US8793691069,855853.ETR,TFX,Teleflex Incorporated,false
UWJKFUJFZ02DKWI3RY53,US1912161007,850663.ETR,KO,The Coca-Cola Company,false
V167QI9I69W364E2DY52,US8725401090,854854.ETR,TJX,"The TJX Companies, Inc.",false
VGO3WGL8H45T73F4RR92,US8064071025,897961.ETR,HSIC,"Henry Schein, Inc.",false
VGRQXHF3J8VDLUA7XE92,US4592001014,851399.ETR,IBM,International Business Machines Corporation,false
VH3R4HHBHH12O0EXZJ88,US7739031091,903978.ETR,ROK,"Rockwell Automation, Inc.",false
VI90HBPH7XSFMB9E4M29,US4612021034,886053.ETR,INTU,Intuit Inc.,false
W0CZ7N0GH8UIGXDM1H41,US1717793095,A0LDA7.ETR,CIEN,Ciena Corporation,false
W38RGI023J3WT1HWRP32,DE0007236101,723610.ETR,SIE.DE,Siemens Aktiengesellschaft,false
W8J5WZB5IY3K0NDQT671,US09062X1037,789617.ETR,BIIB,Biogen Inc.,false
WD6L6041MNRW1JE49D58,US9024941034,870625.ETR,TSN,"Tyson Foods, Inc.",false
WDJNR2L6D8RWOEB8T652,US8825081040,852654.ETR,TXN,Texas Instruments Incorporated,false
WFLLPEPC7FZXENRZV188,US0640581007,A0MVKA.ETR,BNY,,false
WHENKOULSSK7WUM60H03,US9633201069,856331.ETR,WHR,Whirlpool Corporation,false
WHKXQACZ14C5XRO8LW03,US40434L1052,A142VP.ETR,HPQ,HP Inc.,false
WOCMU6HCI0OJWNPRZS33,IT0003128367,928624.ETR,ENEL.MI,ENEL - SPA,true
WPTL2Z3FIYTHSP5V2253,US20825C1045,575302.ETR,COP,ConocoPhillips,false
WRJR7GS4GTRECRRTVX92,US1491231015,850598.ETR,CAT,Caterpillar Inc.,false
WRJR7GS4GTRECRRTVX92,US1491231015,CATR.FR,CAT,Caterpillar Inc.,false
X5K24XLM8QYRXF00EB42,US8010561020,A1JYVT.ETR,SANM,Sanmina Corporation,false
XDFJ0CYCOO1FXRFTQS51,DE0005785604,578560.ETR,FRE.DE,Fresenius SE & Co. KGaA,false
XRZQ5S7HYJFPHJ78L959,US0236081024,911535.ETR,AEE,Ameren Corporation,false
XSGZFLO9YTNO9VCQV219,US02209S1033,200417.ETR,MO,"Altria Group, Inc.",false
XWTZDRYZPBUHIQBKDB46,US26875P1012,877961.ETR,EOG,"EOG Resources, Inc.",false
Y6X4K52KMJMZE7I7MY94,US78409V1044,A2AHZ7.ETR,SPGI,S&P Global Inc.,false
Y6ZDD9FP4P8JSSJMW954,US1011371077,884113.ETR,BSX,Boston Scientific Corporation,false
Y87794H0US1R65VBXU25,US9311421039,860853.ETR,WMT,Walmart Inc.,false
YA13X31F3V31L8TMPR58,US28176E1082,936853.ETR,EW,Edwards Lifesciences Corporation,false
YEH5ZCD6E441RHVHD759,DE0005190003,519000.ETR,BMW.DE,Bayerische Motoren Werke Aktiengesellschaft,false
YF6ZV0M6AU4FY94MK914,US6687711084,A2PUXE.ETR,GEN,Gen Digital Inc.,false
YM48Q2087CUE26GWEK09,US7033951036,A0B6VB.ETR,,,false
YMEGZFW4SBUSS5BQXF88,US1941621039,850667.ETR,CL,Colgate-Palmolive Company,false
Z15BMIOX8DDH0X2OBP21,US8243481061,856050.ETR,SHW,The Sherwin-Williams Company,false
ZDNAWZWXIKMWI51R2A08,US4128221086,871394.ETR,HOG,"Harley-Davidson, Inc.",false
ZUE8T73ROZOF6FLBAR73,US14040H1059,893413.ETR,COF,Capital One Financial Corporation,false
ZUNI8PYC725B6H8JU438,US2310211063,853121.ETR,CMI,Cummins Inc.,false
ZV20P4CNJVT8V1ZGJ064,US6821891057,930124.ETR,ON,ON Semiconductor Corporation,false
ZW1LRE7C3H17O2ZN9B45,US01741R1023,931083.ETR,ATI,ATI Inc.,false
ZXTILKJKG63JELOEG630,US0231351067,906866.ETR,AMZN,"Amazon.com, Inc.",false
