filing_id,lei,company_name,country,period_end,date_added,json_url,package_url,error_count
14URO7KANNWKTLQY7F55-2021-12-31-ESEF-NL-0,14URO7KANNWKTLQY7F55,Tetragon Financial Group Limited,NL,2021-12-31,2022-03-22 00:00:00,https://filings.xbrl.org/14URO7KANNWKTLQY7F55/2021-12-31/ESEF/NL/0/14URO7KANNWKTLQY7F55-2021-12-31-T01.json,https://filings.xbrl.org/14URO7KANNWKTLQY7F55/2021-12-31/ESEF/NL/0/14URO7KANNWKTLQY7F55-2021-12-31.zip,0
14URO7KANNWKTLQY7F55-2022-12-31-ESEF-NL-0,14URO7KANNWKTLQY7F55,Tetragon Financial Group Limited,NL,2022-12-31,2023-03-14 10:41:52.020988,https://filings.xbrl.org/14URO7KANNWKTLQY7F55/2022-12-31/ESEF/NL/0/14URO7KANNWKTLQY7F55-2022-12-31-T01.json,https://filings.xbrl.org/14URO7KANNWKTLQY7F55/2022-12-31/ESEF/NL/0/14URO7KANNWKTLQY7F55-2022-12-31.zip,0
2138001S47XKWIB7TH90-2022-09-30-ESEF-GB-0,2138001S47XKWIB7TH90,EASYJET PLC,GB,2022-09-30,2023-01-05 00:00:00,https://filings.xbrl.org/2138001S47XKWIB7TH90/2022-09-30/ESEF/GB/0/2138001S47XKWIB7TH90-2022-09-30-T01.json,https://filings.xbrl.org/2138001S47XKWIB7TH90/2022-09-30/ESEF/GB/0/2138001S47XKWIB7TH90-2022-09-30.zip,0
2138002P5RNKC5W2JZ46-2022-02-26-ESEF-GB-0,2138002P5RNKC5W2JZ46,TESCO PLC,GB,2022-02-26,2022-05-17 00:00:00,https://filings.xbrl.org/2138002P5RNKC5W2JZ46/2022-02-26/ESEF/GB/0/2138002P5RNKC5W2JZ46-2022-02-26-T01.json,https://filings.xbrl.org/2138002P5RNKC5W2JZ46/2022-02-26/ESEF/GB/0/2138002P5RNKC5W2JZ46-2022-02-26.zip,0
2138004JBXWWJKIURC57-2021-12-31-ESEF-GB-0,2138004JBXWWJKIURC57,PEARSON PLC,GB,2021-12-31,2022-04-14 00:00:00,https://filings.xbrl.org/2138004JBXWWJKIURC57/2021-12-31/ESEF/GB/0/2138004JBXWWJKIURC57-2021-12-31-T01.json,https://filings.xbrl.org/2138004JBXWWJKIURC57/2021-12-31/ESEF/GB/0/2138004JBXWWJKIURC57-2021-12-31.zip,0
2138004JBXWWJKIURC57-2022-12-31-ESEF-GB-0,2138004JBXWWJKIURC57,PEARSON PLC,GB,2022-12-31,2023-04-04 21:49:58.455507,https://filings.xbrl.org/2138004JBXWWJKIURC57/2022-12-31/ESEF/GB/0/2138004JBXWWJKIURC57-2022-12-31-T01.json,https://filings.xbrl.org/2138004JBXWWJKIURC57/2022-12-31/ESEF/GB/0/2138004JBXWWJKIURC57-2022-12-31.zip,0
2138004KW8BV57III342-2021-12-31-ESEF-FR-0,2138004KW8BV57III342,PUBLICIS GROUPE SA,FR,2021-12-31,2022-04-26 00:00:00,https://filings.xbrl.org/2138004KW8BV57III342/2021-12-31/ESEF/FR/0/publicis-2021-12-31-fr.json,https://filings.xbrl.org/2138004KW8BV57III342/2021-12-31/ESEF/FR/0/publicis-2021-12-31-fr.zip,0
2138004KW8BV57III342-2022-12-31-ESEF-FR-0,2138004KW8BV57III342,PUBLICIS GROUPE SA,FR,2022-12-31,2023-05-02 12:23:05.841207,https://filings.xbrl.org/2138004KW8BV57III342/2022-12-31/ESEF/FR/0/publicis-2022-12-31-fr.json,https://filings.xbrl.org/2138004KW8BV57III342/2022-12-31/ESEF/FR/0/publicis-2022-12-31-fr.zip,0
2138008FABJXP4HUOK53-2021-12-31-ESEF-FR-0,2138008FABJXP4HUOK53,ANTIN INFRASTRUCTURE PARTNERS,FR,2021-12-31,2022-05-03 00:00:00,https://filings.xbrl.org/2138008FABJXP4HUOK53/2021-12-31/ESEF/FR/0/antinip-2021-12-31-en.json,https://filings.xbrl.org/2138008FABJXP4HUOK53/2021-12-31/ESEF/FR/0/antinip-2021-12-31-en.zip,0
2138008M6MH9OZ6U2T68-2022-09-30-ESEF-GB-0,2138008M6MH9OZ6U2T68,COMPASS GROUP PLC,GB,2022-09-30,2023-01-05 00:00:00,https://filings.xbrl.org/2138008M6MH9OZ6U2T68/2022-09-30/ESEF/GB/0/2138008M6MH9OZ6U2T68-2022-09-30-T01.json,https://filings.xbrl.org/2138008M6MH9OZ6U2T68/2022-09-30/ESEF/GB/0/2138008M6MH9OZ6U2T68-2022-09-30.zip,0
213800EC7997ZBLZJH69-2021-12-31-ESEF-GB-0,213800EC7997ZBLZJH69,ROLLS-ROYCE HOLDINGS PLC,GB,2021-12-31,2022-04-28 00:00:00,https://filings.xbrl.org/213800EC7997ZBLZJH69/2021-12-31/ESEF/GB/0/213800EC7997ZBLZJH69-2021-12-31-T01.json,https://filings.xbrl.org/213800EC7997ZBLZJH69/2021-12-31/ESEF/GB/0/213800EC7997ZBLZJH69-2021-12-31.zip,0
213800EC7997ZBLZJH69-2022-12-31-ESEF-GB-0,213800EC7997ZBLZJH69,ROLLS-ROYCE HOLDINGS PLC,GB,2022-12-31,2023-03-07 14:38:37.006921,https://filings.xbrl.org/213800EC7997ZBLZJH69/2022-12-31/ESEF/GB/0/213800EC7997ZBLZJH69-2022-12-31-T01.json,https://filings.xbrl.org/213800EC7997ZBLZJH69/2022-12-31/ESEF/GB/0/213800EC7997ZBLZJH69-2022-12-31.zip,0
213800EC7997ZBLZJH69-2022-12-31-ESEF-GB-1,213800EC7997ZBLZJH69,ROLLS-ROYCE HOLDINGS PLC,GB,2022-12-31,2023-04-04 21:50:03.962934,https://filings.xbrl.org/213800EC7997ZBLZJH69/2022-12-31/ESEF/GB/1/213800EC7997ZBLZJH69-2022-12-31-T01.json,https://filings.xbrl.org/213800EC7997ZBLZJH69/2022-12-31/ESEF/GB/1/213800EC7997ZBLZJH69-2022-12-31.zip,0
213800FKA5MF17RJKT63-2020-12-31-ESEF-GB-0,213800FKA5MF17RJKT63,BRITISH AMERICAN TOBACCO P.L.C.,GB,2020-12-31,2021-06-17 00:00:00,https://filings.xbrl.org/213800FKA5MF17RJKT63/2020-12-31/ESEF/GB/0/213800FKA5MF17RJKT63-2020-12-31-T01.json,https://filings.xbrl.org/213800FKA5MF17RJKT63/2020-12-31/ESEF/GB/0/213800FKA5MF17RJKT63-2020-12-31.zip,0
213800FKA5MF17RJKT63-2021-12-31-ESEF-GB-0,213800FKA5MF17RJKT63,BRITISH AMERICAN TOBACCO P.L.C.,GB,2021-12-31,2022-03-15 00:00:00,https://filings.xbrl.org/213800FKA5MF17RJKT63/2021-12-31/ESEF/GB/0/213800FKA5MF17RJKT63-2021-12-31-T01.json,https://filings.xbrl.org/213800FKA5MF17RJKT63/2021-12-31/ESEF/GB/0/213800FKA5MF17RJKT63-2021-12-31.zip,0
213800FKA5MF17RJKT63-2022-12-31-ESEF-GB-0,213800FKA5MF17RJKT63,BRITISH AMERICAN TOBACCO P.L.C.,GB,2022-12-31,2023-03-07 14:38:24.602191,https://filings.xbrl.org/213800FKA5MF17RJKT63/2022-12-31/ESEF/GB/0/213800FKA5MF17RJKT63-2022-12-31-T01.json,https://filings.xbrl.org/213800FKA5MF17RJKT63/2022-12-31/ESEF/GB/0/213800FKA5MF17RJKT63-2022-12-31.zip,0
213800FUJCKXO9LK3444-2021-12-31-ESEF-FR-0,213800FUJCKXO9LK3444,GeNeuro SA,FR,2021-12-31,2022-04-28 00:00:00,https://filings.xbrl.org/213800FUJCKXO9LK3444/2021-12-31/ESEF/FR/0/GENEURO-2021-12-31-en.json,https://filings.xbrl.org/213800FUJCKXO9LK3444/2021-12-31/ESEF/FR/0/GENEURO-2021-12-31-en.zip,0
213800HKRFK8PNUNV581-2022-03-31-ESEF-NL-0,213800HKRFK8PNUNV581,ACCSYS TECHNOLOGIES PLC,NL,2022-03-31,2022-08-17 00:00:00,https://filings.xbrl.org/213800HKRFK8PNUNV581/2022-03-31/ESEF/NL/0/accsys-2022-03-31-en.json,https://filings.xbrl.org/213800HKRFK8PNUNV581/2022-03-31/ESEF/NL/0/accsys-2022-03-31-en.zip,0
213800KBMEV7I92FY281-2022-01-31-ESEF-GB-0,213800KBMEV7I92FY281,KINGFISHER PLC,GB,2022-01-31,2022-04-19 00:00:00,https://filings.xbrl.org/213800KBMEV7I92FY281/2022-01-31/ESEF/GB/0/213800KBMEV7I92FY281-2022-01-31-T01.json,https://filings.xbrl.org/213800KBMEV7I92FY281/2022-01-31/ESEF/GB/0/213800KBMEV7I92FY281-2022-01-31.zip,0
213800LBQA1Y9L22JB70-2021-12-31-ESEF-GB-0,213800LBQA1Y9L22JB70,BARCLAYS PLC,GB,2021-12-31,2022-03-08 00:00:00,https://filings.xbrl.org/213800LBQA1Y9L22JB70/2021-12-31/ESEF/GB/0/213800LBQA1Y9L22JB70-2021-12-31-T01.json,https://filings.xbrl.org/213800LBQA1Y9L22JB70/2021-12-31/ESEF/GB/0/213800LBQA1Y9L22JB70-2021-12-31.zip,0
213800LBQA1Y9L22JB70-2022-12-31-ESEF-GB-0,213800LBQA1Y9L22JB70,BARCLAYS PLC,GB,2022-12-31,2023-02-15 18:11:09.566967,https://filings.xbrl.org/213800LBQA1Y9L22JB70/2022-12-31/ESEF/GB/0/213800LBQA1Y9L22JB70-2022-12-31-T01.json,https://filings.xbrl.org/213800LBQA1Y9L22JB70/2022-12-31/ESEF/GB/0/213800LBQA1Y9L22JB70-2022-12-31.zip,0
213800LH1BZH3DI6G760-2021-12-31-ESEF-GB-0,213800LH1BZH3DI6G760,BP P.L.C.,GB,2021-12-31,2022-04-14 00:00:00,https://filings.xbrl.org/213800LH1BZH3DI6G760/2021-12-31/ESEF/GB/0/213800LH1BZH3DI6G760-2021-12-31-T01.json,https://filings.xbrl.org/213800LH1BZH3DI6G760/2021-12-31/ESEF/GB/0/213800LH1BZH3DI6G760-2021-12-31.zip,0
213800LH1BZH3DI6G760-2022-12-31-ESEF-GB-0,213800LH1BZH3DI6G760,BP P.L.C.,GB,2022-12-31,2023-03-14 10:38:04.355142,https://filings.xbrl.org/213800LH1BZH3DI6G760/2022-12-31/ESEF/GB/0/213800LH1BZH3DI6G760-2022-12-31-T01.json,https://filings.xbrl.org/213800LH1BZH3DI6G760/2022-12-31/ESEF/GB/0/213800LH1BZH3DI6G760-2022-12-31.zip,0
213800LRO7NS5CYQMN21-2022-03-31-ESEF-GB-0,213800LRO7NS5CYQMN21,BT GROUP PLC,GB,2022-03-31,2022-06-07 00:00:00,https://filings.xbrl.org/213800LRO7NS5CYQMN21/2022-03-31/ESEF/GB/0/213800LRO7NS5CYQMN21-2022-03-31-T01.json,https://filings.xbrl.org/213800LRO7NS5CYQMN21/2022-03-31/ESEF/GB/0/213800LRO7NS5CYQMN21-2022-03-31.zip,0
213800LRO7NS5CYQMN21-2022-03-31-ESEF-GB-1,213800LRO7NS5CYQMN21,BT GROUP PLC,GB,2022-03-31,2022-08-30 00:00:00,https://filings.xbrl.org/213800LRO7NS5CYQMN21/2022-03-31/ESEF/GB/1/213800LRO7NS5CYQMN21-2022-03-31-T01.json,https://filings.xbrl.org/213800LRO7NS5CYQMN21/2022-03-31/ESEF/GB/1/213800LRO7NS5CYQMN21-2022-03-31.zip,0
213800QAUUUP6I445N30-2021-12-31-ESEF-GB-0,213800QAUUUP6I445N30,LONDON STOCK EXCHANGE GROUP PLC,GB,2021-12-31,2022-04-13 00:00:00,https://filings.xbrl.org/213800QAUUUP6I445N30/2021-12-31/ESEF/GB/0/213800QAUUUP6I445N30-2021-12-31-T01.json,https://filings.xbrl.org/213800QAUUUP6I445N30/2021-12-31/ESEF/GB/0/213800QAUUUP6I445N30-2021-12-31.zip,0
213800QAUUUP6I445N30-2022-12-31-ESEF-GB-0,213800QAUUUP6I445N30,LONDON STOCK EXCHANGE GROUP PLC,GB,2022-12-31,2023-03-28 11:22:49.668515,https://filings.xbrl.org/213800QAUUUP6I445N30/2022-12-31/ESEF/GB/0/213800QAUUUP6I445N30-2022-12-31-T01.json,https://filings.xbrl.org/213800QAUUUP6I445N30/2022-12-31/ESEF/GB/0/213800QAUUUP6I445N30-2022-12-31.zip,0
213800TB53ELEUKM7Q61-2022-03-31-ESEF-GB-0,213800TB53ELEUKM7Q61,VODAFONE GROUP PUBLIC LIMITED COMPANY,GB,2022-03-31,2022-07-27 00:00:00,https://filings.xbrl.org/213800TB53ELEUKM7Q61/2022-03-31/ESEF/GB/0/213800TB53ELEUKM7Q61-2022-03-31-T01.json,https://filings.xbrl.org/213800TB53ELEUKM7Q61/2022-03-31/ESEF/GB/0/213800TB53ELEUKM7Q61-2022-03-31.zip,0
213800WFQ334R8UXUG83-2022-12-31-ESEF-FR-0,213800WFQ334R8UXUG83,VINCI,FR,2022-12-31,2023-03-02 10:04:28.472461,https://filings.xbrl.org/213800WFQ334R8UXUG83/2022-12-31/ESEF/FR/0/213800WFQ334R8UXUG83-2022-12-31AR.json,https://filings.xbrl.org/213800WFQ334R8UXUG83/2022-12-31/ESEF/FR/0/213800WFQ334R8UXUG83-2022-12-31AR.zip,0
213800XC35KGM9NFC641-2021-12-31-ESEF-GB-0,213800XC35KGM9NFC641,SEGRO PUBLIC LIMITED COMPANY,GB,2021-12-31,2022-03-08 00:00:00,https://filings.xbrl.org/213800XC35KGM9NFC641/2021-12-31/ESEF/GB/0/213800XC35KGM9NFC641-2021-12-31-T01.json,https://filings.xbrl.org/213800XC35KGM9NFC641/2021-12-31/ESEF/GB/0/213800XC35KGM9NFC641-2021-12-31.zip,0
213800XC35KGM9NFC641-2022-12-31-ESEF-GB-0,213800XC35KGM9NFC641,SEGRO PUBLIC LIMITED COMPANY,GB,2022-12-31,2023-03-14 10:38:50.033275,https://filings.xbrl.org/213800XC35KGM9NFC641/2022-12-31/ESEF/GB/0/213800XC35KGM9NFC641-2022-12-31-T01.json,https://filings.xbrl.org/213800XC35KGM9NFC641/2022-12-31/ESEF/GB/0/213800XC35KGM9NFC641-2022-12-31.zip,0
213800YOEO5OQ72G2R82-2021-12-31-ESEF-GB-0,213800YOEO5OQ72G2R82,RIO TINTO PLC,GB,2021-12-31,2022-03-15 00:00:00,https://filings.xbrl.org/213800YOEO5OQ72G2R82/2021-12-31/ESEF/GB/0/213800YOEO5OQ72G2R82-2021-12-31-T01.json,https://filings.xbrl.org/213800YOEO5OQ72G2R82/2021-12-31/ESEF/GB/0/213800YOEO5OQ72G2R82-2021-12-31.zip,0
213800YOEO5OQ72G2R82-2022-12-31-ESEF-GB-0,213800YOEO5OQ72G2R82,RIO TINTO PLC,GB,2022-12-31,2023-02-23 11:41:03.977240,https://filings.xbrl.org/213800YOEO5OQ72G2R82/2022-12-31/ESEF/GB/0/213800YOEO5OQ72G2R82-2022-12-31-T01.json,https://filings.xbrl.org/213800YOEO5OQ72G2R82/2022-12-31/ESEF/GB/0/213800YOEO5OQ72G2R82-2022-12-31.zip,0
213800Z8NOHIKRI42W10-2021-12-31-ESEF-NL-0,213800Z8NOHIKRI42W10,STMICROELECTRONICS N.V.,NL,2021-12-31,2022-03-29 00:00:00,https://filings.xbrl.org/213800Z8NOHIKRI42W10/2021-12-31/ESEF/NL/0/213800Z8NOHIKRI42W10-2021-12-31-en.json,https://filings.xbrl.org/213800Z8NOHIKRI42W10/2021-12-31/ESEF/NL/0/213800Z8NOHIKRI42W10-2021-12-31-en.zip,0
213800Z8NOHIKRI42W10-2022-12-31-ESEF-NL-0,213800Z8NOHIKRI42W10,STMICROELECTRONICS N.V.,NL,2022-12-31,2023-03-28 11:25:28.442789,https://filings.xbrl.org/213800Z8NOHIKRI42W10/2022-12-31/ESEF/NL/0/213800Z8NOHIKRI42W10-2022-12-31-en.json,https://filings.xbrl.org/213800Z8NOHIKRI42W10/2022-12-31/ESEF/NL/0/213800Z8NOHIKRI42W10-2022-12-31-en.zip,0
213800ZVIELEA55JMJ32-2022-06-30-ESEF-GB-0,213800ZVIELEA55JMJ32,DIAGEO PLC,GB,2022-06-30,2022-08-17 00:00:00,https://filings.xbrl.org/213800ZVIELEA55JMJ32/2022-06-30/ESEF/GB/0/213800ZVIELEA55JMJ32-2022-06-30-T01.json,https://filings.xbrl.org/213800ZVIELEA55JMJ32/2022-06-30/ESEF/GB/0/213800ZVIELEA55JMJ32-2022-06-30.zip,0
2221003G8BRH3CPABK72-2021-12-31-ESEF-LU-0,2221003G8BRH3CPABK72,SOLUTIONS 30 SE,LU,2021-12-31,2022-05-03 00:00:00,https://filings.xbrl.org/2221003G8BRH3CPABK72/2021-12-31/ESEF/LU/0/solutions30-2021-12-31-en.json,https://filings.xbrl.org/2221003G8BRH3CPABK72/2021-12-31/ESEF/LU/0/solutions30-2021-12-31-en.zip,0
2221003G8BRH3CPABK72-2021-12-31-ESEF-LU-1,2221003G8BRH3CPABK72,SOLUTIONS 30 SE,LU,2021-12-31,2022-05-03 00:00:00,https://filings.xbrl.org/2221003G8BRH3CPABK72/2021-12-31/ESEF/LU/1/solutions30-2021-12-31-fr.json,https://filings.xbrl.org/2221003G8BRH3CPABK72/2021-12-31/ESEF/LU/1/solutions30-2021-12-31-fr.zip,0
2221003G8BRH3CPABK72-2022-12-31-ESEF-LU-0,2221003G8BRH3CPABK72,SOLUTIONS 30 SE,LU,2022-12-31,2023-05-09 13:24:13.661979,https://filings.xbrl.org/2221003G8BRH3CPABK72/2022-12-31/ESEF/LU/0/solutions30-2022-12-31-fr.json,https://filings.xbrl.org/2221003G8BRH3CPABK72/2022-12-31/ESEF/LU/0/solutions30-2022-12-31-fr.zip,0
2221003G8BRH3CPABK72-2022-12-31-ESEF-LU-1,2221003G8BRH3CPABK72,SOLUTIONS 30 SE,LU,2022-12-31,2023-05-09 13:24:37.994862,https://filings.xbrl.org/2221003G8BRH3CPABK72/2022-12-31/ESEF/LU/1/solutions30-2022-12-31-en.json,https://filings.xbrl.org/2221003G8BRH3CPABK72/2022-12-31/ESEF/LU/1/solutions30-2022-12-31-en.zip,0
222100GEODKMZ0FFWK29-2021-12-31-ESEF-LU-0,222100GEODKMZ0FFWK29,SWORD GROUP SE,LU,2021-12-31,2022-08-31 00:00:00,https://filings.xbrl.org/222100GEODKMZ0FFWK29/2021-12-31/ESEF/LU/0/swordgroup-2021-12-31-fr.json,https://filings.xbrl.org/222100GEODKMZ0FFWK29/2021-12-31/ESEF/LU/0/swordgroup-2021-12-31-fr.zip,0
254900YF0PQV9APMA050-2021-12-31-ESEF-NL-0,254900YF0PQV9APMA050,NX Filtration N.V.,NL,2021-12-31,2022-03-16 00:00:00,https://filings.xbrl.org/254900YF0PQV9APMA050/2021-12-31/ESEF/NL/0/254900YF0PQV9APMA050-2021-12-31-en.json,https://filings.xbrl.org/254900YF0PQV9APMA050/2021-12-31/ESEF/NL/0/254900YF0PQV9APMA050-2021-12-31-en.zip,0
254900YF0PQV9APMA050-2022-12-31-ESEF-NL-0,254900YF0PQV9APMA050,NX Filtration N.V.,NL,2022-12-31,2023-02-14 09:48:06.384553,https://filings.xbrl.org/254900YF0PQV9APMA050/2022-12-31/ESEF/NL/0/254900YF0PQV9APMA050-2022-12-31-en.json,https://filings.xbrl.org/254900YF0PQV9APMA050/2022-12-31/ESEF/NL/0/254900YF0PQV9APMA050-2022-12-31.zip,1
2W8N8UU78PMDQKZENC08-2021-12-31-ESEF-IT-0,2W8N8UU78PMDQKZENC08,INTESA SANPAOLO SPA,IT,2021-12-31,2023-05-30 18:09:33.737742,https://filings.xbrl.org/2W8N8UU78PMDQKZENC08/2021-12-31/ESEF/IT/0/2W8N8UU78PMDQKZENC08-2021-12-31.json,https://filings.xbrl.org/2W8N8UU78PMDQKZENC08/2021-12-31/ESEF/IT/0/2W8N8UU78PMDQKZENC08-2021-12-31.zip,0
2W8N8UU78PMDQKZENC08-2021-12-31-ESEF-IT-1,2W8N8UU78PMDQKZENC08,INTESA SANPAOLO SPA,IT,2021-12-31,2023-05-30 18:13:12.336496,https://filings.xbrl.org/2W8N8UU78PMDQKZENC08/2021-12-31/ESEF/IT/1/2W8N8UU78PMDQKZENC08-2021-12-31.json,https://filings.xbrl.org/2W8N8UU78PMDQKZENC08/2021-12-31/ESEF/IT/1/2W8N8UU78PMDQKZENC08-2021-12-31.zip,0
2W8N8UU78PMDQKZENC08-2022-12-31-ESEF-IT-0,2W8N8UU78PMDQKZENC08,INTESA SANPAOLO SPA,IT,2022-12-31,2023-05-30 15:29:39.824914,https://filings.xbrl.org/2W8N8UU78PMDQKZENC08/2022-12-31/ESEF/IT/0/2W8N8UU78PMDQKZENC08-2022-12-31-en.json,https://filings.xbrl.org/2W8N8UU78PMDQKZENC08/2022-12-31/ESEF/IT/0/2W8N8UU78PMDQKZENC08-2022-12-31-en.zip,0
2W8N8UU78PMDQKZENC08-2022-12-31-ESEF-IT-1,2W8N8UU78PMDQKZENC08,INTESA SANPAOLO SPA,IT,2022-12-31,2023-05-30 18:06:16.045307,https://filings.xbrl.org/2W8N8UU78PMDQKZENC08/2022-12-31/ESEF/IT/1/2W8N8UU78PMDQKZENC08-2022-12-31-it.json,https://filings.xbrl.org/2W8N8UU78PMDQKZENC08/2022-12-31/ESEF/IT/1/2W8N8UU78PMDQKZENC08-2022-12-31-it.zip,0
3157000YTVO4TN65UM14-2021-12-31-ESEF-NL-0,3157000YTVO4TN65UM14,CTP N.V.,NL,2021-12-31,2022-06-14 00:00:00,https://filings.xbrl.org/3157000YTVO4TN65UM14/2021-12-31/ESEF/NL/0/ctpnv-2021-12-31-en.json,https://filings.xbrl.org/3157000YTVO4TN65UM14/2021-12-31/ESEF/NL/0/ctpnv-2021-12-31-en.zip,0
3157000YTVO4TN65UM14-2022-12-31-ESEF-NL-0,3157000YTVO4TN65UM14,CTP N.V.,NL,2022-12-31,2023-03-07 14:38:56.305470,https://filings.xbrl.org/3157000YTVO4TN65UM14/2022-12-31/ESEF/NL/0/ctpnv-2022-12-31-en.json,https://filings.xbrl.org/3157000YTVO4TN65UM14/2022-12-31/ESEF/NL/0/ctpnv-2022-12-31-en.zip,0
391200MBZQNPFHIVKO34-2021-12-31-ESEF-IT-0,391200MBZQNPFHIVKO34,BB Biotech AG,IT,2021-12-31,2023-05-30 18:13:05.075498,https://filings.xbrl.org/391200MBZQNPFHIVKO34/2021-12-31/ESEF/IT/0/391200MBZQNPFHIVKO34-2021-12-31-en.json,https://filings.xbrl.org/391200MBZQNPFHIVKO34/2021-12-31/ESEF/IT/0/391200MBZQNPFHIVKO34-2021-12-31-en.zip,0
391200MBZQNPFHIVKO34-2021-12-31-ESEF-IT-1,391200MBZQNPFHIVKO34,BB Biotech AG,IT,2021-12-31,2025-05-21 14:34:21.335962,https://filings.xbrl.org/391200MBZQNPFHIVKO34/2021-12-31/ESEF/IT/1/391200MBZQNPFHIVKO34-2021-12-31-en.json,https://filings.xbrl.org/391200MBZQNPFHIVKO34/2021-12-31/ESEF/IT/1/391200MBZQNPFHIVKO34-2021-12-31-en.zip,0
391200MBZQNPFHIVKO34-2022-12-31-ESEF-IT-0,391200MBZQNPFHIVKO34,BB Biotech AG,IT,2022-12-31,2023-05-30 18:06:36.641548,https://filings.xbrl.org/391200MBZQNPFHIVKO34/2022-12-31/ESEF/IT/0/391200MBZQNPFHIVKO34-2022-12-31-en.json,https://filings.xbrl.org/391200MBZQNPFHIVKO34/2022-12-31/ESEF/IT/0/391200MBZQNPFHIVKO34-2022-12-31-en.zip,0
391200WHND7OZEFNNL77-2021-03-31-ESEF-AT-0,391200WHND7OZEFNNL77,Fabasoft AG,AT,2021-03-31,2022-01-18 00:00:00,https://filings.xbrl.org/391200WHND7OZEFNNL77/2021-03-31/ESEF/AT/0/fabasoft.json,https://filings.xbrl.org/391200WHND7OZEFNNL77/2021-03-31/ESEF/AT/0/fabasoft.zip,0
391200WHND7OZEFNNL77-2022-03-31-ESEF-AT-0,391200WHND7OZEFNNL77,Fabasoft AG,AT,2022-03-31,2022-06-14 00:00:00,https://filings.xbrl.org/391200WHND7OZEFNNL77/2022-03-31/ESEF/AT/0/391200WHND7OZEFNNL77-2022-03-31-de.json,https://filings.xbrl.org/391200WHND7OZEFNNL77/2022-03-31/ESEF/AT/0/fabasoft.zip,0
3TK20IVIUJ8J3ZU0QE75-2021-12-31-ESEF-NL-0,3TK20IVIUJ8J3ZU0QE75,ING BANK N.V.,NL,2021-12-31,2022-03-16 00:00:00,https://filings.xbrl.org/3TK20IVIUJ8J3ZU0QE75/2021-12-31/ESEF/NL/0/ingbank-2021-12-31.json,https://filings.xbrl.org/3TK20IVIUJ8J3ZU0QE75/2021-12-31/ESEF/NL/0/ingbank-20211231.zip,0
3TK20IVIUJ8J3ZU0QE75-2022-12-31-ESEF-NL-0,3TK20IVIUJ8J3ZU0QE75,ING BANK N.V.,NL,2022-12-31,2023-03-14 10:41:00.255313,https://filings.xbrl.org/3TK20IVIUJ8J3ZU0QE75/2022-12-31/ESEF/NL/0/ingbank-2022-12-31-en.json,https://filings.xbrl.org/3TK20IVIUJ8J3ZU0QE75/2022-12-31/ESEF/NL/0/ingbank-2022-12-31-en.zip,0
4N6SD705LP5XZKA2A097-2020-12-31-ESEF-FR-0,4N6SD705LP5XZKA2A097,Vantiva,FR,2020-12-31,2021-05-18 00:00:00,https://filings.xbrl.org/4N6SD705LP5XZKA2A097/2020-12-31/ESEF/FR/0/4N6SD705LP5XZKA2A097-2020-12-31AR.json,https://filings.xbrl.org/4N6SD705LP5XZKA2A097/2020-12-31/ESEF/FR/0/4N6SD705LP5XZKA2A097-2020-12-31AR.zip,0
4N6SD705LP5XZKA2A097-2021-12-31-ESEF-FR-0,4N6SD705LP5XZKA2A097,Vantiva,FR,2021-12-31,2022-04-07 00:00:00,https://filings.xbrl.org/4N6SD705LP5XZKA2A097/2021-12-31/ESEF/FR/0/4N6SD705LP5XZKA2A097-2021-12-31AR.json,https://filings.xbrl.org/4N6SD705LP5XZKA2A097/2021-12-31/ESEF/FR/0/4N6SD705LP5XZKA2A097-2021-12-31AR.zip,0
4N6SD705LP5XZKA2A097-2022-12-31-ESEF-FR-0,4N6SD705LP5XZKA2A097,Vantiva,FR,2022-12-31,2023-05-02 12:23:49.188696,https://filings.xbrl.org/4N6SD705LP5XZKA2A097/2022-12-31/ESEF/FR/0/4N6SD705LP5XZKA2A097-2022-12-31AR.json,https://filings.xbrl.org/4N6SD705LP5XZKA2A097/2022-12-31/ESEF/FR/0/4N6SD705LP5XZKA2A097-2022-12-31AR.zip,0
52990006IVXY7GCSSR39-2021-12-31-ESEF-FR-0,52990006IVXY7GCSSR39,Sartorius Stedim Biotech,FR,2021-12-31,2022-03-23 00:00:00,https://filings.xbrl.org/52990006IVXY7GCSSR39/2021-12-31/ESEF/FR/0/sartoriusstedimbiotech-20211231.json,https://filings.xbrl.org/52990006IVXY7GCSSR39/2021-12-31/ESEF/FR/0/sartoriusstedimbiotech-20211231.zip,0
52990006IVXY7GCSSR39-2022-12-31-ESEF-FR-0,52990006IVXY7GCSSR39,Sartorius Stedim Biotech,FR,2022-12-31,2023-02-21 10:33:57.952209,https://filings.xbrl.org/52990006IVXY7GCSSR39/2022-12-31/ESEF/FR/0/sartoriusstedimbiotech.json,https://filings.xbrl.org/52990006IVXY7GCSSR39/2022-12-31/ESEF/FR/0/sartoriusstedimbiotech.zip,0
52990021YEMY298JY727-2020-12-31-ESEF-AT-0,52990021YEMY298JY727,FACC AG,AT,2020-12-31,2021-05-18 00:00:00,https://filings.xbrl.org/52990021YEMY298JY727/2020-12-31/ESEF/AT/0/01_FACCAG_DE_LB.json,https://filings.xbrl.org/52990021YEMY298JY727/2020-12-31/ESEF/AT/0/01_FACCAG_DE_LB.zip,0
52990021YEMY298JY727-2020-12-31-ESEF-AT-1,52990021YEMY298JY727,FACC AG,AT,2020-12-31,2021-05-18 00:00:00,https://filings.xbrl.org/52990021YEMY298JY727/2020-12-31/ESEF/AT/1/01_Report_Group_2020_EN.json,https://filings.xbrl.org/52990021YEMY298JY727/2020-12-31/ESEF/AT/1/52990021YEMY298JY727-2020-12-31.zip,1
52990021YEMY298JY727-2021-12-31-ESEF-AT-0,52990021YEMY298JY727,FACC AG,AT,2021-12-31,2022-03-30 00:00:00,https://filings.xbrl.org/52990021YEMY298JY727/2021-12-31/ESEF/AT/0/faccag-2021-12-31-en.json,https://filings.xbrl.org/52990021YEMY298JY727/2021-12-31/ESEF/AT/0/faccag-2021-12-31-en.zip,0
52990021YEMY298JY727-2021-12-31-ESEF-AT-1,52990021YEMY298JY727,FACC AG,AT,2021-12-31,2022-03-30 00:00:00,https://filings.xbrl.org/52990021YEMY298JY727/2021-12-31/ESEF/AT/1/faccag-2021-12-31-de.json,https://filings.xbrl.org/52990021YEMY298JY727/2021-12-31/ESEF/AT/1/faccag-2021-12-31-de.zip,0
52990021YEMY298JY727-2022-12-31-ESEF-AT-0,52990021YEMY298JY727,FACC AG,AT,2022-12-31,2023-03-30 16:33:57.457665,https://filings.xbrl.org/52990021YEMY298JY727/2022-12-31/ESEF/AT/0/faccag-2022-12-31-en.json,https://filings.xbrl.org/52990021YEMY298JY727/2022-12-31/ESEF/AT/0/faccag-2022-12-31-en.zip,0
52990021YEMY298JY727-2022-12-31-ESEF-AT-1,52990021YEMY298JY727,FACC AG,AT,2022-12-31,2023-03-30 16:33:58.198151,https://filings.xbrl.org/52990021YEMY298JY727/2022-12-31/ESEF/AT/1/faccag-2022-12-31-de.json,https://filings.xbrl.org/52990021YEMY298JY727/2022-12-31/ESEF/AT/1/faccag-2022-12-31-de.zip,0
5299002NFQKOBT1E8569-2021-03-31-ESEF-AT-0,5299002NFQKOBT1E8569,DO & CO Aktiengesellschaft,AT,2021-03-31,2022-01-18 00:00:00,https://filings.xbrl.org/5299002NFQKOBT1E8569/2021-03-31/ESEF/AT/0/docoag-2021-03-31.json,https://filings.xbrl.org/5299002NFQKOBT1E8569/2021-03-31/ESEF/AT/0/docoag-2021-03-31.zip,0
5299002NFQKOBT1E8569-2022-03-31-ESEF-AT-0,5299002NFQKOBT1E8569,DO & CO Aktiengesellschaft,AT,2022-03-31,2022-06-22 00:00:00,https://filings.xbrl.org/5299002NFQKOBT1E8569/2022-03-31/ESEF/AT/0/docoag-2022-03-31-de.json,https://filings.xbrl.org/5299002NFQKOBT1E8569/2022-03-31/ESEF/AT/0/docoag-2022-03-31-de.zip,0
5299002PSXXMVHB26433-2020-12-31-ESEF-AT-0,5299002PSXXMVHB26433,Kontron AG,AT,2020-12-31,2021-05-18 00:00:00,https://filings.xbrl.org/5299002PSXXMVHB26433/2020-12-31/ESEF/AT/0/snt-2020-12-31.json,https://filings.xbrl.org/5299002PSXXMVHB26433/2020-12-31/ESEF/AT/0/snt-2020-12-31.zip,0
5299002PSXXMVHB26433-2021-12-31-ESEF-AT-0,5299002PSXXMVHB26433,Kontron AG,AT,2021-12-31,2022-03-22 00:00:00,https://filings.xbrl.org/5299002PSXXMVHB26433/2021-12-31/ESEF/AT/0/5299002PSXXMVHB26433-2021-12-31-de.json,https://filings.xbrl.org/5299002PSXXMVHB26433/2021-12-31/ESEF/AT/0/5299002PSXXMVHB26433-2021-12-31-de.zip,0
5299002PSXXMVHB26433-2022-12-31-ESEF-AT-0,5299002PSXXMVHB26433,Kontron AG,AT,2022-12-31,2023-04-04 21:54:14.093508,https://filings.xbrl.org/5299002PSXXMVHB26433/2022-12-31/ESEF/AT/0/5299002PSXXMVHB26433-2022-12-31-de.json,https://filings.xbrl.org/5299002PSXXMVHB26433/2022-12-31/ESEF/AT/0/5299002PSXXMVHB26433-2022-12-31-de.zip,0
5299006C0EVA5LAYOR30-2021-02-28-ESEF-AT-0,5299006C0EVA5LAYOR30,AGRANA Beteiligungs-Aktiengesellschaft,AT,2021-02-28,2022-01-18 00:00:00,https://filings.xbrl.org/5299006C0EVA5LAYOR30/2021-02-28/ESEF/AT/0/agranabeteiligungsag-2021-02-28.json,https://filings.xbrl.org/5299006C0EVA5LAYOR30/2021-02-28/ESEF/AT/0/agranabeteiligungsag-2021-02-28.zip,0
5299006C0EVA5LAYOR30-2022-02-28-ESEF-AT-0,5299006C0EVA5LAYOR30,AGRANA Beteiligungs-Aktiengesellschaft,AT,2022-02-28,2022-06-14 00:00:00,https://filings.xbrl.org/5299006C0EVA5LAYOR30/2022-02-28/ESEF/AT/0/agranabeteiligungsag-2022-02-28-de.json,https://filings.xbrl.org/5299006C0EVA5LAYOR30/2022-02-28/ESEF/AT/0/agranabeteiligungsag-2022-02-28-de.zip,0
5299006UDSEJCTTEJS30-2020-12-31-ESEF-AT-0,5299006UDSEJCTTEJS30,VERBUND AG,AT,2020-12-31,2021-05-18 00:00:00,https://filings.xbrl.org/5299006UDSEJCTTEJS30/2020-12-31/ESEF/AT/0/verbundag-2020-12-31.json,https://filings.xbrl.org/5299006UDSEJCTTEJS30/2020-12-31/ESEF/AT/0/verbundag-2020-12-31.zip,0
5299006UDSEJCTTEJS30-2020-12-31-ESEF-AT-1,5299006UDSEJCTTEJS30,VERBUND AG,AT,2020-12-31,2021-05-18 00:00:00,https://filings.xbrl.org/5299006UDSEJCTTEJS30/2020-12-31/ESEF/AT/1/verbundag-2020-12-31.json,https://filings.xbrl.org/5299006UDSEJCTTEJS30/2020-12-31/ESEF/AT/1/verbundag-2020-12-31.zip,0
5299006UDSEJCTTEJS30-2021-12-31-ESEF-AT-0,5299006UDSEJCTTEJS30,VERBUND AG,AT,2021-12-31,2022-04-13 00:00:00,https://filings.xbrl.org/5299006UDSEJCTTEJS30/2021-12-31/ESEF/AT/0/verbundag-2021-12-31-en.json,https://filings.xbrl.org/5299006UDSEJCTTEJS30/2021-12-31/ESEF/AT/0/verbundag-2021-12-31-en.zip,0
5299006UDSEJCTTEJS30-2021-12-31-ESEF-AT-1,5299006UDSEJCTTEJS30,VERBUND AG,AT,2021-12-31,2022-04-13 00:00:00,https://filings.xbrl.org/5299006UDSEJCTTEJS30/2021-12-31/ESEF/AT/1/verbundag-2021-12-31-de.json,https://filings.xbrl.org/5299006UDSEJCTTEJS30/2021-12-31/ESEF/AT/1/verbundag-2021-12-31-de.zip,0
5299006UDSEJCTTEJS30-2022-12-31-ESEF-AT-0,5299006UDSEJCTTEJS30,VERBUND AG,AT,2022-12-31,2023-04-25 09:56:18.363329,https://filings.xbrl.org/5299006UDSEJCTTEJS30/2022-12-31/ESEF/AT/0/verbundag-2022-12-31-en.json,https://filings.xbrl.org/5299006UDSEJCTTEJS30/2022-12-31/ESEF/AT/0/verbundag-2022-12-31-en.zip,0
5299006UDSEJCTTEJS30-2022-12-31-ESEF-AT-1,5299006UDSEJCTTEJS30,VERBUND AG,AT,2022-12-31,2023-04-25 09:56:21.158026,https://filings.xbrl.org/5299006UDSEJCTTEJS30/2022-12-31/ESEF/AT/1/verbundag-2022-12-31-de.json,https://filings.xbrl.org/5299006UDSEJCTTEJS30/2022-12-31/ESEF/AT/1/verbundag-2022-12-31-de.zip,0
5299007YZU978DE0ZY32-2021-12-31-ESEF-FR-0,5299007YZU978DE0ZY32,VERALLIA,FR,2021-12-31,2022-03-30 00:00:00,https://filings.xbrl.org/5299007YZU978DE0ZY32/2021-12-31/ESEF/FR/0/verallia-2021-12-31AR.json,https://filings.xbrl.org/5299007YZU978DE0ZY32/2021-12-31/ESEF/FR/0/verallia-2021-12-31AR.zip,0
5299007YZU978DE0ZY32-2022-12-31-ESEF-FR-0,5299007YZU978DE0ZY32,VERALLIA,FR,2022-12-31,2023-03-30 16:36:07.677046,https://filings.xbrl.org/5299007YZU978DE0ZY32/2022-12-31/ESEF/FR/0/verallia-2022-12-31-fr.json,https://filings.xbrl.org/5299007YZU978DE0ZY32/2022-12-31/ESEF/FR/0/verallia-2022-12-31-fr.zip,0
5299008TBI1EUJJSWP89-2020-12-31-ESEF-AT-0,5299008TBI1EUJJSWP89,PIERER Mobility AG,AT,2020-12-31,2021-05-18 00:00:00,https://filings.xbrl.org/5299008TBI1EUJJSWP89/2020-12-31/ESEF/AT/0/5299008TBI1EUJJSWP89-2020-12-31_de.json,https://filings.xbrl.org/5299008TBI1EUJJSWP89/2020-12-31/ESEF/AT/0/5299008TBI1EUJJSWP89-2020-12-31_de.zip,0
5299008TBI1EUJJSWP89-2020-12-31-ESEF-AT-1,5299008TBI1EUJJSWP89,PIERER Mobility AG,AT,2020-12-31,2021-05-18 00:00:00,https://filings.xbrl.org/5299008TBI1EUJJSWP89/2020-12-31/ESEF/AT/1/5299008TBI1EUJJSWP89-2020-12-31_de.json,https://filings.xbrl.org/5299008TBI1EUJJSWP89/2020-12-31/ESEF/AT/1/5299008TBI1EUJJSWP89-2020-12-31_de.zip,0
5299008TBI1EUJJSWP89-2021-12-31-ESEF-AT-0,5299008TBI1EUJJSWP89,PIERER Mobility AG,AT,2021-12-31,2022-03-30 00:00:00,https://filings.xbrl.org/5299008TBI1EUJJSWP89/2021-12-31/ESEF/AT/0/5299008TBI1EUJJSWP89-2021-12-31-de.json,https://filings.xbrl.org/5299008TBI1EUJJSWP89/2021-12-31/ESEF/AT/0/5299008TBI1EUJJSWP89-2021-12-31-de.zip,0
5299008TBI1EUJJSWP89-2021-12-31-ESEF-AT-1,5299008TBI1EUJJSWP89,PIERER Mobility AG,AT,2021-12-31,2022-03-30 00:00:00,https://filings.xbrl.org/5299008TBI1EUJJSWP89/2021-12-31/ESEF/AT/1/5299008TBI1EUJJSWP89-2021-12-31-de.json,https://filings.xbrl.org/5299008TBI1EUJJSWP89/2021-12-31/ESEF/AT/1/5299008TBI1EUJJSWP89-2021-12-31-de.zip,0
5299008TBI1EUJJSWP89-2022-12-31-ESEF-AT-0,5299008TBI1EUJJSWP89,PIERER Mobility AG,AT,2022-12-31,2023-03-30 16:33:58.903229,https://filings.xbrl.org/5299008TBI1EUJJSWP89/2022-12-31/ESEF/AT/0/5299008TBI1EUJJSWP89-2022-12-31-en.json,https://filings.xbrl.org/5299008TBI1EUJJSWP89/2022-12-31/ESEF/AT/0/5299008TBI1EUJJSWP89-2022-12-31-en.zip,0
5299008TBI1EUJJSWP89-2022-12-31-ESEF-AT-1,5299008TBI1EUJJSWP89,PIERER Mobility AG,AT,2022-12-31,2023-03-30 16:34:01.042900,https://filings.xbrl.org/5299008TBI1EUJJSWP89/2022-12-31/ESEF/AT/1/5299008TBI1EUJJSWP89-2022-12-31-de.json,https://filings.xbrl.org/5299008TBI1EUJJSWP89/2022-12-31/ESEF/AT/1/5299008TBI1EUJJSWP89-2022-12-31-de.zip,0
52990097YFPX9J0H5D87-2021-12-31-ESEF-FR-0,52990097YFPX9J0H5D87,PERNOD RICARD,FR,2021-12-31,2022-03-23 00:00:00,https://filings.xbrl.org/52990097YFPX9J0H5D87/2021-12-31/ESEF/FR/0/pernod-2021-06-30AR.json,https://filings.xbrl.org/52990097YFPX9J0H5D87/2021-12-31/ESEF/FR/0/52990097YFPX9J0H5D87-2021-12-31.zip,2
52990097YFPX9J0H5D87-2022-06-30-ESEF-FR-0,52990097YFPX9J0H5D87,PERNOD RICARD,FR,2022-06-30,2022-09-27 00:00:00,https://filings.xbrl.org/52990097YFPX9J0H5D87/2022-06-30/ESEF/FR/0/pernod-2022-06-30-fr.json,https://filings.xbrl.org/52990097YFPX9J0H5D87/2022-06-30/ESEF/FR/0/pernod-2022-06-30-fr.zip,0
529900ARBU9SBJFNX419-2020-12-31-ESEF-AT-0,529900ARBU9SBJFNX419,PORR AG,AT,2020-12-31,2021-05-18 00:00:00,https://filings.xbrl.org/529900ARBU9SBJFNX419/2020-12-31/ESEF/AT/0/porr-group-2020-12-31.json,https://filings.xbrl.org/529900ARBU9SBJFNX419/2020-12-31/ESEF/AT/0/porr-group-2020-12-31.zip,0
529900ARBU9SBJFNX419-2021-12-31-ESEF-AT-0,529900ARBU9SBJFNX419,PORR AG,AT,2021-12-31,2022-04-28 00:00:00,https://filings.xbrl.org/529900ARBU9SBJFNX419/2021-12-31/ESEF/AT/0/529900ARBU9SBJFNX419-2021-12-31-de.json,https://filings.xbrl.org/529900ARBU9SBJFNX419/2021-12-31/ESEF/AT/0/529900ARBU9SBJFNX419-2021-12-31-de.zip,0
529900ARBU9SBJFNX419-2022-12-31-ESEF-AT-0,529900ARBU9SBJFNX419,PORR AG,AT,2022-12-31,2023-03-30 16:33:32.916656,https://filings.xbrl.org/529900ARBU9SBJFNX419/2022-12-31/ESEF/AT/0/529900ARBU9SBJFNX419-2022-12-31-de.json,https://filings.xbrl.org/529900ARBU9SBJFNX419/2022-12-31/ESEF/AT/0/529900ARBU9SBJFNX419-2022-12-31-de.zip,0
529900BKFJBI0QRDJH63-2020-12-31-ESEF-AT-0,529900BKFJBI0QRDJH63,Lenzing Aktiengesellschaft,AT,2020-12-31,2021-05-18 00:00:00,https://filings.xbrl.org/529900BKFJBI0QRDJH63/2020-12-31/ESEF/AT/0/lenzingaktiengesellschaft.json,https://filings.xbrl.org/529900BKFJBI0QRDJH63/2020-12-31/ESEF/AT/0/lenzingaktiengesellschaft.zip,0
529900BKFJBI0QRDJH63-2020-12-31-ESEF-AT-1,529900BKFJBI0QRDJH63,Lenzing Aktiengesellschaft,AT,2020-12-31,2021-05-18 00:00:00,https://filings.xbrl.org/529900BKFJBI0QRDJH63/2020-12-31/ESEF/AT/1/lenzingaktiengesellschaft.json,https://filings.xbrl.org/529900BKFJBI0QRDJH63/2020-12-31/ESEF/AT/1/lenzingaktiengesellschaft.zip,0
529900BKFJBI0QRDJH63-2020-12-31-ESEF-AT-2,529900BKFJBI0QRDJH63,Lenzing Aktiengesellschaft,AT,2020-12-31,2022-01-18 00:00:00,https://filings.xbrl.org/529900BKFJBI0QRDJH63/2020-12-31/ESEF/AT/2/lenzingaktiengesellschaft.json,https://filings.xbrl.org/529900BKFJBI0QRDJH63/2020-12-31/ESEF/AT/2/lenzingaktiengesellschaft.zip,0
529900BKFJBI0QRDJH63-2021-12-31-ESEF-AT-0,529900BKFJBI0QRDJH63,Lenzing Aktiengesellschaft,AT,2021-12-31,2022-03-15 00:00:00,https://filings.xbrl.org/529900BKFJBI0QRDJH63/2021-12-31/ESEF/AT/0/lenzingag-2021-12-31-en.json,https://filings.xbrl.org/529900BKFJBI0QRDJH63/2021-12-31/ESEF/AT/0/lenzingag-2021-12-31-en.zip,0
529900BKFJBI0QRDJH63-2021-12-31-ESEF-AT-1,529900BKFJBI0QRDJH63,Lenzing Aktiengesellschaft,AT,2021-12-31,2022-03-15 00:00:00,https://filings.xbrl.org/529900BKFJBI0QRDJH63/2021-12-31/ESEF/AT/1/lenzingag-2021-12-31-de.json,https://filings.xbrl.org/529900BKFJBI0QRDJH63/2021-12-31/ESEF/AT/1/lenzingag-2021-12-31-de.zip,0
529900BKFJBI0QRDJH63-2021-12-31-ESEF-AT-2,529900BKFJBI0QRDJH63,Lenzing Aktiengesellschaft,AT,2021-12-31,2022-03-17 00:00:00,https://filings.xbrl.org/529900BKFJBI0QRDJH63/2021-12-31/ESEF/AT/2/lenzingag-2021-12-31-en.json,https://filings.xbrl.org/529900BKFJBI0QRDJH63/2021-12-31/ESEF/AT/2/lenzingag-2021-12-31-en.zip,0
529900BKFJBI0QRDJH63-2021-12-31-ESEF-AT-3,529900BKFJBI0QRDJH63,Lenzing Aktiengesellschaft,AT,2021-12-31,2022-03-17 00:00:00,https://filings.xbrl.org/529900BKFJBI0QRDJH63/2021-12-31/ESEF/AT/3/lenzingag-2021-12-31-de.json,https://filings.xbrl.org/529900BKFJBI0QRDJH63/2021-12-31/ESEF/AT/3/lenzingag-2021-12-31-de.zip,0
529900BKFJBI0QRDJH63-2021-12-31-ESEF-AT-4,529900BKFJBI0QRDJH63,Lenzing Aktiengesellschaft,AT,2021-12-31,2022-05-17 00:00:00,https://filings.xbrl.org/529900BKFJBI0QRDJH63/2021-12-31/ESEF/AT/4/lenzingag-2021-12-31-en.json,https://filings.xbrl.org/529900BKFJBI0QRDJH63/2021-12-31/ESEF/AT/4/lenzingag-2021-12-31-en.zip,0
529900BKFJBI0QRDJH63-2021-12-31-ESEF-AT-5,529900BKFJBI0QRDJH63,Lenzing Aktiengesellschaft,AT,2021-12-31,2022-05-17 00:00:00,https://filings.xbrl.org/529900BKFJBI0QRDJH63/2021-12-31/ESEF/AT/5/lenzingag-2021-12-31-de.json,https://filings.xbrl.org/529900BKFJBI0QRDJH63/2021-12-31/ESEF/AT/5/lenzingag-2021-12-31-de.zip,0
529900BKFJBI0QRDJH63-2022-12-31-ESEF-AT-0,529900BKFJBI0QRDJH63,Lenzing Aktiengesellschaft,AT,2022-12-31,2023-03-14 10:43:45.973370,https://filings.xbrl.org/529900BKFJBI0QRDJH63/2022-12-31/ESEF/AT/0/Lenzing_AG_2022.json,https://filings.xbrl.org/529900BKFJBI0QRDJH63/2022-12-31/ESEF/AT/0/Lenzing_AG_2022.zip,0
529900DS2PAVS3K9RV51-2020-12-31-ESEF-AT-0,529900DS2PAVS3K9RV51,Rosenbauer International AG,AT,2020-12-31,2021-05-18 00:00:00,https://filings.xbrl.org/529900DS2PAVS3K9RV51/2020-12-31/ESEF/AT/0/rosenbauerag-2020-12-31.json,https://filings.xbrl.org/529900DS2PAVS3K9RV51/2020-12-31/ESEF/AT/0/rosenbauerag-2020-12-31.zip,0
529900DS2PAVS3K9RV51-2021-12-31-ESEF-AT-1,529900DS2PAVS3K9RV51,Rosenbauer International AG,AT,2021-12-31,2022-11-17 00:00:00,https://filings.xbrl.org/529900DS2PAVS3K9RV51/2021-12-31/ESEF/AT/1/Jahresfinanzbericht_2021_ESEF.json,https://filings.xbrl.org/529900DS2PAVS3K9RV51/2021-12-31/ESEF/AT/1/Jahresfinanzbericht_2021_ESEF__FIXED.zip,0
529900DS2PAVS3K9RV51-2022-12-31-ESEF-AT-0,529900DS2PAVS3K9RV51,Rosenbauer International AG,AT,2022-12-31,2023-04-25 09:53:53.535965,https://filings.xbrl.org/529900DS2PAVS3K9RV51/2022-12-31/ESEF/AT/0/Jahresfinanzbericht.json,https://filings.xbrl.org/529900DS2PAVS3K9RV51/2022-12-31/ESEF/AT/0/Jahresfinanzbericht_2022_ESEF_final.zip,0
529900EVOKN4LCCD9321-2021-03-31-ESEF-AT-0,529900EVOKN4LCCD9321,AT & S Austria Technologie & Systemtechnik Aktiengesellschaft,AT,2021-03-31,2022-01-18 00:00:00,https://filings.xbrl.org/529900EVOKN4LCCD9321/2021-03-31/ESEF/AT/0/atsag-2021-03-31.json,https://filings.xbrl.org/529900EVOKN4LCCD9321/2021-03-31/ESEF/AT/0/atsag-2021-03-31.zip,0
529900EVOKN4LCCD9321-2021-03-31-ESEF-AT-1,529900EVOKN4LCCD9321,AT & S Austria Technologie & Systemtechnik Aktiengesellschaft,AT,2021-03-31,2022-01-18 00:00:00,https://filings.xbrl.org/529900EVOKN4LCCD9321/2021-03-31/ESEF/AT/1/atsag-2021-03-31.json,https://filings.xbrl.org/529900EVOKN4LCCD9321/2021-03-31/ESEF/AT/1/atsag-2021-03-31.zip,0
529900EVOKN4LCCD9321-2022-03-31-ESEF-AT-0,529900EVOKN4LCCD9321,AT & S Austria Technologie & Systemtechnik Aktiengesellschaft,AT,2022-03-31,2022-06-14 00:00:00,https://filings.xbrl.org/529900EVOKN4LCCD9321/2022-03-31/ESEF/AT/0/atsag-2022-03-31-en.json,https://filings.xbrl.org/529900EVOKN4LCCD9321/2022-03-31/ESEF/AT/0/atsag-2022-03-31-en.zip,0
529900EVOKN4LCCD9321-2022-03-31-ESEF-AT-1,529900EVOKN4LCCD9321,AT & S Austria Technologie & Systemtechnik Aktiengesellschaft,AT,2022-03-31,2022-06-14 00:00:00,https://filings.xbrl.org/529900EVOKN4LCCD9321/2022-03-31/ESEF/AT/1/atsag-2022-03-31-de.json,https://filings.xbrl.org/529900EVOKN4LCCD9321/2022-03-31/ESEF/AT/1/atsag-2022-03-31-de.zip,0
529900F3AIQECS8ZSV61-2021-12-31-ESEF-BE-0,529900F3AIQECS8ZSV61,UMICORE,BE,2021-12-31,2022-03-31 00:00:00,https://filings.xbrl.org/529900F3AIQECS8ZSV61/2021-12-31/ESEF/BE/0/UMIC-2021-12-31.json,https://filings.xbrl.org/529900F3AIQECS8ZSV61/2021-12-31/ESEF/BE/0/UMIC-2021-12-31.zip,0
529900F3AIQECS8ZSV61-2021-12-31-ESEF-BE-1,529900F3AIQECS8ZSV61,UMICORE,BE,2021-12-31,2022-03-31 00:00:00,https://filings.xbrl.org/529900F3AIQECS8ZSV61/2021-12-31/ESEF/BE/1/UMIC-2021-12-31.json,https://filings.xbrl.org/529900F3AIQECS8ZSV61/2021-12-31/ESEF/BE/1/UMIC-2021-12-31.zip,0
529900F3AIQECS8ZSV61-2022-12-31-ESEF-BE-0,529900F3AIQECS8ZSV61,UMICORE,BE,2022-12-31,2023-03-30 16:37:23.528130,https://filings.xbrl.org/529900F3AIQECS8ZSV61/2022-12-31/ESEF/BE/0/UMIC-2022-12-31.json,https://filings.xbrl.org/529900F3AIQECS8ZSV61/2022-12-31/ESEF/BE/0/UMIC-2022-12-31.zip,0
529900F3AIQECS8ZSV61-2022-12-31-ESEF-BE-1,529900F3AIQECS8ZSV61,UMICORE,BE,2022-12-31,2023-03-30 16:37:25.555307,https://filings.xbrl.org/529900F3AIQECS8ZSV61/2022-12-31/ESEF/BE/1/UMIC-2022-12-31.json,https://filings.xbrl.org/529900F3AIQECS8ZSV61/2022-12-31/ESEF/BE/1/UMIC-2022-12-31.zip,0
529900FNDVTQJOVVPZ19-2021-12-31-ESEF-FR-0,529900FNDVTQJOVVPZ19,THALES,FR,2021-12-31,2022-04-07 00:00:00,https://filings.xbrl.org/529900FNDVTQJOVVPZ19/2021-12-31/ESEF/FR/0/tha-2021-12-31AR.json,https://filings.xbrl.org/529900FNDVTQJOVVPZ19/2021-12-31/ESEF/FR/0/tha-2021-12-31AR.zip,0
529900FNDVTQJOVVPZ19-2022-12-31-ESEF-FR-0,529900FNDVTQJOVVPZ19,THALES,FR,2022-12-31,2023-04-04 21:51:21.201235,https://filings.xbrl.org/529900FNDVTQJOVVPZ19/2022-12-31/ESEF/FR/0/tha-2022-12-31-fr.json,https://filings.xbrl.org/529900FNDVTQJOVVPZ19/2022-12-31/ESEF/FR/0/tha-2022-12-31-fr.zip,0
529900ICA8XQYGIKR372-2021-06-14-ESEF-AT-0,529900ICA8XQYGIKR372,BAWAG P.S.K. Bank für Arbeit und Wirtschaft und Österreichische Postsparkasse Aktiengesellschaft,AT,2021-06-14,2021-05-18 00:00:00,https://filings.xbrl.org/529900ICA8XQYGIKR372/2021-06-14/ESEF/AT/0/bawagpsk-2020-12-31.json,https://filings.xbrl.org/529900ICA8XQYGIKR372/2021-06-14/ESEF/AT/0/bawagpsk-2020-12-31.zip,0
529900ICA8XQYGIKR372-2021-12-31-ESEF-AT-0,529900ICA8XQYGIKR372,BAWAG P.S.K. Bank für Arbeit und Wirtschaft und Österreichische Postsparkasse Aktiengesellschaft,AT,2021-12-31,2022-03-15 00:00:00,https://filings.xbrl.org/529900ICA8XQYGIKR372/2021-12-31/ESEF/AT/0/bawagpskbank-2021-12-31-de.json,https://filings.xbrl.org/529900ICA8XQYGIKR372/2021-12-31/ESEF/AT/0/bawagpskbank-2021-12-31-de.zip,0
529900ICA8XQYGIKR372-2022-12-31-ESEF-AT-0,529900ICA8XQYGIKR372,BAWAG P.S.K. Bank für Arbeit und Wirtschaft und Österreichische Postsparkasse Aktiengesellschaft,AT,2022-12-31,2023-03-21 10:34:08.245505,https://filings.xbrl.org/529900ICA8XQYGIKR372/2022-12-31/ESEF/AT/0/bawagpskbank-2022-12-31-de.json,https://filings.xbrl.org/529900ICA8XQYGIKR372/2022-12-31/ESEF/AT/0/bawagpskbank-2022-12-31-de.zip,0
529900IIODYNYAZ2ID26-2021-04-30-ESEF-AT-0,529900IIODYNYAZ2ID26,Zumtobel Group AG,AT,2021-04-30,2022-01-18 00:00:00,https://filings.xbrl.org/529900IIODYNYAZ2ID26/2021-04-30/ESEF/AT/0/zumtobel-2021-04-30.json,https://filings.xbrl.org/529900IIODYNYAZ2ID26/2021-04-30/ESEF/AT/0/zumtobel-2021-04-30.zip,2
529900IIODYNYAZ2ID26-2021-04-30-ESEF-AT-1,529900IIODYNYAZ2ID26,Zumtobel Group AG,AT,2021-04-30,2022-01-18 00:00:00,https://filings.xbrl.org/529900IIODYNYAZ2ID26/2021-04-30/ESEF/AT/1/zumtobel-2021-04-30.json,https://filings.xbrl.org/529900IIODYNYAZ2ID26/2021-04-30/ESEF/AT/1/zumtobel-2021-04-30.zip,0
529900IIODYNYAZ2ID26-2022-04-30-ESEF-AT-0,529900IIODYNYAZ2ID26,Zumtobel Group AG,AT,2022-04-30,2022-07-19 00:00:00,https://filings.xbrl.org/529900IIODYNYAZ2ID26/2022-04-30/ESEF/AT/0/zumtobel-2022-04-30-de.json,https://filings.xbrl.org/529900IIODYNYAZ2ID26/2022-04-30/ESEF/AT/0/zumtobel-2022-04-30-de.zip,0
529900JEHFM47DYY3S57-2021-12-31-ESEF-LU-0,529900JEHFM47DYY3S57,EUROFINS SCIENTIFIC SE,LU,2021-12-31,2022-03-29 00:00:00,https://filings.xbrl.org/529900JEHFM47DYY3S57/2021-12-31/ESEF/LU/0/529900JEHFM47DYY3S57-2021-12-31-en.json,https://filings.xbrl.org/529900JEHFM47DYY3S57/2021-12-31/ESEF/LU/0/529900JEHFM47DYY3S57-2021-12-31-en.zip,0
529900JEHFM47DYY3S57-2022-12-31-ESEF-LU-0,529900JEHFM47DYY3S57,EUROFINS SCIENTIFIC SE,LU,2022-12-31,2023-05-09 13:24:56.948496,https://filings.xbrl.org/529900JEHFM47DYY3S57/2022-12-31/ESEF/LU/0/529900JEHFM47DYY3S57-2022-12-31-en.json,https://filings.xbrl.org/529900JEHFM47DYY3S57/2022-12-31/ESEF/LU/0/529900JEHFM47DYY3S57-2022-12-31-en.zip,0
529900JI1GG6F7RKVI53-2021-12-31-ESEF-FR-0,529900JI1GG6F7RKVI53,L'OREAL,FR,2021-12-31,2022-03-23 00:00:00,https://filings.xbrl.org/529900JI1GG6F7RKVI53/2021-12-31/ESEF/FR/0/loreal-2021-12-31AR.json,https://filings.xbrl.org/529900JI1GG6F7RKVI53/2021-12-31/ESEF/FR/0/loreal-2021-12-31AR.zip,0
529900JI1GG6F7RKVI53-2022-12-31-ESEF-FR-0,529900JI1GG6F7RKVI53,L'OREAL,FR,2022-12-31,2023-03-21 10:33:02.922055,https://filings.xbrl.org/529900JI1GG6F7RKVI53/2022-12-31/ESEF/FR/0/loreal-2022-12-31-fr.json,https://filings.xbrl.org/529900JI1GG6F7RKVI53/2022-12-31/ESEF/FR/0/loreal-2022-12-31-fr.zip,0
529900JK6UXHY1YKZ082-2020-12-31-ESEF-NL-0,529900JK6UXHY1YKZ082,Redcare Pharmacy N.V.,NL,2020-12-31,2021-05-20 00:00:00,https://filings.xbrl.org/529900JK6UXHY1YKZ082/2020-12-31/ESEF/NL/0/shop-apotheke-europe.json,https://filings.xbrl.org/529900JK6UXHY1YKZ082/2020-12-31/ESEF/NL/0/shop-apotheke-europe.zip,0
529900JK6UXHY1YKZ082-2021-12-31-ESEF-NL-0,529900JK6UXHY1YKZ082,Redcare Pharmacy N.V.,NL,2021-12-31,2022-03-16 00:00:00,https://filings.xbrl.org/529900JK6UXHY1YKZ082/2021-12-31/ESEF/NL/0/529900JK6UXHY1YKZ082-2021-12-31-en.json,https://filings.xbrl.org/529900JK6UXHY1YKZ082/2021-12-31/ESEF/NL/0/shop-apotheke-europe.zip,0
529900JK6UXHY1YKZ082-2022-12-31-ESEF-NL-0,529900JK6UXHY1YKZ082,Redcare Pharmacy N.V.,NL,2022-12-31,2023-03-14 10:41:42.459297,https://filings.xbrl.org/529900JK6UXHY1YKZ082/2022-12-31/ESEF/NL/0/shopapothekeeuropenv-2022-12-31-en.json,https://filings.xbrl.org/529900JK6UXHY1YKZ082/2022-12-31/ESEF/NL/0/shopapothekeeuropenv-2022-12-31-en.zip,0
529900KCNFQU5OJH7L33-2020-12-31-ESEF-AT-0,529900KCNFQU5OJH7L33,Telekom Austria Aktiengesellschaft,AT,2020-12-31,2021-05-18 00:00:00,https://filings.xbrl.org/529900KCNFQU5OJH7L33/2020-12-31/ESEF/AT/0/TelekomAustriaAG.json,https://filings.xbrl.org/529900KCNFQU5OJH7L33/2020-12-31/ESEF/AT/0/TelekomAustriaAG.zip,0
529900KCNFQU5OJH7L33-2022-12-31-ESEF-AT-0,529900KCNFQU5OJH7L33,Telekom Austria Aktiengesellschaft,AT,2022-12-31,2023-04-04 21:48:27.031379,https://filings.xbrl.org/529900KCNFQU5OJH7L33/2022-12-31/ESEF/AT/0/TelekomAustriaAG-2022-12-31.json,https://filings.xbrl.org/529900KCNFQU5OJH7L33/2022-12-31/ESEF/AT/0/TelekomAustriaAG-2022-12-31.zip,0
529900MVUWACNUTK8467-2020-12-31-ESEF-AT-0,529900MVUWACNUTK8467,Österreichische Post Aktiengesellschaft,AT,2020-12-31,2021-05-18 00:00:00,https://filings.xbrl.org/529900MVUWACNUTK8467/2020-12-31/ESEF/AT/0/oesterreichischepost.json,https://filings.xbrl.org/529900MVUWACNUTK8467/2020-12-31/ESEF/AT/0/oesterreichischepost2020.zip,0
529900MVUWACNUTK8467-2021-12-31-ESEF-AT-0,529900MVUWACNUTK8467,Österreichische Post Aktiengesellschaft,AT,2021-12-31,2022-03-15 00:00:00,https://filings.xbrl.org/529900MVUWACNUTK8467/2021-12-31/ESEF/AT/0/529900MVUWACNUTK8467-2021-12-31-de.json,https://filings.xbrl.org/529900MVUWACNUTK8467/2021-12-31/ESEF/AT/0/post.zip,0
529900MVUWACNUTK8467-2022-12-31-ESEF-AT-0,529900MVUWACNUTK8467,Österreichische Post Aktiengesellschaft,AT,2022-12-31,2023-05-02 12:26:10.190361,https://filings.xbrl.org/529900MVUWACNUTK8467/2022-12-31/ESEF/AT/0/529900MVUWACNUTK8467-2022-12-31-de.json,https://filings.xbrl.org/529900MVUWACNUTK8467/2022-12-31/ESEF/AT/0/529900MVUWACNUTK8467-2022-12-31-de.zip,0
529900N7I4DSM16GF659-2020-12-31-ESEF-AT-0,529900N7I4DSM16GF659,FREQUENTIS AG,AT,2020-12-31,2021-05-18 00:00:00,https://filings.xbrl.org/529900N7I4DSM16GF659/2020-12-31/ESEF/AT/0/frequentis.json,https://filings.xbrl.org/529900N7I4DSM16GF659/2020-12-31/ESEF/AT/0/frequentis.zip,0
529900N7I4DSM16GF659-2021-12-31-ESEF-AT-0,529900N7I4DSM16GF659,FREQUENTIS AG,AT,2021-12-31,2022-04-05 00:00:00,https://filings.xbrl.org/529900N7I4DSM16GF659/2021-12-31/ESEF/AT/0/529900N7I4DSM16GF659-2021-12-31-de.json,https://filings.xbrl.org/529900N7I4DSM16GF659/2021-12-31/ESEF/AT/0/frequentis.zip,0
529900N7I4DSM16GF659-2022-12-31-ESEF-AT-0,529900N7I4DSM16GF659,FREQUENTIS AG,AT,2022-12-31,2023-04-18 11:46:27.504558,https://filings.xbrl.org/529900N7I4DSM16GF659/2022-12-31/ESEF/AT/0/529900N7I4DSM16GF659-2022-12-31-de.json,https://filings.xbrl.org/529900N7I4DSM16GF659/2022-12-31/ESEF/AT/0/frequentis.zip,0
529900NN7SOJ5QG82X67-2021-09-30-ESEF-DK-0,529900NN7SOJ5QG82X67,COLOPLAST A/S,DK,2021-09-30,2023-11-15 11:01:05.216328,https://filings.xbrl.org/529900NN7SOJ5QG82X67/2021-09-30/ESEF/DK/0/Coloplast-2021-09-30-da.json,https://filings.xbrl.org/529900NN7SOJ5QG82X67/2021-09-30/ESEF/DK/0/Coloplast-2021-09-30-da.zip,0
529900NN7SOJ5QG82X67-2021-12-31-ESEF-DK-0,529900NN7SOJ5QG82X67,COLOPLAST A/S,DK,2021-12-31,2022-01-25 00:00:00,https://filings.xbrl.org/529900NN7SOJ5QG82X67/2021-12-31/ESEF/DK/0/529900NN7SOJ5QG82X67-2021-12-31-da.json,https://filings.xbrl.org/529900NN7SOJ5QG82X67/2021-12-31/ESEF/DK/0/529900NN7SOJ5QG82X67-2021-12-31-da.zip,0
529900NN7SOJ5QG82X67-2022-03-31-ESEF-DK-0,529900NN7SOJ5QG82X67,COLOPLAST A/S,DK,2022-03-31,2022-05-11 00:00:00,https://filings.xbrl.org/529900NN7SOJ5QG82X67/2022-03-31/ESEF/DK/0/529900NN7SOJ5QG82X67-2022-03-31-da.json,https://filings.xbrl.org/529900NN7SOJ5QG82X67/2022-03-31/ESEF/DK/0/529900NN7SOJ5QG82X67-2022-03-31-da.zip,0
529900NN7SOJ5QG82X67-2022-06-30-ESEF-DK-0,529900NN7SOJ5QG82X67,COLOPLAST A/S,DK,2022-06-30,2022-08-30 00:00:00,https://filings.xbrl.org/529900NN7SOJ5QG82X67/2022-06-30/ESEF/DK/0/529900NN7SOJ5QG82X67-2022-06-30-da.json,https://filings.xbrl.org/529900NN7SOJ5QG82X67/2022-06-30/ESEF/DK/0/529900NN7SOJ5QG82X67-2022-06-30-da.zip,0
529900NN7SOJ5QG82X67-2022-09-30-ESEF-DK-0,529900NN7SOJ5QG82X67,COLOPLAST A/S,DK,2022-09-30,2022-12-08 00:00:00,https://filings.xbrl.org/529900NN7SOJ5QG82X67/2022-09-30/ESEF/DK/0/Coloplast-2022-09-30-en.json,https://filings.xbrl.org/529900NN7SOJ5QG82X67/2022-09-30/ESEF/DK/0/Coloplast-2022-09-30-en.zip,0
529900NN7SOJ5QG82X67-2022-12-31-ESEF-DK-0,529900NN7SOJ5QG82X67,COLOPLAST A/S,DK,2022-12-31,2023-02-09 18:56:18.194515,https://filings.xbrl.org/529900NN7SOJ5QG82X67/2022-12-31/ESEF/DK/0/Coloplast-2022-12-31-en.json,https://filings.xbrl.org/529900NN7SOJ5QG82X67/2022-12-31/ESEF/DK/0/Coloplast-2022-12-31-en.zip,0
529900O5RR7R39FRDM42-2022-11-30-ESEF-SE-0,529900O5RR7R39FRDM42,H & M Hennes & Mauritz AB,SE,2022-11-30,2023-05-09 13:15:33.304560,https://filings.xbrl.org/529900O5RR7R39FRDM42/2022-11-30/ESEF/SE/0/hamp-2022-11-30-sv.json,https://filings.xbrl.org/529900O5RR7R39FRDM42/2022-11-30/ESEF/SE/0/hamp-2022-11-30-sv.zip,0
529900OOW8ELHOXWZP82-2020-12-31-ESEF-AT-0,529900OOW8ELHOXWZP82,UNIQA Insurance Group AG,AT,2020-12-31,2021-05-18 00:00:00,https://filings.xbrl.org/529900OOW8ELHOXWZP82/2020-12-31/ESEF/AT/0/Uniqainsgroupag-2020-12-31.json,https://filings.xbrl.org/529900OOW8ELHOXWZP82/2020-12-31/ESEF/AT/0/Uniqainsgroupag-2020-12-31.zip,0
529900OOW8ELHOXWZP82-2020-12-31-ESEF-AT-1,529900OOW8ELHOXWZP82,UNIQA Insurance Group AG,AT,2020-12-31,2021-05-19 00:00:00,https://filings.xbrl.org/529900OOW8ELHOXWZP82/2020-12-31/ESEF/AT/1/Uniqainsgroupag-2020-12-31.json,https://filings.xbrl.org/529900OOW8ELHOXWZP82/2020-12-31/ESEF/AT/1/Uniqainsgroupag-2020-12-31.zip,0
529900OOW8ELHOXWZP82-2021-12-31-ESEF-AT-0,529900OOW8ELHOXWZP82,UNIQA Insurance Group AG,AT,2021-12-31,2022-04-13 00:00:00,https://filings.xbrl.org/529900OOW8ELHOXWZP82/2021-12-31/ESEF/AT/0/uniqainsgroupag-2021-12-31-en.json,https://filings.xbrl.org/529900OOW8ELHOXWZP82/2021-12-31/ESEF/AT/0/uniqainsgroupag-2021-12-31-en.zip,0
529900OOW8ELHOXWZP82-2021-12-31-ESEF-AT-1,529900OOW8ELHOXWZP82,UNIQA Insurance Group AG,AT,2021-12-31,2022-04-13 00:00:00,https://filings.xbrl.org/529900OOW8ELHOXWZP82/2021-12-31/ESEF/AT/1/uniqainsgroupag-2021-12-31-de.json,https://filings.xbrl.org/529900OOW8ELHOXWZP82/2021-12-31/ESEF/AT/1/uniqainsgroupag-2021-12-31-de.zip,0
529900OOW8ELHOXWZP82-2022-12-31-ESEF-AT-0,529900OOW8ELHOXWZP82,UNIQA Insurance Group AG,AT,2022-12-31,2023-04-18 11:46:26.138487,https://filings.xbrl.org/529900OOW8ELHOXWZP82/2022-12-31/ESEF/AT/0/uniqainsgroupag-2022-12-31-de.json,https://filings.xbrl.org/529900OOW8ELHOXWZP82/2022-12-31/ESEF/AT/0/uniqainsgroupag-2022-12-31-de.zip,0
529900P4JZBFEVNEAE60-2021-09-30-ESEF-AT-0,529900P4JZBFEVNEAE60,EVN AG,AT,2021-09-30,2022-01-18 00:00:00,https://filings.xbrl.org/529900P4JZBFEVNEAE60/2021-09-30/ESEF/AT/0/evnag-2021-09-30-de.json,https://filings.xbrl.org/529900P4JZBFEVNEAE60/2021-09-30/ESEF/AT/0/evnag-2021-09-30-de.zip,0
529900P4JZBFEVNEAE60-2021-09-30-ESEF-AT-1,529900P4JZBFEVNEAE60,EVN AG,AT,2021-09-30,2022-01-18 00:00:00,https://filings.xbrl.org/529900P4JZBFEVNEAE60/2021-09-30/ESEF/AT/1/evnag-2021-09-30-en.json,https://filings.xbrl.org/529900P4JZBFEVNEAE60/2021-09-30/ESEF/AT/1/529900P4JZBFEVNEAE60-2021-09-30.zip,1
529900P4JZBFEVNEAE60-2022-09-30-ESEF-AT-0,529900P4JZBFEVNEAE60,EVN AG,AT,2022-09-30,2023-01-05 00:00:00,https://filings.xbrl.org/529900P4JZBFEVNEAE60/2022-09-30/ESEF/AT/0/evnag-2022-09-30-en.json,https://filings.xbrl.org/529900P4JZBFEVNEAE60/2022-09-30/ESEF/AT/0/evnag-2022-09-30-en.zip,0
529900P4JZBFEVNEAE60-2022-09-30-ESEF-AT-1,529900P4JZBFEVNEAE60,EVN AG,AT,2022-09-30,2023-01-05 00:00:00,https://filings.xbrl.org/529900P4JZBFEVNEAE60/2022-09-30/ESEF/AT/1/evnag-2022-09-30-de.json,https://filings.xbrl.org/529900P4JZBFEVNEAE60/2022-09-30/ESEF/AT/1/evnag-2022-09-30-de.zip,0
529900S21EQ1BO4ESM68-2022-12-31-ESEF-FR-0,529900S21EQ1BO4ESM68,TotalEnergies SE,FR,2022-12-31,2023-03-28 11:26:17.963670,https://filings.xbrl.org/529900S21EQ1BO4ESM68/2022-12-31/ESEF/FR/0/tot-2022-12-31AR.json,https://filings.xbrl.org/529900S21EQ1BO4ESM68/2022-12-31/ESEF/FR/0/tot-2022-12-31AR.zip,0
529900S21EQ1BO4ESM68-2022-12-31-ESEF-GB-0,529900S21EQ1BO4ESM68,TotalEnergies SE,GB,2022-12-31,2023-03-28 11:22:30.807282,https://filings.xbrl.org/529900S21EQ1BO4ESM68/2022-12-31/ESEF/GB/0/529900S21EQ1BO4ESM68-2022-12-31.json,https://filings.xbrl.org/529900S21EQ1BO4ESM68/2022-12-31/ESEF/GB/0/529900S21EQ1BO4ESM68-2022-12-31.zip,0
529900VXIFBHO0SW2I31-2020-12-31-ESEF-AT-0,529900VXIFBHO0SW2I31,Wienerberger AG,AT,2020-12-31,2021-05-18 00:00:00,https://filings.xbrl.org/529900VXIFBHO0SW2I31/2020-12-31/ESEF/AT/0/WienerbergerAG-2020-12-31.json,https://filings.xbrl.org/529900VXIFBHO0SW2I31/2020-12-31/ESEF/AT/0/WienerbergerAG-2020-12-31.zip,0
529900VXIFBHO0SW2I31-2021-12-31-ESEF-AT-0,529900VXIFBHO0SW2I31,Wienerberger AG,AT,2021-12-31,2022-03-29 00:00:00,https://filings.xbrl.org/529900VXIFBHO0SW2I31/2021-12-31/ESEF/AT/0/Wienerberger-2021-12-31-de.json,https://filings.xbrl.org/529900VXIFBHO0SW2I31/2021-12-31/ESEF/AT/0/Wienerberger-2021-12-31-de.zip,0
529900VXIFBHO0SW2I31-2022-12-31-ESEF-AT-0,529900VXIFBHO0SW2I31,Wienerberger AG,AT,2022-12-31,2023-03-28 11:28:36.483477,https://filings.xbrl.org/529900VXIFBHO0SW2I31/2022-12-31/ESEF/AT/0/529900VXIFBHO0SW2I31-2022-12-31-de.json,https://filings.xbrl.org/529900VXIFBHO0SW2I31/2022-12-31/ESEF/AT/0/529900VXIFBHO0SW2I31-2022-12-31-de.zip,0
529900ZAXBMQDIWPNB72-2021-03-31-ESEF-AT-0,529900ZAXBMQDIWPNB72,voestalpine AG,AT,2021-03-31,2022-01-18 00:00:00,https://filings.xbrl.org/529900ZAXBMQDIWPNB72/2021-03-31/ESEF/AT/0/voestalpineag-2021-03-31.json,https://filings.xbrl.org/529900ZAXBMQDIWPNB72/2021-03-31/ESEF/AT/0/voestalpineag-2021-03-31.zip,0
529900ZAXBMQDIWPNB72-2022-03-31-ESEF-AT-0,529900ZAXBMQDIWPNB72,voestalpine AG,AT,2022-03-31,2022-06-14 00:00:00,https://filings.xbrl.org/529900ZAXBMQDIWPNB72/2022-03-31/ESEF/AT/0/voestalpineag-2022-03-31-de.json,https://filings.xbrl.org/529900ZAXBMQDIWPNB72/2022-03-31/ESEF/AT/0/voestalpineag-2022-03-31-de.zip,0
549300072P3J1X8NZO35-2020-12-31-ESEF-NL-0,549300072P3J1X8NZO35,SIGNIFY N.V.,NL,2020-12-31,2021-05-20 00:00:00,https://filings.xbrl.org/549300072P3J1X8NZO35/2020-12-31/ESEF/NL/0/sig-2020-12-31.json,https://filings.xbrl.org/549300072P3J1X8NZO35/2020-12-31/ESEF/NL/0/sig-2020-12-31.zip,0
549300072P3J1X8NZO35-2021-12-31-ESEF-NL-0,549300072P3J1X8NZO35,SIGNIFY N.V.,NL,2021-12-31,2022-03-16 00:00:00,https://filings.xbrl.org/549300072P3J1X8NZO35/2021-12-31/ESEF/NL/0/sig-2021-12-31-en.json,https://filings.xbrl.org/549300072P3J1X8NZO35/2021-12-31/ESEF/NL/0/sig-2021-12-31-en.zip,0
549300072P3J1X8NZO35-2022-12-31-ESEF-NL-0,549300072P3J1X8NZO35,SIGNIFY N.V.,NL,2022-12-31,2023-03-02 10:03:38.114143,https://filings.xbrl.org/549300072P3J1X8NZO35/2022-12-31/ESEF/NL/0/sig-2022-12-31-en.json,https://filings.xbrl.org/549300072P3J1X8NZO35/2022-12-31/ESEF/NL/0/sig-2022-12-31-en.zip,0
5493000O3IE3DNOY3R07-2021-12-31-ESEF-NL-0,5493000O3IE3DNOY3R07,HAL Trust,NL,2021-12-31,2022-04-07 00:00:00,https://filings.xbrl.org/5493000O3IE3DNOY3R07/2021-12-31/ESEF/NL/0/HAL-2021-12-31.json,https://filings.xbrl.org/5493000O3IE3DNOY3R07/2021-12-31/ESEF/NL/0/HAL-2021-12-31-en.zip,0
5493000O3IE3DNOY3R07-2022-12-31-ESEF-NL-0,5493000O3IE3DNOY3R07,HAL Trust,NL,2022-12-31,2023-04-04 21:50:33.762121,https://filings.xbrl.org/5493000O3IE3DNOY3R07/2022-12-31/ESEF/NL/0/HAL-2022-12-31.json,https://filings.xbrl.org/5493000O3IE3DNOY3R07/2022-12-31/ESEF/NL/0/HAL-2022-12-31.zip,0
5493000O3IE3DNOY3R07-2022-12-31-ESEF-NL-1,5493000O3IE3DNOY3R07,HAL Trust,NL,2022-12-31,2023-06-20 10:40:22.209914,https://filings.xbrl.org/5493000O3IE3DNOY3R07/2022-12-31/ESEF/NL/1/HAL-2022-12-31.json,https://filings.xbrl.org/5493000O3IE3DNOY3R07/2022-12-31/ESEF/NL/1/HAL-2022-12-31.zip,0
5493001EZOOA66PTBR68-2021-12-31-ESEF-FR-0,5493001EZOOA66PTBR68,ATOS SE,FR,2021-12-31,2022-04-07 00:00:00,https://filings.xbrl.org/5493001EZOOA66PTBR68/2021-12-31/ESEF/FR/0/atos-2021-12-31-fr.json,https://filings.xbrl.org/5493001EZOOA66PTBR68/2021-12-31/ESEF/FR/0/atos-2021-12-31-fr.zip,0
5493001EZOOA66PTBR68-2022-12-31-ESEF-FR-0,5493001EZOOA66PTBR68,ATOS SE,FR,2022-12-31,2023-04-25 09:55:33.759818,https://filings.xbrl.org/5493001EZOOA66PTBR68/2022-12-31/ESEF/FR/0/atos-2022-12-31-fr.json,https://filings.xbrl.org/5493001EZOOA66PTBR68/2022-12-31/ESEF/FR/0/atos-2022-12-31-fr.zip,2
5493001W31MVFKKLV295-2020-12-31-ESEF-AT-0,5493001W31MVFKKLV295,Warimpex Finanz- und Beteiligungs Aktiengesellschaft,AT,2020-12-31,2021-05-18 00:00:00,https://filings.xbrl.org/5493001W31MVFKKLV295/2020-12-31/ESEF/AT/0/5493001W31MVFKKLV295-2020-12-31.json,https://filings.xbrl.org/5493001W31MVFKKLV295/2020-12-31/ESEF/AT/0/5493001W31MVFKKLV295-2020-12-31.zip,1
5493001W31MVFKKLV295-2020-12-31-ESEF-AT-1,5493001W31MVFKKLV295,Warimpex Finanz- und Beteiligungs Aktiengesellschaft,AT,2020-12-31,2022-01-18 00:00:00,https://filings.xbrl.org/5493001W31MVFKKLV295/2020-12-31/ESEF/AT/1/5493001W31MVFKKLV295-2020-12-31.json,https://filings.xbrl.org/5493001W31MVFKKLV295/2020-12-31/ESEF/AT/1/5493001W31MVFKKLV295-2020-12-31.zip,0
5493001W31MVFKKLV295-2021-12-31-ESEF-AT-0,5493001W31MVFKKLV295,Warimpex Finanz- und Beteiligungs Aktiengesellschaft,AT,2021-12-31,2022-04-28 00:00:00,https://filings.xbrl.org/5493001W31MVFKKLV295/2021-12-31/ESEF/AT/0/wxf-2021-12-31-de.json,https://filings.xbrl.org/5493001W31MVFKKLV295/2021-12-31/ESEF/AT/0/wxf-2021-12-31-de.zip,0
5493001W31MVFKKLV295-2022-12-31-ESEF-AT-0,5493001W31MVFKKLV295,Warimpex Finanz- und Beteiligungs Aktiengesellschaft,AT,2022-12-31,2023-05-02 12:26:12.680792,https://filings.xbrl.org/5493001W31MVFKKLV295/2022-12-31/ESEF/AT/0/wxf-2022-12-31-de.json,https://filings.xbrl.org/5493001W31MVFKKLV295/2022-12-31/ESEF/AT/0/wxf-2022-12-31-de.zip,0
5493001Z3ZE83NGK8Y12-2021-12-31-ESEF-GB-0,5493001Z3ZE83NGK8Y12,Prudential Public Limited Company,GB,2021-12-31,2022-04-14 00:00:00,https://filings.xbrl.org/5493001Z3ZE83NGK8Y12/2021-12-31/ESEF/GB/0/5493001Z3ZE83NGK8Y12-2021-12-31-T01.json,https://filings.xbrl.org/5493001Z3ZE83NGK8Y12/2021-12-31/ESEF/GB/0/5493001Z3ZE83NGK8Y12-2021-12-31.zip,0
5493001Z3ZE83NGK8Y12-2022-12-31-ESEF-GB-0,5493001Z3ZE83NGK8Y12,Prudential Public Limited Company,GB,2022-12-31,2023-03-28 11:23:08.694400,https://filings.xbrl.org/5493001Z3ZE83NGK8Y12/2022-12-31/ESEF/GB/0/5493001Z3ZE83NGK8Y12-2022-12-31-T01.json,https://filings.xbrl.org/5493001Z3ZE83NGK8Y12/2022-12-31/ESEF/GB/0/5493001Z3ZE83NGK8Y12-2022-12-31.zip,0
5493003UDPENPUQBJH65-2021-12-31-ESEF-BE-0,5493003UDPENPUQBJH65,X-Fab Silicon Foundries,BE,2021-12-31,2022-03-31 00:00:00,https://filings.xbrl.org/5493003UDPENPUQBJH65/2021-12-31/ESEF/BE/0/xfab-2021-12-31-nl.json,https://filings.xbrl.org/5493003UDPENPUQBJH65/2021-12-31/ESEF/BE/0/xfab-2021-12-31-nl.zip,0
5493003UDPENPUQBJH65-2021-12-31-ESEF-BE-1,5493003UDPENPUQBJH65,X-Fab Silicon Foundries,BE,2021-12-31,2022-03-31 00:00:00,https://filings.xbrl.org/5493003UDPENPUQBJH65/2021-12-31/ESEF/BE/1/xfab-2021-12-31-en.json,https://filings.xbrl.org/5493003UDPENPUQBJH65/2021-12-31/ESEF/BE/1/xfab-2021-12-31-en.zip,0
5493003UDPENPUQBJH65-2022-12-31-ESEF-BE-0,5493003UDPENPUQBJH65,X-Fab Silicon Foundries,BE,2022-12-31,2023-03-30 16:37:31.449828,https://filings.xbrl.org/5493003UDPENPUQBJH65/2022-12-31/ESEF/BE/0/xfab-2022-12-31-nl.json,https://filings.xbrl.org/5493003UDPENPUQBJH65/2022-12-31/ESEF/BE/0/xfab-2022-12-31-nl.zip,0
5493003UDPENPUQBJH65-2022-12-31-ESEF-BE-1,5493003UDPENPUQBJH65,X-Fab Silicon Foundries,BE,2022-12-31,2023-03-30 16:37:34.110683,https://filings.xbrl.org/5493003UDPENPUQBJH65/2022-12-31/ESEF/BE/1/xfab-2022-12-31-en.json,https://filings.xbrl.org/5493003UDPENPUQBJH65/2022-12-31/ESEF/BE/1/xfab-2022-12-31-en.zip,0
5493004V6A3Z027YT216-2021-12-31-ESEF-FR-0,5493004V6A3Z027YT216,REMY COINTREAU,FR,2021-12-31,2022-03-23 00:00:00,https://filings.xbrl.org/5493004V6A3Z027YT216/2021-12-31/ESEF/FR/0/remycointreau-2021-03-31AR.json,https://filings.xbrl.org/5493004V6A3Z027YT216/2021-12-31/ESEF/FR/0/remycointreau-2021-03-31AR.zip,0
5493004V6A3Z027YT216-2022-03-31-ESEF-FR-0,5493004V6A3Z027YT216,REMY COINTREAU,FR,2022-03-31,2022-07-19 00:00:00,https://filings.xbrl.org/5493004V6A3Z027YT216/2022-03-31/ESEF/FR/0/remycointreau-2022-03-31-fr.json,https://filings.xbrl.org/5493004V6A3Z027YT216/2022-03-31/ESEF/FR/0/remycointreau-2022-03-31-fr.zip,0
5493006IH2N2WMIBB742-2021-12-31-ESEF-FR-1,5493006IH2N2WMIBB742,VALEO,FR,2021-12-31,2022-04-21 00:00:00,https://filings.xbrl.org/5493006IH2N2WMIBB742/2021-12-31/ESEF/FR/1/valeo-2021-12-31-fr.json,https://filings.xbrl.org/5493006IH2N2WMIBB742/2021-12-31/ESEF/FR/1/valeo-2021-12-31-fr.zip,0
5493006IH2N2WMIBB742-2022-12-31-ESEF-FR-0,5493006IH2N2WMIBB742,VALEO,FR,2022-12-31,2023-04-04 21:52:05.967296,https://filings.xbrl.org/5493006IH2N2WMIBB742/2022-12-31/ESEF/FR/0/valeo-2022-12-31-fr.json,https://filings.xbrl.org/5493006IH2N2WMIBB742/2022-12-31/ESEF/FR/0/valeo-2022-12-31-fr.zip,0
5493006MN6OH67U2YI74-2021-12-31-ESEF-NL-0,5493006MN6OH67U2YI74,AMG Critical Materials N.V.,NL,2021-12-31,2022-03-16 00:00:00,https://filings.xbrl.org/5493006MN6OH67U2YI74/2021-12-31/ESEF/NL/0/amg-2021-12-31-en.json,https://filings.xbrl.org/5493006MN6OH67U2YI74/2021-12-31/ESEF/NL/0/amg-2021-12-31-en.zip,0
5493006MN6OH67U2YI74-2022-12-31-ESEF-NL-0,5493006MN6OH67U2YI74,AMG Critical Materials N.V.,NL,2022-12-31,2023-03-21 10:31:33.837365,https://filings.xbrl.org/5493006MN6OH67U2YI74/2022-12-31/ESEF/NL/0/amg-2022-12-31-en.json,https://filings.xbrl.org/5493006MN6OH67U2YI74/2022-12-31/ESEF/NL/0/amg-2022-12-31-en.zip,0
5493006QMFDDMYWIAM13-2021-12-31-ESEF-ES-0,5493006QMFDDMYWIAM13,BANCO SANTANDER S.A.,ES,2021-12-31,2022-03-18 00:00:00,https://filings.xbrl.org/5493006QMFDDMYWIAM13/2021-12-31/ESEF/ES/0/5493006QMFDDMYWIAM13-20211231-en.json,https://filings.xbrl.org/5493006QMFDDMYWIAM13/2021-12-31/ESEF/ES/0/5493006QMFDDMYWIAM13-20211231-en.zip,0
5493006QMFDDMYWIAM13-2021-12-31-ESEF-GB-0,5493006QMFDDMYWIAM13,BANCO SANTANDER S.A.,GB,2021-12-31,2022-04-05 00:00:00,https://filings.xbrl.org/5493006QMFDDMYWIAM13/2021-12-31/ESEF/GB/0/5493006QMFDDMYWIAM13-2021-12-31-T01.json,https://filings.xbrl.org/5493006QMFDDMYWIAM13/2021-12-31/ESEF/GB/0/5493006QMFDDMYWIAM13-2021-12-31.zip,0
5493006QMFDDMYWIAM13-2022-12-31-ESEF-ES-0,5493006QMFDDMYWIAM13,BANCO SANTANDER S.A.,ES,2022-12-31,2023-05-30 11:13:04.535062,https://filings.xbrl.org/5493006QMFDDMYWIAM13/2022-12-31/ESEF/ES/0/5493006QMFDDMYWIAM13-20221231-en.json,https://filings.xbrl.org/5493006QMFDDMYWIAM13/2022-12-31/ESEF/ES/0/5493006QMFDDMYWIAM13-20221231-en.zip,0
5493006QMFDDMYWIAM13-2022-12-31-ESEF-GB-0,5493006QMFDDMYWIAM13,BANCO SANTANDER S.A.,GB,2022-12-31,2023-03-14 10:38:14.787167,https://filings.xbrl.org/5493006QMFDDMYWIAM13/2022-12-31/ESEF/GB/0/5493006QMFDDMYWIAM13-2022-12-31-T01.json,https://filings.xbrl.org/5493006QMFDDMYWIAM13/2022-12-31/ESEF/GB/0/5493006QMFDDMYWIAM13-2022-12-31.zip,0
54930075MZSSIB2TGC64-2021-12-31-ESEF-FR-0,54930075MZSSIB2TGC64,IMERYS,FR,2021-12-31,2022-03-23 00:00:00,https://filings.xbrl.org/54930075MZSSIB2TGC64/2021-12-31/ESEF/FR/0/54930075MZSSIB2TGC64-2021-12-31-fr.json,https://filings.xbrl.org/54930075MZSSIB2TGC64/2021-12-31/ESEF/FR/0/54930075MZSSIB2TGC64-2021-12-31-fr.zip,0
54930075MZSSIB2TGC64-2022-12-31-ESEF-FR-0,54930075MZSSIB2TGC64,IMERYS,FR,2022-12-31,2023-03-28 11:27:23.920323,https://filings.xbrl.org/54930075MZSSIB2TGC64/2022-12-31/ESEF/FR/0/54930075MZSSIB2TGC64-2022-12-31-fr.json,https://filings.xbrl.org/54930075MZSSIB2TGC64/2022-12-31/ESEF/FR/0/54930075MZSSIB2TGC64-2022-12-31-fr.zip,0
5493007KMDG4MFIGJJ63-2020-12-31-ESEF-FR-0,5493007KMDG4MFIGJJ63,MAUNA KEA TECHNOLOGIES,FR,2020-12-31,2021-05-18 00:00:00,https://filings.xbrl.org/5493007KMDG4MFIGJJ63/2020-12-31/ESEF/FR/0/maunakeatech-2020-12-31AR.json,https://filings.xbrl.org/5493007KMDG4MFIGJJ63/2020-12-31/ESEF/FR/0/maunakeatech-2020-12-31AR.zip,0
5493008H3828EMEXB082-2021-12-31-ESEF-BE-0,5493008H3828EMEXB082,ANHEUSER-BUSCH INBEV,BE,2021-12-31,2022-03-31 00:00:00,https://filings.xbrl.org/5493008H3828EMEXB082/2021-12-31/ESEF/BE/0/5493008H3828EMEXB082-2021-12-31-nl.json,https://filings.xbrl.org/5493008H3828EMEXB082/2021-12-31/ESEF/BE/0/5493008H3828EMEXB082-2021-12-31-nl.zip,0
5493008H3828EMEXB082-2021-12-31-ESEF-BE-1,5493008H3828EMEXB082,ANHEUSER-BUSCH INBEV,BE,2021-12-31,2022-03-31 00:00:00,https://filings.xbrl.org/5493008H3828EMEXB082/2021-12-31/ESEF/BE/1/5493008H3828EMEXB082-2021-12-31-fr.json,https://filings.xbrl.org/5493008H3828EMEXB082/2021-12-31/ESEF/BE/1/5493008H3828EMEXB082-2021-12-31-fr.zip,0
5493008H3828EMEXB082-2021-12-31-ESEF-BE-2,5493008H3828EMEXB082,ANHEUSER-BUSCH INBEV,BE,2021-12-31,2022-03-31 00:00:00,https://filings.xbrl.org/5493008H3828EMEXB082/2021-12-31/ESEF/BE/2/5493008H3828EMEXB082-2021-12-31-en.json,https://filings.xbrl.org/5493008H3828EMEXB082/2021-12-31/ESEF/BE/2/5493008H3828EMEXB082-2021-12-31-en.zip,0
5493008H3828EMEXB082-2022-12-31-ESEF-BE-0,5493008H3828EMEXB082,ANHEUSER-BUSCH INBEV,BE,2022-12-31,2023-03-07 14:40:16.412590,https://filings.xbrl.org/5493008H3828EMEXB082/2022-12-31/ESEF/BE/0/5493008H3828EMEXB082-2022-12-31-en.json,https://filings.xbrl.org/5493008H3828EMEXB082/2022-12-31/ESEF/BE/0/5493008H3828EMEXB082-2022-12-31-en.zip,0
549300AK8Y0LBIQ4T071-2020-12-31-ESEF-FR-0,549300AK8Y0LBIQ4T071,BIOMERIEUX SA,FR,2020-12-31,2021-05-18 00:00:00,https://filings.xbrl.org/549300AK8Y0LBIQ4T071/2020-12-31/ESEF/FR/0/549300AK8Y0LBIQ4T071-2020-12-31AR.json,https://filings.xbrl.org/549300AK8Y0LBIQ4T071/2020-12-31/ESEF/FR/0/549300AK8Y0LBIQ4T071-2020-12-31AR.zip,0
549300AK8Y0LBIQ4T071-2021-12-31-ESEF-FR-0,549300AK8Y0LBIQ4T071,BIOMERIEUX SA,FR,2021-12-31,2022-03-23 00:00:00,https://filings.xbrl.org/549300AK8Y0LBIQ4T071/2021-12-31/ESEF/FR/0/549300AK8Y0LBIQ4T071-2021-12-31-fr.json,https://filings.xbrl.org/549300AK8Y0LBIQ4T071/2021-12-31/ESEF/FR/0/549300AK8Y0LBIQ4T071-2021-12-31-fr.zip,0
549300AK8Y0LBIQ4T071-2022-12-31-ESEF-FR-0,549300AK8Y0LBIQ4T071,BIOMERIEUX SA,FR,2022-12-31,2023-03-28 11:27:29.613070,https://filings.xbrl.org/549300AK8Y0LBIQ4T071/2022-12-31/ESEF/FR/0/549300AK8Y0LBIQ4T071-2022-12-31-fr.json,https://filings.xbrl.org/549300AK8Y0LBIQ4T071/2022-12-31/ESEF/FR/0/549300AK8Y0LBIQ4T071-2022-12-31-fr.zip,0
549300B8P6MUJ1YWTS08-2021-12-31-ESEF-FR-0,549300B8P6MUJ1YWTS08,CARREFOUR,FR,2021-12-31,2022-04-28 00:00:00,https://filings.xbrl.org/549300B8P6MUJ1YWTS08/2021-12-31/ESEF/FR/0/carrefour-2021-12-31-fr.json,https://filings.xbrl.org/549300B8P6MUJ1YWTS08/2021-12-31/ESEF/FR/0/carrefour-2021-12-31-fr.zip,0
549300B8P6MUJ1YWTS08-2022-12-31-ESEF-FR-0,549300B8P6MUJ1YWTS08,CARREFOUR,FR,2022-12-31,2023-04-18 11:40:43.393379,https://filings.xbrl.org/549300B8P6MUJ1YWTS08/2022-12-31/ESEF/FR/0/549300b8p6muj1ywts08-2022-12-31-fr.json,https://filings.xbrl.org/549300B8P6MUJ1YWTS08/2022-12-31/ESEF/FR/0/549300B8P6MUJ1YWTS08-2022-12-31.zip,16
549300CJMQNCA0U4TS33-2021-12-31-ESEF-FR-0,549300CJMQNCA0U4TS33,WORLDLINE,FR,2021-12-31,2022-04-26 00:00:00,https://filings.xbrl.org/549300CJMQNCA0U4TS33/2021-12-31/ESEF/FR/0/WORDLINE-2021-12-31-fr.json,https://filings.xbrl.org/549300CJMQNCA0U4TS33/2021-12-31/ESEF/FR/0/WORDLINE-2021-12-31-fr.zip,0
549300CJMQNCA0U4TS33-2022-12-31-ESEF-FR-0,549300CJMQNCA0U4TS33,WORLDLINE,FR,2022-12-31,2023-05-02 12:23:00.431193,https://filings.xbrl.org/549300CJMQNCA0U4TS33/2022-12-31/ESEF/FR/0/worldline-2022-12-31-fr.json,https://filings.xbrl.org/549300CJMQNCA0U4TS33/2022-12-31/ESEF/FR/0/worldline-2022-12-31-fr.zip,0
549300DYMC8BGZZC8844-2020-12-31-ESEF-DK-0,549300DYMC8BGZZC8844,VESTAS WIND SYSTEMS A/S,DK,2020-12-31,2023-11-15 11:09:53.037824,https://filings.xbrl.org/549300DYMC8BGZZC8844/2020-12-31/ESEF/DK/0/VWS-2020-12-31.json,https://filings.xbrl.org/549300DYMC8BGZZC8844/2020-12-31/ESEF/DK/0/VWS-2020-12-31.zip,0
549300DYMC8BGZZC8844-2021-03-31-ESEF-DK-0,549300DYMC8BGZZC8844,VESTAS WIND SYSTEMS A/S,DK,2021-03-31,2021-10-07 00:00:00,https://filings.xbrl.org/549300DYMC8BGZZC8844/2021-03-31/ESEF/DK/0/549300DYMC8BGZZC8844-2021-03-31_en.json,https://filings.xbrl.org/549300DYMC8BGZZC8844/2021-03-31/ESEF/DK/0/549300DYMC8BGZZC8844-2021-03-31_en.zip,0
549300DYMC8BGZZC8844-2021-06-30-ESEF-DK-0,549300DYMC8BGZZC8844,VESTAS WIND SYSTEMS A/S,DK,2021-06-30,2021-10-07 00:00:00,https://filings.xbrl.org/549300DYMC8BGZZC8844/2021-06-30/ESEF/DK/0/549300DYMC8BGZZC8844-2021-06-30-en.json,https://filings.xbrl.org/549300DYMC8BGZZC8844/2021-06-30/ESEF/DK/0/549300DYMC8BGZZC8844-2021-06-30-en.zip,0
549300DYMC8BGZZC8844-2021-09-30-ESEF-DK-0,549300DYMC8BGZZC8844,VESTAS WIND SYSTEMS A/S,DK,2021-09-30,2023-11-15 11:10:18.086035,https://filings.xbrl.org/549300DYMC8BGZZC8844/2021-09-30/ESEF/DK/0/549300DYMC8BGZZC8844-2021-09-30-en.json,https://filings.xbrl.org/549300DYMC8BGZZC8844/2021-09-30/ESEF/DK/0/549300DYMC8BGZZC8844-2021-09-30-en.zip,0
549300DYMC8BGZZC8844-2021-12-31-ESEF-DK-0,549300DYMC8BGZZC8844,VESTAS WIND SYSTEMS A/S,DK,2021-12-31,2022-04-21 00:00:00,https://filings.xbrl.org/549300DYMC8BGZZC8844/2021-12-31/ESEF/DK/0/VWS-2021-12-31.json,https://filings.xbrl.org/549300DYMC8BGZZC8844/2021-12-31/ESEF/DK/0/VWS-2021-12-31.zip,0
549300DYMC8BGZZC8844-2022-03-31-ESEF-DK-0,549300DYMC8BGZZC8844,VESTAS WIND SYSTEMS A/S,DK,2022-03-31,2022-05-31 00:00:00,https://filings.xbrl.org/549300DYMC8BGZZC8844/2022-03-31/ESEF/DK/0/549300DYMC8BGZZC8844-2022-03-31-en.json,https://filings.xbrl.org/549300DYMC8BGZZC8844/2022-03-31/ESEF/DK/0/549300DYMC8BGZZC8844-2022-03-31-en.zip,0
549300DYMC8BGZZC8844-2022-06-30-ESEF-DK-0,549300DYMC8BGZZC8844,VESTAS WIND SYSTEMS A/S,DK,2022-06-30,2022-08-30 00:00:00,https://filings.xbrl.org/549300DYMC8BGZZC8844/2022-06-30/ESEF/DK/0/549300DYMC8BGZZC8844-2022-06-30-en.json,https://filings.xbrl.org/549300DYMC8BGZZC8844/2022-06-30/ESEF/DK/0/549300DYMC8BGZZC8844-2022-06-30-en.zip,0
549300DYMC8BGZZC8844-2022-09-30-ESEF-DK-0,549300DYMC8BGZZC8844,VESTAS WIND SYSTEMS A/S,DK,2022-09-30,2023-01-05 00:00:00,https://filings.xbrl.org/549300DYMC8BGZZC8844/2022-09-30/ESEF/DK/0/549300DYMC8BGZZC8844-2022-09-30-en.json,https://filings.xbrl.org/549300DYMC8BGZZC8844/2022-09-30/ESEF/DK/0/549300DYMC8BGZZC8844-2022-09-30-en.zip,0
549300DYMC8BGZZC8844-2022-12-31-ESEF-DK-0,549300DYMC8BGZZC8844,VESTAS WIND SYSTEMS A/S,DK,2022-12-31,2023-04-20 11:08:41.942676,https://filings.xbrl.org/549300DYMC8BGZZC8844/2022-12-31/ESEF/DK/0/VWS-2022-12-31-en.json,https://filings.xbrl.org/549300DYMC8BGZZC8844/2022-12-31/ESEF/DK/0/VWS-2022-12-31-en.zip,0
549300E9PC51EN656011-2020-12-31-ESEF-FR-0,549300E9PC51EN656011,SANOFI,FR,2020-12-31,2021-05-18 00:00:00,https://filings.xbrl.org/549300E9PC51EN656011/2020-12-31/ESEF/FR/0/sny-2020-12-31AR.json,https://filings.xbrl.org/549300E9PC51EN656011/2020-12-31/ESEF/FR/0/sny-2020-12-31AR.zip,0
549300E9PC51EN656011-2021-12-31-ESEF-FR-0,549300E9PC51EN656011,SANOFI,FR,2021-12-31,2022-03-23 00:00:00,https://filings.xbrl.org/549300E9PC51EN656011/2021-12-31/ESEF/FR/0/sny-2021-12-31AR.json,https://filings.xbrl.org/549300E9PC51EN656011/2021-12-31/ESEF/FR/0/sny-2021-12-31AR.zip,0
549300E9PC51EN656011-2022-12-31-ESEF-FR-0,549300E9PC51EN656011,SANOFI,FR,2022-12-31,2023-02-28 10:19:45.202247,https://filings.xbrl.org/549300E9PC51EN656011/2022-12-31/ESEF/FR/0/sny-2022-12-31-fr.json,https://filings.xbrl.org/549300E9PC51EN656011/2022-12-31/ESEF/FR/0/sny-2022-12-31-fr.zip,0
549300EDRLDFOSBD1G50-2021-12-31-ESEF-NL-0,549300EDRLDFOSBD1G50,Cnova N.V.,NL,2021-12-31,2022-04-13 00:00:00,https://filings.xbrl.org/549300EDRLDFOSBD1G50/2021-12-31/ESEF/NL/0/549300EDRLDFOSBD1G50-2021-12-31-en.json,https://filings.xbrl.org/549300EDRLDFOSBD1G50/2021-12-31/ESEF/NL/0/549300EDRLDFOSBD1G50-2021-12-31-en.zip,0
549300EDRLDFOSBD1G50-2022-12-31-ESEF-NL-1,549300EDRLDFOSBD1G50,Cnova N.V.,NL,2022-12-31,2023-04-26 16:05:41.673352,https://filings.xbrl.org/549300EDRLDFOSBD1G50/2022-12-31/ESEF/NL/1/549300EDRLDFOSBD1G50-2022-12-31-en.json,https://filings.xbrl.org/549300EDRLDFOSBD1G50/2022-12-31/ESEF/NL/1/549300EDRLDFOSBD1G50-2022-12-31-en.zip,0
549300EEJH4FEPDBBR25-2021-12-31-ESEF-ES-0,549300EEJH4FEPDBBR25,TELEFONICA SA,ES,2021-12-31,2022-03-18 00:00:00,https://filings.xbrl.org/549300EEJH4FEPDBBR25/2021-12-31/ESEF/ES/0/549300EEJH4FEPDBBR25-20211231-en.json,https://filings.xbrl.org/549300EEJH4FEPDBBR25/2021-12-31/ESEF/ES/0/549300EEJH4FEPDBBR25-20211231-en.zip,0
549300EEJH4FEPDBBR25-2022-12-31-ESEF-ES-0,549300EEJH4FEPDBBR25,TELEFONICA SA,ES,2022-12-31,2023-05-09 12:23:07.249421,https://filings.xbrl.org/549300EEJH4FEPDBBR25/2022-12-31/ESEF/ES/0/549300EEJH4FEPDBBR25-20221231-en.json,https://filings.xbrl.org/549300EEJH4FEPDBBR25/2022-12-31/ESEF/ES/0/549300EEJH4FEPDBBR25-20221231-en.zip,0
549300EFWH9UR17YSK05-2022-06-30-ESEF-FR-0,549300EFWH9UR17YSK05,EUTELSAT COMMUNICATIONS,FR,2022-06-30,2022-10-27 00:00:00,https://filings.xbrl.org/549300EFWH9UR17YSK05/2022-06-30/ESEF/FR/0/eutelsat-2022-06-30-fr.json,https://filings.xbrl.org/549300EFWH9UR17YSK05/2022-06-30/ESEF/FR/0/eutelsat-2022-06-30-fr.zip,0
549300EMP9DT6Q35HZ31-2021-12-31-ESEF-NL-0,549300EMP9DT6Q35HZ31,Aalberts N.V.,NL,2021-12-31,2022-04-13 00:00:00,https://filings.xbrl.org/549300EMP9DT6Q35HZ31/2021-12-31/ESEF/NL/0/549300EMP9DT6Q35HZ31-2021-12-31-en.json,https://filings.xbrl.org/549300EMP9DT6Q35HZ31/2021-12-31/ESEF/NL/0/549300EMP9DT6Q35HZ31-2021-12-31-en.zip,0
549300EMP9DT6Q35HZ31-2022-12-31-ESEF-NL-0,549300EMP9DT6Q35HZ31,Aalberts N.V.,NL,2022-12-31,2023-04-18 11:38:56.324642,https://filings.xbrl.org/549300EMP9DT6Q35HZ31/2022-12-31/ESEF/NL/0/549300EMP9DT6Q35HZ31-2022-12-31-en.json,https://filings.xbrl.org/549300EMP9DT6Q35HZ31/2022-12-31/ESEF/NL/0/549300EMP9DT6Q35HZ31-2022-12-31-en.zip,0
549300EWC06TYV07XE53-2021-12-31-ESEF-FR-0,549300EWC06TYV07XE53,EXAIL TECHNOLOGIES,FR,2021-12-31,2022-06-01 00:00:00,https://filings.xbrl.org/549300EWC06TYV07XE53/2021-12-31/ESEF/FR/0/groupegorge-2021-12-31-fr.json,https://filings.xbrl.org/549300EWC06TYV07XE53/2021-12-31/ESEF/FR/0/groupegorge-2021-12-31-fr.zip,0
549300EWC06TYV07XE53-2022-12-31-ESEF-FR-0,549300EWC06TYV07XE53,EXAIL TECHNOLOGIES,FR,2022-12-31,2023-05-02 12:22:48.737112,https://filings.xbrl.org/549300EWC06TYV07XE53/2022-12-31/ESEF/FR/0/exail-2022-12-31-fr.json,https://filings.xbrl.org/549300EWC06TYV07XE53/2022-12-31/ESEF/FR/0/exail-2022-12-31-fr.zip,0
549300HGBVWX4FC44K67-2021-12-31-ESEF-FR-0,549300HGBVWX4FC44K67,ATLAND,FR,2021-12-31,2022-04-21 00:00:00,https://filings.xbrl.org/549300HGBVWX4FC44K67/2021-12-31/ESEF/FR/0/fonciereatland-2021-12-31-fr.json,https://filings.xbrl.org/549300HGBVWX4FC44K67/2021-12-31/ESEF/FR/0/fonciereatland-2021-12-31-fr.zip,0
549300HGBVWX4FC44K67-2022-12-31-ESEF-FR-0,549300HGBVWX4FC44K67,ATLAND,FR,2022-12-31,2023-05-09 10:53:16.318638,https://filings.xbrl.org/549300HGBVWX4FC44K67/2022-12-31/ESEF/FR/0/549300HGBVWX4FC44K67-2022-12-31-fr.json,https://filings.xbrl.org/549300HGBVWX4FC44K67/2022-12-31/ESEF/FR/0/549300HGBVWX4FC44K67-2022-12-31-fr.zip,0
549300IK1L5VA3B6XF18-2021-12-31-ESEF-BE-0,549300IK1L5VA3B6XF18,ALLIANCE DEVELOPPEMENT CAPITAL SIIC,BE,2021-12-31,2022-05-03 00:00:00,https://filings.xbrl.org/549300IK1L5VA3B6XF18/2021-12-31/ESEF/BE/0/549300IK1L5VA3B6XF18-2021-12-31-fr.json,https://filings.xbrl.org/549300IK1L5VA3B6XF18/2021-12-31/ESEF/BE/0/549300IK1L5VA3B6XF18-2021-12-31-fr.zip,1
549300IK1L5VA3B6XF18-2022-12-31-ESEF-BE-0,549300IK1L5VA3B6XF18,ALLIANCE DEVELOPPEMENT CAPITAL SIIC,BE,2022-12-31,2023-05-02 12:24:16.149151,https://filings.xbrl.org/549300IK1L5VA3B6XF18/2022-12-31/ESEF/BE/0/549300IK1L5VA3B6XF18-2022-12-31-fr.json,https://filings.xbrl.org/549300IK1L5VA3B6XF18/2022-12-31/ESEF/BE/0/549300IK1L5VA3B6XF18-2022-12-31-fr.zip,0
549300K4W3A5ITOPTK67-2021-01-31-ESEF-FR-0,549300K4W3A5ITOPTK67,QUADIENT S.A.,FR,2021-01-31,2022-03-23 00:00:00,https://filings.xbrl.org/549300K4W3A5ITOPTK67/2021-01-31/ESEF/FR/0/quadient-2020-12-31AR.json,https://filings.xbrl.org/549300K4W3A5ITOPTK67/2021-01-31/ESEF/FR/0/quadient-2020-12-31AR.zip,0
549300K4W3A5ITOPTK67-2022-12-31-ESEF-FR-0,549300K4W3A5ITOPTK67,QUADIENT S.A.,FR,2022-12-31,2022-05-11 00:00:00,https://filings.xbrl.org/549300K4W3A5ITOPTK67/2022-12-31/ESEF/FR/0/quadient-2022-01-31-fr.json,https://filings.xbrl.org/549300K4W3A5ITOPTK67/2022-12-31/ESEF/FR/0/quadient-2022-01-31-fr.zip,0
549300KI75VYLLMSK856-2022-03-31-ESEF-GB-0,549300KI75VYLLMSK856,SSE PLC,GB,2022-03-31,2022-06-22 00:00:00,https://filings.xbrl.org/549300KI75VYLLMSK856/2022-03-31/ESEF/GB/0/549300KI75VYLLMSK856-2022-03-31-T01.json,https://filings.xbrl.org/549300KI75VYLLMSK856/2022-03-31/ESEF/GB/0/549300KI75VYLLMSK856-2022-03-31.zip,0
549300LKT9PW7ZIBDF31-2021-12-31-ESEF-NL-0,549300LKT9PW7ZIBDF31,STELLANTIS N.V.,NL,2021-12-31,2022-03-16 00:00:00,https://filings.xbrl.org/549300LKT9PW7ZIBDF31/2021-12-31/ESEF/NL/0/stellantis-2021-12-31-en.json,https://filings.xbrl.org/549300LKT9PW7ZIBDF31/2021-12-31/ESEF/NL/0/stellantis-2021-12-31-en.zip,0
549300LKT9PW7ZIBDF31-2022-12-31-ESEF-NL-0,549300LKT9PW7ZIBDF31,STELLANTIS N.V.,NL,2022-12-31,2023-02-28 10:18:26.031124,https://filings.xbrl.org/549300LKT9PW7ZIBDF31/2022-12-31/ESEF/NL/0/stellantis-2022-12-31-en.json,https://filings.xbrl.org/549300LKT9PW7ZIBDF31/2022-12-31/ESEF/NL/0/stellantis-2022-12-31-en.zip,0
549300LTH67W4GWMRF57-2020-12-31-ESEF-GB-0,549300LTH67W4GWMRF57,COCA-COLA EUROPACIFIC PARTNERS PLC,GB,2020-12-31,2021-05-18 00:00:00,https://filings.xbrl.org/549300LTH67W4GWMRF57/2020-12-31/ESEF/GB/0/549300LTH67W4GWMRF57-2020-12-31-T01.json,https://filings.xbrl.org/549300LTH67W4GWMRF57/2020-12-31/ESEF/GB/0/549300LTH67W4GWMRF57-2020-12-31.zip,0
549300LTH67W4GWMRF57-2021-12-31-ESEF-GB-0,549300LTH67W4GWMRF57,COCA-COLA EUROPACIFIC PARTNERS PLC,GB,2021-12-31,2022-03-16 00:00:00,https://filings.xbrl.org/549300LTH67W4GWMRF57/2021-12-31/ESEF/GB/0/549300LTH67W4GWMRF57-2021-12-31-T01.json,https://filings.xbrl.org/549300LTH67W4GWMRF57/2021-12-31/ESEF/GB/0/549300LTH67W4GWMRF57-2021-12-31.zip,0
549300LTH67W4GWMRF57-2021-12-31-ESEF-NL-0,549300LTH67W4GWMRF57,COCA-COLA EUROPACIFIC PARTNERS PLC,NL,2021-12-31,2022-03-17 00:00:00,https://filings.xbrl.org/549300LTH67W4GWMRF57/2021-12-31/ESEF/NL/0/549300LTH67W4GWMRF57-2021-12-31-en.json,https://filings.xbrl.org/549300LTH67W4GWMRF57/2021-12-31/ESEF/NL/0/549300LTH67W4GWMRF57-2021-12-31-en.zip,0
549300LTH67W4GWMRF57-2022-12-31-ESEF-GB-0,549300LTH67W4GWMRF57,COCA-COLA EUROPACIFIC PARTNERS PLC,GB,2022-12-31,2023-03-21 10:30:16.556610,https://filings.xbrl.org/549300LTH67W4GWMRF57/2022-12-31/ESEF/GB/0/549300LTH67W4GWMRF57-2022-12-31-T01.json,https://filings.xbrl.org/549300LTH67W4GWMRF57/2022-12-31/ESEF/GB/0/549300LTH67W4GWMRF57-2022-12-31.zip,0
549300LTH67W4GWMRF57-2022-12-31-ESEF-NL-0,549300LTH67W4GWMRF57,COCA-COLA EUROPACIFIC PARTNERS PLC,NL,2022-12-31,2023-03-21 10:31:25.781982,https://filings.xbrl.org/549300LTH67W4GWMRF57/2022-12-31/ESEF/NL/0/ccep-2022-12-31-en.json,https://filings.xbrl.org/549300LTH67W4GWMRF57/2022-12-31/ESEF/NL/0/ccep-2022-12-31-en.zip,0
549300LUH78PG2MP6N64-2020-12-31-ESEF-FR-0,549300LUH78PG2MP6N64,ERAMET,FR,2020-12-31,2021-05-18 00:00:00,https://filings.xbrl.org/549300LUH78PG2MP6N64/2020-12-31/ESEF/FR/0/549300LUH78PG2MP6N64-2020-12-31AR.json,https://filings.xbrl.org/549300LUH78PG2MP6N64/2020-12-31/ESEF/FR/0/549300LUH78PG2MP6N64-2020-12-31AR.zip,0
549300LUH78PG2MP6N64-2021-12-31-ESEF-FR-0,549300LUH78PG2MP6N64,ERAMET,FR,2021-12-31,2022-04-05 00:00:00,https://filings.xbrl.org/549300LUH78PG2MP6N64/2021-12-31/ESEF/FR/0/549300LUH78PG2MP6N64-2021-12-31-fr.json,https://filings.xbrl.org/549300LUH78PG2MP6N64/2021-12-31/ESEF/FR/0/549300LUH78PG2MP6N64-2021-12-31-fr.zip,0
549300LUH78PG2MP6N64-2022-12-31-ESEF-FR-0,549300LUH78PG2MP6N64,ERAMET,FR,2022-12-31,2023-04-18 11:40:17.978003,https://filings.xbrl.org/549300LUH78PG2MP6N64/2022-12-31/ESEF/FR/0/549300LUH78PG2MP6N64-2022-12-31-fr.json,https://filings.xbrl.org/549300LUH78PG2MP6N64/2022-12-31/ESEF/FR/0/549300LUH78PG2MP6N64-2022-12-31-fr.zip,0
549300M3VH1A3ER1TB49-2021-12-31-ESEF-FR-0,549300M3VH1A3ER1TB49,ESSILORLUXOTTICA,FR,2021-12-31,2022-03-29 00:00:00,https://filings.xbrl.org/549300M3VH1A3ER1TB49/2021-12-31/ESEF/FR/0/el-2021-12-31AR.json,https://filings.xbrl.org/549300M3VH1A3ER1TB49/2021-12-31/ESEF/FR/0/el-2021-12-31AR.zip,0
549300M3VH1A3ER1TB49-2022-12-31-ESEF-FR-0,549300M3VH1A3ER1TB49,ESSILORLUXOTTICA,FR,2022-12-31,2023-03-14 10:43:19.099303,https://filings.xbrl.org/549300M3VH1A3ER1TB49/2022-12-31/ESEF/FR/0/el-2022-12-31-fr.json,https://filings.xbrl.org/549300M3VH1A3ER1TB49/2022-12-31/ESEF/FR/0/el-2022-12-31-fr.zip,0
549300M6SGDPB4Z94P11-2021-12-31-ESEF-FR-0,549300M6SGDPB4Z94P11,IPSEN,FR,2021-12-31,2022-04-21 00:00:00,https://filings.xbrl.org/549300M6SGDPB4Z94P11/2021-12-31/ESEF/FR/0/ipsen-2021-12-31-fr.json,https://filings.xbrl.org/549300M6SGDPB4Z94P11/2021-12-31/ESEF/FR/0/ipsen-2021-12-31-fr.zip,0
549300M6SGDPB4Z94P11-2022-12-31-ESEF-FR-0,549300M6SGDPB4Z94P11,IPSEN,FR,2022-12-31,2023-04-18 11:40:48.536544,https://filings.xbrl.org/549300M6SGDPB4Z94P11/2022-12-31/ESEF/FR/0/ipsen-2022-12-31-fr.json,https://filings.xbrl.org/549300M6SGDPB4Z94P11/2022-12-31/ESEF/FR/0/ipsen-2022-12-31-fr.zip,0
549300NCMRGIBJYUOE57-2020-12-31-ESEF-NL-0,549300NCMRGIBJYUOE57,OCI N.V.,NL,2020-12-31,2021-05-20 00:00:00,https://filings.xbrl.org/549300NCMRGIBJYUOE57/2020-12-31/ESEF/NL/0/549300NCMRGIBJYUOE57-2020-12-31.json,https://filings.xbrl.org/549300NCMRGIBJYUOE57/2020-12-31/ESEF/NL/0/549300NCMRGIBJYUOE57-2020-12-31.zip,0
549300NCMRGIBJYUOE57-2021-12-31-ESEF-NL-0,549300NCMRGIBJYUOE57,OCI N.V.,NL,2021-12-31,2022-03-22 00:00:00,https://filings.xbrl.org/549300NCMRGIBJYUOE57/2021-12-31/ESEF/NL/0/549300NCMRGIBJYUOE57-2021-12-31-en.json,https://filings.xbrl.org/549300NCMRGIBJYUOE57/2021-12-31/ESEF/NL/0/549300NCMRGIBJYUOE57-2021-12-31-en.zip,0
549300NCMRGIBJYUOE57-2022-12-31-ESEF-NL-0,549300NCMRGIBJYUOE57,OCI N.V.,NL,2022-12-31,2023-03-28 11:25:37.409950,https://filings.xbrl.org/549300NCMRGIBJYUOE57/2022-12-31/ESEF/NL/0/549300NCMRGIBJYUOE57-2022-12-31.json,https://filings.xbrl.org/549300NCMRGIBJYUOE57/2022-12-31/ESEF/NL/0/549300NCMRGIBJYUOE57-2022-12-31.zip,0
549300NK4AB8OUEX1F54-2021-12-31-ESEF-FR-0,549300NK4AB8OUEX1F54,GENSIGHT BIOLOGICS,FR,2021-12-31,2022-05-03 00:00:00,https://filings.xbrl.org/549300NK4AB8OUEX1F54/2021-12-31/ESEF/FR/0/gensight-2021-12-31-en.json,https://filings.xbrl.org/549300NK4AB8OUEX1F54/2021-12-31/ESEF/FR/0/gensight-2021-12-31-en.zip,0
549300NK4AB8OUEX1F54-2022-12-31-ESEF-FR-0,549300NK4AB8OUEX1F54,GENSIGHT BIOLOGICS,FR,2022-12-31,2023-05-16 14:46:19.769020,https://filings.xbrl.org/549300NK4AB8OUEX1F54/2022-12-31/ESEF/FR/0/549300NK4AB8OUEX1F54-2022-12-31-en.json,https://filings.xbrl.org/549300NK4AB8OUEX1F54/2022-12-31/ESEF/FR/0/549300NK4AB8OUEX1F54-2022-12-31-en.zip,0
549300NYKK9MWM7GGW15-2021-12-31-ESEF-NL-0,549300NYKK9MWM7GGW15,ING GROEP N.V.,NL,2021-12-31,2022-03-16 00:00:00,https://filings.xbrl.org/549300NYKK9MWM7GGW15/2021-12-31/ESEF/NL/0/inggroup-2021-12-31.json,https://filings.xbrl.org/549300NYKK9MWM7GGW15/2021-12-31/ESEF/NL/0/inggroup-2021-12-31.zip,0
549300NYKK9MWM7GGW15-2022-12-31-ESEF-NL-0,549300NYKK9MWM7GGW15,ING GROEP N.V.,NL,2022-12-31,2023-03-14 10:40:54.123882,https://filings.xbrl.org/549300NYKK9MWM7GGW15/2022-12-31/ESEF/NL/0/ing-2022-12-31-en.json,https://filings.xbrl.org/549300NYKK9MWM7GGW15/2022-12-31/ESEF/NL/0/ing-2022-12-31-en.zip,0
549300PPXHEU2JF0AM85-2021-12-31-ESEF-GB-0,549300PPXHEU2JF0AM85,LLOYDS BANKING GROUP PLC,GB,2021-12-31,2022-03-08 00:00:00,https://filings.xbrl.org/549300PPXHEU2JF0AM85/2021-12-31/ESEF/GB/0/549300PPXHEU2JF0AM85-2021-12-31-T01.json,https://filings.xbrl.org/549300PPXHEU2JF0AM85/2021-12-31/ESEF/GB/0/LLOY-2020-12-31-en.zip,0
549300PPXHEU2JF0AM85-2022-12-31-ESEF-GB-0,549300PPXHEU2JF0AM85,LLOYDS BANKING GROUP PLC,GB,2022-12-31,2023-03-02 10:05:17.854002,https://filings.xbrl.org/549300PPXHEU2JF0AM85/2022-12-31/ESEF/GB/0/549300PPXHEU2JF0AM85-2022-12-31-T01.json,https://filings.xbrl.org/549300PPXHEU2JF0AM85/2022-12-31/ESEF/GB/0/549300PPXHEU2JF0AM85-2022-12-31.zip,0
549300RDGCRYZ5QE6513-2021-12-31-ESEF-NL-0,549300RDGCRYZ5QE6513,SBM OFFSHORE N.V.,NL,2021-12-31,2022-03-16 00:00:00,https://filings.xbrl.org/549300RDGCRYZ5QE6513/2021-12-31/ESEF/NL/0/SBMO-2021-12-31.json,https://filings.xbrl.org/549300RDGCRYZ5QE6513/2021-12-31/ESEF/NL/0/SBMO-2021-12-31.zip,0
549300RDGCRYZ5QE6513-2022-12-31-ESEF-NL-0,549300RDGCRYZ5QE6513,SBM OFFSHORE N.V.,NL,2022-12-31,2023-02-28 10:18:47.381606,https://filings.xbrl.org/549300RDGCRYZ5QE6513/2022-12-31/ESEF/NL/0/SBMO-2022-12-31.json,https://filings.xbrl.org/549300RDGCRYZ5QE6513/2022-12-31/ESEF/NL/0/SBMO-2022-12-31.zip,0
549300RIVY5EX8RCON76-2021-12-31-ESEF-NL-0,549300RIVY5EX8RCON76,FERRARI N.V.,NL,2021-12-31,2022-03-16 00:00:00,https://filings.xbrl.org/549300RIVY5EX8RCON76/2021-12-31/ESEF/NL/0/race-2021-12-31-en.json,https://filings.xbrl.org/549300RIVY5EX8RCON76/2021-12-31/ESEF/NL/0/race-2021-12-31-en.zip,0
549300RIVY5EX8RCON76-2022-12-31-ESEF-NL-0,549300RIVY5EX8RCON76,FERRARI N.V.,NL,2022-12-31,2023-02-28 10:18:28.882460,https://filings.xbrl.org/549300RIVY5EX8RCON76/2022-12-31/ESEF/NL/0/race-2022-12-31-en.json,https://filings.xbrl.org/549300RIVY5EX8RCON76/2022-12-31/ESEF/NL/0/race-2022-12-31-en.zip,0
549300TRUWO2CD2G5692-2021-12-31-ESEF-IT-0,549300TRUWO2CD2G5692,"UNICREDIT, SOCIETA' PER AZIONI",IT,2021-12-31,2023-05-30 18:13:42.889844,https://filings.xbrl.org/549300TRUWO2CD2G5692/2021-12-31/ESEF/IT/0/549300TRUWO2CD2G5692-2021-12-31-en.json,https://filings.xbrl.org/549300TRUWO2CD2G5692/2021-12-31/ESEF/IT/0/549300TRUWO2CD2G5692-2021-12-31-en.zip,0
549300TRUWO2CD2G5692-2021-12-31-ESEF-IT-1,549300TRUWO2CD2G5692,"UNICREDIT, SOCIETA' PER AZIONI",IT,2021-12-31,2023-05-30 18:13:47.722885,https://filings.xbrl.org/549300TRUWO2CD2G5692/2021-12-31/ESEF/IT/1/549300TRUWO2CD2G5692-2021-12-31-it.json,https://filings.xbrl.org/549300TRUWO2CD2G5692/2021-12-31/ESEF/IT/1/549300TRUWO2CD2G5692-2021-12-31-it.zip,0
549300TRUWO2CD2G5692-2022-12-31-ESEF-IT-0,549300TRUWO2CD2G5692,"UNICREDIT, SOCIETA' PER AZIONI",IT,2022-12-31,2023-05-30 18:07:03.026865,https://filings.xbrl.org/549300TRUWO2CD2G5692/2022-12-31/ESEF/IT/0/549300TRUWO2CD2G5692-2022-12-31-en.json,https://filings.xbrl.org/549300TRUWO2CD2G5692/2022-12-31/ESEF/IT/0/549300TRUWO2CD2G5692-2022-12-31.zip,0
549300TRUWO2CD2G5692-2022-12-31-ESEF-IT-1,549300TRUWO2CD2G5692,"UNICREDIT, SOCIETA' PER AZIONI",IT,2022-12-31,2023-05-30 18:07:11.926905,https://filings.xbrl.org/549300TRUWO2CD2G5692/2022-12-31/ESEF/IT/1/549300TRUWO2CD2G5692-2022-12-31-it.json,https://filings.xbrl.org/549300TRUWO2CD2G5692/2022-12-31/ESEF/IT/1/549300TRUWO2CD2G5692-2022-12-31.zip,0
549300TTCXZOGZM2EY83-2021-01-31-ESEF-ES-0,549300TTCXZOGZM2EY83,"INDUSTRIA DE DISEÑO TEXTIL, S.A.",ES,2021-01-31,2021-05-19 00:00:00,https://filings.xbrl.org/549300TTCXZOGZM2EY83/2021-01-31/ESEF/ES/0/549300TTCXZOGZM2EY83-2021-01-31.json,https://filings.xbrl.org/549300TTCXZOGZM2EY83/2021-01-31/ESEF/ES/0/549300TTCXZOGZM2EY83-2021-01-31.zip,0
549300TTCXZOGZM2EY83-2022-01-31-ESEF-ES-0,549300TTCXZOGZM2EY83,"INDUSTRIA DE DISEÑO TEXTIL, S.A.",ES,2022-01-31,2022-03-18 00:00:00,https://filings.xbrl.org/549300TTCXZOGZM2EY83/2022-01-31/ESEF/ES/0/549300TTCXZOGZM2EY83-2022-01-31.json,https://filings.xbrl.org/549300TTCXZOGZM2EY83/2022-01-31/ESEF/ES/0/549300TTCXZOGZM2EY83-2022-01-31.zip,0
549300V62YJ9HTLRI486-2020-12-31-ESEF-AT-0,549300V62YJ9HTLRI486,OMV AKTIENGESELLSCHAFT,AT,2020-12-31,2021-05-18 00:00:00,https://filings.xbrl.org/549300V62YJ9HTLRI486/2020-12-31/ESEF/AT/0/omv-2020-12-31.json,https://filings.xbrl.org/549300V62YJ9HTLRI486/2020-12-31/ESEF/AT/0/omv-2020-12-31.zip,0
549300V62YJ9HTLRI486-2021-12-31-ESEF-AT-0,549300V62YJ9HTLRI486,OMV AKTIENGESELLSCHAFT,AT,2021-12-31,2022-03-24 00:00:00,https://filings.xbrl.org/549300V62YJ9HTLRI486/2021-12-31/ESEF/AT/0/omv-2021-12-31-en.json,https://filings.xbrl.org/549300V62YJ9HTLRI486/2021-12-31/ESEF/AT/0/omv-2021-12-31-en.zip,0
549300V62YJ9HTLRI486-2021-12-31-ESEF-AT-1,549300V62YJ9HTLRI486,OMV AKTIENGESELLSCHAFT,AT,2021-12-31,2022-03-24 00:00:00,https://filings.xbrl.org/549300V62YJ9HTLRI486/2021-12-31/ESEF/AT/1/omv-2021-12-31-de.json,https://filings.xbrl.org/549300V62YJ9HTLRI486/2021-12-31/ESEF/AT/1/omv-2021-12-31-de.zip,0
549300V62YJ9HTLRI486-2022-12-31-ESEF-AT-0,549300V62YJ9HTLRI486,OMV AKTIENGESELLSCHAFT,AT,2022-12-31,2023-03-28 11:28:38.472447,https://filings.xbrl.org/549300V62YJ9HTLRI486/2022-12-31/ESEF/AT/0/omvgroup-2022-12-31-en.json,https://filings.xbrl.org/549300V62YJ9HTLRI486/2022-12-31/ESEF/AT/0/omvgroup-2022-12-31-en.zip,0
549300V62YJ9HTLRI486-2022-12-31-ESEF-AT-1,549300V62YJ9HTLRI486,OMV AKTIENGESELLSCHAFT,AT,2022-12-31,2023-03-28 11:28:40.128081,https://filings.xbrl.org/549300V62YJ9HTLRI486/2022-12-31/ESEF/AT/1/omvgroup-2022-12-31-de.json,https://filings.xbrl.org/549300V62YJ9HTLRI486/2022-12-31/ESEF/AT/1/omvgroup-2022-12-31-de.zip,0
549300VGEJKB7SVUZR78-2021-12-31-ESEF-FR-0,549300VGEJKB7SVUZR78,KERING,FR,2021-12-31,2022-03-29 00:00:00,https://filings.xbrl.org/549300VGEJKB7SVUZR78/2021-12-31/ESEF/FR/0/549300VGEJKB7SVUZR78-2021-12-31-fr.json,https://filings.xbrl.org/549300VGEJKB7SVUZR78/2021-12-31/ESEF/FR/0/549300VGEJKB7SVUZR78-2021-12-31-fr.zip,0
549300VGEJKB7SVUZR78-2022-12-31-ESEF-FR-0,549300VGEJKB7SVUZR78,KERING,FR,2022-12-31,2023-03-28 11:27:31.177488,https://filings.xbrl.org/549300VGEJKB7SVUZR78/2022-12-31/ESEF/FR/0/549300VGEJKB7SVUZR78-2022-12-31-fr.json,https://filings.xbrl.org/549300VGEJKB7SVUZR78/2022-12-31/ESEF/FR/0/549300VGEJKB7SVUZR78-2022-12-31-fr.zip,0
549300VZKC61IR5U8G96-2020-12-31-ESEF-AT-0,549300VZKC61IR5U8G96,Andritz AG,AT,2020-12-31,2021-05-18 00:00:00,https://filings.xbrl.org/549300VZKC61IR5U8G96/2020-12-31/ESEF/AT/0/andritz.json,https://filings.xbrl.org/549300VZKC61IR5U8G96/2020-12-31/ESEF/AT/0/andritz.zip,0
549300VZKC61IR5U8G96-2020-12-31-ESEF-AT-1,549300VZKC61IR5U8G96,Andritz AG,AT,2020-12-31,2021-05-18 00:00:00,https://filings.xbrl.org/549300VZKC61IR5U8G96/2020-12-31/ESEF/AT/1/andritz.json,https://filings.xbrl.org/549300VZKC61IR5U8G96/2020-12-31/ESEF/AT/1/andritz.zip,0
549300VZKC61IR5U8G96-2021-12-31-ESEF-AT-0,549300VZKC61IR5U8G96,Andritz AG,AT,2021-12-31,2022-03-08 00:00:00,https://filings.xbrl.org/549300VZKC61IR5U8G96/2021-12-31/ESEF/AT/0/Andritz_Financial Report_2021_ESEF.json,https://filings.xbrl.org/549300VZKC61IR5U8G96/2021-12-31/ESEF/AT/0/Andritz_Financial Report_2021_ESEF.zip,0
549300VZKC61IR5U8G96-2021-12-31-ESEF-AT-1,549300VZKC61IR5U8G96,Andritz AG,AT,2021-12-31,2022-03-08 00:00:00,https://filings.xbrl.org/549300VZKC61IR5U8G96/2021-12-31/ESEF/AT/1/Andritz_Jahresfinanzbericht_2021_ESEF.json,https://filings.xbrl.org/549300VZKC61IR5U8G96/2021-12-31/ESEF/AT/1/Andritz_Jahresfinanzbericht_2021_ESEF.zip,0
549300VZKC61IR5U8G96-2022-12-31-ESEF-AT-0,549300VZKC61IR5U8G96,Andritz AG,AT,2022-12-31,2023-03-14 10:43:47.486640,https://filings.xbrl.org/549300VZKC61IR5U8G96/2022-12-31/ESEF/AT/0/Andritz_Jahresfinanzbericht_2022_ESEF.json,https://filings.xbrl.org/549300VZKC61IR5U8G96/2022-12-31/ESEF/AT/0/Andritz_Jahresfinanzbericht_2022_ESEF.zip,0
549300VZKC61IR5U8G96-2022-12-31-ESEF-AT-1,549300VZKC61IR5U8G96,Andritz AG,AT,2022-12-31,2023-03-21 10:34:10.432539,https://filings.xbrl.org/549300VZKC61IR5U8G96/2022-12-31/ESEF/AT/1/Andritz-2022-12-31-de.json,https://filings.xbrl.org/549300VZKC61IR5U8G96/2022-12-31/ESEF/AT/1/Andritz-2022-12-31-de.zip,0
549300W9JLPW15XIFM52-2021-12-31-ESEF-SE-0,549300W9JLPW15XIFM52,Telefonaktiebolaget LM Ericsson,SE,2021-12-31,2022-03-22 00:00:00,https://filings.xbrl.org/549300W9JLPW15XIFM52/2021-12-31/ESEF/SE/0/549300W9JLPW15XIFM52-2021-12-31-sv.json,https://filings.xbrl.org/549300W9JLPW15XIFM52/2021-12-31/ESEF/SE/0/549300W9JLPW15XIFM52-2021-12-31-sv.zip,0
549300W9JLPW15XIFM52-2022-12-31-ESEF-SE-0,549300W9JLPW15XIFM52,Telefonaktiebolaget LM Ericsson,SE,2022-12-31,2023-05-09 13:12:00.792800,https://filings.xbrl.org/549300W9JLPW15XIFM52/2022-12-31/ESEF/SE/0/549300W9JLPW15XIFM52-2022-12-31-sv.json,https://filings.xbrl.org/549300W9JLPW15XIFM52/2022-12-31/ESEF/SE/0/549300W9JLPW15XIFM52-2022-12-31-sv.zip,0
549300WSX3VBUFFJOO66-2021-12-31-ESEF-GB-0,549300WSX3VBUFFJOO66,RELX PLC,GB,2021-12-31,2022-03-08 00:00:00,https://filings.xbrl.org/549300WSX3VBUFFJOO66/2021-12-31/ESEF/GB/0/549300WSX3VBUFFJOO66-2021-12-31-T01.json,https://filings.xbrl.org/549300WSX3VBUFFJOO66/2021-12-31/ESEF/GB/0/549300WSX3VBUFFJOO66-2021-12-31.zip,0
549300WSX3VBUFFJOO66-2021-12-31-ESEF-NL-0,549300WSX3VBUFFJOO66,RELX PLC,NL,2021-12-31,2022-03-16 00:00:00,https://filings.xbrl.org/549300WSX3VBUFFJOO66/2021-12-31/ESEF/NL/0/549300WSX3VBUFFJOO66-2021-12-31-en.json,https://filings.xbrl.org/549300WSX3VBUFFJOO66/2021-12-31/ESEF/NL/0/549300WSX3VBUFFJOO66-2021-12-31-en.zip,0
549300WSX3VBUFFJOO66-2022-12-31-ESEF-GB-0,549300WSX3VBUFFJOO66,RELX PLC,GB,2022-12-31,2023-03-02 10:05:38.462157,https://filings.xbrl.org/549300WSX3VBUFFJOO66/2022-12-31/ESEF/GB/0/549300WSX3VBUFFJOO66-2022-12-31-T01.json,https://filings.xbrl.org/549300WSX3VBUFFJOO66/2022-12-31/ESEF/GB/0/549300WSX3VBUFFJOO66-2022-12-31.zip,0
549300WSX3VBUFFJOO66-2022-12-31-ESEF-NL-0,549300WSX3VBUFFJOO66,RELX PLC,NL,2022-12-31,2023-02-28 10:18:31.017088,https://filings.xbrl.org/549300WSX3VBUFFJOO66/2022-12-31/ESEF/NL/0/549300WSX3VBUFFJOO66-2022-12-31-en.json,https://filings.xbrl.org/549300WSX3VBUFFJOO66/2022-12-31/ESEF/NL/0/549300WSX3VBUFFJOO66-2022-12-31-en.zip,0
549300X5UKJVE386ZB61-2021-12-31-ESEF-IT-0,549300X5UKJVE386ZB61,ASSICURAZIONI GENERALI SOCIETA' PER AZIONI,IT,2021-12-31,2023-05-30 18:10:30.065447,https://filings.xbrl.org/549300X5UKJVE386ZB61/2021-12-31/ESEF/IT/0/549300X5UKJVE386ZB61-2021-12-31.json,https://filings.xbrl.org/549300X5UKJVE386ZB61/2021-12-31/ESEF/IT/0/549300X5UKJVE386ZB61-2021-12-31.zip,0
549300X5UKJVE386ZB61-2022-12-31-ESEF-IT-0,549300X5UKJVE386ZB61,ASSICURAZIONI GENERALI SOCIETA' PER AZIONI,IT,2022-12-31,2023-05-30 15:31:07.413364,https://filings.xbrl.org/549300X5UKJVE386ZB61/2022-12-31/ESEF/IT/0/549300X5UKJVE386ZB61-2022-12-31-it.json,https://filings.xbrl.org/549300X5UKJVE386ZB61/2022-12-31/ESEF/IT/0/549300X5UKJVE386ZB61-2022-12-31.zip,0
549300YO0JZHAL7FVP81-2021-12-31-ESEF-NL-0,549300YO0JZHAL7FVP81,Koninklijke KPN N.V.,NL,2021-12-31,2022-03-16 00:00:00,https://filings.xbrl.org/549300YO0JZHAL7FVP81/2021-12-31/ESEF/NL/0/KONI-2021-12-31.json,https://filings.xbrl.org/549300YO0JZHAL7FVP81/2021-12-31/ESEF/NL/0/KONI-2021-12-31.zip,0
549300YO0JZHAL7FVP81-2022-12-31-ESEF-NL-0,549300YO0JZHAL7FVP81,Koninklijke KPN N.V.,NL,2022-12-31,2023-02-28 10:18:32.509523,https://filings.xbrl.org/549300YO0JZHAL7FVP81/2022-12-31/ESEF/NL/0/KONI-2022-12-31.json,https://filings.xbrl.org/549300YO0JZHAL7FVP81/2022-12-31/ESEF/NL/0/KONI-2022-12-31.zip,0
549300ZD9ED8GSG3JW36-2020-12-31-ESEF-AT-0,549300ZD9ED8GSG3JW36,SBO AG,AT,2020-12-31,2021-05-18 00:00:00,https://filings.xbrl.org/549300ZD9ED8GSG3JW36/2020-12-31/ESEF/AT/0/549300ZD9ED8GSG3JW36-2020-12-31_de.json,https://filings.xbrl.org/549300ZD9ED8GSG3JW36/2020-12-31/ESEF/AT/0/549300ZD9ED8GSG3JW36-2020-12-31_de.zip,0
549300ZD9ED8GSG3JW36-2020-12-31-ESEF-AT-1,549300ZD9ED8GSG3JW36,SBO AG,AT,2020-12-31,2021-05-18 00:00:00,https://filings.xbrl.org/549300ZD9ED8GSG3JW36/2020-12-31/ESEF/AT/1/549300ZD9ED8GSG3JW36-2020-12-31_de.json,https://filings.xbrl.org/549300ZD9ED8GSG3JW36/2020-12-31/ESEF/AT/1/549300ZD9ED8GSG3JW36-2020-12-31_de.zip,0
549300ZD9ED8GSG3JW36-2021-12-31-ESEF-AT-0,549300ZD9ED8GSG3JW36,SBO AG,AT,2021-12-31,2022-03-17 00:00:00,https://filings.xbrl.org/549300ZD9ED8GSG3JW36/2021-12-31/ESEF/AT/0/549300ZD9ED8GSG3JW36-2021-12-31-de.json,https://filings.xbrl.org/549300ZD9ED8GSG3JW36/2021-12-31/ESEF/AT/0/549300ZD9ED8GSG3JW36-2021-12-31-de.zip,0
549300ZD9ED8GSG3JW36-2022-12-31-ESEF-AT-0,549300ZD9ED8GSG3JW36,SBO AG,AT,2022-12-31,2023-03-21 10:34:12.168237,https://filings.xbrl.org/549300ZD9ED8GSG3JW36/2022-12-31/ESEF/AT/0/549300ZD9ED8GSG3JW36-2022-12-31-de.json,https://filings.xbrl.org/549300ZD9ED8GSG3JW36/2022-12-31/ESEF/AT/0/549300ZD9ED8GSG3JW36-2022-12-31-de.zip,0
5QK37QC7NWOJ8D7WVQ45-2020-12-31-ESEF-ES-0,5QK37QC7NWOJ8D7WVQ45,IBERDROLA SA,ES,2020-12-31,2021-05-19 00:00:00,https://filings.xbrl.org/5QK37QC7NWOJ8D7WVQ45/2020-12-31/ESEF/ES/0/5QK37QC7NWOJ8D7WVQ45-2020-12-31.json,https://filings.xbrl.org/5QK37QC7NWOJ8D7WVQ45/2020-12-31/ESEF/ES/0/5QK37QC7NWOJ8D7WVQ45-2020-12-31.zip,0
5QK37QC7NWOJ8D7WVQ45-2021-12-31-ESEF-ES-0,5QK37QC7NWOJ8D7WVQ45,IBERDROLA SA,ES,2021-12-31,2022-03-18 00:00:00,https://filings.xbrl.org/5QK37QC7NWOJ8D7WVQ45/2021-12-31/ESEF/ES/0/5QK37QC7NWOJ8D7WVQ45-20211231-es.json,https://filings.xbrl.org/5QK37QC7NWOJ8D7WVQ45/2021-12-31/ESEF/ES/0/5QK37QC7NWOJ8D7WVQ45-20211231-es.zip,0
5QK37QC7NWOJ8D7WVQ45-2022-12-31-ESEF-ES-0,5QK37QC7NWOJ8D7WVQ45,IBERDROLA SA,ES,2022-12-31,2023-05-09 13:07:54.391366,https://filings.xbrl.org/5QK37QC7NWOJ8D7WVQ45/2022-12-31/ESEF/ES/0/5QK37QC7NWOJ8D7WVQ45-20221231-es.json,https://filings.xbrl.org/5QK37QC7NWOJ8D7WVQ45/2022-12-31/ESEF/ES/0/5QK37QC7NWOJ8D7WVQ45-20221231-es.zip,0
635400Z5LQ5F9OLVT688-2022-03-31-ESEF-NL-0,635400Z5LQ5F9OLVT688,Prosus N.V.,NL,2022-03-31,2022-06-30 00:00:00,https://filings.xbrl.org/635400Z5LQ5F9OLVT688/2022-03-31/ESEF/NL/0/635400Z5LQ5F9OLVT688-2022-03-31-en.json,https://filings.xbrl.org/635400Z5LQ5F9OLVT688/2022-03-31/ESEF/NL/0/635400Z5LQ5F9OLVT688-2022-03-31-en.zip,0
7245000G0HS48PZWUD53-2021-12-31-ESEF-NL-0,7245000G0HS48PZWUD53,ASR Nederland N.V.,NL,2021-12-31,2022-03-24 00:00:00,https://filings.xbrl.org/7245000G0HS48PZWUD53/2021-12-31/ESEF/NL/0/ASRN-2021-12-31.json,https://filings.xbrl.org/7245000G0HS48PZWUD53/2021-12-31/ESEF/NL/0/ASRN-2021-12-31.zip,0
7245000G0HS48PZWUD53-2022-12-31-ESEF-NL-0,7245000G0HS48PZWUD53,ASR Nederland N.V.,NL,2022-12-31,2023-03-28 11:25:43.167725,https://filings.xbrl.org/7245000G0HS48PZWUD53/2022-12-31/ESEF/NL/0/ASRN-2022-12-31.json,https://filings.xbrl.org/7245000G0HS48PZWUD53/2022-12-31/ESEF/NL/0/ASRN-2022-12-31.zip,0
7245000R8GNBSDTSZ396-2021-12-31-ESEF-NL-0,7245000R8GNBSDTSZ396,Fugro N.V.,NL,2021-12-31,2022-03-16 00:00:00,https://filings.xbrl.org/7245000R8GNBSDTSZ396/2021-12-31/ESEF/NL/0/7245000R8GNBSDTSZ396-2021-12-31-en.json,https://filings.xbrl.org/7245000R8GNBSDTSZ396/2021-12-31/ESEF/NL/0/7245000R8GNBSDTSZ396-2021-12-31-en.zip,0
7245000R8GNBSDTSZ396-2022-12-31-ESEF-NL-0,7245000R8GNBSDTSZ396,Fugro N.V.,NL,2022-12-31,2023-03-14 10:40:09.313948,https://filings.xbrl.org/7245000R8GNBSDTSZ396/2022-12-31/ESEF/NL/0/7245000R8GNBSDTSZ396-2022-12-31-en.json,https://filings.xbrl.org/7245000R8GNBSDTSZ396/2022-12-31/ESEF/NL/0/7245000R8GNBSDTSZ396-2022-12-31-en.zip,0
7245000UZH70GO047N03-2021-12-31-ESEF-NL-0,7245000UZH70GO047N03,ARCADIS N.V.,NL,2021-12-31,2022-03-16 00:00:00,https://filings.xbrl.org/7245000UZH70GO047N03/2021-12-31/ESEF/NL/0/7245000UZH70GO047N03-2021-12-31-en.json,https://filings.xbrl.org/7245000UZH70GO047N03/2021-12-31/ESEF/NL/0/7245000UZH70GO047N03-2021-12-31-en.zip,0
7245000UZH70GO047N03-2022-12-31-ESEF-NL-0,7245000UZH70GO047N03,ARCADIS N.V.,NL,2022-12-31,2023-02-21 10:33:09.326952,https://filings.xbrl.org/7245000UZH70GO047N03/2022-12-31/ESEF/NL/0/7245000UZH70GO047N03-2022-12-31-en.json,https://filings.xbrl.org/7245000UZH70GO047N03/2022-12-31/ESEF/NL/0/7245000UZH70GO047N03-2022-12-31-en.zip,0
7245000V8JJ8CE1L8G60-2021-12-31-ESEF-NL-0,7245000V8JJ8CE1L8G60,Fastned B.V.,NL,2021-12-31,2022-04-05 00:00:00,https://filings.xbrl.org/7245000V8JJ8CE1L8G60/2021-12-31/ESEF/NL/0/fast-2021-12-31-en.json,https://filings.xbrl.org/7245000V8JJ8CE1L8G60/2021-12-31/ESEF/NL/0/fast-2021-12-31-en.zip,0
7245000V8JJ8CE1L8G60-2022-12-31-ESEF-NL-0,7245000V8JJ8CE1L8G60,Fastned B.V.,NL,2022-12-31,2023-04-04 21:50:45.997371,https://filings.xbrl.org/7245000V8JJ8CE1L8G60/2022-12-31/ESEF/NL/0/fast-2022-12-31-en.json,https://filings.xbrl.org/7245000V8JJ8CE1L8G60/2022-12-31/ESEF/NL/0/fast-2022-12-31-en.zip,0
7245001I22ND6ZFHX623-2020-12-31-ESEF-NL-0,7245001I22ND6ZFHX623,ASM International N.V.,NL,2020-12-31,2021-05-20 00:00:00,https://filings.xbrl.org/7245001I22ND6ZFHX623/2020-12-31/ESEF/NL/0/asm-2020-12-31.json,https://filings.xbrl.org/7245001I22ND6ZFHX623/2020-12-31/ESEF/NL/0/asm-2020-12-31.zip,0
7245001I22ND6ZFHX623-2021-12-31-ESEF-NL-0,7245001I22ND6ZFHX623,ASM International N.V.,NL,2021-12-31,2022-03-16 00:00:00,https://filings.xbrl.org/7245001I22ND6ZFHX623/2021-12-31/ESEF/NL/0/asm-2021-12-31-en.json,https://filings.xbrl.org/7245001I22ND6ZFHX623/2021-12-31/ESEF/NL/0/asm-2021-12-31-en.zip,0
7245001I22ND6ZFHX623-2022-12-31-ESEF-NL-0,7245001I22ND6ZFHX623,ASM International N.V.,NL,2022-12-31,2023-03-07 14:39:01.200319,https://filings.xbrl.org/7245001I22ND6ZFHX623/2022-12-31/ESEF/NL/0/asm-2022-12-31-en.json,https://filings.xbrl.org/7245001I22ND6ZFHX623/2022-12-31/ESEF/NL/0/asm-2022-12-31-en.zip,0
7245001M40ANG7IIS437-2021-12-31-ESEF-NL-0,7245001M40ANG7IIS437,ACOMO N.V.,NL,2021-12-31,2022-03-16 00:00:00,https://filings.xbrl.org/7245001M40ANG7IIS437/2021-12-31/ESEF/NL/0/7245001M40ANG7IIS437-2021-12-31-en.json,https://filings.xbrl.org/7245001M40ANG7IIS437/2021-12-31/ESEF/NL/0/7245001M40ANG7IIS437-2021-12-31-en.zip,0
7245001M40ANG7IIS437-2022-12-31-ESEF-NL-0,7245001M40ANG7IIS437,ACOMO N.V.,NL,2022-12-31,2023-03-14 10:40:23.151702,https://filings.xbrl.org/7245001M40ANG7IIS437/2022-12-31/ESEF/NL/0/7245001M40ANG7IIS437-2022-12-31-en.json,https://filings.xbrl.org/7245001M40ANG7IIS437/2022-12-31/ESEF/NL/0/7245001M40ANG7IIS437-2022-12-31-en.zip,0
7245003GZ2696Y0W1X57-2022-03-31-ESEF-NL-0,7245003GZ2696Y0W1X57,Holland Colours N.V.,NL,2022-03-31,2022-05-26 00:00:00,https://filings.xbrl.org/7245003GZ2696Y0W1X57/2022-03-31/ESEF/NL/0/7245003GZ2696Y0W1X57-2022-03-31-en.json,https://filings.xbrl.org/7245003GZ2696Y0W1X57/2022-03-31/ESEF/NL/0/7245003GZ2696Y0W1X57-2022-03-31-en.zip,0
7245003M83GJX4AP1516-2022-12-31-ESEF-NL-0,7245003M83GJX4AP1516,Hawick Data N.V.,NL,2022-12-31,2024-07-04 14:33:48.150828,https://filings.xbrl.org/7245003M83GJX4AP1516/2022-12-31/ESEF/NL/0/7245003M83GJX4AP1516-2022-12-31-nl.json,https://filings.xbrl.org/7245003M83GJX4AP1516/2022-12-31/ESEF/NL/0/7245003M83GJX4AP1516-2022-12-31.zip,1
7245003RJ12C0YNZKC66-2021-12-31-ESEF-NL-0,7245003RJ12C0YNZKC66,N.V. Koninklijke Porceleyne Fles,NL,2021-12-31,2022-03-29 00:00:00,https://filings.xbrl.org/7245003RJ12C0YNZKC66/2021-12-31/ESEF/NL/0/7245003RJ12C0YNZKC66-2021-12-31-nl.json,https://filings.xbrl.org/7245003RJ12C0YNZKC66/2021-12-31/ESEF/NL/0/7245003RJ12C0YNZKC66-2021-12-31-nl.zip,0
7245003RJ12C0YNZKC66-2022-12-31-ESEF-NL-0,7245003RJ12C0YNZKC66,N.V. Koninklijke Porceleyne Fles,NL,2022-12-31,2023-03-28 11:25:22.428926,https://filings.xbrl.org/7245003RJ12C0YNZKC66/2022-12-31/ESEF/NL/0/7245003RJ12C0YNZKC66-2022-12-31-nl.json,https://filings.xbrl.org/7245003RJ12C0YNZKC66/2022-12-31/ESEF/NL/0/7245003RJ12C0YNZKC66-2022-12-31-nl.zip,0
7245007A1YFLI2GNYX06-2020-12-31-ESEF-NL-0,7245007A1YFLI2GNYX06,BE Semiconductor Industries N.V.,NL,2020-12-31,2021-05-20 00:00:00,https://filings.xbrl.org/7245007A1YFLI2GNYX06/2020-12-31/ESEF/NL/0/7245007A1YFLI2GNYX06-2020-12-31.json,https://filings.xbrl.org/7245007A1YFLI2GNYX06/2020-12-31/ESEF/NL/0/7245007A1YFLI2GNYX06-2020-12-31.zip,0
7245007A1YFLI2GNYX06-2021-12-31-ESEF-NL-0,7245007A1YFLI2GNYX06,BE Semiconductor Industries N.V.,NL,2021-12-31,2022-03-16 00:00:00,https://filings.xbrl.org/7245007A1YFLI2GNYX06/2021-12-31/ESEF/NL/0/7245007A1YFLI2GNYX06-2021-12-31-en.json,https://filings.xbrl.org/7245007A1YFLI2GNYX06/2021-12-31/ESEF/NL/0/7245007A1YFLI2GNYX06-2021-12-31-en.zip,0
7245007A1YFLI2GNYX06-2022-12-31-ESEF-NL-0,7245007A1YFLI2GNYX06,BE Semiconductor Industries N.V.,NL,2022-12-31,2023-03-02 10:05:48.415124,https://filings.xbrl.org/7245007A1YFLI2GNYX06/2022-12-31/ESEF/NL/0/7245007A1YFLI2GNYX06-2022-12-31-en.json,https://filings.xbrl.org/7245007A1YFLI2GNYX06/2022-12-31/ESEF/NL/0/7245007A1YFLI2GNYX06-2022-12-31-en.zip,0
7245007FC6PAJZL7QM61-2021-12-31-ESEF-NL-0,7245007FC6PAJZL7QM61,Cabka N.V.,NL,2021-12-31,2023-01-18 14:31:27.576991,https://filings.xbrl.org/7245007FC6PAJZL7QM61/2021-12-31/ESEF/NL/0/7245007FC6PAJZL7QM61-2021-12-31-en.json,https://filings.xbrl.org/7245007FC6PAJZL7QM61/2021-12-31/ESEF/NL/0/7245007FC6PAJZL7QM61-2021-12-31-en.zip,0
7245007FC6PAJZL7QM61-2022-12-31-ESEF-NL-0,7245007FC6PAJZL7QM61,Cabka N.V.,NL,2022-12-31,2023-04-26 16:05:26.570802,https://filings.xbrl.org/7245007FC6PAJZL7QM61/2022-12-31/ESEF/NL/0/7245007FC6PAJZL7QM61-2022-12-31-en.json,https://filings.xbrl.org/7245007FC6PAJZL7QM61/2022-12-31/ESEF/NL/0/7245007FC6PAJZL7QM61-2022-12-31-en.zip,0
7245008G22FOV7TYYJ34-2021-12-31-ESEF-NL-0,7245008G22FOV7TYYJ34,TKH Group N.V.,NL,2021-12-31,2022-03-17 00:00:00,https://filings.xbrl.org/7245008G22FOV7TYYJ34/2021-12-31/ESEF/NL/0/7245008G22FOV7TYYJ34-2021-12-31-en.json,https://filings.xbrl.org/7245008G22FOV7TYYJ34/2021-12-31/ESEF/NL/0/7245008G22FOV7TYYJ34-2021-12-31-en.zip,0
7245008G22FOV7TYYJ34-2022-12-31-ESEF-NL-0,7245008G22FOV7TYYJ34,TKH Group N.V.,NL,2022-12-31,2023-03-14 10:40:15.845525,https://filings.xbrl.org/7245008G22FOV7TYYJ34/2022-12-31/ESEF/NL/0/7245008G22FOV7TYYJ34-2022-12-31-en.json,https://filings.xbrl.org/7245008G22FOV7TYYJ34/2022-12-31/ESEF/NL/0/7245008G22FOV7TYYJ34-2022-12-31-en.zip,0
724500973ODKK3IFQ447-2020-12-31-ESEF-NL-0,724500973ODKK3IFQ447,Adyen N.V.,NL,2020-12-31,2021-05-20 00:00:00,https://filings.xbrl.org/724500973ODKK3IFQ447/2020-12-31/ESEF/NL/0/724500973ODKK3IFQ447-2020-12-31.json,https://filings.xbrl.org/724500973ODKK3IFQ447/2020-12-31/ESEF/NL/0/724500973ODKK3IFQ447-2020-12-31.zip,0
724500973ODKK3IFQ447-2021-12-31-ESEF-NL-0,724500973ODKK3IFQ447,Adyen N.V.,NL,2021-12-31,2022-03-16 00:00:00,https://filings.xbrl.org/724500973ODKK3IFQ447/2021-12-31/ESEF/NL/0/724500973ODKK3IFQ447-2021-12-31-en.json,https://filings.xbrl.org/724500973ODKK3IFQ447/2021-12-31/ESEF/NL/0/724500973ODKK3IFQ447-2021-12-31-en.zip,0
724500973ODKK3IFQ447-2022-12-31-ESEF-NL-0,724500973ODKK3IFQ447,Adyen N.V.,NL,2022-12-31,2023-03-14 10:41:37.112368,https://filings.xbrl.org/724500973ODKK3IFQ447/2022-12-31/ESEF/NL/0/724500973ODKK3IFQ447-2022-12-31-en.json,https://filings.xbrl.org/724500973ODKK3IFQ447/2022-12-31/ESEF/NL/0/724500973ODKK3IFQ447-2022-12-31-en.zip,0
7245009EAAUUQJ0U4T57-2021-12-31-ESEF-NL-0,7245009EAAUUQJ0U4T57,Randstad N.V.,NL,2021-12-31,2022-03-16 00:00:00,https://filings.xbrl.org/7245009EAAUUQJ0U4T57/2021-12-31/ESEF/NL/0/RAND-2021-12-31.json,https://filings.xbrl.org/7245009EAAUUQJ0U4T57/2021-12-31/ESEF/NL/0/RAND-2021-12-31.zip,0
7245009EAAUUQJ0U4T57-2022-12-31-ESEF-NL-0,7245009EAAUUQJ0U4T57,Randstad N.V.,NL,2022-12-31,2023-02-15 18:11:31.331970,https://filings.xbrl.org/7245009EAAUUQJ0U4T57/2022-12-31/ESEF/NL/0/RAND-2022-12-31.json,https://filings.xbrl.org/7245009EAAUUQJ0U4T57/2022-12-31/ESEF/NL/0/RAND-2022-12-31.zip,0
7245009QH646WM76PR25-2021-12-31-ESEF-NL-0,7245009QH646WM76PR25,Envipco Holding N.V.,NL,2021-12-31,2022-05-31 00:00:00,https://filings.xbrl.org/7245009QH646WM76PR25/2021-12-31/ESEF/NL/0/7245009QH646WM76PR25-2021-12-31-en.json,https://filings.xbrl.org/7245009QH646WM76PR25/2021-12-31/ESEF/NL/0/7245009QH646WM76PR25-2021-12-31-en.zip,0
7245009QH646WM76PR25-2022-12-31-ESEF-NL-0,7245009QH646WM76PR25,Envipco Holding N.V.,NL,2022-12-31,2023-06-28 09:29:36.909739,https://filings.xbrl.org/7245009QH646WM76PR25/2022-12-31/ESEF/NL/0/7245009QH646WM76PR25-2022-12-31-en.json,https://filings.xbrl.org/7245009QH646WM76PR25/2022-12-31/ESEF/NL/0/7245009QH646WM76PR25-2022-12-31-en.zip,0
724500BGF3XIKX9EST18-2021-12-31-ESEF-NL-0,724500BGF3XIKX9EST18,Ctac N.V.,NL,2021-12-31,2022-05-17 00:00:00,https://filings.xbrl.org/724500BGF3XIKX9EST18/2021-12-31/ESEF/NL/0/724500BGF3XIKX9EST18-2021-12-31-nl.json,https://filings.xbrl.org/724500BGF3XIKX9EST18/2021-12-31/ESEF/NL/0/724500BGF3XIKX9EST18-2021-12-31-nl.zip,0
724500BGF3XIKX9EST18-2022-12-31-ESEF-NL-0,724500BGF3XIKX9EST18,Ctac N.V.,NL,2022-12-31,2023-04-18 11:38:53.523361,https://filings.xbrl.org/724500BGF3XIKX9EST18/2022-12-31/ESEF/NL/0/724500BGF3XIKX9EST18-2022-12-31-nl.json,https://filings.xbrl.org/724500BGF3XIKX9EST18/2022-12-31/ESEF/NL/0/724500BGF3XIKX9EST18-2022-12-31.zip,1
724500BGF3XIKX9EST18-2022-12-31-ESEF-NL-1,724500BGF3XIKX9EST18,Ctac N.V.,NL,2022-12-31,2023-04-26 16:05:40.191019,https://filings.xbrl.org/724500BGF3XIKX9EST18/2022-12-31/ESEF/NL/1/724500BGF3XIKX9EST18-2022-12-31-nl.json,https://filings.xbrl.org/724500BGF3XIKX9EST18/2022-12-31/ESEF/NL/1/724500BGF3XIKX9EST18-2022-12-31-nl.zip,0
724500BKS1TSAVLTWG46-2020-12-31-ESEF-NL-0,724500BKS1TSAVLTWG46,Corbion N.V.,NL,2020-12-31,2021-05-20 00:00:00,https://filings.xbrl.org/724500BKS1TSAVLTWG46/2020-12-31/ESEF/NL/0/Corbion_NV-2020-12-31.json,https://filings.xbrl.org/724500BKS1TSAVLTWG46/2020-12-31/ESEF/NL/0/Corbion_NV-2020-12-31.zip,0
724500BKS1TSAVLTWG46-2021-12-31-ESEF-NL-0,724500BKS1TSAVLTWG46,Corbion N.V.,NL,2021-12-31,2022-03-16 00:00:00,https://filings.xbrl.org/724500BKS1TSAVLTWG46/2021-12-31/ESEF/NL/0/Corbion_NV-2021-12-31.json,https://filings.xbrl.org/724500BKS1TSAVLTWG46/2021-12-31/ESEF/NL/0/Corbion_NV-2021-12-31.zip,0
724500BKS1TSAVLTWG46-2022-12-31-ESEF-NL-0,724500BKS1TSAVLTWG46,Corbion N.V.,NL,2022-12-31,2023-03-22 15:39:58.008352,https://filings.xbrl.org/724500BKS1TSAVLTWG46/2022-12-31/ESEF/NL/0/Corbion_NV-2022-12-31.json,https://filings.xbrl.org/724500BKS1TSAVLTWG46/2022-12-31/ESEF/NL/0/Corbion_NV-2022-12-31.zip,0
724500BQF15DIYK3CX29-2021-12-31-ESEF-NL-0,724500BQF15DIYK3CX29,PB Holding N.V.,NL,2021-12-31,2022-03-22 00:00:00,https://filings.xbrl.org/724500BQF15DIYK3CX29/2021-12-31/ESEF/NL/0/724500BQF15DIYK3CX29-2021-12-31-nl.json,https://filings.xbrl.org/724500BQF15DIYK3CX29/2021-12-31/ESEF/NL/0/724500BQF15DIYK3CX29-2021-12-31-nl.zip,0
724500BQF15DIYK3CX29-2022-12-31-ESEF-NL-0,724500BQF15DIYK3CX29,PB Holding N.V.,NL,2022-12-31,2026-04-21 11:49:50.969540,https://filings.xbrl.org/724500BQF15DIYK3CX29/2022-12-31/ESEF/NL/0/724500BQF15DIYK3CX29-2022-12-31-nl.json,https://filings.xbrl.org/724500BQF15DIYK3CX29/2022-12-31/ESEF/NL/0/724500BQF15DIYK3CX29-2022-12-31-nl.zip,0
724500C9GNBV20UYRX36-2022-01-02-ESEF-NL-0,724500C9GNBV20UYRX36,Koninklijke Ahold Delhaize N.V.,NL,2022-01-02,2022-03-16 00:00:00,https://filings.xbrl.org/724500C9GNBV20UYRX36/2022-01-02/ESEF/NL/0/aholddelhaize-2022-01-02-en.json,https://filings.xbrl.org/724500C9GNBV20UYRX36/2022-01-02/ESEF/NL/0/aholddelhaize-2022-01-02-en.zip,0
724500D8WOYCL1BUCB80-2022-12-31-ESEF-NL-0,724500D8WOYCL1BUCB80,VAN LANSCHOT KEMPEN N.V.,NL,2022-12-31,2023-02-28 10:18:36.491540,https://filings.xbrl.org/724500D8WOYCL1BUCB80/2022-12-31/ESEF/NL/0/vlk-2022-12-31-en.json,https://filings.xbrl.org/724500D8WOYCL1BUCB80/2022-12-31/ESEF/NL/0/vlk-2022-12-31-en.zip,0
724500DCJ9MPG74JEH91-2021-12-31-ESEF-NL-0,724500DCJ9MPG74JEH91,Pharming Group N.V.,NL,2021-12-31,2022-04-13 00:00:00,https://filings.xbrl.org/724500DCJ9MPG74JEH91/2021-12-31/ESEF/NL/0/pharm-2021-12-31-en.json,https://filings.xbrl.org/724500DCJ9MPG74JEH91/2021-12-31/ESEF/NL/0/pharm-2021-12-31-en.zip,0
724500DCJ9MPG74JEH91-2022-12-31-ESEF-NL-0,724500DCJ9MPG74JEH91,Pharming Group N.V.,NL,2022-12-31,2023-04-18 11:39:11.190895,https://filings.xbrl.org/724500DCJ9MPG74JEH91/2022-12-31/ESEF/NL/0/pharm-2022-12-31-en.json,https://filings.xbrl.org/724500DCJ9MPG74JEH91/2022-12-31/ESEF/NL/0/pharm-2022-12-31-en.zip,0
724500DP8SZN3NBQKC44-2021-12-31-ESEF-NL-0,724500DP8SZN3NBQKC44,DGB Group N.V.,NL,2021-12-31,2022-06-01 00:00:00,https://filings.xbrl.org/724500DP8SZN3NBQKC44/2021-12-31/ESEF/NL/0/724500DP8SZN3NBQKC44-2021-12-31-en.json,https://filings.xbrl.org/724500DP8SZN3NBQKC44/2021-12-31/ESEF/NL/0/724500DP8SZN3NBQKC44-2021-12-31-en.zip,0
724500DP8SZN3NBQKC44-2022-12-31-ESEF-NL-0,724500DP8SZN3NBQKC44,DGB Group N.V.,NL,2022-12-31,2023-05-16 14:46:13.068873,https://filings.xbrl.org/724500DP8SZN3NBQKC44/2022-12-31/ESEF/NL/0/724500DP8SZN3NBQKC44-2022-12-31-en.json,https://filings.xbrl.org/724500DP8SZN3NBQKC44/2022-12-31/ESEF/NL/0/724500DP8SZN3NBQKC44-2022-12-31-en.zip,0
724500DP8SZN3NBQKC44-2022-12-31-ESEF-NL-1,724500DP8SZN3NBQKC44,DGB Group N.V.,NL,2022-12-31,2024-03-26 12:34:48.446951,https://filings.xbrl.org/724500DP8SZN3NBQKC44/2022-12-31/ESEF/NL/1/724500DP8SZN3NBQKC44-2022-12-31-en.json,https://filings.xbrl.org/724500DP8SZN3NBQKC44/2022-12-31/ESEF/NL/1/724500DP8SZN3NBQKC44-2022-12-31-en.zip,0
724500E5WW4731JJ4G46-2021-12-31-ESEF-NL-0,724500E5WW4731JJ4G46,Avantium N.V.,NL,2021-12-31,2022-03-24 00:00:00,https://filings.xbrl.org/724500E5WW4731JJ4G46/2021-12-31/ESEF/NL/0/avantium-2021-12-31-en.json,https://filings.xbrl.org/724500E5WW4731JJ4G46/2021-12-31/ESEF/NL/0/avantium-2021-12-31-en.zip,0
724500E5WW4731JJ4G46-2022-12-31-ESEF-NL-0,724500E5WW4731JJ4G46,Avantium N.V.,NL,2022-12-31,2023-03-28 11:25:54.364099,https://filings.xbrl.org/724500E5WW4731JJ4G46/2022-12-31/ESEF/NL/0/avantium-2022-12-31-en.json,https://filings.xbrl.org/724500E5WW4731JJ4G46/2022-12-31/ESEF/NL/0/avantium-2022-12-31-en.zip,0
724500EHG519SE5ZRT89-2020-12-31-ESEF-NL-0,724500EHG519SE5ZRT89,JDE Peet's N.V.,NL,2020-12-31,2021-05-18 00:00:00,https://filings.xbrl.org/724500EHG519SE5ZRT89/2020-12-31/ESEF/NL/0/jdep-2020-12-31.json,https://filings.xbrl.org/724500EHG519SE5ZRT89/2020-12-31/ESEF/NL/0/jdep-2020-12-31.zip,0
724500EHG519SE5ZRT89-2021-12-31-ESEF-NL-0,724500EHG519SE5ZRT89,JDE Peet's N.V.,NL,2021-12-31,2022-03-29 00:00:00,https://filings.xbrl.org/724500EHG519SE5ZRT89/2021-12-31/ESEF/NL/0/jdep-2021-12-31-en.json,https://filings.xbrl.org/724500EHG519SE5ZRT89/2021-12-31/ESEF/NL/0/jdep-2021-12-31-en.zip,0
724500EHG519SE5ZRT89-2022-12-31-ESEF-NL-0,724500EHG519SE5ZRT89,JDE Peet's N.V.,NL,2022-12-31,2023-03-14 10:41:28.789536,https://filings.xbrl.org/724500EHG519SE5ZRT89/2022-12-31/ESEF/NL/0/jdep-2022-12-31-en.json,https://filings.xbrl.org/724500EHG519SE5ZRT89/2022-12-31/ESEF/NL/0/jdep-2022-12-31-en.zip,0
724500FLODI49NSCIP70-2021-12-31-ESEF-NL-0,724500FLODI49NSCIP70,Technip Energies N.V.,NL,2021-12-31,2022-03-22 00:00:00,https://filings.xbrl.org/724500FLODI49NSCIP70/2021-12-31/ESEF/NL/0/ten-2021-12-31-en.json,https://filings.xbrl.org/724500FLODI49NSCIP70/2021-12-31/ESEF/NL/0/ten-2021-12-31-en.zip,0
724500FLODI49NSCIP70-2022-12-31-ESEF-NL-0,724500FLODI49NSCIP70,Technip Energies N.V.,NL,2022-12-31,2023-03-14 10:40:27.571602,https://filings.xbrl.org/724500FLODI49NSCIP70/2022-12-31/ESEF/NL/0/ten-2022-12-31-en.json,https://filings.xbrl.org/724500FLODI49NSCIP70/2022-12-31/ESEF/NL/0/ten-2022-12-31-en.zip,0
724500FVZIBSSQ7SHI95-2021-12-31-ESEF-GB-0,724500FVZIBSSQ7SHI95,Just Eat Takeaway.com N.V.,GB,2021-12-31,2022-03-08 00:00:00,https://filings.xbrl.org/724500FVZIBSSQ7SHI95/2021-12-31/ESEF/GB/0/724500FVZIBSSQ7SHI95-2021-12-31-T01.json,https://filings.xbrl.org/724500FVZIBSSQ7SHI95/2021-12-31/ESEF/GB/0/724500FVZIBSSQ7SHI95-2021-12-31.zip,0
724500FVZIBSSQ7SHI95-2021-12-31-ESEF-NL-0,724500FVZIBSSQ7SHI95,Just Eat Takeaway.com N.V.,NL,2021-12-31,2022-03-16 00:00:00,https://filings.xbrl.org/724500FVZIBSSQ7SHI95/2021-12-31/ESEF/NL/0/724500FVZIBSSQ7SHI95-2021-12-31-en.json,https://filings.xbrl.org/724500FVZIBSSQ7SHI95/2021-12-31/ESEF/NL/0/724500FVZIBSSQ7SHI95-2021-12-31-en.zip,0
724500FVZIBSSQ7SHI95-2022-12-31-ESEF-GB-0,724500FVZIBSSQ7SHI95,Just Eat Takeaway.com N.V.,GB,2022-12-31,2023-03-02 10:05:32.622098,https://filings.xbrl.org/724500FVZIBSSQ7SHI95/2022-12-31/ESEF/GB/0/724500FVZIBSSQ7SHI95-2022-12-31-T01.json,https://filings.xbrl.org/724500FVZIBSSQ7SHI95/2022-12-31/ESEF/GB/0/724500FVZIBSSQ7SHI95-2022-12-31.zip,0
724500FVZIBSSQ7SHI95-2022-12-31-ESEF-NL-0,724500FVZIBSSQ7SHI95,Just Eat Takeaway.com N.V.,NL,2022-12-31,2023-03-02 10:03:14.021795,https://filings.xbrl.org/724500FVZIBSSQ7SHI95/2022-12-31/ESEF/NL/0/724500FVZIBSSQ7SHI95-2022-12-31-en.json,https://filings.xbrl.org/724500FVZIBSSQ7SHI95/2022-12-31/ESEF/NL/0/724500FVZIBSSQ7SHI95-2022-12-31-en.zip,0
724500G36285VC273D97-2022-12-31-ESEF-NL-0,724500G36285VC273D97,Ease2pay N.V.,NL,2022-12-31,2023-11-15 11:10:51.115409,https://filings.xbrl.org/724500G36285VC273D97/2022-12-31/ESEF/NL/0/724500G36285VC273D97-2022-12-31-en.json,https://filings.xbrl.org/724500G36285VC273D97/2022-12-31/ESEF/NL/0/724500G36285VC273D97-2022-12-31-en.zip,0
724500GJBUL3D9TW9Y18-2021-12-31-ESEF-NL-0,724500GJBUL3D9TW9Y18,Universal Music Group N.V.,NL,2021-12-31,2022-05-17 00:00:00,https://filings.xbrl.org/724500GJBUL3D9TW9Y18/2021-12-31/ESEF/NL/0/universalmusicgroup-2021-12-31-en.json,https://filings.xbrl.org/724500GJBUL3D9TW9Y18/2021-12-31/ESEF/NL/0/universalmusicgroup-2021-12-31-en.zip,0
724500GJBUL3D9TW9Y18-2022-12-31-ESEF-NL-0,724500GJBUL3D9TW9Y18,Universal Music Group N.V.,NL,2022-12-31,2023-04-04 21:50:34.536596,https://filings.xbrl.org/724500GJBUL3D9TW9Y18/2022-12-31/ESEF/NL/0/724500GJBUL3D9TW9Y18-2022-12-31-en.json,https://filings.xbrl.org/724500GJBUL3D9TW9Y18/2022-12-31/ESEF/NL/0/724500GJBUL3D9TW9Y18-2022-12-31-en.zip,0
724500HDW6IWR9J5YT90-2021-12-31-ESEF-NL-0,724500HDW6IWR9J5YT90,Alfen N.V.,NL,2021-12-31,2022-03-16 00:00:00,https://filings.xbrl.org/724500HDW6IWR9J5YT90/2021-12-31/ESEF/NL/0/alf-2021-12-31-en.json,https://filings.xbrl.org/724500HDW6IWR9J5YT90/2021-12-31/ESEF/NL/0/alf-2021-12-31-en.zip,0
724500HDW6IWR9J5YT90-2022-12-31-ESEF-NL-0,724500HDW6IWR9J5YT90,Alfen N.V.,NL,2022-12-31,2023-02-16 14:34:11.077724,https://filings.xbrl.org/724500HDW6IWR9J5YT90/2022-12-31/ESEF/NL/0/alf-2022-12-31-en.json,https://filings.xbrl.org/724500HDW6IWR9J5YT90/2022-12-31/ESEF/NL/0/alf-2022-12-31-en.zip,0
724500HUXGTQC07CAZ61-2021-12-31-ESEF-NL-0,724500HUXGTQC07CAZ61,Basic-Fit N.V.,NL,2021-12-31,2022-03-16 00:00:00,https://filings.xbrl.org/724500HUXGTQC07CAZ61/2021-12-31/ESEF/NL/0/724500HUXGTQC07CAZ61-2021-12-31-en.json,https://filings.xbrl.org/724500HUXGTQC07CAZ61/2021-12-31/ESEF/NL/0/724500HUXGTQC07CAZ61-2021-12-31-en.zip,0
724500HUXGTQC07CAZ61-2022-12-31-ESEF-NL-0,724500HUXGTQC07CAZ61,Basic-Fit N.V.,NL,2022-12-31,2023-03-14 10:40:04.373489,https://filings.xbrl.org/724500HUXGTQC07CAZ61/2022-12-31/ESEF/NL/0/724500HUXGTQC07CAZ61-2022-12-31.json,https://filings.xbrl.org/724500HUXGTQC07CAZ61/2022-12-31/ESEF/NL/0/724500HUXGTQC07CAZ61-2022-12-31.zip,0
724500I77C30W2LZZJ03-2022-12-31-ESEF-NL-0,724500I77C30W2LZZJ03,NSI N.V.,NL,2022-12-31,2023-04-18 11:39:01.695050,https://filings.xbrl.org/724500I77C30W2LZZJ03/2022-12-31/ESEF/NL/0/724500I77C30W2LZZJ03-2022-12-31-en.json,https://filings.xbrl.org/724500I77C30W2LZZJ03/2022-12-31/ESEF/NL/0/724500I77C30W2LZZJ03-2022-12-31-en.zip,0
724500IS1M4H9S4SDD39-2022-09-30-ESEF-NL-0,724500IS1M4H9S4SDD39,ER Capital N.V.,NL,2022-09-30,2022-12-08 00:00:00,https://filings.xbrl.org/724500IS1M4H9S4SDD39/2022-09-30/ESEF/NL/0/724500IS1M4H9S4SDD39-2022-09-30.json,https://filings.xbrl.org/724500IS1M4H9S4SDD39/2022-09-30/ESEF/NL/0/724500IS1M4H9S4SDD39-2022-09-30.zip,0
724500J0BPD5CLHCK040-2020-12-31-ESEF-NL-0,724500J0BPD5CLHCK040,Sif Holding N.V.,NL,2020-12-31,2021-05-20 00:00:00,https://filings.xbrl.org/724500J0BPD5CLHCK040/2020-12-31/ESEF/NL/0/724500J0BPD5CLHCK040-2020-12-31.json,https://filings.xbrl.org/724500J0BPD5CLHCK040/2020-12-31/ESEF/NL/0/724500J0BPD5CLHCK040-2020-12-31.zip,0
724500J0BPD5CLHCK040-2021-12-31-ESEF-NL-0,724500J0BPD5CLHCK040,Sif Holding N.V.,NL,2021-12-31,2022-03-22 00:00:00,https://filings.xbrl.org/724500J0BPD5CLHCK040/2021-12-31/ESEF/NL/0/724500J0BPD5CLHCK040-2021-12-31-en.json,https://filings.xbrl.org/724500J0BPD5CLHCK040/2021-12-31/ESEF/NL/0/724500J0BPD5CLHCK040-2021-12-31-en.zip,0
724500J0BPD5CLHCK040-2022-12-31-ESEF-NL-0,724500J0BPD5CLHCK040,Sif Holding N.V.,NL,2022-12-31,2023-04-04 21:50:37.909837,https://filings.xbrl.org/724500J0BPD5CLHCK040/2022-12-31/ESEF/NL/0/724500J0BPD5CLHCK040-2022-12-31-en.json,https://filings.xbrl.org/724500J0BPD5CLHCK040/2022-12-31/ESEF/NL/0/724500J0BPD5CLHCK040-2022-12-31-en.zip,0
724500J0ITXIWK2CJX62-2021-12-31-ESEF-NL-0,724500J0ITXIWK2CJX62,N.V. Bever Holding,NL,2021-12-31,2022-08-17 00:00:00,https://filings.xbrl.org/724500J0ITXIWK2CJX62/2021-12-31/ESEF/NL/0/724500J0ITXIWK2CJX62-2021-12-31-T01.json,https://filings.xbrl.org/724500J0ITXIWK2CJX62/2021-12-31/ESEF/NL/0/724500J0ITXIWK2CJX62-2021-12-31.zip,0
724500J0ITXIWK2CJX62-2022-12-31-ESEF-NL-0,724500J0ITXIWK2CJX62,N.V. Bever Holding,NL,2022-12-31,2023-05-31 11:25:04.722238,https://filings.xbrl.org/724500J0ITXIWK2CJX62/2022-12-31/ESEF/NL/0/724500J0ITXIWK2CJX62-2022-12-31-T01.json,https://filings.xbrl.org/724500J0ITXIWK2CJX62/2022-12-31/ESEF/NL/0/724500J0ITXIWK2CJX62-2022-12-31.zip,0
724500K5PTPSST86UQ23-2021-12-31-ESEF-NL-0,724500K5PTPSST86UQ23,Heineken N.V.,NL,2021-12-31,2022-03-16 00:00:00,https://filings.xbrl.org/724500K5PTPSST86UQ23/2021-12-31/ESEF/NL/0/heia-2021-12-31-en.json,https://filings.xbrl.org/724500K5PTPSST86UQ23/2021-12-31/ESEF/NL/0/heia-2021-12-31-en.zip,0
724500K5PTPSST86UQ23-2022-12-31-ESEF-NL-0,724500K5PTPSST86UQ23,Heineken N.V.,NL,2022-12-31,2023-02-28 10:18:43.569481,https://filings.xbrl.org/724500K5PTPSST86UQ23/2022-12-31/ESEF/NL/0/heia-2022-12-31-en.json,https://filings.xbrl.org/724500K5PTPSST86UQ23/2022-12-31/ESEF/NL/0/heia-2022-12-31-en.zip,0
724500KCD67FSNA3M269-2022-03-31-ESEF-NL-0,724500KCD67FSNA3M269,Lucas Bols N.V.,NL,2022-03-31,2022-05-26 00:00:00,https://filings.xbrl.org/724500KCD67FSNA3M269/2022-03-31/ESEF/NL/0/724500KCD67FSNA3M269-2022-03-31-en.json,https://filings.xbrl.org/724500KCD67FSNA3M269/2022-03-31/ESEF/NL/0/724500KCD67FSNA3M269-2022-03-31-en.zip,0
724500KT5PE9BZOF6F18-2021-12-31-ESEF-NL-0,724500KT5PE9BZOF6F18,RoodMicrotec N.V.,NL,2021-12-31,2023-01-18 14:06:43.619583,https://filings.xbrl.org/724500KT5PE9BZOF6F18/2021-12-31/ESEF/NL/0/rood-2021-12-31-en.json,https://filings.xbrl.org/724500KT5PE9BZOF6F18/2021-12-31/ESEF/NL/0/rood-2021-12-31-en.zip,0
724500KT5PE9BZOF6F18-2022-12-31-ESEF-NL-0,724500KT5PE9BZOF6F18,RoodMicrotec N.V.,NL,2022-12-31,2023-04-25 09:55:12.858897,https://filings.xbrl.org/724500KT5PE9BZOF6F18/2022-12-31/ESEF/NL/0/rood-2022-12-31-en.json,https://filings.xbrl.org/724500KT5PE9BZOF6F18/2022-12-31/ESEF/NL/0/rood-2022-12-31-en.zip,0
724500LTUWK3JQG63903-2020-12-31-ESEF-NL-0,724500LTUWK3JQG63903,TenneT Holding B.V.,NL,2020-12-31,2021-05-20 00:00:00,https://filings.xbrl.org/724500LTUWK3JQG63903/2020-12-31/ESEF/NL/0/TENN-2020-12-31.json,https://filings.xbrl.org/724500LTUWK3JQG63903/2020-12-31/ESEF/NL/0/TENN-2020-12-31.zip,0
724500LTUWK3JQG63903-2021-12-31-ESEF-NL-0,724500LTUWK3JQG63903,TenneT Holding B.V.,NL,2021-12-31,2022-03-22 00:00:00,https://filings.xbrl.org/724500LTUWK3JQG63903/2021-12-31/ESEF/NL/0/724500LTUWK3JQG63903-2021-12-31-en.json,https://filings.xbrl.org/724500LTUWK3JQG63903/2021-12-31/ESEF/NL/0/724500LTUWK3JQG63903-2021-12-31-en.zip,0
724500LTUWK3JQG63903-2022-12-31-ESEF-NL-0,724500LTUWK3JQG63903,TenneT Holding B.V.,NL,2022-12-31,2023-03-14 10:40:05.268391,https://filings.xbrl.org/724500LTUWK3JQG63903/2022-12-31/ESEF/NL/0/724500LTUWK3JQG63903-2022-12-31-en.json,https://filings.xbrl.org/724500LTUWK3JQG63903/2022-12-31/ESEF/NL/0/724500LTUWK3JQG63903-2022-12-31-en.zip,0
724500M1WJLFM9TYBS04-2021-12-31-ESEF-NL-0,724500M1WJLFM9TYBS04,Heineken Holding N.V.,NL,2021-12-31,2022-03-16 00:00:00,https://filings.xbrl.org/724500M1WJLFM9TYBS04/2021-12-31/ESEF/NL/0/heiho-2021-12-31-en.json,https://filings.xbrl.org/724500M1WJLFM9TYBS04/2021-12-31/ESEF/NL/0/heiho-2021-12-31-en.zip,0
724500M1WJLFM9TYBS04-2022-12-31-ESEF-NL-0,724500M1WJLFM9TYBS04,Heineken Holding N.V.,NL,2022-12-31,2023-02-28 10:18:35.076626,https://filings.xbrl.org/724500M1WJLFM9TYBS04/2022-12-31/ESEF/NL/0/heiho-2022-12-31-en.json,https://filings.xbrl.org/724500M1WJLFM9TYBS04/2022-12-31/ESEF/NL/0/heiho-2022-12-31-en.zip,0
724500NSJPNFJPDAUP02-2021-12-31-ESEF-NL-0,724500NSJPNFJPDAUP02,IMCD N.V.,NL,2021-12-31,2022-03-16 00:00:00,https://filings.xbrl.org/724500NSJPNFJPDAUP02/2021-12-31/ESEF/NL/0/IMCD-2021-12-31.json,https://filings.xbrl.org/724500NSJPNFJPDAUP02/2021-12-31/ESEF/NL/0/IMCD-2021-12-31.zip,0
724500NSJPNFJPDAUP02-2022-12-31-ESEF-NL-0,724500NSJPNFJPDAUP02,IMCD N.V.,NL,2022-12-31,2023-02-28 10:18:25.127036,https://filings.xbrl.org/724500NSJPNFJPDAUP02/2022-12-31/ESEF/NL/0/IMCD-2022-12-31.json,https://filings.xbrl.org/724500NSJPNFJPDAUP02/2022-12-31/ESEF/NL/0/IMCD-2022-12-31.zip,0
724500OHYNDT9OY6Q215-2021-12-31-ESEF-NL-0,724500OHYNDT9OY6Q215,NN Group N.V.,NL,2021-12-31,2022-03-16 00:00:00,https://filings.xbrl.org/724500OHYNDT9OY6Q215/2021-12-31/ESEF/NL/0/nngroupnv-2021-12-31-en.json,https://filings.xbrl.org/724500OHYNDT9OY6Q215/2021-12-31/ESEF/NL/0/nngroupnv-2021-12-31-en.zip,0
724500OHYNDT9OY6Q215-2022-12-31-ESEF-NL-0,724500OHYNDT9OY6Q215,NN Group N.V.,NL,2022-12-31,2023-03-14 10:41:32.413585,https://filings.xbrl.org/724500OHYNDT9OY6Q215/2022-12-31/ESEF/NL/0/nn-gr-2022-12-31-en.json,https://filings.xbrl.org/724500OHYNDT9OY6Q215/2022-12-31/ESEF/NL/0/724500OHYNDT9OY6Q215.zip,0
724500OUE3PCA809DZ79-2021-12-31-ESEF-NL-0,724500OUE3PCA809DZ79,Koninklijke Heijmans N.V.,NL,2021-12-31,2022-03-16 00:00:00,https://filings.xbrl.org/724500OUE3PCA809DZ79/2021-12-31/ESEF/NL/0/724500OUE3PCA809DZ79-2021-12-31-nl.json,https://filings.xbrl.org/724500OUE3PCA809DZ79/2021-12-31/ESEF/NL/0/724500OUE3PCA809DZ79-2021-12-31-nl.zip,0
724500OUE3PCA809DZ79-2022-12-31-ESEF-NL-0,724500OUE3PCA809DZ79,Koninklijke Heijmans N.V.,NL,2022-12-31,2023-02-21 10:33:00.542908,https://filings.xbrl.org/724500OUE3PCA809DZ79/2022-12-31/ESEF/NL/0/Heijmans_NV-2022-12-31.json,https://filings.xbrl.org/724500OUE3PCA809DZ79/2022-12-31/ESEF/NL/0/Heijmans_NV-2022-12-31.zip,0
724500PZHSQTJODTGY09-2020-12-31-ESEF-NL-0,724500PZHSQTJODTGY09,Accell Group N.V.,NL,2020-12-31,2021-05-20 00:00:00,https://filings.xbrl.org/724500PZHSQTJODTGY09/2020-12-31/ESEF/NL/0/724500PZHSQTJODTGY09-2020-12-31.json,https://filings.xbrl.org/724500PZHSQTJODTGY09/2020-12-31/ESEF/NL/0/724500PZHSQTJODTGY09-2020-12-31.zip,0
724500PZHSQTJODTGY09-2021-12-31-ESEF-NL-0,724500PZHSQTJODTGY09,Accell Group N.V.,NL,2021-12-31,2022-03-16 00:00:00,https://filings.xbrl.org/724500PZHSQTJODTGY09/2021-12-31/ESEF/NL/0/724500PZHSQTJODTGY09-2021-12-31-en.json,https://filings.xbrl.org/724500PZHSQTJODTGY09/2021-12-31/ESEF/NL/0/724500PZHSQTJODTGY09-2021-12-31-en.zip,0
724500Q41FHN0P1GPC53-2021-12-31-ESEF-NL-0,724500Q41FHN0P1GPC53,PostNL N.V.,NL,2021-12-31,2022-03-16 00:00:00,https://filings.xbrl.org/724500Q41FHN0P1GPC53/2021-12-31/ESEF/NL/0/POST-2021-12-31.json,https://filings.xbrl.org/724500Q41FHN0P1GPC53/2021-12-31/ESEF/NL/0/POST-2021-12-31.zip,0
724500Q41FHN0P1GPC53-2022-12-31-ESEF-NL-0,724500Q41FHN0P1GPC53,PostNL N.V.,NL,2022-12-31,2023-02-28 10:18:20.492417,https://filings.xbrl.org/724500Q41FHN0P1GPC53/2022-12-31/ESEF/NL/0/POST-2022-12-31.json,https://filings.xbrl.org/724500Q41FHN0P1GPC53/2022-12-31/ESEF/NL/0/POST-2022-12-31.zip,0
724500QDJRUMSPRDHW25-2021-12-31-ESEF-NL-0,724500QDJRUMSPRDHW25,CM.com N.V.,NL,2021-12-31,2022-03-16 00:00:00,https://filings.xbrl.org/724500QDJRUMSPRDHW25/2021-12-31/ESEF/NL/0/724500QDJRUMSPRDHW25-2021-12-31-en.json,https://filings.xbrl.org/724500QDJRUMSPRDHW25/2021-12-31/ESEF/NL/0/724500QDJRUMSPRDHW25-2021-12-31-en.zip,0
724500QDJRUMSPRDHW25-2022-12-31-ESEF-NL-0,724500QDJRUMSPRDHW25,CM.com N.V.,NL,2022-12-31,2023-03-14 10:41:55.181796,https://filings.xbrl.org/724500QDJRUMSPRDHW25/2022-12-31/ESEF/NL/0/724500QDJRUMSPRDHW25-2022-12-31.json,https://filings.xbrl.org/724500QDJRUMSPRDHW25/2022-12-31/ESEF/NL/0/724500QDJRUMSPRDHW25-2022-12-31.zip,0
724500QJ4QSZ3H9QU415-2021-12-31-ESEF-NL-0,724500QJ4QSZ3H9QU415,Euronext N.V.,NL,2021-12-31,2022-04-05 00:00:00,https://filings.xbrl.org/724500QJ4QSZ3H9QU415/2021-12-31/ESEF/NL/0/eur-2021-12-31-en.json,https://filings.xbrl.org/724500QJ4QSZ3H9QU415/2021-12-31/ESEF/NL/0/eur-2021-12-31-en.zip,0
724500QJ4QSZ3H9QU415-2022-12-31-ESEF-NL-0,724500QJ4QSZ3H9QU415,Euronext N.V.,NL,2022-12-31,2023-04-04 21:50:42.131420,https://filings.xbrl.org/724500QJ4QSZ3H9QU415/2022-12-31/ESEF/NL/0/eur-2022-12-31-en.json,https://filings.xbrl.org/724500QJ4QSZ3H9QU415/2022-12-31/ESEF/NL/0/eur-2022-12-31-en.zip,0
724500QLFWTRHA3K0440-2022-06-30-ESEF-NL-0,724500QLFWTRHA3K0440,AFC Ajax N.V.,NL,2022-06-30,2022-10-05 00:00:00,https://filings.xbrl.org/724500QLFWTRHA3K0440/2022-06-30/ESEF/NL/0/724500QLFWTRHA3K0440-2022-06-30.json,https://filings.xbrl.org/724500QLFWTRHA3K0440/2022-06-30/ESEF/NL/0/724500QLFWTRHA3K0440-2022-06-30.zip,0
724500S2QABOWHX6MM18-2022-12-31-ESEF-NL-0,724500S2QABOWHX6MM18,Almunda Professionals N.V.,NL,2022-12-31,2023-05-02 12:20:06.919507,https://filings.xbrl.org/724500S2QABOWHX6MM18/2022-12-31/ESEF/NL/0/Almunda_Professional-2022-12-31.json,https://filings.xbrl.org/724500S2QABOWHX6MM18/2022-12-31/ESEF/NL/0/Almunda_Professional-2022-12-31.zip,0
724500SABXCV6OPXR277-2022-12-31-ESEF-NL-0,724500SABXCV6OPXR277,Arcona Property Fund N.V.,NL,2022-12-31,2023-05-02 12:19:59.064593,https://filings.xbrl.org/724500SABXCV6OPXR277/2022-12-31/ESEF/NL/0/724500SABXCV6OPXR277-2022-12-31-en.json,https://filings.xbrl.org/724500SABXCV6OPXR277/2022-12-31/ESEF/NL/0/724500SABXCV6OPXR277-2022-12-31-en.zip,0
724500SFK53FPNM68L95-2021-12-31-ESEF-NL-0,724500SFK53FPNM68L95,Eurocommercial Properties N.V.,NL,2021-12-31,2023-01-18 14:06:59.306917,https://filings.xbrl.org/724500SFK53FPNM68L95/2021-12-31/ESEF/NL/0/724500SFK53FPNM68L95-2021-12-31-en.json,https://filings.xbrl.org/724500SFK53FPNM68L95/2021-12-31/ESEF/NL/0/724500SFK53FPNM68L95-2021-12-31-en.zip,0
724500SFK53FPNM68L95-2022-12-31-ESEF-NL-0,724500SFK53FPNM68L95,Eurocommercial Properties N.V.,NL,2022-12-31,2023-04-20 11:09:03.553709,https://filings.xbrl.org/724500SFK53FPNM68L95/2022-12-31/ESEF/NL/0/724500SFK53FPNM68L95-2022-12-31-en.json,https://filings.xbrl.org/724500SFK53FPNM68L95/2022-12-31/ESEF/NL/0/724500SFK53FPNM68L95-2022-12-31-en.zip,0
724500TEM53I0U077B74-2021-12-31-ESEF-NL-0,724500TEM53I0U077B74,Wolters Kluwer N.V.,NL,2021-12-31,2022-03-16 00:00:00,https://filings.xbrl.org/724500TEM53I0U077B74/2021-12-31/ESEF/NL/0/wolt-2021-12-31-en.json,https://filings.xbrl.org/724500TEM53I0U077B74/2021-12-31/ESEF/NL/0/wolt-2021-12-31-en.zip,0
724500TEM53I0U077B74-2022-12-31-ESEF-NL-0,724500TEM53I0U077B74,Wolters Kluwer N.V.,NL,2022-12-31,2023-03-14 10:41:40.136131,https://filings.xbrl.org/724500TEM53I0U077B74/2022-12-31/ESEF/NL/0/wolt-2022-12-31-en.json,https://filings.xbrl.org/724500TEM53I0U077B74/2022-12-31/ESEF/NL/0/wolt-2022-12-31-en.zip,0
724500UL634GFV1KYF10-2020-12-31-ESEF-NL-0,724500UL634GFV1KYF10,Koninklijke Vopak N.V.,NL,2020-12-31,2021-05-18 00:00:00,https://filings.xbrl.org/724500UL634GFV1KYF10/2020-12-31/ESEF/NL/0/724500UL634GFV1KYF10-2020-12-31.json,https://filings.xbrl.org/724500UL634GFV1KYF10/2020-12-31/ESEF/NL/0/724500UL634GFV1KYF10-2020-12-31.zip,0
724500UL634GFV1KYF10-2021-12-31-ESEF-NL-0,724500UL634GFV1KYF10,Koninklijke Vopak N.V.,NL,2021-12-31,2022-03-16 00:00:00,https://filings.xbrl.org/724500UL634GFV1KYF10/2021-12-31/ESEF/NL/0/724500UL634GFV1KYF10-2021-12-31-en.json,https://filings.xbrl.org/724500UL634GFV1KYF10/2021-12-31/ESEF/NL/0/724500UL634GFV1KYF10-2021-12-31-en.zip,0
724500UL634GFV1KYF10-2022-12-31-ESEF-NL-0,724500UL634GFV1KYF10,Koninklijke Vopak N.V.,NL,2022-12-31,2023-02-21 10:33:02.261541,https://filings.xbrl.org/724500UL634GFV1KYF10/2022-12-31/ESEF/NL/0/724500UL634GFV1KYF10-2022-12-31-en.json,https://filings.xbrl.org/724500UL634GFV1KYF10/2022-12-31/ESEF/NL/0/724500UL634GFV1KYF10-2022-12-31-en.zip,0
724500V38C5KTDY5BS93-2021-12-31-ESEF-NL-0,724500V38C5KTDY5BS93,Koninklijke BAM Groep N.V.,NL,2021-12-31,2023-01-18 14:06:52.771154,https://filings.xbrl.org/724500V38C5KTDY5BS93/2021-12-31/ESEF/NL/0/koninklijkebamgroep-2021-12-31-en.json,https://filings.xbrl.org/724500V38C5KTDY5BS93/2021-12-31/ESEF/NL/0/koninklijkebamgroep-2021-12-31-en.zip,0
724500V38C5KTDY5BS93-2022-12-31-ESEF-NL-0,724500V38C5KTDY5BS93,Koninklijke BAM Groep N.V.,NL,2022-12-31,2023-03-14 10:41:45.687483,https://filings.xbrl.org/724500V38C5KTDY5BS93/2022-12-31/ESEF/NL/0/724500V38C5KTDY5BS93-2022-12-31-en.json,https://filings.xbrl.org/724500V38C5KTDY5BS93/2022-12-31/ESEF/NL/0/724500V38C5KTDY5BS93-2022-12-31-en.zip,0
724500VQOX7IXG7RJM76-2021-12-31-ESEF-NL-0,724500VQOX7IXG7RJM76,Alumexx N.V.,NL,2021-12-31,2023-01-18 14:06:45.253325,https://filings.xbrl.org/724500VQOX7IXG7RJM76/2021-12-31/ESEF/NL/0/724500VQOX7IXG7RJM76-2021-12-31-nl.json,https://filings.xbrl.org/724500VQOX7IXG7RJM76/2021-12-31/ESEF/NL/0/724500VQOX7IXG7RJM76-2021-12-31-nl.zip,0
724500VQOX7IXG7RJM76-2022-12-31-ESEF-NL-0,724500VQOX7IXG7RJM76,Alumexx N.V.,NL,2022-12-31,2023-03-28 11:25:30.234141,https://filings.xbrl.org/724500VQOX7IXG7RJM76/2022-12-31/ESEF/NL/0/724500VQOX7IXG7RJM76-2022-12-31-nl.json,https://filings.xbrl.org/724500VQOX7IXG7RJM76/2022-12-31/ESEF/NL/0/724500VQOX7IXG7RJM76-2022-12-31-nl.zip,0
724500W1FESNTNY5DL70-2020-12-31-ESEF-NL-0,724500W1FESNTNY5DL70,Koninklijke Boskalis Westminster N.V.,NL,2020-12-31,2021-05-20 00:00:00,https://filings.xbrl.org/724500W1FESNTNY5DL70/2020-12-31/ESEF/NL/0/ROYA-2020-12-31.json,https://filings.xbrl.org/724500W1FESNTNY5DL70/2020-12-31/ESEF/NL/0/ROYA-2020-12-31.zip,0
724500W1FESNTNY5DL70-2021-12-31-ESEF-NL-0,724500W1FESNTNY5DL70,Koninklijke Boskalis Westminster N.V.,NL,2021-12-31,2022-03-16 00:00:00,https://filings.xbrl.org/724500W1FESNTNY5DL70/2021-12-31/ESEF/NL/0/724500W1FESNTNY5DL70-2021-12-31-en.json,https://filings.xbrl.org/724500W1FESNTNY5DL70/2021-12-31/ESEF/NL/0/ROYA-2021-12-31.zip,0
724500WAU923OTVC7M86-2021-12-31-ESEF-NL-0,724500WAU923OTVC7M86,TomTom N.V.,NL,2021-12-31,2022-03-16 00:00:00,https://filings.xbrl.org/724500WAU923OTVC7M86/2021-12-31/ESEF/NL/0/tom-2021-12-31-en.json,https://filings.xbrl.org/724500WAU923OTVC7M86/2021-12-31/ESEF/NL/0/tom-2021-12-31-en.zip,0
724500WAU923OTVC7M86-2022-12-31-ESEF-NL-0,724500WAU923OTVC7M86,TomTom N.V.,NL,2022-12-31,2023-08-22 09:52:26.869420,https://filings.xbrl.org/724500WAU923OTVC7M86/2022-12-31/ESEF/NL/0/tom-2022-12-31-en.json,https://filings.xbrl.org/724500WAU923OTVC7M86/2022-12-31/ESEF/NL/0/tom-2022-12-31-en.zip,0
724500X4WAS3V33MVX37-2021-12-31-ESEF-NL-0,724500X4WAS3V33MVX37,Nedap N.V.,NL,2021-12-31,2022-03-16 00:00:00,https://filings.xbrl.org/724500X4WAS3V33MVX37/2021-12-31/ESEF/NL/0/724500X4WAS3V33MVX37-2021-12-31-nl.json,https://filings.xbrl.org/724500X4WAS3V33MVX37/2021-12-31/ESEF/NL/0/724500X4WAS3V33MVX37-2021-12-31-nl.zip,0
724500X4WAS3V33MVX37-2022-12-31-ESEF-NL-0,724500X4WAS3V33MVX37,Nedap N.V.,NL,2022-12-31,2023-02-28 10:18:52.742704,https://filings.xbrl.org/724500X4WAS3V33MVX37/2022-12-31/ESEF/NL/0/724500X4WAS3V33MVX37-2022-12-31-nl.json,https://filings.xbrl.org/724500X4WAS3V33MVX37/2022-12-31/ESEF/NL/0/724500X4WAS3V33MVX37-2022-12-31-nl.zip,0
724500XYIJUGXAA5QD70-2021-12-31-ESEF-NL-0,724500XYIJUGXAA5QD70,Akzo Nobel N.V.,NL,2021-12-31,2022-03-16 00:00:00,https://filings.xbrl.org/724500XYIJUGXAA5QD70/2021-12-31/ESEF/NL/0/724500XYIJUGXAA5QD70-2021-12-31-en.json,https://filings.xbrl.org/724500XYIJUGXAA5QD70/2021-12-31/ESEF/NL/0/724500XYIJUGXAA5QD70-2021-12-31-en.zip,0
724500XYIJUGXAA5QD70-2022-12-31-ESEF-NL-0,724500XYIJUGXAA5QD70,Akzo Nobel N.V.,NL,2022-12-31,2023-03-02 10:05:46.675045,https://filings.xbrl.org/724500XYIJUGXAA5QD70/2022-12-31/ESEF/NL/0/724500XYIJUGXAA5QD70-2022-12-31-en.json,https://filings.xbrl.org/724500XYIJUGXAA5QD70/2022-12-31/ESEF/NL/0/724500XYIJUGXAA5QD70-2022-12-31-en.zip,0
724500Y5L5UIEYCJCZ03-2021-12-31-ESEF-NL-0,724500Y5L5UIEYCJCZ03,Brunel International N.V.,NL,2021-12-31,2022-03-16 00:00:00,https://filings.xbrl.org/724500Y5L5UIEYCJCZ03/2021-12-31/ESEF/NL/0/724500Y5L5UIEYCJCZ03-2021-12-31.json,https://filings.xbrl.org/724500Y5L5UIEYCJCZ03/2021-12-31/ESEF/NL/0/724500Y5L5UIEYCJCZ03-2021-12-31.zip,0
724500Y5L5UIEYCJCZ03-2022-12-31-ESEF-NL-0,724500Y5L5UIEYCJCZ03,Brunel International N.V.,NL,2022-12-31,2023-02-21 10:32:54.054141,https://filings.xbrl.org/724500Y5L5UIEYCJCZ03/2022-12-31/ESEF/NL/0/724500Y5L5UIEYCJCZ03-2022-12-31-en.json,https://filings.xbrl.org/724500Y5L5UIEYCJCZ03/2022-12-31/ESEF/NL/0/724500Y5L5UIEYCJCZ03-2022-12-31-en.zip,0
724500Y6DUVHQD6OXN27-2021-12-31-ESEF-NL-0,724500Y6DUVHQD6OXN27,ASML Holding N.V.,NL,2021-12-31,2022-03-16 00:00:00,https://filings.xbrl.org/724500Y6DUVHQD6OXN27/2021-12-31/ESEF/NL/0/asml-2021-12-31-en.json,https://filings.xbrl.org/724500Y6DUVHQD6OXN27/2021-12-31/ESEF/NL/0/asml-2021-12-31-en.zip,0
724500Y6DUVHQD6OXN27-2022-12-31-ESEF-NL-0,724500Y6DUVHQD6OXN27,ASML Holding N.V.,NL,2022-12-31,2023-02-16 14:33:58.236220,https://filings.xbrl.org/724500Y6DUVHQD6OXN27/2022-12-31/ESEF/NL/0/asml-2022-12-31-en.json,https://filings.xbrl.org/724500Y6DUVHQD6OXN27/2022-12-31/ESEF/NL/0/asml-2022-12-31-en.zip,0
724500YEIHQKMHTXW058-2021-12-31-ESEF-NL-0,724500YEIHQKMHTXW058,ForFarmers N.V.,NL,2021-12-31,2022-03-16 00:00:00,https://filings.xbrl.org/724500YEIHQKMHTXW058/2021-12-31/ESEF/NL/0/724500YEIHQKMHTXW058-2021-12-31-nl.json,https://filings.xbrl.org/724500YEIHQKMHTXW058/2021-12-31/ESEF/NL/0/724500YEIHQKMHTXW058-2021-12-31-nl.zip,0
724500YEIHQKMHTXW058-2022-12-31-ESEF-NL-0,724500YEIHQKMHTXW058,ForFarmers N.V.,NL,2022-12-31,2023-03-14 10:41:04.730181,https://filings.xbrl.org/724500YEIHQKMHTXW058/2022-12-31/ESEF/NL/0/724500YEIHQKMHTXW058-2022-12-31-nl.json,https://filings.xbrl.org/724500YEIHQKMHTXW058/2022-12-31/ESEF/NL/0/724500YEIHQKMHTXW058-2022-12-31-nl.zip,0
724500YLB8OA6WK5CH48-2021-12-31-ESEF-NL-0,724500YLB8OA6WK5CH48,Sligro Food Group N.V.,NL,2021-12-31,2022-03-16 00:00:00,https://filings.xbrl.org/724500YLB8OA6WK5CH48/2021-12-31/ESEF/NL/0/724500YLB8OA6WK5CH48-2021-12-31-nl.json,https://filings.xbrl.org/724500YLB8OA6WK5CH48/2021-12-31/ESEF/NL/0/724500YLB8OA6WK5CH48-2021-12-31-nl.zip,0
724500YLB8OA6WK5CH48-2022-12-31-ESEF-NL-0,724500YLB8OA6WK5CH48,Sligro Food Group N.V.,NL,2022-12-31,2023-02-09 18:56:19.962585,https://filings.xbrl.org/724500YLB8OA6WK5CH48/2022-12-31/ESEF/NL/0/724500YLB8OA6WK5CH48-2022-12-31-nl.json,https://filings.xbrl.org/724500YLB8OA6WK5CH48/2022-12-31/ESEF/NL/0/724500YLB8OA6WK5CH48-2022-12-31-nl.zip,0
724500YRQCY3BD9RJZ92-2021-12-31-ESEF-NL-0,724500YRQCY3BD9RJZ92,Wereldhave N.V.,NL,2021-12-31,2022-03-16 00:00:00,https://filings.xbrl.org/724500YRQCY3BD9RJZ92/2021-12-31/ESEF/NL/0/724500YRQCY3BD9RJZ92-2021-12-31-en.json,https://filings.xbrl.org/724500YRQCY3BD9RJZ92/2021-12-31/ESEF/NL/0/724500YRQCY3BD9RJZ92-2021-12-31-en.zip,0
724500YRQCY3BD9RJZ92-2022-12-31-ESEF-NL-0,724500YRQCY3BD9RJZ92,Wereldhave N.V.,NL,2022-12-31,2023-03-14 10:40:19.853977,https://filings.xbrl.org/724500YRQCY3BD9RJZ92/2022-12-31/ESEF/NL/0/724500YRQCY3BD9RJZ92-2022-12-31-en.json,https://filings.xbrl.org/724500YRQCY3BD9RJZ92/2022-12-31/ESEF/NL/0/724500YRQCY3BD9RJZ92-2022-12-31-en.zip,0
894500WSIBBFFKHL6B32-2021-12-31-ESEF-NL-0,894500WSIBBFFKHL6B32,Ebusco Holding NV,NL,2021-12-31,2023-01-18 14:31:35.136326,https://filings.xbrl.org/894500WSIBBFFKHL6B32/2021-12-31/ESEF/NL/0/894500WSIBBFFKHL6B32-2021-12-31-en.json,https://filings.xbrl.org/894500WSIBBFFKHL6B32/2021-12-31/ESEF/NL/0/894500WSIBBFFKHL6B32-2021-12-31-en.zip,0
894500WSIBBFFKHL6B32-2022-12-31-ESEF-NL-0,894500WSIBBFFKHL6B32,Ebusco Holding NV,NL,2022-12-31,2023-03-30 16:35:25.767689,https://filings.xbrl.org/894500WSIBBFFKHL6B32/2022-12-31/ESEF/NL/0/894500WSIBBFFKHL6B32-2022-12-31-en.json,https://filings.xbrl.org/894500WSIBBFFKHL6B32/2022-12-31/ESEF/NL/0/894500WSIBBFFKHL6B32-2022-12-31-en.zip,0
8R95QZMKZLJX5Q2XR704-2022-03-31-ESEF-GB-0,8R95QZMKZLJX5Q2XR704,NATIONAL GRID PLC,GB,2022-03-31,2022-07-19 00:00:00,https://filings.xbrl.org/8R95QZMKZLJX5Q2XR704/2022-03-31/ESEF/GB/0/8R95QZMKZLJX5Q2XR704-2022-03-31-T01.json,https://filings.xbrl.org/8R95QZMKZLJX5Q2XR704/2022-03-31/ESEF/GB/0/8R95QZMKZLJX5Q2XR704-2022-03-31.zip,0
8SVCSVKSGDWMW2QHOH83-2021-12-31-ESEF-GB-0,8SVCSVKSGDWMW2QHOH83,BAE SYSTEMS PLC,GB,2021-12-31,2022-03-30 00:00:00,https://filings.xbrl.org/8SVCSVKSGDWMW2QHOH83/2021-12-31/ESEF/GB/0/8SVCSVKSGDWMW2QHOH83-2021-12-31-T01.json,https://filings.xbrl.org/8SVCSVKSGDWMW2QHOH83/2021-12-31/ESEF/GB/0/8SVCSVKSGDWMW2QHOH83-2021-12-31.zip,0
8SVCSVKSGDWMW2QHOH83-2022-12-31-ESEF-GB-0,8SVCSVKSGDWMW2QHOH83,BAE SYSTEMS PLC,GB,2022-12-31,2023-03-30 16:34:16.427751,https://filings.xbrl.org/8SVCSVKSGDWMW2QHOH83/2022-12-31/ESEF/GB/0/8SVCSVKSGDWMW2QHOH83-2022-12-31-T01.json,https://filings.xbrl.org/8SVCSVKSGDWMW2QHOH83/2022-12-31/ESEF/GB/0/8SVCSVKSGDWMW2QHOH83-2022-12-31.zip,0
9598004BR8D81D3M1D64-2022-09-30-ESEF-ES-0,9598004BR8D81D3M1D64,SIEMENS GAMESA RENEWABLE ENERGY SA,ES,2022-09-30,2023-02-15 17:20:38.266451,https://filings.xbrl.org/9598004BR8D81D3M1D64/2022-09-30/ESEF/ES/0/9598004BR8D81D3M1D64-2022-09-30-es.json,https://filings.xbrl.org/9598004BR8D81D3M1D64/2022-09-30/ESEF/ES/0/9598004BR8D81D3M1D64-2022-09-30-es.zip,0
9598005U8TZQ8Q64SC71-2021-12-31-ESEF-NL-0,9598005U8TZQ8Q64SC71,ALLFUNDS GROUP PLC,NL,2021-12-31,2022-08-02 00:00:00,https://filings.xbrl.org/9598005U8TZQ8Q64SC71/2021-12-31/ESEF/NL/0/9598005U8TZQ8Q64SC71-2021-12-31-en.json,https://filings.xbrl.org/9598005U8TZQ8Q64SC71/2021-12-31/ESEF/NL/0/9598005U8TZQ8Q64SC71-2021-12-31-en.zip,0
9598005U8TZQ8Q64SC71-2022-12-31-ESEF-NL-0,9598005U8TZQ8Q64SC71,ALLFUNDS GROUP PLC,NL,2022-12-31,2023-04-04 21:50:29.701639,https://filings.xbrl.org/9598005U8TZQ8Q64SC71/2022-12-31/ESEF/NL/0/9598005U8TZQ8Q64SC71-2022-12-31-T01.json,https://filings.xbrl.org/9598005U8TZQ8Q64SC71/2022-12-31/ESEF/NL/0/9598005U8TZQ8Q64SC71-2022-12-31.zip,0
959800TZHQRUSH1ESL13-2021-12-31-ESEF-ES-0,959800TZHQRUSH1ESL13,"INTERNATIONAL CONSOLIDATED AIRLINES GROUP, S.A.",ES,2021-12-31,2022-03-18 00:00:00,https://filings.xbrl.org/959800TZHQRUSH1ESL13/2021-12-31/ESEF/ES/0/959800TZHQRUSH1ESL13-2021-12-31-en.json,https://filings.xbrl.org/959800TZHQRUSH1ESL13/2021-12-31/ESEF/ES/0/959800TZHQRUSH1ESL13-2021-12-31-en.zip,0
959800TZHQRUSH1ESL13-2021-12-31-ESEF-GB-0,959800TZHQRUSH1ESL13,"INTERNATIONAL CONSOLIDATED AIRLINES GROUP, S.A.",GB,2021-12-31,2022-03-08 00:00:00,https://filings.xbrl.org/959800TZHQRUSH1ESL13/2021-12-31/ESEF/GB/0/959800TZHQRUSH1ESL13-2021-12-31-T01.json,https://filings.xbrl.org/959800TZHQRUSH1ESL13/2021-12-31/ESEF/GB/0/959800TZHQRUSH1ESL13-2021-12-31.zip,0
959800TZHQRUSH1ESL13-2022-12-31-ESEF-ES-0,959800TZHQRUSH1ESL13,"INTERNATIONAL CONSOLIDATED AIRLINES GROUP, S.A.",ES,2022-12-31,2023-05-09 12:21:09.675660,https://filings.xbrl.org/959800TZHQRUSH1ESL13/2022-12-31/ESEF/ES/0/959800TZHQRUSH1ESL13-2022-12-31-en.json,https://filings.xbrl.org/959800TZHQRUSH1ESL13/2022-12-31/ESEF/ES/0/959800TZHQRUSH1ESL13-2022-12-31-en.zip,0
959800TZHQRUSH1ESL13-2022-12-31-ESEF-GB-0,959800TZHQRUSH1ESL13,"INTERNATIONAL CONSOLIDATED AIRLINES GROUP, S.A.",GB,2022-12-31,2023-03-02 10:05:26.032503,https://filings.xbrl.org/959800TZHQRUSH1ESL13/2022-12-31/ESEF/GB/0/959800TZHQRUSH1ESL13-2022-12-31-T01.json,https://filings.xbrl.org/959800TZHQRUSH1ESL13/2022-12-31/ESEF/GB/0/959800TZHQRUSH1ESL13-2022-12-31.zip,0
969500081CGAXB7YS433-2021-12-31-ESEF-FR-0,969500081CGAXB7YS433,MERCIALYS,FR,2021-12-31,2022-03-23 00:00:00,https://filings.xbrl.org/969500081CGAXB7YS433/2021-12-31/ESEF/FR/0/mercialys-2021-12-31-fr.json,https://filings.xbrl.org/969500081CGAXB7YS433/2021-12-31/ESEF/FR/0/mercialys-2021-12-31-fr.zip,0
969500081CGAXB7YS433-2022-12-31-ESEF-FR-0,969500081CGAXB7YS433,MERCIALYS,FR,2022-12-31,2023-03-21 10:33:27.324386,https://filings.xbrl.org/969500081CGAXB7YS433/2022-12-31/ESEF/FR/0/mercialys-2022-12-31-fr.json,https://filings.xbrl.org/969500081CGAXB7YS433/2022-12-31/ESEF/FR/0/mercialys-2022-12-31-fr.zip,0
9695000EHMS84KKP2785-2020-12-31-ESEF-FR-0,9695000EHMS84KKP2785,ARKEMA,FR,2020-12-31,2021-05-18 00:00:00,https://filings.xbrl.org/9695000EHMS84KKP2785/2020-12-31/ESEF/FR/0/arkema-2021-12-31AR.json,https://filings.xbrl.org/9695000EHMS84KKP2785/2020-12-31/ESEF/FR/0/arkema-2021-12-31AR.zip,0
9695000EHMS84KKP2785-2021-12-31-ESEF-FR-0,9695000EHMS84KKP2785,ARKEMA,FR,2021-12-31,2022-03-30 00:00:00,https://filings.xbrl.org/9695000EHMS84KKP2785/2021-12-31/ESEF/FR/0/arkema-2021-12-31-fr.json,https://filings.xbrl.org/9695000EHMS84KKP2785/2021-12-31/ESEF/FR/0/arkema-2021-12-31-fr.zip,0
9695000EHMS84KKP2785-2022-12-31-ESEF-FR-0,9695000EHMS84KKP2785,ARKEMA,FR,2022-12-31,2023-03-30 16:36:24.266029,https://filings.xbrl.org/9695000EHMS84KKP2785/2022-12-31/ESEF/FR/0/ark-2022-12-31-fr.json,https://filings.xbrl.org/9695000EHMS84KKP2785/2022-12-31/ESEF/FR/0/ark-2022-12-31-fr.zip,0
9695000H29HRRE478O62-2022-12-31-ESEF-FR-0,9695000H29HRRE478O62,FONCIERE INEA,FR,2022-12-31,2023-04-18 11:40:00.939896,https://filings.xbrl.org/9695000H29HRRE478O62/2022-12-31/ESEF/FR/0/inea-2022-12-31-fr.json,https://filings.xbrl.org/9695000H29HRRE478O62/2022-12-31/ESEF/FR/0/inea-2022-12-31.zip,1
9695000KELLFSASOM232-2021-12-31-ESEF-FR-0,9695000KELLFSASOM232,PARROT,FR,2021-12-31,2022-04-13 00:00:00,https://filings.xbrl.org/9695000KELLFSASOM232/2021-12-31/ESEF/FR/0/parrot-2021-12-31-fr.json,https://filings.xbrl.org/9695000KELLFSASOM232/2021-12-31/ESEF/FR/0/parrot-2021-12-31-fr.zip,10
9695000KELLFSASOM232-2021-12-31-ESEF-FR-1,9695000KELLFSASOM232,PARROT,FR,2021-12-31,2022-04-13 00:00:00,https://filings.xbrl.org/9695000KELLFSASOM232/2021-12-31/ESEF/FR/1/parrot-2021-12-31-fr.json,https://filings.xbrl.org/9695000KELLFSASOM232/2021-12-31/ESEF/FR/1/parrot-2021-12-31-fr.zip,10
9695000KELLFSASOM232-2021-12-31-ESEF-FR-2,9695000KELLFSASOM232,PARROT,FR,2021-12-31,2022-04-21 00:00:00,https://filings.xbrl.org/9695000KELLFSASOM232/2021-12-31/ESEF/FR/2/parrot-2021-12-31-fr.json,https://filings.xbrl.org/9695000KELLFSASOM232/2021-12-31/ESEF/FR/2/parrot-2021-12-31-fr.zip,10
9695000KELLFSASOM232-2022-12-31-ESEF-FR-0,9695000KELLFSASOM232,PARROT,FR,2022-12-31,2023-04-18 11:41:15.441597,https://filings.xbrl.org/9695000KELLFSASOM232/2022-12-31/ESEF/FR/0/9695000KELLFSASOM232-2022-12-31-fr.json,https://filings.xbrl.org/9695000KELLFSASOM232/2022-12-31/ESEF/FR/0/9695000KELLFSASOM232-2022-12-31-fr.zip,2
9695000UMPNY21KKDO98-2021-12-31-ESEF-FR-0,9695000UMPNY21KKDO98,BOIRON,FR,2021-12-31,2022-04-19 00:00:00,https://filings.xbrl.org/9695000UMPNY21KKDO98/2021-12-31/ESEF/FR/0/9695000UMPNY21KKDO98-2021-12-31AR.json,https://filings.xbrl.org/9695000UMPNY21KKDO98/2021-12-31/ESEF/FR/0/9695000UMPNY21KKDO98-2021-12-31AR.zip,0
9695000UMPNY21KKDO98-2022-12-31-ESEF-FR-0,9695000UMPNY21KKDO98,BOIRON,FR,2022-12-31,2023-04-18 11:40:05.342712,https://filings.xbrl.org/9695000UMPNY21KKDO98/2022-12-31/ESEF/FR/0/9695000UMPNY21KKDO98-2022-12-31AR.json,https://filings.xbrl.org/9695000UMPNY21KKDO98/2022-12-31/ESEF/FR/0/9695000UMPNY21KKDO98-2022-12-31AR.zip,0
96950010FL2T1TJKR531-2021-12-31-ESEF-FR-0,96950010FL2T1TJKR531,AMUNDI,FR,2021-12-31,2022-04-14 00:00:00,https://filings.xbrl.org/96950010FL2T1TJKR531/2021-12-31/ESEF/FR/0/96950010FL2T1TJKR531-2021-12-31-fr.json,https://filings.xbrl.org/96950010FL2T1TJKR531/2021-12-31/ESEF/FR/0/96950010FL2T1TJKR531-2021-12-31-fr.zip,0
96950010FL2T1TJKR531-2022-12-31-ESEF-FR-0,96950010FL2T1TJKR531,AMUNDI,FR,2022-12-31,2023-04-18 11:40:32.647655,https://filings.xbrl.org/96950010FL2T1TJKR531/2022-12-31/ESEF/FR/0/96950010FL2T1TJKR531-2022-12-31-fr.json,https://filings.xbrl.org/96950010FL2T1TJKR531/2022-12-31/ESEF/FR/0/96950010FL2T1TJKR531-2022-12-31-fr.zip,0
96950015FU78G84UIV14-2021-12-31-ESEF-FR-0,96950015FU78G84UIV14,NEXANS,FR,2021-12-31,2022-03-29 00:00:00,https://filings.xbrl.org/96950015FU78G84UIV14/2021-12-31/ESEF/FR/0/96950015FU78G84UIV14-2021-12-31AR.json,https://filings.xbrl.org/96950015FU78G84UIV14/2021-12-31/ESEF/FR/0/96950015FU78G84UIV14-2021-12-31AR.zip,0
96950015FU78G84UIV14-2022-12-31-ESEF-FR-0,96950015FU78G84UIV14,NEXANS,FR,2022-12-31,2023-03-21 10:29:26.766784,https://filings.xbrl.org/96950015FU78G84UIV14/2022-12-31/ESEF/FR/0/nexans-2022-12-31-fr.json,https://filings.xbrl.org/96950015FU78G84UIV14/2022-12-31/ESEF/FR/0/nexans-2022-12-31-fr.zip,0
96950018NOMJX5XRH047-2021-12-31-ESEF-FR-0,96950018NOMJX5XRH047,METROPOLE TELEVISION,FR,2021-12-31,2022-03-23 00:00:00,https://filings.xbrl.org/96950018NOMJX5XRH047/2021-12-31/ESEF/FR/0/96950018NOMJX5XRH047-2021-12-31-fr.json,https://filings.xbrl.org/96950018NOMJX5XRH047/2021-12-31/ESEF/FR/0/96950018NOMJX5XRH047-2021-12-31-fr.zip,0
96950018NOMJX5XRH047-2022-12-31-ESEF-FR-0,96950018NOMJX5XRH047,METROPOLE TELEVISION,FR,2022-12-31,2023-03-14 10:43:11.351578,https://filings.xbrl.org/96950018NOMJX5XRH047/2022-12-31/ESEF/FR/0/96950018NOMJX5XRH047-2022-12-31-fr.json,https://filings.xbrl.org/96950018NOMJX5XRH047/2022-12-31/ESEF/FR/0/96950018NOMJX5XRH047-2022-12-31-fr.zip,0
9695001J8OSOVX4TP939-2022-08-31-ESEF-FR-0,9695001J8OSOVX4TP939,OVH GROUPE,FR,2022-08-31,2023-01-05 00:00:00,https://filings.xbrl.org/9695001J8OSOVX4TP939/2022-08-31/ESEF/FR/0/9695001J8OSOVX4TP939-2022-08-31-fr.json,https://filings.xbrl.org/9695001J8OSOVX4TP939/2022-08-31/ESEF/FR/0/9695001J8OSOVX4TP939-2022-08-31-fr.zip,0
96950020QIOHAAK9V551-2020-12-31-ESEF-FR-0,96950020QIOHAAK9V551,SOPRA STERIA GROUP,FR,2020-12-31,2021-05-18 00:00:00,https://filings.xbrl.org/96950020QIOHAAK9V551/2020-12-31/ESEF/FR/0/SOPRA STERIA GROUP-2020-12-31AR.json,https://filings.xbrl.org/96950020QIOHAAK9V551/2020-12-31/ESEF/FR/0/SOPRA STERIA GROUP-2020-12-31AR.zip,0
96950020QIOHAAK9V551-2021-12-31-ESEF-FR-0,96950020QIOHAAK9V551,SOPRA STERIA GROUP,FR,2021-12-31,2022-03-23 00:00:00,https://filings.xbrl.org/96950020QIOHAAK9V551/2021-12-31/ESEF/FR/0/soprasteria-2021-12-31-fr.json,https://filings.xbrl.org/96950020QIOHAAK9V551/2021-12-31/ESEF/FR/0/soprasteria-2021-12-31-fr.zip,0
96950020QIOHAAK9V551-2022-12-31-ESEF-FR-0,96950020QIOHAAK9V551,SOPRA STERIA GROUP,FR,2022-12-31,2023-03-21 10:29:21.304994,https://filings.xbrl.org/96950020QIOHAAK9V551/2022-12-31/ESEF/FR/0/soprasteria-2022-12-31-fr.json,https://filings.xbrl.org/96950020QIOHAAK9V551/2022-12-31/ESEF/FR/0/soprasteria-2022-12-31-fr.zip,0
96950022J37K8UHSJH76-2020-12-31-ESEF-FR-0,96950022J37K8UHSJH76,IDI,FR,2020-12-31,2022-03-23 00:00:00,https://filings.xbrl.org/96950022J37K8UHSJH76/2020-12-31/ESEF/FR/0/idi-2020-12-31AR.json,https://filings.xbrl.org/96950022J37K8UHSJH76/2020-12-31/ESEF/FR/0/idi-2020-12-31AR.zip,0
96950022J37K8UHSJH76-2021-12-31-ESEF-FR-0,96950022J37K8UHSJH76,IDI,FR,2021-12-31,2022-03-31 00:00:00,https://filings.xbrl.org/96950022J37K8UHSJH76/2021-12-31/ESEF/FR/0/idi-2021-12-31-fr.json,https://filings.xbrl.org/96950022J37K8UHSJH76/2021-12-31/ESEF/FR/0/idi-2021-12-31-fr.zip,0
96950022J37K8UHSJH76-2022-12-31-ESEF-FR-0,96950022J37K8UHSJH76,IDI,FR,2022-12-31,2023-04-18 11:40:31.469787,https://filings.xbrl.org/96950022J37K8UHSJH76/2022-12-31/ESEF/FR/0/idi-2022-12-31-fr.json,https://filings.xbrl.org/96950022J37K8UHSJH76/2022-12-31/ESEF/FR/0/idi-2022-12-31-fr.zip,0
96950022O6SP7FQONJ77-2021-12-31-ESEF-FR-0,96950022O6SP7FQONJ77,74SOFTWARE,FR,2021-12-31,2022-03-24 00:00:00,https://filings.xbrl.org/96950022O6SP7FQONJ77/2021-12-31/ESEF/FR/0/AXWAY-2021-12-31-fr.json,https://filings.xbrl.org/96950022O6SP7FQONJ77/2021-12-31/ESEF/FR/0/AXWAY-2021-12-31-fr.zip,0
96950022O6SP7FQONJ77-2022-12-31-ESEF-FR-0,96950022O6SP7FQONJ77,74SOFTWARE,FR,2022-12-31,2023-03-28 11:21:56.951902,https://filings.xbrl.org/96950022O6SP7FQONJ77/2022-12-31/ESEF/FR/0/axway-2022-12-31-fr.json,https://filings.xbrl.org/96950022O6SP7FQONJ77/2022-12-31/ESEF/FR/0/axway-2022-12-31-fr.zip,0
96950023L46VUM1L8555-2022-12-31-ESEF-FR-0,96950023L46VUM1L8555,SERGEFERRARI GROUP,FR,2022-12-31,2023-04-20 11:09:27.166184,https://filings.xbrl.org/96950023L46VUM1L8555/2022-12-31/ESEF/FR/0/sergeferrarigroup-2022-12-31-fr.json,https://filings.xbrl.org/96950023L46VUM1L8555/2022-12-31/ESEF/FR/0/sergeferrarigroup-2022-12-31-fr.zip,11
96950025N07LTJYFSN57-2020-12-31-ESEF-FR-0,96950025N07LTJYFSN57,COFACE SA,FR,2020-12-31,2021-05-18 00:00:00,https://filings.xbrl.org/96950025N07LTJYFSN57/2020-12-31/ESEF/FR/0/coface-2020-12-31AR.json,https://filings.xbrl.org/96950025N07LTJYFSN57/2020-12-31/ESEF/FR/0/coface-2020-12-31AR.zip,0
96950025N07LTJYFSN57-2021-12-31-ESEF-FR-0,96950025N07LTJYFSN57,COFACE SA,FR,2021-12-31,2022-04-07 00:00:00,https://filings.xbrl.org/96950025N07LTJYFSN57/2021-12-31/ESEF/FR/0/COFACE-2021-12-31-fr.json,https://filings.xbrl.org/96950025N07LTJYFSN57/2021-12-31/ESEF/FR/0/COFACE-2021-12-31-fr.zip,0
96950025N07LTJYFSN57-2022-12-31-ESEF-FR-0,96950025N07LTJYFSN57,COFACE SA,FR,2022-12-31,2023-04-18 11:41:07.744042,https://filings.xbrl.org/96950025N07LTJYFSN57/2022-12-31/ESEF/FR/0/coface-2022-12-31-fr.json,https://filings.xbrl.org/96950025N07LTJYFSN57/2022-12-31/ESEF/FR/0/coface-2022-12-31-fr.zip,4
96950029IN3GW457GG90-2021-09-30-ESEF-FR-0,96950029IN3GW457GG90,COMPAGNIE DES ALPES,FR,2021-09-30,2022-03-23 00:00:00,https://filings.xbrl.org/96950029IN3GW457GG90/2021-09-30/ESEF/FR/0/compagniedesalpes-2021-09-30-fr.json,https://filings.xbrl.org/96950029IN3GW457GG90/2021-09-30/ESEF/FR/0/compagniedesalpes-2021-09-30-fr.zip,0
96950029IN3GW457GG90-2022-09-30-ESEF-FR-0,96950029IN3GW457GG90,COMPAGNIE DES ALPES,FR,2022-09-30,2023-02-07 11:19:41.474292,https://filings.xbrl.org/96950029IN3GW457GG90/2022-09-30/ESEF/FR/0/compagniedesalpes-2022-09-30-fr.json,https://filings.xbrl.org/96950029IN3GW457GG90/2022-09-30/ESEF/FR/0/compagniedesalpes-2022-09-30-fr.zip,0
9695002EVBYM5B2OIP31-2020-12-31-ESEF-FR-0,9695002EVBYM5B2OIP31,TARKETT,FR,2020-12-31,2021-05-18 00:00:00,https://filings.xbrl.org/9695002EVBYM5B2OIP31/2020-12-31/ESEF/FR/0/9695002EVBYM5B2OIP31-2020-12-31AR.json,https://filings.xbrl.org/9695002EVBYM5B2OIP31/2020-12-31/ESEF/FR/0/9695002EVBYM5B2OIP31-2020-12-31AR.zip,0
9695002EVBYM5B2OIP31-2021-12-31-ESEF-FR-0,9695002EVBYM5B2OIP31,TARKETT,FR,2021-12-31,2022-03-29 00:00:00,https://filings.xbrl.org/9695002EVBYM5B2OIP31/2021-12-31/ESEF/FR/0/9695002EVBYM5B2OIP31-2021-12-31-fr.json,https://filings.xbrl.org/9695002EVBYM5B2OIP31/2021-12-31/ESEF/FR/0/9695002EVBYM5B2OIP31-2021-12-31-fr.zip,0
9695002EVBYM5B2OIP31-2022-12-31-ESEF-FR-0,9695002EVBYM5B2OIP31,TARKETT,FR,2022-12-31,2023-03-28 11:22:17.029653,https://filings.xbrl.org/9695002EVBYM5B2OIP31/2022-12-31/ESEF/FR/0/9695002EVBYM5B2OIP31-2022-12-31-fr.json,https://filings.xbrl.org/9695002EVBYM5B2OIP31/2022-12-31/ESEF/FR/0/9695002EVBYM5B2OIP31-2022-12-31-fr.zip,0
9695002OY2X35E9X8W87-2021-12-31-ESEF-FR-0,9695002OY2X35E9X8W87,IPSOS,FR,2021-12-31,2022-04-26 00:00:00,https://filings.xbrl.org/9695002OY2X35E9X8W87/2021-12-31/ESEF/FR/0/9695002OY2X35E9X8W87-2021-12-31-fr.json,https://filings.xbrl.org/9695002OY2X35E9X8W87/2021-12-31/ESEF/FR/0/9695002OY2X35E9X8W87-2021-12-31-fr.zip,0
9695002OY2X35E9X8W87-2021-12-31-ESEF-FR-1,9695002OY2X35E9X8W87,IPSOS,FR,2021-12-31,2023-01-19 17:03:19.550468,https://filings.xbrl.org/9695002OY2X35E9X8W87/2021-12-31/ESEF/FR/1/9695002OY2X35E9X8W87-2021-12-31-fr.json,https://filings.xbrl.org/9695002OY2X35E9X8W87/2021-12-31/ESEF/FR/1/9695002OY2X35E9X8W87-2021-12-31-fr.zip,0
9695002OY2X35E9X8W87-2022-12-31-ESEF-FR-0,9695002OY2X35E9X8W87,IPSOS,FR,2022-12-31,2023-04-18 11:39:29.719485,https://filings.xbrl.org/9695002OY2X35E9X8W87/2022-12-31/ESEF/FR/0/9695002OY2X35E9X8W87-2022-12-31-fr.json,https://filings.xbrl.org/9695002OY2X35E9X8W87/2022-12-31/ESEF/FR/0/9695002OY2X35E9X8W87-2022-12-31-fr.zip,0
9695002PXZMQNBPY2P44-2021-12-31-ESEF-FR-0,9695002PXZMQNBPY2P44,GL EVENTS,FR,2021-12-31,2022-04-21 00:00:00,https://filings.xbrl.org/9695002PXZMQNBPY2P44/2021-12-31/ESEF/FR/0/9695002PXZMQNBPY2P44-2021-12-31AR.json,https://filings.xbrl.org/9695002PXZMQNBPY2P44/2021-12-31/ESEF/FR/0/9695002PXZMQNBPY2P44-2021-12-31AR.zip,0
9695002PXZMQNBPY2P44-2022-12-31-ESEF-FR-0,9695002PXZMQNBPY2P44,GL EVENTS,FR,2022-12-31,2023-04-04 21:51:08.271273,https://filings.xbrl.org/9695002PXZMQNBPY2P44/2022-12-31/ESEF/FR/0/9695002PXZMQNBPY2P44-2022-12-31AR.json,https://filings.xbrl.org/9695002PXZMQNBPY2P44/2022-12-31/ESEF/FR/0/9695002PXZMQNBPY2P44-2022-12-31AR.zip,0
9695002Q984W0T41WB42-2022-12-31-ESEF-FR-0,9695002Q984W0T41WB42,ARAMIS GROUP,FR,2022-12-31,2023-01-26 13:25:36.260511,https://filings.xbrl.org/9695002Q984W0T41WB42/2022-12-31/ESEF/FR/0/aramisgroup-2022-09-30-fr.json,https://filings.xbrl.org/9695002Q984W0T41WB42/2022-12-31/ESEF/FR/0/aramisgroup-2022-09-30-fr.zip,0
9695002W8GRJRZ44MA62-2021-12-31-ESEF-FR-0,9695002W8GRJRZ44MA62,ALBIOMA,FR,2021-12-31,2022-05-03 00:00:00,https://filings.xbrl.org/9695002W8GRJRZ44MA62/2021-12-31/ESEF/FR/0/albioma-2021-12-31-fr.json,https://filings.xbrl.org/9695002W8GRJRZ44MA62/2021-12-31/ESEF/FR/0/albioma-2021-12-31-fr.zip,0
9695002XQWX9TKCOZT86-2020-12-31-ESEF-FR-0,9695002XQWX9TKCOZT86,CEGEDIM,FR,2020-12-31,2021-05-18 00:00:00,https://filings.xbrl.org/9695002XQWX9TKCOZT86/2020-12-31/ESEF/FR/0/9695002XQWX9TKCOZT86-2020-12-31AR.json,https://filings.xbrl.org/9695002XQWX9TKCOZT86/2020-12-31/ESEF/FR/0/9695002XQWX9TKCOZT86-2020-12-31AR.zip,0
9695002XQWX9TKCOZT86-2021-12-31-ESEF-FR-0,9695002XQWX9TKCOZT86,CEGEDIM,FR,2021-12-31,2022-04-05 00:00:00,https://filings.xbrl.org/9695002XQWX9TKCOZT86/2021-12-31/ESEF/FR/0/9695002XQWX9TKCOZT86-2021-12-31-fr.json,https://filings.xbrl.org/9695002XQWX9TKCOZT86/2021-12-31/ESEF/FR/0/9695002XQWX9TKCOZT86-2021-12-31-fr.zip,0
9695002XQWX9TKCOZT86-2022-12-31-ESEF-FR-0,9695002XQWX9TKCOZT86,CEGEDIM,FR,2022-12-31,2023-04-18 11:39:08.169911,https://filings.xbrl.org/9695002XQWX9TKCOZT86/2022-12-31/ESEF/FR/0/9695002XQWX9TKCOZT86-2022-12-31-fr.json,https://filings.xbrl.org/9695002XQWX9TKCOZT86/2022-12-31/ESEF/FR/0/9695002XQWX9TKCOZT86-2022-12-31-fr.zip,0
9695002Y8420ZB8HJE29-2020-12-31-ESEF-FR-0,9695002Y8420ZB8HJE29,INNATE PHARMA,FR,2020-12-31,2021-05-18 00:00:00,https://filings.xbrl.org/9695002Y8420ZB8HJE29/2020-12-31/ESEF/FR/0/inph-2020-12-31AR.json,https://filings.xbrl.org/9695002Y8420ZB8HJE29/2020-12-31/ESEF/FR/0/inph-2020-12-31AR.zip,0
9695002Y8420ZB8HJE29-2021-12-31-ESEF-FR-0,9695002Y8420ZB8HJE29,INNATE PHARMA,FR,2021-12-31,2022-04-05 00:00:00,https://filings.xbrl.org/9695002Y8420ZB8HJE29/2021-12-31/ESEF/FR/0/inph-2021-12-31AR.json,https://filings.xbrl.org/9695002Y8420ZB8HJE29/2021-12-31/ESEF/FR/0/inph-2021-12-31AR.zip,0
9695002Y8420ZB8HJE29-2022-12-31-ESEF-FR-0,9695002Y8420ZB8HJE29,INNATE PHARMA,FR,2022-12-31,2023-04-18 11:41:09.791595,https://filings.xbrl.org/9695002Y8420ZB8HJE29/2022-12-31/ESEF/FR/0/inph-2022-12-31-fr.json,https://filings.xbrl.org/9695002Y8420ZB8HJE29/2022-12-31/ESEF/FR/0/inph-2022-12-31-fr.zip,0
96950034TTGHHKKEN547-2021-12-31-ESEF-FR-0,96950034TTGHHKKEN547,SMCP,FR,2021-12-31,2022-04-21 00:00:00,https://filings.xbrl.org/96950034TTGHHKKEN547/2021-12-31/ESEF/FR/0/96950034TTGHHKKEN547-2021-12-31-fr.json,https://filings.xbrl.org/96950034TTGHHKKEN547/2021-12-31/ESEF/FR/0/96950034TTGHHKKEN547-2021-12-31-fr.zip,0
96950034TTGHHKKEN547-2022-12-31-ESEF-FR-0,96950034TTGHHKKEN547,SMCP,FR,2022-12-31,2023-04-18 11:40:28.983804,https://filings.xbrl.org/96950034TTGHHKKEN547/2022-12-31/ESEF/FR/0/96950034TTGHHKKEN547-2022-12-31-fr.json,https://filings.xbrl.org/96950034TTGHHKKEN547/2022-12-31/ESEF/FR/0/96950034TTGHHKKEN547-2022-12-31-fr.zip,0
96950036OIHAEGNGJ871-2022-03-31-ESEF-FR-0,96950036OIHAEGNGJ871,LAURENT-PERRIER,FR,2022-03-31,2022-06-30 00:00:00,https://filings.xbrl.org/96950036OIHAEGNGJ871/2022-03-31/ESEF/FR/0/96950036OIHAEGNGJ871-2022-03-31-fr.json,https://filings.xbrl.org/96950036OIHAEGNGJ871/2022-03-31/ESEF/FR/0/96950036OIHAEGNGJ871-2022-03-31-fr.zip,0
9695003D6KVJ0H8CL506-2022-12-31-ESEF-FR-0,9695003D6KVJ0H8CL506,LINEDATA SERVICES,FR,2022-12-31,2023-05-02 12:23:44.007931,https://filings.xbrl.org/9695003D6KVJ0H8CL506/2022-12-31/ESEF/FR/0/linedata-2022-12-31-fr.json,https://filings.xbrl.org/9695003D6KVJ0H8CL506/2022-12-31/ESEF/FR/0/linedata-2022-12-31-fr.zip,0
9695003E4MMA10IBTR26-2020-12-31-ESEF-FR-0,9695003E4MMA10IBTR26,GECINA,FR,2020-12-31,2021-05-18 00:00:00,https://filings.xbrl.org/9695003E4MMA10IBTR26/2020-12-31/ESEF/FR/0/9695003E4MMA10IBTR26-2020-12-31AR.json,https://filings.xbrl.org/9695003E4MMA10IBTR26/2020-12-31/ESEF/FR/0/9695003E4MMA10IBTR26-2020-12-31AR.zip,0
9695003E4MMA10IBTR26-2021-12-31-ESEF-FR-0,9695003E4MMA10IBTR26,GECINA,FR,2021-12-31,2022-03-23 00:00:00,https://filings.xbrl.org/9695003E4MMA10IBTR26/2021-12-31/ESEF/FR/0/9695003E4MMA10IBTR26-2021-12-31-fr.json,https://filings.xbrl.org/9695003E4MMA10IBTR26/2021-12-31/ESEF/FR/0/9695003E4MMA10IBTR26-2021-12-31-fr.zip,0
9695003E4MMA10IBTR26-2022-12-31-ESEF-FR-0,9695003E4MMA10IBTR26,GECINA,FR,2022-12-31,2023-02-22 13:54:25.329834,https://filings.xbrl.org/9695003E4MMA10IBTR26/2022-12-31/ESEF/FR/0/9695003E4MMA10IBTR26-2022-12-31-fr.json,https://filings.xbrl.org/9695003E4MMA10IBTR26/2022-12-31/ESEF/FR/0/9695003E4MMA10IBTR26-2022-12-31-fr.zip,0
9695003OIX0T7NX72N26-2021-12-31-ESEF-FR-1,9695003OIX0T7NX72N26,POXEL,FR,2021-12-31,2023-01-18 14:06:33.663640,https://filings.xbrl.org/9695003OIX0T7NX72N26/2021-12-31/ESEF/FR/1/poxel-2021-12-31-en.json,https://filings.xbrl.org/9695003OIX0T7NX72N26/2021-12-31/ESEF/FR/1/poxel-2021-12-31-en.zip,0
9695003QNWHLC60H9E89-2022-03-31-ESEF-FR-0,9695003QNWHLC60H9E89,GENERIX GROUP,FR,2022-03-31,2022-08-02 00:00:00,https://filings.xbrl.org/9695003QNWHLC60H9E89/2022-03-31/ESEF/FR/0/9695003QNWHLC60H9E89-2022-03-31-fr.json,https://filings.xbrl.org/9695003QNWHLC60H9E89/2022-03-31/ESEF/FR/0/9695003QNWHLC60H9E89-2022-03-31-fr.zip,0
9695003W8NIBIV7IN278-2021-12-31-ESEF-FR-0,9695003W8NIBIV7IN278,HOPSCOTCH GROUPE,FR,2021-12-31,2022-05-03 00:00:00,https://filings.xbrl.org/9695003W8NIBIV7IN278/2021-12-31/ESEF/FR/0/hopscotch-2021-12-31-fr.json,https://filings.xbrl.org/9695003W8NIBIV7IN278/2021-12-31/ESEF/FR/0/hopscotch-2021-12-31-fr.zip,0
9695004ANBJMIMZEYY03-2021-10-31-ESEF-FR-0,9695004ANBJMIMZEYY03,GROUPE PARTOUCHE,FR,2021-10-31,2022-03-23 00:00:00,https://filings.xbrl.org/9695004ANBJMIMZEYY03/2021-10-31/ESEF/FR/0/9695004ANBJMIMZEYY03-2021-10-31-fr.json,https://filings.xbrl.org/9695004ANBJMIMZEYY03/2021-10-31/ESEF/FR/0/9695004ANBJMIMZEYY03-2021-10-31-fr.zip,0
9695004ANBJMIMZEYY03-2022-10-31-ESEF-FR-0,9695004ANBJMIMZEYY03,GROUPE PARTOUCHE,FR,2022-10-31,2023-02-21 10:33:52.293549,https://filings.xbrl.org/9695004ANBJMIMZEYY03/2022-10-31/ESEF/FR/0/9695004ANBJMIMZEYY03-2022-10-31-fr.json,https://filings.xbrl.org/9695004ANBJMIMZEYY03/2022-10-31/ESEF/FR/0/9695004ANBJMIMZEYY03-2022-10-31-fr.zip,0
9695004GI61FHFFNRG61-2020-12-31-ESEF-FR-0,9695004GI61FHFFNRG61,TELEPERFORMANCE SE,FR,2020-12-31,2021-05-18 00:00:00,https://filings.xbrl.org/9695004GI61FHFFNRG61/2020-12-31/ESEF/FR/0/TELEPERF-2020-12-31.json,https://filings.xbrl.org/9695004GI61FHFFNRG61/2020-12-31/ESEF/FR/0/TELEPERF-2020-12-31.zip,0
9695004GI61FHFFNRG61-2021-12-31-ESEF-FR-0,9695004GI61FHFFNRG61,TELEPERFORMANCE SE,FR,2021-12-31,2022-03-23 00:00:00,https://filings.xbrl.org/9695004GI61FHFFNRG61/2021-12-31/ESEF/FR/0/TELEPERF-2021-12-31-FR.json,https://filings.xbrl.org/9695004GI61FHFFNRG61/2021-12-31/ESEF/FR/0/TELEPERF-2021-12-31-FR.zip,0
9695004GI61FHFFNRG61-2022-12-31-ESEF-FR-0,9695004GI61FHFFNRG61,TELEPERFORMANCE SE,FR,2022-12-31,2023-02-28 10:19:35.909162,https://filings.xbrl.org/9695004GI61FHFFNRG61/2022-12-31/ESEF/FR/0/TELEPERF-2022-12-31-fr.json,https://filings.xbrl.org/9695004GI61FHFFNRG61/2022-12-31/ESEF/FR/0/TELEPERF-2022-12-31-fr.zip,0
9695004OAPTHOKN99645-2020-12-31-ESEF-FR-0,9695004OAPTHOKN99645,ALTAREIT,FR,2020-12-31,2021-05-18 00:00:00,https://filings.xbrl.org/9695004OAPTHOKN99645/2020-12-31/ESEF/FR/0/altareit-2020-12-31AR.json,https://filings.xbrl.org/9695004OAPTHOKN99645/2020-12-31/ESEF/FR/0/altareit-2020-12-31AR.zip,0
9695004OAPTHOKN99645-2021-12-31-ESEF-FR-0,9695004OAPTHOKN99645,ALTAREIT,FR,2021-12-31,2022-05-03 00:00:00,https://filings.xbrl.org/9695004OAPTHOKN99645/2021-12-31/ESEF/FR/0/altareit-2021-12-31-fr.json,https://filings.xbrl.org/9695004OAPTHOKN99645/2021-12-31/ESEF/FR/0/altareit-2021-12-31-fr.zip,0
9695004OAPTHOKN99645-2022-12-31-ESEF-FR-0,9695004OAPTHOKN99645,ALTAREIT,FR,2022-12-31,2023-04-04 21:51:34.459013,https://filings.xbrl.org/9695004OAPTHOKN99645/2022-12-31/ESEF/FR/0/altareit-2022-12-31-fr.json,https://filings.xbrl.org/9695004OAPTHOKN99645/2022-12-31/ESEF/FR/0/altareit-2022-12-31-fr.zip,0
96950056ULJ4JI7V3752-2021-12-31-ESEF-FR-0,96950056ULJ4JI7V3752,SCOR SE,FR,2021-12-31,2022-03-23 00:00:00,https://filings.xbrl.org/96950056ULJ4JI7V3752/2021-12-31/ESEF/FR/0/scor-2021-12-31-FR.json,https://filings.xbrl.org/96950056ULJ4JI7V3752/2021-12-31/ESEF/FR/0/scor-2021-12-31-FR.zip,0
96950056ULJ4JI7V3752-2022-12-31-ESEF-FR-0,96950056ULJ4JI7V3752,SCOR SE,FR,2022-12-31,2023-04-18 11:39:36.182510,https://filings.xbrl.org/96950056ULJ4JI7V3752/2022-12-31/ESEF/FR/0/scor-2022-12-31-FR.json,https://filings.xbrl.org/96950056ULJ4JI7V3752/2022-12-31/ESEF/FR/0/scor-2022-12-31-FR.zip,0
9695005NNHRB8KW54I35-2021-12-31-ESEF-FR-0,9695005NNHRB8KW54I35,SOGECLAIR,FR,2021-12-31,2022-04-19 00:00:00,https://filings.xbrl.org/9695005NNHRB8KW54I35/2021-12-31/ESEF/FR/0/9695005NNHRB8KW54I35-2021-12-31AR.json,https://filings.xbrl.org/9695005NNHRB8KW54I35/2021-12-31/ESEF/FR/0/9695005NNHRB8KW54I35-2021-12-31AR.zip,0
9695005NNHRB8KW54I35-2022-12-31-ESEF-FR-0,9695005NNHRB8KW54I35,SOGECLAIR,FR,2022-12-31,2023-04-18 11:39:28.495595,https://filings.xbrl.org/9695005NNHRB8KW54I35/2022-12-31/ESEF/FR/0/9695005NNHRB8KW54I35-2022-12-31AR.json,https://filings.xbrl.org/9695005NNHRB8KW54I35/2022-12-31/ESEF/FR/0/9695005NNHRB8KW54I35-2022-12-31AR.zip,0
9695005U38X1SF184325-2021-12-31-ESEF-FR-0,9695005U38X1SF184325,SOLOCAL GROUP SE,FR,2021-12-31,2022-04-21 00:00:00,https://filings.xbrl.org/9695005U38X1SF184325/2021-12-31/ESEF/FR/0/9695005U38X1SF184325-2021-12-31-fr.json,https://filings.xbrl.org/9695005U38X1SF184325/2021-12-31/ESEF/FR/0/9695005U38X1SF184325-2021-12-31-fr.zip,0
9695005U38X1SF184325-2022-12-31-ESEF-FR-0,9695005U38X1SF184325,SOLOCAL GROUP SE,FR,2022-12-31,2023-05-02 12:14:18.198055,https://filings.xbrl.org/9695005U38X1SF184325/2022-12-31/ESEF/FR/0/9695005U38X1SF184325-2022-12-31-fr.json,https://filings.xbrl.org/9695005U38X1SF184325/2022-12-31/ESEF/FR/0/9695005U38X1SF184325-2022-12-31-fr.zip,0
96950065LBWY0APQIM86-2021-12-31-ESEF-FR-0,96950065LBWY0APQIM86,DASSAULT SYSTEMES,FR,2021-12-31,2022-03-23 00:00:00,https://filings.xbrl.org/96950065LBWY0APQIM86/2021-12-31/ESEF/FR/0/dassault-2021-12-31.json,https://filings.xbrl.org/96950065LBWY0APQIM86/2021-12-31/ESEF/FR/0/dassault-2021-12-31.zip,0
96950065LBWY0APQIM86-2022-12-31-ESEF-FR-0,96950065LBWY0APQIM86,DASSAULT SYSTEMES,FR,2022-12-31,2023-03-21 10:29:19.693298,https://filings.xbrl.org/96950065LBWY0APQIM86/2022-12-31/ESEF/FR/0/96950065LBWY0APQIM86-2022-12-31-fr.json,https://filings.xbrl.org/96950065LBWY0APQIM86/2022-12-31/ESEF/FR/0/96950065LBWY0APQIM86-2022-12-31-fr.zip,0
969500667RSYIH8YL895-2021-12-31-ESEF-FR-0,969500667RSYIH8YL895,NANOBIOTIX,FR,2021-12-31,2022-04-13 00:00:00,https://filings.xbrl.org/969500667RSYIH8YL895/2021-12-31/ESEF/FR/0/nbx-2021-12-31-en.json,https://filings.xbrl.org/969500667RSYIH8YL895/2021-12-31/ESEF/FR/0/nbx-2021-12-31-en.zip,0
969500667RSYIH8YL895-2022-12-31-ESEF-FR-0,969500667RSYIH8YL895,NANOBIOTIX,FR,2022-12-31,2023-05-02 12:24:09.436574,https://filings.xbrl.org/969500667RSYIH8YL895/2022-12-31/ESEF/FR/0/nbx-2022-12-31-en.json,https://filings.xbrl.org/969500667RSYIH8YL895/2022-12-31/ESEF/FR/0/nbx-2022-12-31-en.zip,0
96950066I7XVFGZI8L92-2020-12-31-ESEF-FR-0,96950066I7XVFGZI8L92,EQUASENS,FR,2020-12-31,2021-05-18 00:00:00,https://filings.xbrl.org/96950066I7XVFGZI8L92/2020-12-31/ESEF/FR/0/96950066I7XVFGZI8L92-2020-12-31AR.json,https://filings.xbrl.org/96950066I7XVFGZI8L92/2020-12-31/ESEF/FR/0/96950066I7XVFGZI8L92-2020-12-31AR.zip,0
96950066I7XVFGZI8L92-2021-12-31-ESEF-FR-0,96950066I7XVFGZI8L92,EQUASENS,FR,2021-12-31,2022-05-03 00:00:00,https://filings.xbrl.org/96950066I7XVFGZI8L92/2021-12-31/ESEF/FR/0/96950066I7XVFGZI8L92-2021-12-31-fr.json,https://filings.xbrl.org/96950066I7XVFGZI8L92/2021-12-31/ESEF/FR/0/96950066I7XVFGZI8L92-2021-12-31-fr.zip,0
96950066I7XVFGZI8L92-2022-12-31-ESEF-FR-0,96950066I7XVFGZI8L92,EQUASENS,FR,2022-12-31,2023-05-02 12:22:56.557011,https://filings.xbrl.org/96950066I7XVFGZI8L92/2022-12-31/ESEF/FR/0/96950066I7XVFGZI8L92-2022-12-31-fr.json,https://filings.xbrl.org/96950066I7XVFGZI8L92/2022-12-31/ESEF/FR/0/96950066I7XVFGZI8L92-2022-12-31-fr.zip,0
9695006LOD5B2D7Y0N70-2020-12-31-ESEF-FR-0,9695006LOD5B2D7Y0N70,EDENRED,FR,2020-12-31,2021-05-18 00:00:00,https://filings.xbrl.org/9695006LOD5B2D7Y0N70/2020-12-31/ESEF/FR/0/edenred-2020-12-31AR.json,https://filings.xbrl.org/9695006LOD5B2D7Y0N70/2020-12-31/ESEF/FR/0/edenred-2020-12-31AR.zip,0
9695006LOD5B2D7Y0N70-2022-12-31-ESEF-FR-0,9695006LOD5B2D7Y0N70,EDENRED,FR,2022-12-31,2023-04-04 21:51:59.542380,https://filings.xbrl.org/9695006LOD5B2D7Y0N70/2022-12-31/ESEF/FR/0/edenred-2022-12-31-fr.json,https://filings.xbrl.org/9695006LOD5B2D7Y0N70/2022-12-31/ESEF/FR/0/edenred-2022-12-31-fr.zip,0
9695006Q1VL1OHK06336-2022-06-30-ESEF-FR-0,9695006Q1VL1OHK06336,AMPLITUDE SURGICAL,FR,2022-06-30,2022-11-17 00:00:00,https://filings.xbrl.org/9695006Q1VL1OHK06336/2022-06-30/ESEF/FR/0/amplitudesurgical-2022-06-30-fr.json,https://filings.xbrl.org/9695006Q1VL1OHK06336/2022-06-30/ESEF/FR/0/amplitudesurgical-2022-06-30-fr.zip,0
96950077L0TN7BAROX36-2021-12-31-ESEF-FR-0,96950077L0TN7BAROX36,CAPGEMINI,FR,2021-12-31,2022-03-29 00:00:00,https://filings.xbrl.org/96950077L0TN7BAROX36/2021-12-31/ESEF/FR/0/capg-2021-12-31AR.json,https://filings.xbrl.org/96950077L0TN7BAROX36/2021-12-31/ESEF/FR/0/capg-2021-12-31AR.zip,0
96950077L0TN7BAROX36-2022-12-31-ESEF-FR-0,96950077L0TN7BAROX36,CAPGEMINI,FR,2022-12-31,2023-03-30 16:36:02.054332,https://filings.xbrl.org/96950077L0TN7BAROX36/2022-12-31/ESEF/FR/0/capg-2022-12-31-fr.json,https://filings.xbrl.org/96950077L0TN7BAROX36/2022-12-31/ESEF/FR/0/capg-2022-12-31-fr.zip,0
969500785J7VIC5YPC96-2020-12-31-ESEF-FR-0,969500785J7VIC5YPC96,ABIONYX PHARMA,FR,2020-12-31,2021-05-18 00:00:00,https://filings.xbrl.org/969500785J7VIC5YPC96/2020-12-31/ESEF/FR/0/abionyxpharma-2020-12-31AR.json,https://filings.xbrl.org/969500785J7VIC5YPC96/2020-12-31/ESEF/FR/0/abionyxpharma-2020-12-31AR.zip,0
969500785J7VIC5YPC96-2021-12-31-ESEF-FR-0,969500785J7VIC5YPC96,ABIONYX PHARMA,FR,2021-12-31,2022-05-03 00:00:00,https://filings.xbrl.org/969500785J7VIC5YPC96/2021-12-31/ESEF/FR/0/abionyxpharma-2021-12-31AR.json,https://filings.xbrl.org/969500785J7VIC5YPC96/2021-12-31/ESEF/FR/0/abionyxpharma-2021-12-31AR.zip,0
969500785J7VIC5YPC96-2022-12-31-ESEF-FR-0,969500785J7VIC5YPC96,ABIONYX PHARMA,FR,2022-12-31,2023-05-02 12:22:37.963649,https://filings.xbrl.org/969500785J7VIC5YPC96/2022-12-31/ESEF/FR/0/abionyxpharma-2022-12-31AR.json,https://filings.xbrl.org/969500785J7VIC5YPC96/2022-12-31/ESEF/FR/0/abionyxpharma-2022-12-31AR.zip,0
9695007VNRQR6V5TMN85-2021-12-31-ESEF-FR-0,9695007VNRQR6V5TMN85,FERMENTALG,FR,2021-12-31,2022-05-03 00:00:00,https://filings.xbrl.org/9695007VNRQR6V5TMN85/2021-12-31/ESEF/FR/0/fermentalg-2021-12-31-fr.json,https://filings.xbrl.org/9695007VNRQR6V5TMN85/2021-12-31/ESEF/FR/0/fermentalg-2021-12-31-fr.zip,0
9695007VNRQR6V5TMN85-2022-12-31-ESEF-FR-0,9695007VNRQR6V5TMN85,FERMENTALG,FR,2022-12-31,2023-05-02 12:22:58.467355,https://filings.xbrl.org/9695007VNRQR6V5TMN85/2022-12-31/ESEF/FR/0/fermentalg-2022-12-31-fr.json,https://filings.xbrl.org/9695007VNRQR6V5TMN85/2022-12-31/ESEF/FR/0/fermentalg-2022-12-31-fr.zip,0
9695007ZEQ7M0OE74G82-2021-12-31-ESEF-FR-0,9695007ZEQ7M0OE74G82,GETLINK S.E.,FR,2021-12-31,2022-03-29 00:00:00,https://filings.xbrl.org/9695007ZEQ7M0OE74G82/2021-12-31/ESEF/FR/0/getlink-2021-12-31-fr.json,https://filings.xbrl.org/9695007ZEQ7M0OE74G82/2021-12-31/ESEF/FR/0/getlink-2021-12-31-fr.zip,0
9695007ZEQ7M0OE74G82-2022-12-31-ESEF-FR-0,9695007ZEQ7M0OE74G82,GETLINK S.E.,FR,2022-12-31,2023-03-21 10:32:42.791279,https://filings.xbrl.org/9695007ZEQ7M0OE74G82/2022-12-31/ESEF/FR/0/getlink-2022-12-31-fr.json,https://filings.xbrl.org/9695007ZEQ7M0OE74G82/2022-12-31/ESEF/FR/0/getlink-2022-12-31-fr.zip,0
9695008BIKG0E486UL47-2020-12-31-ESEF-FR-0,9695008BIKG0E486UL47,STEF,FR,2020-12-31,2021-05-18 00:00:00,https://filings.xbrl.org/9695008BIKG0E486UL47/2020-12-31/ESEF/FR/0/stef-2020-12-31AR.json,https://filings.xbrl.org/9695008BIKG0E486UL47/2020-12-31/ESEF/FR/0/stef-2020-12-31AR.zip,0
9695008GTTDJGF00CT88-2021-12-31-ESEF-FR-0,9695008GTTDJGF00CT88,ASSYSTEM,FR,2021-12-31,2022-04-21 00:00:00,https://filings.xbrl.org/9695008GTTDJGF00CT88/2021-12-31/ESEF/FR/0/assystem-2021-12-31-fr.json,https://filings.xbrl.org/9695008GTTDJGF00CT88/2021-12-31/ESEF/FR/0/assystem-2021-12-31-fr.zip,0
9695008GVA59G8SVGO83-2022-03-31-ESEF-FR-0,9695008GVA59G8SVGO83,BIGBEN INTERACTIVE,FR,2022-03-31,2022-06-30 00:00:00,https://filings.xbrl.org/9695008GVA59G8SVGO83/2022-03-31/ESEF/FR/0/bigben-2022-03-31-fr.json,https://filings.xbrl.org/9695008GVA59G8SVGO83/2022-03-31/ESEF/FR/0/bigben-2022-03-31-fr.zip,0
9695008J05IVNRH25N49-2021-12-31-ESEF-FR-0,9695008J05IVNRH25N49,ORAPI,FR,2021-12-31,2022-04-14 00:00:00,https://filings.xbrl.org/9695008J05IVNRH25N49/2021-12-31/ESEF/FR/0/9695008J05IVNRH25N49-2021-12-31AR.json,https://filings.xbrl.org/9695008J05IVNRH25N49/2021-12-31/ESEF/FR/0/9695008J05IVNRH25N49-2021-12-31AR.zip,0
9695008J05IVNRH25N49-2022-12-31-ESEF-FR-0,9695008J05IVNRH25N49,ORAPI,FR,2022-12-31,2023-04-20 11:09:21.637843,https://filings.xbrl.org/9695008J05IVNRH25N49/2022-12-31/ESEF/FR/0/9695008J05IVNRH25N49-2022-12-31AR.json,https://filings.xbrl.org/9695008J05IVNRH25N49/2022-12-31/ESEF/FR/0/9695008J05IVNRH25N49-2022-12-31AR.zip,0
9695008JULKH9KJQLP04-2021-12-31-ESEF-FR-0,9695008JULKH9KJQLP04,INFOTEL,FR,2021-12-31,2022-05-03 00:00:00,https://filings.xbrl.org/9695008JULKH9KJQLP04/2021-12-31/ESEF/FR/0/INFOTEL-2021-12-31-fr.json,https://filings.xbrl.org/9695008JULKH9KJQLP04/2021-12-31/ESEF/FR/0/INFOTEL-2021-12-31-fr.zip,0
9695008JULKH9KJQLP04-2022-12-31-ESEF-FR-0,9695008JULKH9KJQLP04,INFOTEL,FR,2022-12-31,2023-05-02 12:22:54.788165,https://filings.xbrl.org/9695008JULKH9KJQLP04/2022-12-31/ESEF/FR/0/infotel-2022-12-31-fr.json,https://filings.xbrl.org/9695008JULKH9KJQLP04/2022-12-31/ESEF/FR/0/infotel-2022-12-31-fr.zip,0
9695008SHP3XTT9QCM25-2020-12-31-ESEF-FR-0,9695008SHP3XTT9QCM25,MANITOU BF,FR,2020-12-31,2021-05-18 00:00:00,https://filings.xbrl.org/9695008SHP3XTT9QCM25/2020-12-31/ESEF/FR/0/9695008SHP3XTT9QCM25-2020-12-31.json,https://filings.xbrl.org/9695008SHP3XTT9QCM25/2020-12-31/ESEF/FR/0/9695008SHP3XTT9QCM25-2020-12-31.zip,0
9695008SHP3XTT9QCM25-2021-12-31-ESEF-FR-0,9695008SHP3XTT9QCM25,MANITOU BF,FR,2021-12-31,2022-04-19 00:00:00,https://filings.xbrl.org/9695008SHP3XTT9QCM25/2021-12-31/ESEF/FR/0/9695008SHP3XTT9QCM25-2021-12-31.json,https://filings.xbrl.org/9695008SHP3XTT9QCM25/2021-12-31/ESEF/FR/0/9695008SHP3XTT9QCM25-2021-12-31.zip,0
9695008SHP3XTT9QCM25-2022-12-31-ESEF-FR-0,9695008SHP3XTT9QCM25,MANITOU BF,FR,2022-12-31,2023-04-25 09:55:36.231871,https://filings.xbrl.org/9695008SHP3XTT9QCM25/2022-12-31/ESEF/FR/0/9695008SHP3XTT9QCM25-2022-12-31-fr.json,https://filings.xbrl.org/9695008SHP3XTT9QCM25/2022-12-31/ESEF/FR/0/9695008SHP3XTT9QCM25-2022-12-31.zip,0
9695008Y07TSG8SZCG57-2021-12-31-ESEF-FR-0,9695008Y07TSG8SZCG57,NEURONES,FR,2021-12-31,2022-04-26 00:00:00,https://filings.xbrl.org/9695008Y07TSG8SZCG57/2021-12-31/ESEF/FR/0/neurones-2021-12-31-fr.json,https://filings.xbrl.org/9695008Y07TSG8SZCG57/2021-12-31/ESEF/FR/0/neurones-2021-12-31-fr.zip,0
9695008Y07TSG8SZCG57-2021-12-31-ESEF-FR-1,9695008Y07TSG8SZCG57,NEURONES,FR,2021-12-31,2023-01-19 17:03:23.188077,https://filings.xbrl.org/9695008Y07TSG8SZCG57/2021-12-31/ESEF/FR/1/neurones-2021-12-31-fr.json,https://filings.xbrl.org/9695008Y07TSG8SZCG57/2021-12-31/ESEF/FR/1/neurones-2021-12-31-fr.zip,0
9695008Y07TSG8SZCG57-2022-12-31-ESEF-FR-0,9695008Y07TSG8SZCG57,NEURONES,FR,2022-12-31,2023-04-25 09:55:20.107645,https://filings.xbrl.org/9695008Y07TSG8SZCG57/2022-12-31/ESEF/FR/0/neurones-2022-12-31-fr.json,https://filings.xbrl.org/9695008Y07TSG8SZCG57/2022-12-31/ESEF/FR/0/neurones-2022-12-31-fr.zip,0
96950091FL62XSLPHO35-2020-12-31-ESEF-FR-0,96950091FL62XSLPHO35,FNAC DARTY,FR,2020-12-31,2022-03-23 00:00:00,https://filings.xbrl.org/96950091FL62XSLPHO35/2020-12-31/ESEF/FR/0/fnacdarty-2020-12-31AR.json,https://filings.xbrl.org/96950091FL62XSLPHO35/2020-12-31/ESEF/FR/0/fnacdarty-2020-12-31AR.zip,0
96950091FL62XSLPHO35-2021-12-31-ESEF-FR-0,96950091FL62XSLPHO35,FNAC DARTY,FR,2021-12-31,2022-03-23 00:00:00,https://filings.xbrl.org/96950091FL62XSLPHO35/2021-12-31/ESEF/FR/0/FNACDARTY-2021-12-31-fr.json,https://filings.xbrl.org/96950091FL62XSLPHO35/2021-12-31/ESEF/FR/0/FNACDARTY-2021-12-31-fr.zip,0
96950091FL62XSLPHO35-2022-12-31-ESEF-FR-0,96950091FL62XSLPHO35,FNAC DARTY,FR,2022-12-31,2023-03-21 10:29:34.300701,https://filings.xbrl.org/96950091FL62XSLPHO35/2022-12-31/ESEF/FR/0/fnacdarty-2022-12-31-fr.json,https://filings.xbrl.org/96950091FL62XSLPHO35/2022-12-31/ESEF/FR/0/fnacdarty-2022-12-31-fr.zip,0
9695009DV2698O4ZBU71-2020-12-31-ESEF-FR-0,9695009DV2698O4ZBU71,MAISONS DU MONDE,FR,2020-12-31,2021-05-18 00:00:00,https://filings.xbrl.org/9695009DV2698O4ZBU71/2020-12-31/ESEF/FR/0/MDM-2020-12-31AR.json,https://filings.xbrl.org/9695009DV2698O4ZBU71/2020-12-31/ESEF/FR/0/MDM-2020-12-31AR.zip,0
9695009DV2698O4ZBU71-2021-12-31-ESEF-FR-0,9695009DV2698O4ZBU71,MAISONS DU MONDE,FR,2021-12-31,2022-04-19 00:00:00,https://filings.xbrl.org/9695009DV2698O4ZBU71/2021-12-31/ESEF/FR/0/MDM-2021-12-31-fr.json,https://filings.xbrl.org/9695009DV2698O4ZBU71/2021-12-31/ESEF/FR/0/MDM-2021-12-31-fr.zip,0
9695009DV2698O4ZBU71-2022-12-31-ESEF-FR-0,9695009DV2698O4ZBU71,MAISONS DU MONDE,FR,2022-12-31,2023-05-02 12:23:37.513336,https://filings.xbrl.org/9695009DV2698O4ZBU71/2022-12-31/ESEF/FR/0/maisonsdumonde-2022-12-31-fr.json,https://filings.xbrl.org/9695009DV2698O4ZBU71/2022-12-31/ESEF/FR/0/maisonsdumonde-2022-12-31-fr.zip,1
9695009FXHWX468RM706-2022-09-30-ESEF-FR-0,9695009FXHWX468RM706,PIERRE ET VACANCES,FR,2022-09-30,2023-01-05 00:00:00,https://filings.xbrl.org/9695009FXHWX468RM706/2022-09-30/ESEF/FR/0/9695009FXHWX468RM706-2022-09-30-fr.json,https://filings.xbrl.org/9695009FXHWX468RM706/2022-09-30/ESEF/FR/0/9695009FXHWX468RM706-2022-09-30-fr.zip,0
9695009KV7AFPDEI5S30-2021-12-31-ESEF-FR-1,9695009KV7AFPDEI5S30,JCDECAUX SE,FR,2021-12-31,2023-01-19 17:03:34.775498,https://filings.xbrl.org/9695009KV7AFPDEI5S30/2021-12-31/ESEF/FR/1/jcdecaux-2021-12-31-fr.json,https://filings.xbrl.org/9695009KV7AFPDEI5S30/2021-12-31/ESEF/FR/1/jcdecaux-2021-12-31-fr.zip,0
9695009WMW72CD0E3W90-2021-12-31-ESEF-FR-0,9695009WMW72CD0E3W90,PCAS,FR,2021-12-31,2022-05-03 00:00:00,https://filings.xbrl.org/9695009WMW72CD0E3W90/2021-12-31/ESEF/FR/0/9695009WMW72CD0E3W90-2021-12-31-fr.json,https://filings.xbrl.org/9695009WMW72CD0E3W90/2021-12-31/ESEF/FR/0/9695009WMW72CD0E3W90-2021-12-31-fr.zip,0
9695009WMW72CD0E3W90-2022-12-31-ESEF-FR-0,9695009WMW72CD0E3W90,PCAS,FR,2022-12-31,2023-05-02 12:23:31.063769,https://filings.xbrl.org/9695009WMW72CD0E3W90/2022-12-31/ESEF/FR/0/9695009WMW72CD0E3W90-2022-12-31-fr.json,https://filings.xbrl.org/9695009WMW72CD0E3W90/2022-12-31/ESEF/FR/0/9695009WMW72CD0E3W90-2022-12-31-fr.zip,0
9695009YI1863TOVDP79-2021-12-31-ESEF-FR-0,9695009YI1863TOVDP79,VICAT,FR,2021-12-31,2022-03-23 00:00:00,https://filings.xbrl.org/9695009YI1863TOVDP79/2021-12-31/ESEF/FR/0/9695009YI1863TOVDP79-2021-12-31-fr.json,https://filings.xbrl.org/9695009YI1863TOVDP79/2021-12-31/ESEF/FR/0/9695009YI1863TOVDP79-2021-12-31-fr.zip,0
9695009YI1863TOVDP79-2022-12-31-ESEF-FR-0,9695009YI1863TOVDP79,VICAT,FR,2022-12-31,2023-03-21 10:29:32.179082,https://filings.xbrl.org/9695009YI1863TOVDP79/2022-12-31/ESEF/FR/0/9695009YI1863TOVDP79-2022-12-31-fr.json,https://filings.xbrl.org/9695009YI1863TOVDP79/2022-12-31/ESEF/FR/0/9695009YI1863TOVDP79-2022-12-31-fr.zip,0
969500A1YF1XUYYXS284-2020-12-31-ESEF-FR-0,969500A1YF1XUYYXS284,SCHNEIDER ELECTRIC SE,FR,2020-12-31,2021-05-18 00:00:00,https://filings.xbrl.org/969500A1YF1XUYYXS284/2020-12-31/ESEF/FR/0/schneiderelectric-2020-12-31AR.json,https://filings.xbrl.org/969500A1YF1XUYYXS284/2020-12-31/ESEF/FR/0/schneiderelectric-2020-12-31AR.zip,0
969500A1YF1XUYYXS284-2021-12-31-ESEF-FR-0,969500A1YF1XUYYXS284,SCHNEIDER ELECTRIC SE,FR,2021-12-31,2022-03-30 00:00:00,https://filings.xbrl.org/969500A1YF1XUYYXS284/2021-12-31/ESEF/FR/0/969500A1YF1XUYYXS284-2021-12-31-fr.json,https://filings.xbrl.org/969500A1YF1XUYYXS284/2021-12-31/ESEF/FR/0/969500A1YF1XUYYXS284-2021-12-31-fr.zip,0
969500A1YF1XUYYXS284-2022-12-31-ESEF-FR-0,969500A1YF1XUYYXS284,SCHNEIDER ELECTRIC SE,FR,2022-12-31,2023-03-30 16:36:27.166368,https://filings.xbrl.org/969500A1YF1XUYYXS284/2022-12-31/ESEF/FR/0/969500A1YF1XUYYXS284-2022-12-31-fr.json,https://filings.xbrl.org/969500A1YF1XUYYXS284/2022-12-31/ESEF/FR/0/schneiderelectric-2022-12-31UR.zip,0
969500A4R8HLXMZQDT80-2022-12-31-ESEF-FR-0,969500A4R8HLXMZQDT80,NACON,FR,2022-12-31,2022-06-30 00:00:00,https://filings.xbrl.org/969500A4R8HLXMZQDT80/2022-12-31/ESEF/FR/0/nacon-2022-03-31-fr.json,https://filings.xbrl.org/969500A4R8HLXMZQDT80/2022-12-31/ESEF/FR/0/nacon-2022-03-31-fr.zip,0
969500AGQP2FXW6GMN75-2021-12-31-ESEF-FR-0,969500AGQP2FXW6GMN75,HEXAOM,FR,2021-12-31,2022-05-03 00:00:00,https://filings.xbrl.org/969500AGQP2FXW6GMN75/2021-12-31/ESEF/FR/0/hexaom-2021-12-31-fr.json,https://filings.xbrl.org/969500AGQP2FXW6GMN75/2021-12-31/ESEF/FR/0/hexaom-2021-12-31-fr.zip,0
969500AI7V5V0J9TOU58-2021-12-31-ESEF-FR-0,969500AI7V5V0J9TOU58,RALLYE,FR,2021-12-31,2022-04-21 00:00:00,https://filings.xbrl.org/969500AI7V5V0J9TOU58/2021-12-31/ESEF/FR/0/rallye-2021-12-31-fr.json,https://filings.xbrl.org/969500AI7V5V0J9TOU58/2021-12-31/ESEF/FR/0/rallye-2021-12-31-fr.zip,0
969500AI7V5V0J9TOU58-2022-12-31-ESEF-FR-0,969500AI7V5V0J9TOU58,RALLYE,FR,2022-12-31,2023-04-20 11:09:31.579299,https://filings.xbrl.org/969500AI7V5V0J9TOU58/2022-12-31/ESEF/FR/0/rallye-2022-12-31-fr.json,https://filings.xbrl.org/969500AI7V5V0J9TOU58/2022-12-31/ESEF/FR/0/rallye-2022-12-31-fr.zip,0
969500AQW31GYO8JZD66-2021-12-31-ESEF-FR-0,969500AQW31GYO8JZD66,AIR FRANCE - KLM,FR,2021-12-31,2022-04-05 00:00:00,https://filings.xbrl.org/969500AQW31GYO8JZD66/2021-12-31/ESEF/FR/0/afklm-2021-12-31AR.json,https://filings.xbrl.org/969500AQW31GYO8JZD66/2021-12-31/ESEF/FR/0/afklm-2021-12-31AR.zip,0
969500AQW31GYO8JZD66-2021-12-31-ESEF-FR-1,969500AQW31GYO8JZD66,AIR FRANCE - KLM,FR,2021-12-31,2023-01-19 17:04:58.403729,https://filings.xbrl.org/969500AQW31GYO8JZD66/2021-12-31/ESEF/FR/1/afklm-2021-12-31AR.json,https://filings.xbrl.org/969500AQW31GYO8JZD66/2021-12-31/ESEF/FR/1/afklm-2021-12-31AR.zip,0
969500AQW31GYO8JZD66-2022-12-31-ESEF-FR-0,969500AQW31GYO8JZD66,AIR FRANCE - KLM,FR,2022-12-31,2023-04-25 09:55:15.618559,https://filings.xbrl.org/969500AQW31GYO8JZD66/2022-12-31/ESEF/FR/0/afklm-2022-12-31-fr.json,https://filings.xbrl.org/969500AQW31GYO8JZD66/2022-12-31/ESEF/FR/0/afklm-2022-12-31-fr.zip,0
969500BVOHVZUUFWDT54-2020-12-31-ESEF-FR-0,969500BVOHVZUUFWDT54,GAZTRANSPORT ET TECHNIGAZ,FR,2020-12-31,2022-03-23 00:00:00,https://filings.xbrl.org/969500BVOHVZUUFWDT54/2020-12-31/ESEF/FR/0/gtt-2020-12-31AR.json,https://filings.xbrl.org/969500BVOHVZUUFWDT54/2020-12-31/ESEF/FR/0/gtt-2020-12-31AR.zip,0
969500BVOHVZUUFWDT54-2021-12-31-ESEF-FR-0,969500BVOHVZUUFWDT54,GAZTRANSPORT ET TECHNIGAZ,FR,2021-12-31,2022-04-26 00:00:00,https://filings.xbrl.org/969500BVOHVZUUFWDT54/2021-12-31/ESEF/FR/0/969500bvohvzuufwdt54-2021-12-31.json,https://filings.xbrl.org/969500BVOHVZUUFWDT54/2021-12-31/ESEF/FR/0/gtt-2021-12-31-fr.zip,0
969500BVOHVZUUFWDT54-2022-12-31-ESEF-FR-0,969500BVOHVZUUFWDT54,GAZTRANSPORT ET TECHNIGAZ,FR,2022-12-31,2023-05-02 12:23:16.876775,https://filings.xbrl.org/969500BVOHVZUUFWDT54/2022-12-31/ESEF/FR/0/969500BVOHVZUUFWDT54-2022-12-31.json,https://filings.xbrl.org/969500BVOHVZUUFWDT54/2022-12-31/ESEF/FR/0/969500BVOHVZUUFWDT54-2022-12-31.zip,0
969500BY8TEU16U3SJ94-2021-12-31-ESEF-FR-0,969500BY8TEU16U3SJ94,TIKEHAU CAPITAL,FR,2021-12-31,2022-03-29 00:00:00,https://filings.xbrl.org/969500BY8TEU16U3SJ94/2021-12-31/ESEF/FR/0/tikehau-2021-12-31-fr.json,https://filings.xbrl.org/969500BY8TEU16U3SJ94/2021-12-31/ESEF/FR/0/tikehau-2021-12-31-fr.zip,0
969500BY8TEU16U3SJ94-2022-12-31-ESEF-FR-0,969500BY8TEU16U3SJ94,TIKEHAU CAPITAL,FR,2022-12-31,2023-03-22 15:40:27.152778,https://filings.xbrl.org/969500BY8TEU16U3SJ94/2022-12-31/ESEF/FR/0/tikehau-2022-12-31-fr.json,https://filings.xbrl.org/969500BY8TEU16U3SJ94/2022-12-31/ESEF/FR/0/tikehau-2022-12-31-fr.zip,3
969500C0AIAGQWZGJO13-2020-12-31-ESEF-FR-0,969500C0AIAGQWZGJO13,NEOEN,FR,2020-12-31,2021-05-18 00:00:00,https://filings.xbrl.org/969500C0AIAGQWZGJO13/2020-12-31/ESEF/FR/0/NEOEN-2020-12-31AR.json,https://filings.xbrl.org/969500C0AIAGQWZGJO13/2020-12-31/ESEF/FR/0/NEOEN-2020-12-31AR.zip,0
969500C0AIAGQWZGJO13-2021-12-31-ESEF-FR-0,969500C0AIAGQWZGJO13,NEOEN,FR,2021-12-31,2022-04-05 00:00:00,https://filings.xbrl.org/969500C0AIAGQWZGJO13/2021-12-31/ESEF/FR/0/neoen-2021-12-31-fr.json,https://filings.xbrl.org/969500C0AIAGQWZGJO13/2021-12-31/ESEF/FR/0/neoen-2021-12-31-fr.zip,0
969500C0AIAGQWZGJO13-2022-12-31-ESEF-FR-0,969500C0AIAGQWZGJO13,NEOEN,FR,2022-12-31,2023-04-18 11:40:34.151177,https://filings.xbrl.org/969500C0AIAGQWZGJO13/2022-12-31/ESEF/FR/0/neoen-2022-12-31-fr.json,https://filings.xbrl.org/969500C0AIAGQWZGJO13/2022-12-31/ESEF/FR/0/neoen-2022-12-31-fr.zip,0
969500C2C11L0PTGRH11-2022-12-31-ESEF-FR-0,969500C2C11L0PTGRH11,PATRIMOINE ET COMMERCE,FR,2022-12-31,2023-03-21 10:33:24.329180,https://filings.xbrl.org/969500C2C11L0PTGRH11/2022-12-31/ESEF/FR/0/patrimoineetcommerce-2022-12-31-fr.json,https://filings.xbrl.org/969500C2C11L0PTGRH11/2022-12-31/ESEF/FR/0/patrimoineetcommerce-2022-12-31-fr.zip,16
969500C656AA39O94N60-2021-12-31-ESEF-FR-0,969500C656AA39O94N60,EURAZEO,FR,2021-12-31,2022-03-24 00:00:00,https://filings.xbrl.org/969500C656AA39O94N60/2021-12-31/ESEF/FR/0/eurazeo-2021-12-31-fr.json,https://filings.xbrl.org/969500C656AA39O94N60/2021-12-31/ESEF/FR/0/eurazeo-2021-12-31-fr.zip,0
969500C656AA39O94N60-2022-12-31-ESEF-FR-0,969500C656AA39O94N60,EURAZEO,FR,2022-12-31,2023-03-28 11:26:53.516375,https://filings.xbrl.org/969500C656AA39O94N60/2022-12-31/ESEF/FR/0/eurazeo-2022-12-31-fr.json,https://filings.xbrl.org/969500C656AA39O94N60/2022-12-31/ESEF/FR/0/eurazeo-2022-12-31-fr.zip,0
969500CE0X343D8ALO86-2021-11-30-ESEF-FR-0,969500CE0X343D8ALO86,KAUFMAN & BROAD SA,FR,2021-11-30,2022-04-05 00:00:00,https://filings.xbrl.org/969500CE0X343D8ALO86/2021-11-30/ESEF/FR/0/969500CE0X343D8ALO86-2021-11-30-fr.json,https://filings.xbrl.org/969500CE0X343D8ALO86/2021-11-30/ESEF/FR/0/969500CE0X343D8ALO86-2021-11-30-fr.zip,0
969500CE0X343D8ALO86-2022-11-30-ESEF-FR-0,969500CE0X343D8ALO86,KAUFMAN & BROAD SA,FR,2022-11-30,2023-04-04 21:51:41.837689,https://filings.xbrl.org/969500CE0X343D8ALO86/2022-11-30/ESEF/FR/0/969500CE0X343D8ALO86-2022-11-30-fr.json,https://filings.xbrl.org/969500CE0X343D8ALO86/2022-11-30/ESEF/FR/0/969500CE0X343D8ALO86-2022-11-30-fr.zip,0
969500CRQJCR86DNNC50-2022-12-31-ESEF-FR-0,969500CRQJCR86DNNC50,IMMOBILIERE DASSAULT SA,FR,2022-12-31,2023-03-21 10:29:31.247173,https://filings.xbrl.org/969500CRQJCR86DNNC50/2022-12-31/ESEF/FR/0/immobilieredassault-2022-12-31-fr.json,https://filings.xbrl.org/969500CRQJCR86DNNC50/2022-12-31/ESEF/FR/0/immobilieredassault-2022-12-31-fr.zip,0
969500DCGMF1DNOXFH76-2021-12-31-ESEF-FR-0,969500DCGMF1DNOXFH76,UNIBEL,FR,2021-12-31,2022-04-05 00:00:00,https://filings.xbrl.org/969500DCGMF1DNOXFH76/2021-12-31/ESEF/FR/0/969500DCGMF1DNOXFH76-2021-12-31-fr.json,https://filings.xbrl.org/969500DCGMF1DNOXFH76/2021-12-31/ESEF/FR/0/969500DCGMF1DNOXFH76-2021-12-31-fr.zip,0
969500DCGMF1DNOXFH76-2022-12-31-ESEF-FR-0,969500DCGMF1DNOXFH76,UNIBEL,FR,2022-12-31,2023-04-04 21:51:25.585668,https://filings.xbrl.org/969500DCGMF1DNOXFH76/2022-12-31/ESEF/FR/0/969500DCGMF1DNOXFH76-2022-12-31-fr.json,https://filings.xbrl.org/969500DCGMF1DNOXFH76/2022-12-31/ESEF/FR/0/969500DCGMF1DNOXFH76-2022-12-31-fr.zip,0
969500DIVIP5VKNW4948-2021-12-31-ESEF-FR-0,969500DIVIP5VKNW4948,VALNEVA,FR,2021-12-31,2022-03-24 00:00:00,https://filings.xbrl.org/969500DIVIP5VKNW4948/2021-12-31/ESEF/FR/0/valneva-2021-12-31-fr.json,https://filings.xbrl.org/969500DIVIP5VKNW4948/2021-12-31/ESEF/FR/0/valneva-2021-12-31-fr.zip,0
969500DIVIP5VKNW4948-2022-12-31-ESEF-FR-0,969500DIVIP5VKNW4948,VALNEVA,FR,2022-12-31,2023-04-04 21:51:55.813642,https://filings.xbrl.org/969500DIVIP5VKNW4948/2022-12-31/ESEF/FR/0/valneva-2022-12-31-fr.json,https://filings.xbrl.org/969500DIVIP5VKNW4948/2022-12-31/ESEF/FR/0/valneva-2022-12-31-fr.zip,0
969500E7V019H9NP7427-2020-12-31-ESEF-FR-0,969500E7V019H9NP7427,AYVENS,FR,2020-12-31,2021-05-18 00:00:00,https://filings.xbrl.org/969500E7V019H9NP7427/2020-12-31/ESEF/FR/0/ald-2020-12-31AR.json,https://filings.xbrl.org/969500E7V019H9NP7427/2020-12-31/ESEF/FR/0/ald-2020-12-31AR.zip,0
969500E7V019H9NP7427-2021-12-31-ESEF-FR-0,969500E7V019H9NP7427,AYVENS,FR,2021-12-31,2022-04-26 00:00:00,https://filings.xbrl.org/969500E7V019H9NP7427/2021-12-31/ESEF/FR/0/969500e7v019h9np7427-2021-31-12.json,https://filings.xbrl.org/969500E7V019H9NP7427/2021-12-31/ESEF/FR/0/ald-2021-12-31-EN.zip,0
969500E7V019H9NP7427-2022-12-31-ESEF-FR-0,969500E7V019H9NP7427,AYVENS,FR,2022-12-31,2023-04-18 11:40:27.588985,https://filings.xbrl.org/969500E7V019H9NP7427/2022-12-31/ESEF/FR/0/ald-2022-12-31-en.json,https://filings.xbrl.org/969500E7V019H9NP7427/2022-12-31/ESEF/FR/0/ald-2022-12-31-EN.zip,0
969500EQZGSVHQZQE212-2021-12-31-ESEF-FR-0,969500EQZGSVHQZQE212,VITURA S.A.,FR,2021-12-31,2022-04-05 00:00:00,https://filings.xbrl.org/969500EQZGSVHQZQE212/2021-12-31/ESEF/FR/0/969500EQZGSVHQZQE212-2021-12-31-fr.json,https://filings.xbrl.org/969500EQZGSVHQZQE212/2021-12-31/ESEF/FR/0/969500EQZGSVHQZQE212-2021-12-31-fr.zip,0
969500EQZGSVHQZQE212-2022-12-31-ESEF-FR-0,969500EQZGSVHQZQE212,VITURA S.A.,FR,2022-12-31,2023-04-04 21:51:14.031202,https://filings.xbrl.org/969500EQZGSVHQZQE212/2022-12-31/ESEF/FR/0/969500EQZGSVHQZQE212-2022-12-31-fr.json,https://filings.xbrl.org/969500EQZGSVHQZQE212/2022-12-31/ESEF/FR/0/969500EQZGSVHQZQE212-2022-12-31-fr.zip,0
969500EZGEO9W4JXR353-2021-12-31-ESEF-FR-0,969500EZGEO9W4JXR353,NICOX SA,FR,2021-12-31,2022-05-03 00:00:00,https://filings.xbrl.org/969500EZGEO9W4JXR353/2021-12-31/ESEF/FR/0/969500EZGEO9W4JXR353-2021-12-31AR.json,https://filings.xbrl.org/969500EZGEO9W4JXR353/2021-12-31/ESEF/FR/0/969500EZGEO9W4JXR353-2021-12-31AR.zip,0
969500F0VMZLK2IULV85-2021-12-31-ESEF-FR-0,969500F0VMZLK2IULV85,FORVIA,FR,2021-12-31,2022-04-07 00:00:00,https://filings.xbrl.org/969500F0VMZLK2IULV85/2021-12-31/ESEF/FR/0/969500F0VMZLK2IULV85-2021-12-31-fr.json,https://filings.xbrl.org/969500F0VMZLK2IULV85/2021-12-31/ESEF/FR/0/969500F0VMZLK2IULV85-2021-12-31-fr.zip,0
969500F0VMZLK2IULV85-2022-12-31-ESEF-FR-0,969500F0VMZLK2IULV85,FORVIA,FR,2022-12-31,2023-03-02 10:04:40.153123,https://filings.xbrl.org/969500F0VMZLK2IULV85/2022-12-31/ESEF/FR/0/969500F0VMZLK2IULV85-2022-12-31-fr.json,https://filings.xbrl.org/969500F0VMZLK2IULV85/2022-12-31/ESEF/FR/0/969500F0VMZLK2IULV85-2022-12-31-fr.zip,0
969500F7JLTX36OUI695-2021-12-31-ESEF-FR-0,969500F7JLTX36OUI695,RENAULT,FR,2021-12-31,2022-03-24 00:00:00,https://filings.xbrl.org/969500F7JLTX36OUI695/2021-12-31/ESEF/FR/0/969500F7JLTX36OUI695-2021-12-31.json,https://filings.xbrl.org/969500F7JLTX36OUI695/2021-12-31/ESEF/FR/0/969500F7JLTX36OUI695-2021-12-31.zip,0
969500F7JLTX36OUI695-2022-12-31-ESEF-FR-0,969500F7JLTX36OUI695,RENAULT,FR,2022-12-31,2023-03-21 10:33:17.927157,https://filings.xbrl.org/969500F7JLTX36OUI695/2022-12-31/ESEF/FR/0/969500F7JLTX36OUI695-2022-12-31-fr.json,https://filings.xbrl.org/969500F7JLTX36OUI695/2022-12-31/ESEF/FR/0/969500F7JLTX36OUI695-2022-12-31-fr.zip,0
969500F9H7I22AX1D138-2021-12-31-ESEF-FR-0,969500F9H7I22AX1D138,LATECOERE,FR,2021-12-31,2023-01-19 17:03:28.137811,https://filings.xbrl.org/969500F9H7I22AX1D138/2021-12-31/ESEF/FR/0/LATECOERE-2021-12-31-fr.json,https://filings.xbrl.org/969500F9H7I22AX1D138/2021-12-31/ESEF/FR/0/LATECOERE-2021-12-31-fr.zip,0
969500F9H7I22AX1D138-2022-12-31-ESEF-FR-0,969500F9H7I22AX1D138,LATECOERE,FR,2022-12-31,2023-06-28 09:29:43.740295,https://filings.xbrl.org/969500F9H7I22AX1D138/2022-12-31/ESEF/FR/0/969500F9H7I22AX1D138-2022-12-31AR.json,https://filings.xbrl.org/969500F9H7I22AX1D138/2022-12-31/ESEF/FR/0/969500F9H7I22AX1D138-2022-12-31AR.zip,0
969500FCVQ5SLAAUJV59-2020-12-31-ESEF-FR-0,969500FCVQ5SLAAUJV59,VIRIDIEN,FR,2020-12-31,2021-05-18 00:00:00,https://filings.xbrl.org/969500FCVQ5SLAAUJV59/2020-12-31/ESEF/FR/0/969500FCVQ5SLAAUJV59-2020-12-31AR.json,https://filings.xbrl.org/969500FCVQ5SLAAUJV59/2020-12-31/ESEF/FR/0/969500FCVQ5SLAAUJV59-2020-12-31AR.zip,1
969500FCVQ5SLAAUJV59-2021-12-31-ESEF-FR-0,969500FCVQ5SLAAUJV59,VIRIDIEN,FR,2021-12-31,2022-03-23 00:00:00,https://filings.xbrl.org/969500FCVQ5SLAAUJV59/2021-12-31/ESEF/FR/0/969500FCVQ5SLAAUJV59-2021-12-31-fr.json,https://filings.xbrl.org/969500FCVQ5SLAAUJV59/2021-12-31/ESEF/FR/0/969500FCVQ5SLAAUJV59-2021-12-31-fr.zip,0
969500FCVQ5SLAAUJV59-2022-12-31-ESEF-FR-0,969500FCVQ5SLAAUJV59,VIRIDIEN,FR,2022-12-31,2023-03-21 10:33:14.242986,https://filings.xbrl.org/969500FCVQ5SLAAUJV59/2022-12-31/ESEF/FR/0/969500FCVQ5SLAAUJV59-2022-12-31-fr.json,https://filings.xbrl.org/969500FCVQ5SLAAUJV59/2022-12-31/ESEF/FR/0/969500FCVQ5SLAAUJV59-2022-12-31-fr.zip,0
969500FU4DRAEVJW7U54-2021-12-31-ESEF-FR-0,969500FU4DRAEVJW7U54,VIVENDI SE,FR,2021-12-31,2022-03-23 00:00:00,https://filings.xbrl.org/969500FU4DRAEVJW7U54/2021-12-31/ESEF/FR/0/vivendi-2021-12-31.json,https://filings.xbrl.org/969500FU4DRAEVJW7U54/2021-12-31/ESEF/FR/0/vivendi-2021-12-31.zip,0
969500FU4DRAEVJW7U54-2022-12-31-ESEF-FR-0,969500FU4DRAEVJW7U54,VIVENDI SE,FR,2022-12-31,2023-03-21 10:33:08.952296,https://filings.xbrl.org/969500FU4DRAEVJW7U54/2022-12-31/ESEF/FR/0/Vivendi-2022-12-31-FR.json,https://filings.xbrl.org/969500FU4DRAEVJW7U54/2022-12-31/ESEF/FR/0/Vivendi-2022-12-31-FR.zip,0
969500FULTKJYIRIAT87-2020-12-31-ESEF-FR-0,969500FULTKJYIRIAT87,LNA SANTE,FR,2020-12-31,2021-05-18 00:00:00,https://filings.xbrl.org/969500FULTKJYIRIAT87/2020-12-31/ESEF/FR/0/lna-2020-12-31AR.json,https://filings.xbrl.org/969500FULTKJYIRIAT87/2020-12-31/ESEF/FR/0/lna-2020-12-31AR.zip,0
969500FULTKJYIRIAT87-2021-12-31-ESEF-FR-0,969500FULTKJYIRIAT87,LNA SANTE,FR,2021-12-31,2022-05-03 00:00:00,https://filings.xbrl.org/969500FULTKJYIRIAT87/2021-12-31/ESEF/FR/0/LNA-2021-12-31-fr.json,https://filings.xbrl.org/969500FULTKJYIRIAT87/2021-12-31/ESEF/FR/0/LNA-2021-12-31-fr.zip,0
969500FYLNRXCJ348W66-2020-12-31-ESEF-FR-0,969500FYLNRXCJ348W66,HIGH CO,FR,2020-12-31,2021-05-18 00:00:00,https://filings.xbrl.org/969500FYLNRXCJ348W66/2020-12-31/ESEF/FR/0/highco-2020-12-31AR.json,https://filings.xbrl.org/969500FYLNRXCJ348W66/2020-12-31/ESEF/FR/0/highco-2020-12-31AR.zip,0
969500FYLNRXCJ348W66-2021-12-31-ESEF-FR-0,969500FYLNRXCJ348W66,HIGH CO,FR,2021-12-31,2022-04-26 00:00:00,https://filings.xbrl.org/969500FYLNRXCJ348W66/2021-12-31/ESEF/FR/0/highco-2021-12-31-fr.json,https://filings.xbrl.org/969500FYLNRXCJ348W66/2021-12-31/ESEF/FR/0/highco-2021-12-31-fr.zip,0
969500FYLNRXCJ348W66-2022-12-31-ESEF-FR-0,969500FYLNRXCJ348W66,HIGH CO,FR,2022-12-31,2023-04-25 09:55:46.761198,https://filings.xbrl.org/969500FYLNRXCJ348W66/2022-12-31/ESEF/FR/0/highco-2022-12-31-fr.json,https://filings.xbrl.org/969500FYLNRXCJ348W66/2022-12-31/ESEF/FR/0/highco-2022-12-31-fr.zip,0
969500G42GDB5YEC2Q03-2021-12-31-ESEF-FR-0,969500G42GDB5YEC2Q03,SQLI,FR,2021-12-31,2022-04-28 00:00:00,https://filings.xbrl.org/969500G42GDB5YEC2Q03/2021-12-31/ESEF/FR/0/969500G42GDB5YEC2Q03-2021-12-31AR.json,https://filings.xbrl.org/969500G42GDB5YEC2Q03/2021-12-31/ESEF/FR/0/969500G42GDB5YEC2Q03-2021-12-31AR.zip,0
969500G42GDB5YEC2Q03-2022-12-31-ESEF-FR-0,969500G42GDB5YEC2Q03,SQLI,FR,2022-12-31,2023-05-02 12:23:41.696480,https://filings.xbrl.org/969500G42GDB5YEC2Q03/2022-12-31/ESEF/FR/0/969500G42GDB5YEC2Q03-2022-12-31AR.json,https://filings.xbrl.org/969500G42GDB5YEC2Q03/2022-12-31/ESEF/FR/0/969500G42GDB5YEC2Q03-2022-12-31AR.zip,0
969500GFIL2Z81YKUM35-2022-12-31-ESEF-FR-0,969500GFIL2Z81YKUM35,BOURSE DIRECT,FR,2022-12-31,2023-05-02 12:23:15.944246,https://filings.xbrl.org/969500GFIL2Z81YKUM35/2022-12-31/ESEF/FR/0/969500GFIL2Z81YKUM35-2022-12-31AR.json,https://filings.xbrl.org/969500GFIL2Z81YKUM35/2022-12-31/ESEF/FR/0/969500GFIL2Z81YKUM35-2022-12-31AR.zip,0
969500GFM1C4M1KMPL74-2022-12-31-ESEF-FR-0,969500GFM1C4M1KMPL74,EXCLUSIVE NETWORKS SA,FR,2022-12-31,2023-05-02 12:23:47.752668,https://filings.xbrl.org/969500GFM1C4M1KMPL74/2022-12-31/ESEF/FR/0/exclusivenetworks-2022-12-31-fr.json,https://filings.xbrl.org/969500GFM1C4M1KMPL74/2022-12-31/ESEF/FR/0/exclusivenetworks-2022-12-31-fr.zip,0
969500GMPWNUM7HCZ452-2020-12-31-ESEF-FR-0,969500GMPWNUM7HCZ452,GAUMONT,FR,2020-12-31,2021-05-18 00:00:00,https://filings.xbrl.org/969500GMPWNUM7HCZ452/2020-12-31/ESEF/FR/0/gaumont-2020-12-31AR.json,https://filings.xbrl.org/969500GMPWNUM7HCZ452/2020-12-31/ESEF/FR/0/gaumont-2020-12-31AR.zip,0
969500GMPWNUM7HCZ452-2021-12-31-ESEF-FR-0,969500GMPWNUM7HCZ452,GAUMONT,FR,2021-12-31,2022-04-21 00:00:00,https://filings.xbrl.org/969500GMPWNUM7HCZ452/2021-12-31/ESEF/FR/0/gaumont-2021-12-31-fr.json,https://filings.xbrl.org/969500GMPWNUM7HCZ452/2021-12-31/ESEF/FR/0/gaumont-2021-12-31-fr.zip,0
969500GMPWNUM7HCZ452-2022-12-31-ESEF-FR-0,969500GMPWNUM7HCZ452,GAUMONT,FR,2022-12-31,2023-04-20 11:09:17.783554,https://filings.xbrl.org/969500GMPWNUM7HCZ452/2022-12-31/ESEF/FR/0/gaumont-2022-12-31-fr.json,https://filings.xbrl.org/969500GMPWNUM7HCZ452/2022-12-31/ESEF/FR/0/gaumont-2022-12-31-fr.zip,0
969500GSN25I3B3X6F94-2022-03-31-ESEF-FR-0,969500GSN25I3B3X6F94,WAVESTONE,FR,2022-03-31,2022-07-19 00:00:00,https://filings.xbrl.org/969500GSN25I3B3X6F94/2022-03-31/ESEF/FR/0/wavestone-2022-03-31-fr.json,https://filings.xbrl.org/969500GSN25I3B3X6F94/2022-03-31/ESEF/FR/0/wavestone-2022-03-31-fr.zip,0
969500HIUWVGY6NZSM05-2021-12-31-ESEF-FR-0,969500HIUWVGY6NZSM05,OSE IMMUNOTHERAPEUTICS,FR,2021-12-31,2022-04-21 00:00:00,https://filings.xbrl.org/969500HIUWVGY6NZSM05/2021-12-31/ESEF/FR/0/ose-2021-12-31-fr.json,https://filings.xbrl.org/969500HIUWVGY6NZSM05/2021-12-31/ESEF/FR/0/ose-2021-12-31-fr.zip,0
969500HZ36JO2ODTSW29-2020-12-31-ESEF-FR-0,969500HZ36JO2ODTSW29,ITESOFT,FR,2020-12-31,2022-03-23 00:00:00,https://filings.xbrl.org/969500HZ36JO2ODTSW29/2020-12-31/ESEF/FR/0/itesoft-2020-12-31AR.json,https://filings.xbrl.org/969500HZ36JO2ODTSW29/2020-12-31/ESEF/FR/0/itesoft-2020-12-31AR.zip,0
969500HZ36JO2ODTSW29-2021-12-31-ESEF-FR-0,969500HZ36JO2ODTSW29,ITESOFT,FR,2021-12-31,2022-04-21 00:00:00,https://filings.xbrl.org/969500HZ36JO2ODTSW29/2021-12-31/ESEF/FR/0/ITESOFT-2021-12-31-fr.json,https://filings.xbrl.org/969500HZ36JO2ODTSW29/2021-12-31/ESEF/FR/0/ITESOFT-2021-12-31-fr.zip,0
969500HZ36JO2ODTSW29-2022-12-31-ESEF-FR-0,969500HZ36JO2ODTSW29,ITESOFT,FR,2022-12-31,2023-05-02 12:22:55.561137,https://filings.xbrl.org/969500HZ36JO2ODTSW29/2022-12-31/ESEF/FR/0/itesoft-2022-12-31-fr.json,https://filings.xbrl.org/969500HZ36JO2ODTSW29/2022-12-31/ESEF/FR/0/itesoft-2022-12-31-fr.zip,0
969500I1EJGUAT223F44-2022-06-30-ESEF-FR-0,969500I1EJGUAT223F44,RAMSAY GENERALE DE SANTE,FR,2022-06-30,2022-11-17 00:00:00,https://filings.xbrl.org/969500I1EJGUAT223F44/2022-06-30/ESEF/FR/0/ramsaysante-2022-06-30-fr.json,https://filings.xbrl.org/969500I1EJGUAT223F44/2022-06-30/ESEF/FR/0/ramsaysante-2022-06-30-fr.zip,0
969500I7C8V1LBIMSM05-2021-03-31-ESEF-FR-0,969500I7C8V1LBIMSM05,UBISOFT ENTERTAINMENT,FR,2021-03-31,2022-03-23 00:00:00,https://filings.xbrl.org/969500I7C8V1LBIMSM05/2021-03-31/ESEF/FR/0/ubisoft-2021-03-31AR.json,https://filings.xbrl.org/969500I7C8V1LBIMSM05/2021-03-31/ESEF/FR/0/ubisoft-2021-03-31AR.zip,0
969500I7C8V1LBIMSM05-2022-03-31-ESEF-FR-0,969500I7C8V1LBIMSM05,UBISOFT ENTERTAINMENT,FR,2022-03-31,2022-06-22 00:00:00,https://filings.xbrl.org/969500I7C8V1LBIMSM05/2022-03-31/ESEF/FR/0/ubisoft-2022-03-31-fr.json,https://filings.xbrl.org/969500I7C8V1LBIMSM05/2022-03-31/ESEF/FR/0/ubisoft-2022-03-31-fr.zip,0
969500I9Y690B3FZW590-2021-12-31-ESEF-FR-0,969500I9Y690B3FZW590,INVENTIVA,FR,2021-12-31,2022-03-23 00:00:00,https://filings.xbrl.org/969500I9Y690B3FZW590/2021-12-31/ESEF/FR/0/969500I9Y690B3FZW590-2021-12-31-fr.json,https://filings.xbrl.org/969500I9Y690B3FZW590/2021-12-31/ESEF/FR/0/969500I9Y690B3FZW590-2021-12-31-fr.zip,0
969500I9Y690B3FZW590-2022-12-31-ESEF-FR-0,969500I9Y690B3FZW590,INVENTIVA,FR,2022-12-31,2023-04-04 21:52:20.622205,https://filings.xbrl.org/969500I9Y690B3FZW590/2022-12-31/ESEF/FR/0/969500I9Y690B3FZW590-2022-12-31-fr.json,https://filings.xbrl.org/969500I9Y690B3FZW590/2022-12-31/ESEF/FR/0/969500I9Y690B3FZW590-2022-12-31-fr.zip,0
969500ICGCY1PD6OT783-2020-12-31-ESEF-FR-0,969500ICGCY1PD6OT783,ALTAREA,FR,2020-12-31,2021-05-18 00:00:00,https://filings.xbrl.org/969500ICGCY1PD6OT783/2020-12-31/ESEF/FR/0/altarea-2020-12-31AR.json,https://filings.xbrl.org/969500ICGCY1PD6OT783/2020-12-31/ESEF/FR/0/altarea-2020-12-31AR.zip,0
969500ICGCY1PD6OT783-2021-12-31-ESEF-FR-0,969500ICGCY1PD6OT783,ALTAREA,FR,2021-12-31,2022-04-28 00:00:00,https://filings.xbrl.org/969500ICGCY1PD6OT783/2021-12-31/ESEF/FR/0/altarea-2021-12-31-fr.json,https://filings.xbrl.org/969500ICGCY1PD6OT783/2021-12-31/ESEF/FR/0/altarea-2021-12-31-fr.zip,0
969500ICGCY1PD6OT783-2021-12-31-ESEF-FR-1,969500ICGCY1PD6OT783,ALTAREA,FR,2021-12-31,2023-01-19 17:02:43.824765,https://filings.xbrl.org/969500ICGCY1PD6OT783/2021-12-31/ESEF/FR/1/altarea-2021-12-31-fr.json,https://filings.xbrl.org/969500ICGCY1PD6OT783/2021-12-31/ESEF/FR/1/altarea-2021-12-31-fr.zip,0
969500ICGCY1PD6OT783-2022-12-31-ESEF-FR-0,969500ICGCY1PD6OT783,ALTAREA,FR,2022-12-31,2023-03-28 11:26:13.938348,https://filings.xbrl.org/969500ICGCY1PD6OT783/2022-12-31/ESEF/FR/0/altarea-2022-12-31-fr.json,https://filings.xbrl.org/969500ICGCY1PD6OT783/2022-12-31/ESEF/FR/0/altarea-2022-12-31-fr.zip,0
969500IKELAA58Q3C212-2022-03-31-ESEF-FR-0,969500IKELAA58Q3C212,AVENIR TELECOM,FR,2022-03-31,2022-07-19 00:00:00,https://filings.xbrl.org/969500IKELAA58Q3C212/2022-03-31/ESEF/FR/0/AVENIR TELECOM-2022-03-31-fr.json,https://filings.xbrl.org/969500IKELAA58Q3C212/2022-03-31/ESEF/FR/0/AVENIR TELECOM-2022-03-31-fr.zip,0
969500IQLBCOOICLAB88-2021-12-31-ESEF-FR-0,969500IQLBCOOICLAB88,NRJ GROUP,FR,2021-12-31,2022-04-05 00:00:00,https://filings.xbrl.org/969500IQLBCOOICLAB88/2021-12-31/ESEF/FR/0/969500IQLBCOOICLAB88-2021-12-31-fr.json,https://filings.xbrl.org/969500IQLBCOOICLAB88/2021-12-31/ESEF/FR/0/969500IQLBCOOICLAB88-2021-12-31-fr.zip,0
969500IQLBCOOICLAB88-2022-12-31-ESEF-FR-0,969500IQLBCOOICLAB88,NRJ GROUP,FR,2022-12-31,2023-04-04 21:51:44.719344,https://filings.xbrl.org/969500IQLBCOOICLAB88/2022-12-31/ESEF/FR/0/969500IQLBCOOICLAB88-2022-12-31-fr.json,https://filings.xbrl.org/969500IQLBCOOICLAB88/2022-12-31/ESEF/FR/0/969500IQLBCOOICLAB88-2022-12-31-fr.zip,0
969500JJ71T2DIPDVV84-2021-12-31-ESEF-FR-0,969500JJ71T2DIPDVV84,NEXITY,FR,2021-12-31,2022-04-07 00:00:00,https://filings.xbrl.org/969500JJ71T2DIPDVV84/2021-12-31/ESEF/FR/0/nexity-2021-12-31-fr.json,https://filings.xbrl.org/969500JJ71T2DIPDVV84/2021-12-31/ESEF/FR/0/nexity-2021-12-31-fr.zip,0
969500JJ71T2DIPDVV84-2022-12-31-ESEF-FR-0,969500JJ71T2DIPDVV84,NEXITY,FR,2022-12-31,2023-04-18 11:41:03.841298,https://filings.xbrl.org/969500JJ71T2DIPDVV84/2022-12-31/ESEF/FR/0/nexity-2022-12-31-fr.json,https://filings.xbrl.org/969500JJ71T2DIPDVV84/2022-12-31/ESEF/FR/0/nexity-2022-12-31-fr.zip,0
969500JTN8BU5BW6UW36-2021-12-31-ESEF-FR-0,969500JTN8BU5BW6UW36,FREY,FR,2021-12-31,2022-03-29 00:00:00,https://filings.xbrl.org/969500JTN8BU5BW6UW36/2021-12-31/ESEF/FR/0/FREY-2021-12-31-fr.json,https://filings.xbrl.org/969500JTN8BU5BW6UW36/2021-12-31/ESEF/FR/0/FREY-2021-12-31-fr.zip,0
969500JTN8BU5BW6UW36-2022-12-31-ESEF-FR-0,969500JTN8BU5BW6UW36,FREY,FR,2022-12-31,2023-03-28 11:26:24.723666,https://filings.xbrl.org/969500JTN8BU5BW6UW36/2022-12-31/ESEF/FR/0/frey-2022-12-31-fr.json,https://filings.xbrl.org/969500JTN8BU5BW6UW36/2022-12-31/ESEF/FR/0/frey-2022-12-31-fr.zip,0
969500JZSD8O83SPU920-2021-12-31-ESEF-FR-0,969500JZSD8O83SPU920,ROCHE BOBOIS,FR,2021-12-31,2022-04-28 00:00:00,https://filings.xbrl.org/969500JZSD8O83SPU920/2021-12-31/ESEF/FR/0/969500JZSD8O83SPU920-2021-12-31AR.json,https://filings.xbrl.org/969500JZSD8O83SPU920/2021-12-31/ESEF/FR/0/969500JZSD8O83SPU920-2021-12-31AR.zip,0
969500JZSD8O83SPU920-2022-12-31-ESEF-FR-0,969500JZSD8O83SPU920,ROCHE BOBOIS,FR,2022-12-31,2023-04-25 09:55:51.050476,https://filings.xbrl.org/969500JZSD8O83SPU920/2022-12-31/ESEF/FR/0/969500JZSD8O83SPU920-2022-12-31AR.json,https://filings.xbrl.org/969500JZSD8O83SPU920/2022-12-31/ESEF/FR/0/969500JZSD8O83SPU920-2022-12-31AR.zip,0
969500KB7P0M43DNUN56-2021-12-31-ESEF-FR-0,969500KB7P0M43DNUN56,UTI GROUP,FR,2021-12-31,2022-05-03 00:00:00,https://filings.xbrl.org/969500KB7P0M43DNUN56/2021-12-31/ESEF/FR/0/UTIGROUP-2021-12-31-fr.json,https://filings.xbrl.org/969500KB7P0M43DNUN56/2021-12-31/ESEF/FR/0/UTIGROUP-2021-12-31-fr.zip,0
969500KE938Z79ZH1N44-2022-12-31-ESEF-FR-0,969500KE938Z79ZH1N44,VOLTALIA,FR,2022-12-31,2023-04-18 11:38:30.793643,https://filings.xbrl.org/969500KE938Z79ZH1N44/2022-12-31/ESEF/FR/0/voltalia-2022-12-31-fr.json,https://filings.xbrl.org/969500KE938Z79ZH1N44/2022-12-31/ESEF/FR/0/voltalia-2022-12-31-fr.zip,0
969500KGFSDP6UUKIA67-2020-12-31-ESEF-FR-0,969500KGFSDP6UUKIA67,AUBAY,FR,2020-12-31,2021-05-18 00:00:00,https://filings.xbrl.org/969500KGFSDP6UUKIA67/2020-12-31/ESEF/FR/0/aubay-2020-12-31AR.json,https://filings.xbrl.org/969500KGFSDP6UUKIA67/2020-12-31/ESEF/FR/0/aubay-2020-12-31AR.zip,0
969500KGFSDP6UUKIA67-2021-12-31-ESEF-FR-0,969500KGFSDP6UUKIA67,AUBAY,FR,2021-12-31,2022-04-21 00:00:00,https://filings.xbrl.org/969500KGFSDP6UUKIA67/2021-12-31/ESEF/FR/0/aubay-2021-12-31-fr.json,https://filings.xbrl.org/969500KGFSDP6UUKIA67/2021-12-31/ESEF/FR/0/aubay-2021-12-31-fr.zip,0
969500KGFSDP6UUKIA67-2022-12-31-ESEF-FR-0,969500KGFSDP6UUKIA67,AUBAY,FR,2022-12-31,2023-04-18 11:39:31.204872,https://filings.xbrl.org/969500KGFSDP6UUKIA67/2022-12-31/ESEF/FR/0/969500KGFSDP6UUKIA67-2022-12-31AR.json,https://filings.xbrl.org/969500KGFSDP6UUKIA67/2022-12-31/ESEF/FR/0/969500KGFSDP6UUKIA67-2022-12-31AR.zip,0
969500KI179R130T7Q32-2020-12-31-ESEF-FR-0,969500KI179R130T7Q32,GROUPE CRIT,FR,2020-12-31,2021-05-18 00:00:00,https://filings.xbrl.org/969500KI179R130T7Q32/2020-12-31/ESEF/FR/0/groupecrit-2020-12-31AR.json,https://filings.xbrl.org/969500KI179R130T7Q32/2020-12-31/ESEF/FR/0/groupecrit-2020-12-31AR.zip,0
969500KI179R130T7Q32-2022-12-31-ESEF-FR-0,969500KI179R130T7Q32,GROUPE CRIT,FR,2022-12-31,2023-05-02 12:24:06.882369,https://filings.xbrl.org/969500KI179R130T7Q32/2022-12-31/ESEF/FR/0/969500KI179R130T7Q32-2021-12-31AR.json,https://filings.xbrl.org/969500KI179R130T7Q32/2022-12-31/ESEF/FR/0/969500KI179R130T7Q32-2021-12-31AR.zip,0
969500KMUQ2B6CBAF162-2021-12-31-ESEF-FR-0,969500KMUQ2B6CBAF162,DANONE,FR,2021-12-31,2022-03-23 00:00:00,https://filings.xbrl.org/969500KMUQ2B6CBAF162/2021-12-31/ESEF/FR/0/969500KMUQ2B6CBAF162-2021-12-31AR.json,https://filings.xbrl.org/969500KMUQ2B6CBAF162/2021-12-31/ESEF/FR/0/969500KMUQ2B6CBAF162-2021-12-31AR.zip,0
969500KMUQ2B6CBAF162-2022-12-31-ESEF-FR-0,969500KMUQ2B6CBAF162,DANONE,FR,2022-12-31,2023-03-21 10:33:05.696473,https://filings.xbrl.org/969500KMUQ2B6CBAF162/2022-12-31/ESEF/FR/0/969500KMUQ2B6CBAF162-2022-12-31AR.json,https://filings.xbrl.org/969500KMUQ2B6CBAF162/2022-12-31/ESEF/FR/0/969500KMUQ2B6CBAF162-2022-12-31AR.zip,0
969500LCBOG12HXPYM84-2022-08-31-ESEF-FR-0,969500LCBOG12HXPYM84,SODEXO,FR,2022-08-31,2022-11-17 00:00:00,https://filings.xbrl.org/969500LCBOG12HXPYM84/2022-08-31/ESEF/FR/0/sodexo-2022-08-31-fr.json,https://filings.xbrl.org/969500LCBOG12HXPYM84/2022-08-31/ESEF/FR/0/sodexo-2022-08-31-fr.zip,0
969500LEKCHH6VV86P94-2021-12-31-ESEF-FR-0,969500LEKCHH6VV86P94,BOLLORE SE,FR,2021-12-31,2022-04-26 00:00:00,https://filings.xbrl.org/969500LEKCHH6VV86P94/2021-12-31/ESEF/FR/0/bollore-2021-12-31-FR.json,https://filings.xbrl.org/969500LEKCHH6VV86P94/2021-12-31/ESEF/FR/0/bollore-2021-12-31-FR.zip,0
969500LEKCHH6VV86P94-2022-12-31-ESEF-FR-0,969500LEKCHH6VV86P94,BOLLORE SE,FR,2022-12-31,2023-04-25 09:55:23.126994,https://filings.xbrl.org/969500LEKCHH6VV86P94/2022-12-31/ESEF/FR/0/969500LEKCHH6VV86P94-2022-12-31-fr.json,https://filings.xbrl.org/969500LEKCHH6VV86P94/2022-12-31/ESEF/FR/0/969500LEKCHH6VV86P94-2022-12-31-fr.zip,0
969500LENY69X51OOT31-2020-12-31-ESEF-FR-0,969500LENY69X51OOT31,VEOLIA ENVIRONNEMENT,FR,2020-12-31,2022-03-23 00:00:00,https://filings.xbrl.org/969500LENY69X51OOT31/2020-12-31/ESEF/FR/0/veolia-2020-12-31AR.json,https://filings.xbrl.org/969500LENY69X51OOT31/2020-12-31/ESEF/FR/0/veolia-2020-12-31AR.zip,0
969500LENY69X51OOT31-2021-12-31-ESEF-FR-0,969500LENY69X51OOT31,VEOLIA ENVIRONNEMENT,FR,2021-12-31,2022-04-26 00:00:00,https://filings.xbrl.org/969500LENY69X51OOT31/2021-12-31/ESEF/FR/0/veolia-2021-12-31-fr.json,https://filings.xbrl.org/969500LENY69X51OOT31/2021-12-31/ESEF/FR/0/veolia-2021-12-31-fr.zip,0
969500LENY69X51OOT31-2022-12-31-ESEF-FR-0,969500LENY69X51OOT31,VEOLIA ENVIRONNEMENT,FR,2022-12-31,2023-03-28 11:27:06.306836,https://filings.xbrl.org/969500LENY69X51OOT31/2022-12-31/ESEF/FR/0/veolia-2022-12-31-fr.json,https://filings.xbrl.org/969500LENY69X51OOT31/2022-12-31/ESEF/FR/0/veolia-2022-12-31-fr.zip,0
969500LHIH3NT7PK1V89-2021-12-31-ESEF-FR-0,969500LHIH3NT7PK1V89,EMEIS,FR,2021-12-31,2022-06-22 00:00:00,https://filings.xbrl.org/969500LHIH3NT7PK1V89/2021-12-31/ESEF/FR/0/969500LHIH3NT7PK1V89-2021-12-31-fr.json,https://filings.xbrl.org/969500LHIH3NT7PK1V89/2021-12-31/ESEF/FR/0/969500LHIH3NT7PK1V89-2021-12-31-fr.zip,0
969500LHIH3NT7PK1V89-2022-12-31-ESEF-FR-0,969500LHIH3NT7PK1V89,EMEIS,FR,2022-12-31,2023-06-13 15:14:13.964914,https://filings.xbrl.org/969500LHIH3NT7PK1V89/2022-12-31/ESEF/FR/0/969500LHIH3NT7PK1V89-2022-12-31-fr.json,https://filings.xbrl.org/969500LHIH3NT7PK1V89/2022-12-31/ESEF/FR/0/969500LHIH3NT7PK1V89-2022-12-31-fr.zip,0
969500LIJD0OW1446X30-2021-12-31-ESEF-FR-0,969500LIJD0OW1446X30,SOCIETE DE LA TOUR EIFFEL,FR,2021-12-31,2022-03-24 00:00:00,https://filings.xbrl.org/969500LIJD0OW1446X30/2021-12-31/ESEF/FR/0/STE-2021-12-31-fr.json,https://filings.xbrl.org/969500LIJD0OW1446X30/2021-12-31/ESEF/FR/0/STE-2021-12-31-fr.zip,0
969500LIJD0OW1446X30-2022-12-31-ESEF-FR-0,969500LIJD0OW1446X30,SOCIETE DE LA TOUR EIFFEL,FR,2022-12-31,2023-04-18 11:39:26.743054,https://filings.xbrl.org/969500LIJD0OW1446X30/2022-12-31/ESEF/FR/0/ste-2022-12-31-fr.json,https://filings.xbrl.org/969500LIJD0OW1446X30/2022-12-31/ESEF/FR/0/ste-2022-12-31-fr.zip,0
969500LM904RGABQUN96-2022-12-31-ESEF-FR-0,969500LM904RGABQUN96,DEEZER,FR,2022-12-31,2023-05-02 12:22:52.804636,https://filings.xbrl.org/969500LM904RGABQUN96/2022-12-31/ESEF/FR/0/969500LM904RGABQUN96-2022-12-31-en.json,https://filings.xbrl.org/969500LM904RGABQUN96/2022-12-31/ESEF/FR/0/969500LM904RGABQUN96-2022-12-31-en.zip,0
969500LYSYS0E800SQ95-2022-09-30-ESEF-FR-0,969500LYSYS0E800SQ95,ELIOR GROUP,FR,2022-09-30,2023-01-05 00:00:00,https://filings.xbrl.org/969500LYSYS0E800SQ95/2022-09-30/ESEF/FR/0/969500LYSYS0E800SQ95-2022-09-30-fr.json,https://filings.xbrl.org/969500LYSYS0E800SQ95/2022-09-30/ESEF/FR/0/969500LYSYS0E800SQ95-2022-09-30-fr.zip,0
969500LYSYS0E800SQ95-2022-09-30-ESEF-FR-1,969500LYSYS0E800SQ95,ELIOR GROUP,FR,2022-09-30,2023-01-18 12:10:36.151357,https://filings.xbrl.org/969500LYSYS0E800SQ95/2022-09-30/ESEF/FR/1/969500LYSYS0E800SQ95-2022-09-30-fr.json,https://filings.xbrl.org/969500LYSYS0E800SQ95/2022-09-30/ESEF/FR/1/969500LYSYS0E800SQ95-2022-09-30-fr.zip,0
969500M2EFP3ASV8WL56-2021-09-30-ESEF-FR-0,969500M2EFP3ASV8WL56,EXEL INDUSTRIES,FR,2021-09-30,2022-03-23 00:00:00,https://filings.xbrl.org/969500M2EFP3ASV8WL56/2021-09-30/ESEF/FR/0/969500M2EFP3ASV8WL56-2021-09-30-fr.json,https://filings.xbrl.org/969500M2EFP3ASV8WL56/2021-09-30/ESEF/FR/0/969500M2EFP3ASV8WL56-2021-09-30-fr.zip,0
969500M2EFP3ASV8WL56-2022-09-30-ESEF-FR-0,969500M2EFP3ASV8WL56,EXEL INDUSTRIES,FR,2022-09-30,2023-01-18 12:10:34.848417,https://filings.xbrl.org/969500M2EFP3ASV8WL56/2022-09-30/ESEF/FR/0/969500M2EFP3ASV8WL56-2022-09-30-fr.json,https://filings.xbrl.org/969500M2EFP3ASV8WL56/2022-09-30/ESEF/FR/0/969500M2EFP3ASV8WL56-2022-09-30-fr.zip,0
969500M5EQJVDASURW53-2021-12-31-ESEF-FR-0,969500M5EQJVDASURW53,VRANKEN-POMMERY MONOPOLE,FR,2021-12-31,2022-04-21 00:00:00,https://filings.xbrl.org/969500M5EQJVDASURW53/2021-12-31/ESEF/FR/0/vrankenpommery-2021-12-31-fr.json,https://filings.xbrl.org/969500M5EQJVDASURW53/2021-12-31/ESEF/FR/0/vrankenpommery-2021-12-31-fr.zip,0
969500M5EQJVDASURW53-2022-12-31-ESEF-FR-0,969500M5EQJVDASURW53,VRANKEN-POMMERY MONOPOLE,FR,2022-12-31,2023-04-18 11:39:56.783457,https://filings.xbrl.org/969500M5EQJVDASURW53/2022-12-31/ESEF/FR/0/vrankenpommery-2022-12-31-fr.json,https://filings.xbrl.org/969500M5EQJVDASURW53/2022-12-31/ESEF/FR/0/vrankenpommery-2022-12-31-fr.zip,0
969500M98ZMIZYJD5O34-2022-12-31-ESEF-FR-0,969500M98ZMIZYJD5O34,WENDEL,FR,2022-12-31,2023-04-18 11:39:54.890815,https://filings.xbrl.org/969500M98ZMIZYJD5O34/2022-12-31/ESEF/FR/0/wendelgroup-2022-12-31-fr.json,https://filings.xbrl.org/969500M98ZMIZYJD5O34/2022-12-31/ESEF/FR/0/wendelgroup-2022-12-31-fr.zip,0
969500MCOONR8990S771-2021-12-31-ESEF-FR-0,969500MCOONR8990S771,ORANGE,FR,2021-12-31,2022-04-05 00:00:00,https://filings.xbrl.org/969500MCOONR8990S771/2021-12-31/ESEF/FR/0/ora-2021-12-31AR.json,https://filings.xbrl.org/969500MCOONR8990S771/2021-12-31/ESEF/FR/0/ora-2021-12-31AR.zip,0
969500MCOONR8990S771-2022-12-31-ESEF-FR-0,969500MCOONR8990S771,ORANGE,FR,2022-12-31,2023-03-30 16:35:49.895679,https://filings.xbrl.org/969500MCOONR8990S771/2022-12-31/ESEF/FR/0/ORAN-2022-12-31AR.json,https://filings.xbrl.org/969500MCOONR8990S771/2022-12-31/ESEF/FR/0/ORAN-2022-12-31AR.zip,0
969500MGFIKUGLTC9742-2021-12-31-ESEF-FR-0,969500MGFIKUGLTC9742,RUBIS,FR,2021-12-31,2022-04-28 00:00:00,https://filings.xbrl.org/969500MGFIKUGLTC9742/2021-12-31/ESEF/FR/0/rubis-2021-12-31.json,https://filings.xbrl.org/969500MGFIKUGLTC9742/2021-12-31/ESEF/FR/0/RUBIS-2021-12-31-fr.zip,0
969500MGFIKUGLTC9742-2022-12-31-ESEF-FR-0,969500MGFIKUGLTC9742,RUBIS,FR,2022-12-31,2023-05-02 12:23:02.462591,https://filings.xbrl.org/969500MGFIKUGLTC9742/2022-12-31/ESEF/FR/0/rubis-2022-12-31-fr.json,https://filings.xbrl.org/969500MGFIKUGLTC9742/2022-12-31/ESEF/FR/0/rubis-2022-12-31-fr.zip,0
969500MLJC3ZSZP4L019-2021-12-31-ESEF-FR-1,969500MLJC3ZSZP4L019,LUMIBIRD,FR,2021-12-31,2023-01-19 17:04:59.747019,https://filings.xbrl.org/969500MLJC3ZSZP4L019/2021-12-31/ESEF/FR/1/LUMIBIRD-2021-12-31-fr.json,https://filings.xbrl.org/969500MLJC3ZSZP4L019/2021-12-31/ESEF/FR/1/LUMIBIRD-2021-12-31-fr.zip,0
969500MLJC3ZSZP4L019-2022-12-31-ESEF-FR-0,969500MLJC3ZSZP4L019,LUMIBIRD,FR,2022-12-31,2023-04-18 11:39:48.026582,https://filings.xbrl.org/969500MLJC3ZSZP4L019/2022-12-31/ESEF/FR/0/lumibird-2022-12-31-fr.json,https://filings.xbrl.org/969500MLJC3ZSZP4L019/2022-12-31/ESEF/FR/0/lumibird-2022-12-31-fr.zip,0
969500MMPQVHK671GT54-2021-12-31-ESEF-FR-0,969500MMPQVHK671GT54,L'AIR LIQUIDE SOCIETE ANONYME POUR L'ETUDE ET L'EXPLOITATION DES PROCEDES GEORGES CLAUDE,FR,2021-12-31,2022-03-23 00:00:00,https://filings.xbrl.org/969500MMPQVHK671GT54/2021-12-31/ESEF/FR/0/airliquide-2021-12-31AR.json,https://filings.xbrl.org/969500MMPQVHK671GT54/2021-12-31/ESEF/FR/0/airliquide-2021-12-31AR.zip,0
969500MMPQVHK671GT54-2022-12-31-ESEF-FR-0,969500MMPQVHK671GT54,L'AIR LIQUIDE SOCIETE ANONYME POUR L'ETUDE ET L'EXPLOITATION DES PROCEDES GEORGES CLAUDE,FR,2022-12-31,2023-03-07 14:40:06.523603,https://filings.xbrl.org/969500MMPQVHK671GT54/2022-12-31/ESEF/FR/0/airliquide-2022-12-31-fr.json,https://filings.xbrl.org/969500MMPQVHK671GT54/2022-12-31/ESEF/FR/0/airliquide-2022-12-31-fr.zip,0
969500MOCLNQFNZN0D63-2021-12-31-ESEF-FR-0,969500MOCLNQFNZN0D63,BOUYGUES,FR,2021-12-31,2022-03-24 00:00:00,https://filings.xbrl.org/969500MOCLNQFNZN0D63/2021-12-31/ESEF/FR/0/969500MOCLNQFNZN0D63-2021-12-31AR.json,https://filings.xbrl.org/969500MOCLNQFNZN0D63/2021-12-31/ESEF/FR/0/969500MOCLNQFNZN0D63-2021-12-31AR.zip,0
969500MOCLNQFNZN0D63-2022-12-31-ESEF-FR-0,969500MOCLNQFNZN0D63,BOUYGUES,FR,2022-12-31,2023-03-28 11:27:19.154814,https://filings.xbrl.org/969500MOCLNQFNZN0D63/2022-12-31/ESEF/FR/0/969500MOCLNQFNZN0D63-2022-12-31AR.json,https://filings.xbrl.org/969500MOCLNQFNZN0D63/2022-12-31/ESEF/FR/0/969500MOCLNQFNZN0D63-2022-12-31AR.zip,0
969500MQKPVEWTQIRT36-2020-12-31-ESEF-FR-0,969500MQKPVEWTQIRT36,VERIMATRIX,FR,2020-12-31,2021-05-18 00:00:00,https://filings.xbrl.org/969500MQKPVEWTQIRT36/2020-12-31/ESEF/FR/0/969500MQKPVEWTQIRT36-2020-12-31AR.json,https://filings.xbrl.org/969500MQKPVEWTQIRT36/2020-12-31/ESEF/FR/0/969500MQKPVEWTQIRT36-2020-12-31AR.zip,0
969500MQKPVEWTQIRT36-2021-12-31-ESEF-FR-0,969500MQKPVEWTQIRT36,VERIMATRIX,FR,2021-12-31,2022-05-03 00:00:00,https://filings.xbrl.org/969500MQKPVEWTQIRT36/2021-12-31/ESEF/FR/0/969500MQKPVEWTQIRT36-2021-12-31AR.json,https://filings.xbrl.org/969500MQKPVEWTQIRT36/2021-12-31/ESEF/FR/0/969500MQKPVEWTQIRT36-2021-12-31AR.zip,0
969500MQKPVEWTQIRT36-2022-12-31-ESEF-FR-0,969500MQKPVEWTQIRT36,VERIMATRIX,FR,2022-12-31,2023-05-02 12:23:29.540608,https://filings.xbrl.org/969500MQKPVEWTQIRT36/2022-12-31/ESEF/FR/0/969500MQKPVEWTQIRT36-2022-12-31AR.json,https://filings.xbrl.org/969500MQKPVEWTQIRT36/2022-12-31/ESEF/FR/0/969500MQKPVEWTQIRT36-2022-12-31AR.zip,0
969500N24EZ7HPKJIV79-2021-12-31-ESEF-FR-0,969500N24EZ7HPKJIV79,GUILLEMOT CORPORATION,FR,2021-12-31,2022-04-28 00:00:00,https://filings.xbrl.org/969500N24EZ7HPKJIV79/2021-12-31/ESEF/FR/0/969500N24EZ7HPKJIV79-2021-12-31AR.json,https://filings.xbrl.org/969500N24EZ7HPKJIV79/2021-12-31/ESEF/FR/0/969500N24EZ7HPKJIV79-2021-12-31AR.zip,0
969500N24EZ7HPKJIV79-2022-12-31-ESEF-FR-0,969500N24EZ7HPKJIV79,GUILLEMOT CORPORATION,FR,2022-12-31,2023-05-02 12:23:54.076286,https://filings.xbrl.org/969500N24EZ7HPKJIV79/2022-12-31/ESEF/FR/0/969500N24EZ7HPKJIV79-2022-12-31AR.json,https://filings.xbrl.org/969500N24EZ7HPKJIV79/2022-12-31/ESEF/FR/0/969500N24EZ7HPKJIV79-2022-12-31AR.zip,0
969500N2QX5LGFFZ0I67-2022-12-31-ESEF-FR-0,969500N2QX5LGFFZ0I67,COVIVIO HOTELS,FR,2022-12-31,2023-03-28 11:21:42.750323,https://filings.xbrl.org/969500N2QX5LGFFZ0I67/2022-12-31/ESEF/FR/0/coviviohotels-2022-12-31-fr.json,https://filings.xbrl.org/969500N2QX5LGFFZ0I67/2022-12-31/ESEF/FR/0/coviviohotels-2022-12-31-fr.zip,0
969500N30CO4B5N2GN67-2021-12-31-ESEF-FR-0,969500N30CO4B5N2GN67,CARVOLIX,FR,2021-12-31,2022-05-03 00:00:00,https://filings.xbrl.org/969500N30CO4B5N2GN67/2021-12-31/ESEF/FR/0/969500N30CO4B5N2GN67-2021-12-31AR.json,https://filings.xbrl.org/969500N30CO4B5N2GN67/2021-12-31/ESEF/FR/0/969500N30CO4B5N2GN67-2021-12-31AR.zip,0
969500N6AVPA51648T62-2022-12-31-ESEF-FR-0,969500N6AVPA51648T62,REXEL,FR,2022-12-31,2022-03-23 00:00:00,https://filings.xbrl.org/969500N6AVPA51648T62/2022-12-31/ESEF/FR/0/rexel-2021-12-31-fr.json,https://filings.xbrl.org/969500N6AVPA51648T62/2022-12-31/ESEF/FR/0/rexel-2021-12-31-fr.zip,0
969500N6AVPA51648T62-2022-12-31-ESEF-FR-1,969500N6AVPA51648T62,REXEL,FR,2022-12-31,2023-03-14 10:43:29.518821,https://filings.xbrl.org/969500N6AVPA51648T62/2022-12-31/ESEF/FR/1/rexel-2022-12-31-fr.json,https://filings.xbrl.org/969500N6AVPA51648T62/2022-12-31/ESEF/FR/1/rexel-2022-12-31-fr.zip,0
969500NWCP1OQ4315C79-2021-12-31-ESEF-FR-1,969500NWCP1OQ4315C79,NHOA,FR,2021-12-31,2022-04-21 00:00:00,https://filings.xbrl.org/969500NWCP1OQ4315C79/2021-12-31/ESEF/FR/1/969500NWCP1OQ4315C79-2021-12-31-fr.json,https://filings.xbrl.org/969500NWCP1OQ4315C79/2021-12-31/ESEF/FR/1/969500NWCP1OQ4315C79-2021-12-31-fr.zip,0
969500NWCP1OQ4315C79-2022-12-31-ESEF-FR-0,969500NWCP1OQ4315C79,NHOA,FR,2022-12-31,2023-05-02 12:23:26.753121,https://filings.xbrl.org/969500NWCP1OQ4315C79/2022-12-31/ESEF/FR/0/969500NWCP1OQ4315C79-2022-12-31-fr.json,https://filings.xbrl.org/969500NWCP1OQ4315C79/2022-12-31/ESEF/FR/0/969500NWCP1OQ4315C79-2022-12-31-fr.zip,0
969500NWS9YHZ8AW0B54-2022-08-31-ESEF-FR-0,969500NWS9YHZ8AW0B54,BLEECKER,FR,2022-08-31,2023-01-05 00:00:00,https://filings.xbrl.org/969500NWS9YHZ8AW0B54/2022-08-31/ESEF/FR/0/969500NWS9YHZ8AW0B54-2022-08-31AR.json,https://filings.xbrl.org/969500NWS9YHZ8AW0B54/2022-08-31/ESEF/FR/0/969500NWS9YHZ8AW0B54-2022-08-31AR.zip,0
969500O0L8I77GLC6V09-2021-12-31-ESEF-FR-0,969500O0L8I77GLC6V09,ACTEOS,FR,2021-12-31,2022-03-29 00:00:00,https://filings.xbrl.org/969500O0L8I77GLC6V09/2021-12-31/ESEF/FR/0/969500O0L8I77GLC6V09-2021-12-31AR.json,https://filings.xbrl.org/969500O0L8I77GLC6V09/2021-12-31/ESEF/FR/0/969500O0L8I77GLC6V09-2021-12-31AR.zip,0
969500OIT7HXEIH2Z703-2020-12-31-ESEF-FR-0,969500OIT7HXEIH2Z703,CATERING INTERNATIONAL & SERVICES,FR,2020-12-31,2021-05-18 00:00:00,https://filings.xbrl.org/969500OIT7HXEIH2Z703/2020-12-31/ESEF/FR/0/cis-2020-12-31AR.json,https://filings.xbrl.org/969500OIT7HXEIH2Z703/2020-12-31/ESEF/FR/0/cis-2020-12-31AR.zip,0
969500OIT7HXEIH2Z703-2021-12-31-ESEF-FR-0,969500OIT7HXEIH2Z703,CATERING INTERNATIONAL & SERVICES,FR,2021-12-31,2022-04-28 00:00:00,https://filings.xbrl.org/969500OIT7HXEIH2Z703/2021-12-31/ESEF/FR/0/ciscatering-2021-12-31-fr.json,https://filings.xbrl.org/969500OIT7HXEIH2Z703/2021-12-31/ESEF/FR/0/ciscatering-2021-12-31-fr.zip,0
969500OP0AFORNKIGP59-2021-12-31-ESEF-FR-0,969500OP0AFORNKIGP59,SAMSE,FR,2021-12-31,2022-04-26 00:00:00,https://filings.xbrl.org/969500OP0AFORNKIGP59/2021-12-31/ESEF/FR/0/samse-2021-12-31-fr.json,https://filings.xbrl.org/969500OP0AFORNKIGP59/2021-12-31/ESEF/FR/0/samse-2021-12-31-fr.zip,0
969500OP0AFORNKIGP59-2022-12-31-ESEF-FR-0,969500OP0AFORNKIGP59,SAMSE,FR,2022-12-31,2023-04-25 09:55:43.008743,https://filings.xbrl.org/969500OP0AFORNKIGP59/2022-12-31/ESEF/FR/0/samse-2022-12-31-fr.json,https://filings.xbrl.org/969500OP0AFORNKIGP59/2022-12-31/ESEF/FR/0/samse-2022-12-31-fr.zip,0
969500OQXKE5WDM9M994-2021-12-31-ESEF-FR-0,969500OQXKE5WDM9M994,EIFFAGE,FR,2021-12-31,2022-03-31 00:00:00,https://filings.xbrl.org/969500OQXKE5WDM9M994/2021-12-31/ESEF/FR/0/969500OQXKE5WDM9M994-2021-12-31AR.json,https://filings.xbrl.org/969500OQXKE5WDM9M994/2021-12-31/ESEF/FR/0/969500OQXKE5WDM9M994-2021-12-31AR.zip,0
969500OQXKE5WDM9M994-2022-12-31-ESEF-FR-0,969500OQXKE5WDM9M994,EIFFAGE,FR,2022-12-31,2023-03-28 11:26:08.120121,https://filings.xbrl.org/969500OQXKE5WDM9M994/2022-12-31/ESEF/FR/0/969500OQXKE5WDM9M994-2022-12-31AR.json,https://filings.xbrl.org/969500OQXKE5WDM9M994/2022-12-31/ESEF/FR/0/969500OQXKE5WDM9M994-2022-12-31AR.zip,0
969500P2Q1B47H4MCJ34-2021-12-31-ESEF-FR-0,969500P2Q1B47H4MCJ34,VALLOUREC,FR,2021-12-31,2022-04-21 00:00:00,https://filings.xbrl.org/969500P2Q1B47H4MCJ34/2021-12-31/ESEF/FR/0/vlr-2021-12-31.json,https://filings.xbrl.org/969500P2Q1B47H4MCJ34/2021-12-31/ESEF/FR/0/vlr-2021-12-31.zip,0
969500P2Q1B47H4MCJ34-2022-12-31-ESEF-FR-0,969500P2Q1B47H4MCJ34,VALLOUREC,FR,2022-12-31,2023-04-20 11:09:34.705378,https://filings.xbrl.org/969500P2Q1B47H4MCJ34/2022-12-31/ESEF/FR/0/969500P2Q1B47H4MCJ34-2023-01-04-fr.json,https://filings.xbrl.org/969500P2Q1B47H4MCJ34/2022-12-31/ESEF/FR/0/969500P2Q1B47H4MCJ34-2023-01-04-fr.zip,0
969500P3RUS57W9Z9Z70-2022-06-30-ESEF-FR-0,969500P3RUS57W9Z9Z70,CLARANOVA S.E.,FR,2022-06-30,2022-11-17 00:00:00,https://filings.xbrl.org/969500P3RUS57W9Z9Z70/2022-06-30/ESEF/FR/0/claranova-2022-06-30-fr.json,https://filings.xbrl.org/969500P3RUS57W9Z9Z70/2022-06-30/ESEF/FR/0/claranova-2022-06-30-fr.zip,0
969500P8M3W2XX376054-2021-12-31-ESEF-FR-0,969500P8M3W2XX376054,COVIVIO,FR,2021-12-31,2022-03-23 00:00:00,https://filings.xbrl.org/969500P8M3W2XX376054/2021-12-31/ESEF/FR/0/covivio-2021-12-31-fr.json,https://filings.xbrl.org/969500P8M3W2XX376054/2021-12-31/ESEF/FR/0/covivio-2021-12-31-fr.zip,0
969500P8M3W2XX376054-2022-12-31-ESEF-FR-0,969500P8M3W2XX376054,COVIVIO,FR,2022-12-31,2023-03-21 10:29:45.571342,https://filings.xbrl.org/969500P8M3W2XX376054/2022-12-31/ESEF/FR/0/covivio-2022-12-31-fr.json,https://filings.xbrl.org/969500P8M3W2XX376054/2022-12-31/ESEF/FR/0/covivio-2022-12-31-fr.zip,0
969500PB4U31KEFHZ621-2021-12-31-ESEF-FR-0,969500PB4U31KEFHZ621,KLEPIERRE,FR,2021-12-31,2022-03-31 00:00:00,https://filings.xbrl.org/969500PB4U31KEFHZ621/2021-12-31/ESEF/FR/0/969500PB4U31KEFHZ621-2021-12-31-fr.json,https://filings.xbrl.org/969500PB4U31KEFHZ621/2021-12-31/ESEF/FR/0/969500PB4U31KEFHZ621-2021-12-31-fr.zip,0
969500PB4U31KEFHZ621-2022-12-31-ESEF-FR-0,969500PB4U31KEFHZ621,KLEPIERRE,FR,2022-12-31,2023-04-18 11:41:12.541664,https://filings.xbrl.org/969500PB4U31KEFHZ621/2022-12-31/ESEF/FR/0/969500PB4U31KEFHZ621-2022-12-31-fr.json,https://filings.xbrl.org/969500PB4U31KEFHZ621/2022-12-31/ESEF/FR/0/969500PB4U31KEFHZ621-2022-12-31-fr.zip,0
969500PDJW8N0FSGGK69-2021-12-31-ESEF-FR-0,969500PDJW8N0FSGGK69,TRANSGENE,FR,2021-12-31,2022-04-13 00:00:00,https://filings.xbrl.org/969500PDJW8N0FSGGK69/2021-12-31/ESEF/FR/0/969500PDJW8N0FSGGK69-2021-12-31-fr.json,https://filings.xbrl.org/969500PDJW8N0FSGGK69/2021-12-31/ESEF/FR/0/969500PDJW8N0FSGGK69-2021-12-31-fr.zip,0
969500PDJW8N0FSGGK69-2022-12-31-ESEF-FR-0,969500PDJW8N0FSGGK69,TRANSGENE,FR,2022-12-31,2023-04-18 11:41:14.238737,https://filings.xbrl.org/969500PDJW8N0FSGGK69/2022-12-31/ESEF/FR/0/969500PDJW8N0FSGGK69-2022-12-31-fr.json,https://filings.xbrl.org/969500PDJW8N0FSGGK69/2022-12-31/ESEF/FR/0/969500PDJW8N0FSGGK69-2022-12-31-fr.zip,0
969500PJMBSFHYC37989-2020-12-31-ESEF-FR-0,969500PJMBSFHYC37989,AEROPORTS DE PARIS,FR,2020-12-31,2021-05-18 00:00:00,https://filings.xbrl.org/969500PJMBSFHYC37989/2020-12-31/ESEF/FR/0/adp-2020-12-31AR.json,https://filings.xbrl.org/969500PJMBSFHYC37989/2020-12-31/ESEF/FR/0/adp-2020-12-31AR.zip,0
969500PJMBSFHYC37989-2021-12-31-ESEF-FR-0,969500PJMBSFHYC37989,AEROPORTS DE PARIS,FR,2021-12-31,2022-04-19 00:00:00,https://filings.xbrl.org/969500PJMBSFHYC37989/2021-12-31/ESEF/FR/0/ADP-2021-12-31-fr.json,https://filings.xbrl.org/969500PJMBSFHYC37989/2021-12-31/ESEF/FR/0/ADP-2021-12-31-fr.zip,0
969500PJMBSFHYC37989-2022-12-31-ESEF-FR-0,969500PJMBSFHYC37989,AEROPORTS DE PARIS,FR,2022-12-31,2023-04-18 11:39:33.457973,https://filings.xbrl.org/969500PJMBSFHYC37989/2022-12-31/ESEF/FR/0/adp-2022-12-31-fr.json,https://filings.xbrl.org/969500PJMBSFHYC37989/2022-12-31/ESEF/FR/0/adp-2022-12-31-fr.zip,0
969500PVBQFWQKVDMD80-2021-12-31-ESEF-FR-0,969500PVBQFWQKVDMD80,DBV TECHNOLOGIES,FR,2021-12-31,2022-03-23 00:00:00,https://filings.xbrl.org/969500PVBQFWQKVDMD80/2021-12-31/ESEF/FR/0/dbvtechnologies-2021-12-31.json,https://filings.xbrl.org/969500PVBQFWQKVDMD80/2021-12-31/ESEF/FR/0/dbvtechnologies-2021-12-31.zip,0
969500PVBQFWQKVDMD80-2022-12-31-ESEF-FR-0,969500PVBQFWQKVDMD80,DBV TECHNOLOGIES,FR,2022-12-31,2023-03-07 14:40:01.572584,https://filings.xbrl.org/969500PVBQFWQKVDMD80/2022-12-31/ESEF/FR/0/969500PVBQFWQKVDMD80-2022-12-31AR.json,https://filings.xbrl.org/969500PVBQFWQKVDMD80/2022-12-31/ESEF/FR/0/DBV SA - URD 2022 XBRL.zip,0
969500Q0TXUSFDLH3940-2021-12-31-ESEF-FR-0,969500Q0TXUSFDLH3940,COMPAGNIE LEBON,FR,2021-12-31,2022-05-03 00:00:00,https://filings.xbrl.org/969500Q0TXUSFDLH3940/2021-12-31/ESEF/FR/0/compagnielebon-2021-12-31AR.json,https://filings.xbrl.org/969500Q0TXUSFDLH3940/2021-12-31/ESEF/FR/0/compagnielebon-2021-12-31AR.zip,0
969500QOO4C4IPGID263-2022-09-30-ESEF-FR-0,969500QOO4C4IPGID263,DERICHEBOURG,FR,2022-09-30,2023-01-05 00:00:00,https://filings.xbrl.org/969500QOO4C4IPGID263/2022-09-30/ESEF/FR/0/derichebourg-2022-09-30-fr.json,https://filings.xbrl.org/969500QOO4C4IPGID263/2022-09-30/ESEF/FR/0/derichebourg-2022-09-30-fr.zip,2
969500QVHHN3NNVYRE94-2022-06-30-ESEF-FR-0,969500QVHHN3NNVYRE94,BONDUELLE,FR,2022-06-30,2022-10-27 00:00:00,https://filings.xbrl.org/969500QVHHN3NNVYRE94/2022-06-30/ESEF/FR/0/969500QVHHN3NNVYRE94-2022-06-30-fr.json,https://filings.xbrl.org/969500QVHHN3NNVYRE94/2022-06-30/ESEF/FR/0/969500QVHHN3NNVYRE94-2022-06-30-fr.zip,0
969500QZC2Q0TK11NV07-2021-12-31-ESEF-FR-0,969500QZC2Q0TK11NV07,ACCOR,FR,2021-12-31,2022-04-05 00:00:00,https://filings.xbrl.org/969500QZC2Q0TK11NV07/2021-12-31/ESEF/FR/0/969500QZC2Q0TK11NV07-2021-12-31-fr.json,https://filings.xbrl.org/969500QZC2Q0TK11NV07/2021-12-31/ESEF/FR/0/969500QZC2Q0TK11NV07-2021-12-31-fr.zip,0
969500QZC2Q0TK11NV07-2022-12-31-ESEF-FR-0,969500QZC2Q0TK11NV07,ACCOR,FR,2022-12-31,2023-04-04 21:51:53.654496,https://filings.xbrl.org/969500QZC2Q0TK11NV07/2022-12-31/ESEF/FR/0/969500QZC2Q0TK11NV07-2022-12-31-fr.json,https://filings.xbrl.org/969500QZC2Q0TK11NV07/2022-12-31/ESEF/FR/0/969500QZC2Q0TK11NV07-2022-12-31-fr.zip,0
969500QZJBA9R36U9J48-2020-12-31-ESEF-FR-0,969500QZJBA9R36U9J48,TOUAX SCA - SGTR - CITE - SGT - CMTE - TAF - SLM TOUAGE INVESTISSEMENTS REUNIES,FR,2020-12-31,2021-05-18 00:00:00,https://filings.xbrl.org/969500QZJBA9R36U9J48/2020-12-31/ESEF/FR/0/touaxsca-2020-12-31AR.json,https://filings.xbrl.org/969500QZJBA9R36U9J48/2020-12-31/ESEF/FR/0/touaxsca-2020-12-31AR.zip,0
969500QZJBA9R36U9J48-2021-12-31-ESEF-FR-0,969500QZJBA9R36U9J48,TOUAX SCA - SGTR - CITE - SGT - CMTE - TAF - SLM TOUAGE INVESTISSEMENTS REUNIES,FR,2021-12-31,2022-04-05 00:00:00,https://filings.xbrl.org/969500QZJBA9R36U9J48/2021-12-31/ESEF/FR/0/touaxsca-2021-12-31-fr.json,https://filings.xbrl.org/969500QZJBA9R36U9J48/2021-12-31/ESEF/FR/0/touaxsca-2021-12-31-fr.zip,0
969500QZJBA9R36U9J48-2022-12-31-ESEF-FR-0,969500QZJBA9R36U9J48,TOUAX SCA - SGTR - CITE - SGT - CMTE - TAF - SLM TOUAGE INVESTISSEMENTS REUNIES,FR,2022-12-31,2023-04-04 21:51:32.108397,https://filings.xbrl.org/969500QZJBA9R36U9J48/2022-12-31/ESEF/FR/0/969500QZJBA9R36U9J48-2022-12-31-fr.json,https://filings.xbrl.org/969500QZJBA9R36U9J48/2022-12-31/ESEF/FR/0/969500QZJBA9R36U9J48-2022-12-31-fr.zip,0
969500R4CLSQFTYYI535-2021-12-31-ESEF-FR-0,969500R4CLSQFTYYI535,LA FRANCAISE DES JEUX,FR,2021-12-31,2022-03-23 00:00:00,https://filings.xbrl.org/969500R4CLSQFTYYI535/2021-12-31/ESEF/FR/0/francaisedesjeuxfdj-2021-12-31.json,https://filings.xbrl.org/969500R4CLSQFTYYI535/2021-12-31/ESEF/FR/0/francaisedesjeuxfdj-2021-12-31.zip,0
969500R4CLSQFTYYI535-2022-12-31-ESEF-FR-0,969500R4CLSQFTYYI535,LA FRANCAISE DES JEUX,FR,2022-12-31,2023-03-21 10:29:36.423971,https://filings.xbrl.org/969500R4CLSQFTYYI535/2022-12-31/ESEF/FR/0/969500R4CLSQFTYYI535-2022-12-31-fr.json,https://filings.xbrl.org/969500R4CLSQFTYYI535/2022-12-31/ESEF/FR/0/969500R4CLSQFTYYI535-2022-12-31-fr.zip,0
969500R79R79EPOYHA40-2021-12-31-ESEF-FR-0,969500R79R79EPOYHA40,SRP GROUPE,FR,2021-12-31,2022-04-28 00:00:00,https://filings.xbrl.org/969500R79R79EPOYHA40/2021-12-31/ESEF/FR/0/SRPGROUPE-2021-12-31-fr.json,https://filings.xbrl.org/969500R79R79EPOYHA40/2021-12-31/ESEF/FR/0/SRPGROUPE-2021-12-31-fr.zip,0
969500R79R79EPOYHA40-2022-12-31-ESEF-FR-0,969500R79R79EPOYHA40,SRP GROUPE,FR,2022-12-31,2023-06-13 15:14:09.575177,https://filings.xbrl.org/969500R79R79EPOYHA40/2022-12-31/ESEF/FR/0/srpgroupe-2022-12-31-fr.json,https://filings.xbrl.org/969500R79R79EPOYHA40/2022-12-31/ESEF/FR/0/srpgroupe-2022-12-31-fr.zip,0
969500R79U6PXCL2FF46-2022-03-31-ESEF-FR-0,969500R79U6PXCL2FF46,MEDINCELL S.A.,FR,2022-03-31,2022-08-02 00:00:00,https://filings.xbrl.org/969500R79U6PXCL2FF46/2022-03-31/ESEF/FR/0/medincell-2022-03-31-fr.json,https://filings.xbrl.org/969500R79U6PXCL2FF46/2022-03-31/ESEF/FR/0/medincell-2022-03-31-fr.zip,0
969500R9ENNIN33POO20-2021-12-31-ESEF-FR-0,969500R9ENNIN33POO20,SECHE ENVIRONNEMENT,FR,2021-12-31,2022-03-23 00:00:00,https://filings.xbrl.org/969500R9ENNIN33POO20/2021-12-31/ESEF/FR/0/969500R9ENNIN33POO20-2021-12-31-fr.json,https://filings.xbrl.org/969500R9ENNIN33POO20/2021-12-31/ESEF/FR/0/969500R9ENNIN33POO20-2021-12-31-fr.zip,1
969500R9ENNIN33POO20-2022-12-31-ESEF-FR-0,969500R9ENNIN33POO20,SECHE ENVIRONNEMENT,FR,2022-12-31,2023-03-28 11:26:46.689022,https://filings.xbrl.org/969500R9ENNIN33POO20/2022-12-31/ESEF/FR/0/969500R9ENNIN33POO20-2022-12-31-fr.json,https://filings.xbrl.org/969500R9ENNIN33POO20/2022-12-31/ESEF/FR/0/969500R9ENNIN33POO20-2022-12-31-fr.zip,0
969500RWF4QUJY6HF161-2022-06-30-ESEF-FR-0,969500RWF4QUJY6HF161,SOC CENTRALE BOIS SCIERIES MANCHE,FR,2022-06-30,2022-11-17 00:00:00,https://filings.xbrl.org/969500RWF4QUJY6HF161/2022-06-30/ESEF/FR/0/SCBSM-2022-06-30-fr.json,https://filings.xbrl.org/969500RWF4QUJY6HF161/2022-06-30/ESEF/FR/0/SCBSM-2022-06-30-fr.zip,0
969500S7F4LVSHHUZB87-2022-12-31-ESEF-FR-0,969500S7F4LVSHHUZB87,FORSEE POWER SAS,FR,2022-12-31,2023-05-02 12:23:58.000945,https://filings.xbrl.org/969500S7F4LVSHHUZB87/2022-12-31/ESEF/FR/0/forseepower-2022-12-31-fr.json,https://filings.xbrl.org/969500S7F4LVSHHUZB87/2022-12-31/ESEF/FR/0/forseepower-2022-12-31-fr.zip,0
969500SARWF33OPQED48-2021-12-31-ESEF-FR-0,969500SARWF33OPQED48,INTERPARFUMS,FR,2021-12-31,2022-04-05 00:00:00,https://filings.xbrl.org/969500SARWF33OPQED48/2021-12-31/ESEF/FR/0/itp-2021-12-31AR.json,https://filings.xbrl.org/969500SARWF33OPQED48/2021-12-31/ESEF/FR/0/itp-2021-12-31AR.zip,0
969500SARWF33OPQED48-2022-12-31-ESEF-FR-0,969500SARWF33OPQED48,INTERPARFUMS,FR,2022-12-31,2023-04-04 21:52:12.729208,https://filings.xbrl.org/969500SARWF33OPQED48/2022-12-31/ESEF/FR/0/itp-2022-12-31-fr.json,https://filings.xbrl.org/969500SARWF33OPQED48/2022-12-31/ESEF/FR/0/itp-2022-12-31-fr.zip,0
969500SHQITWXSIS7N89-2020-12-31-ESEF-FR-0,969500SHQITWXSIS7N89,UNIBAIL-RODAMCO-WESTFIELD SE,FR,2020-12-31,2021-05-18 00:00:00,https://filings.xbrl.org/969500SHQITWXSIS7N89/2020-12-31/ESEF/FR/0/urwse-2020-12-31AR.json,https://filings.xbrl.org/969500SHQITWXSIS7N89/2020-12-31/ESEF/FR/0/urwse-2020-12-31AR.zip,0
969500SHQITWXSIS7N89-2021-12-31-ESEF-FR-0,969500SHQITWXSIS7N89,UNIBAIL-RODAMCO-WESTFIELD SE,FR,2021-12-31,2022-03-24 00:00:00,https://filings.xbrl.org/969500SHQITWXSIS7N89/2021-12-31/ESEF/FR/0/969500SHQITWXSIS7N89-2021-12-31-fr.json,https://filings.xbrl.org/969500SHQITWXSIS7N89/2021-12-31/ESEF/FR/0/969500SHQITWXSIS7N89-2021-12-31-fr.zip,0
969500SHQITWXSIS7N89-2022-12-31-ESEF-FR-0,969500SHQITWXSIS7N89,UNIBAIL-RODAMCO-WESTFIELD SE,FR,2022-12-31,2023-03-28 11:26:04.610161,https://filings.xbrl.org/969500SHQITWXSIS7N89/2022-12-31/ESEF/FR/0/969500SHQITWXSIS7N89-2022-12-31-en.json,https://filings.xbrl.org/969500SHQITWXSIS7N89/2022-12-31/ESEF/FR/0/969500SHQITWXSIS7N89-2022-12-31-en.zip,0
969500SJCEYK6O6RXV95-2021-12-31-ESEF-FR-0,969500SJCEYK6O6RXV95,ESI GROUP,FR,2021-12-31,2022-04-21 00:00:00,https://filings.xbrl.org/969500SJCEYK6O6RXV95/2021-12-31/ESEF/FR/0/esi-2021-12-31-fr.json,https://filings.xbrl.org/969500SJCEYK6O6RXV95/2021-12-31/ESEF/FR/0/esi-2021-12-31-fr.zip,0
969500SJCEYK6O6RXV95-2022-12-31-ESEF-FR-0,969500SJCEYK6O6RXV95,ESI GROUP,FR,2022-12-31,2023-03-21 10:29:16.536125,https://filings.xbrl.org/969500SJCEYK6O6RXV95/2022-12-31/ESEF/FR/0/esi-2022-12-31-fr.json,https://filings.xbrl.org/969500SJCEYK6O6RXV95/2022-12-31/ESEF/FR/0/esi-2022-12-31-fr.zip,0
969500SSIGMAGT008F11-2021-12-31-ESEF-FR-0,969500SSIGMAGT008F11,THERMADOR GROUPE,FR,2021-12-31,2022-03-23 00:00:00,https://filings.xbrl.org/969500SSIGMAGT008F11/2021-12-31/ESEF/FR/0/thermador-2021-12-31-fr.json,https://filings.xbrl.org/969500SSIGMAGT008F11/2021-12-31/ESEF/FR/0/thermador-2021-12-31-fr.zip,0
969500T64RILK1RD0852-2021-12-31-ESEF-FR-0,969500T64RILK1RD0852,LYSOGENE,FR,2021-12-31,2022-04-21 00:00:00,https://filings.xbrl.org/969500T64RILK1RD0852/2021-12-31/ESEF/FR/0/lysogene-2021-12-31.json,https://filings.xbrl.org/969500T64RILK1RD0852/2021-12-31/ESEF/FR/0/lysogene-2021-12-31.zip,0
969500THGE54QJH45009-2021-12-31-ESEF-FR-0,969500THGE54QJH45009,GROUPE FLO,FR,2021-12-31,2022-04-28 00:00:00,https://filings.xbrl.org/969500THGE54QJH45009/2021-12-31/ESEF/FR/0/969500THGE54QJH45009-2021-12-31AR.json,https://filings.xbrl.org/969500THGE54QJH45009/2021-12-31/ESEF/FR/0/969500THGE54QJH45009-2021-12-31AR.zip,0
969500TJ5KRTCJQWXH05-2020-12-31-ESEF-FR-0,969500TJ5KRTCJQWXH05,CREDIT AGRICOLE SA,FR,2020-12-31,2021-05-18 00:00:00,https://filings.xbrl.org/969500TJ5KRTCJQWXH05/2020-12-31/ESEF/FR/0/969500TJ5KRTCJQWXH05-2020-12-31AR.json,https://filings.xbrl.org/969500TJ5KRTCJQWXH05/2020-12-31/ESEF/FR/0/969500TJ5KRTCJQWXH05-2020-12-31AR.zip,0
969500TJ5KRTCJQWXH05-2021-12-31-ESEF-FR-0,969500TJ5KRTCJQWXH05,CREDIT AGRICOLE SA,FR,2021-12-31,2022-03-24 00:00:00,https://filings.xbrl.org/969500TJ5KRTCJQWXH05/2021-12-31/ESEF/FR/0/969500TJ5KRTCJQWXH05-2021-12-31-fr.json,https://filings.xbrl.org/969500TJ5KRTCJQWXH05/2021-12-31/ESEF/FR/0/969500TJ5KRTCJQWXH05-2021-12-31-fr.zip,0
969500TJ5KRTCJQWXH05-2022-12-31-ESEF-FR-0,969500TJ5KRTCJQWXH05,CREDIT AGRICOLE SA,FR,2022-12-31,2023-03-28 11:26:11.119672,https://filings.xbrl.org/969500TJ5KRTCJQWXH05/2022-12-31/ESEF/FR/0/969500TJ5KRTCJQWXH05-2022-12-31-fr.json,https://filings.xbrl.org/969500TJ5KRTCJQWXH05/2022-12-31/ESEF/FR/0/969500TJ5KRTCJQWXH05-2022-12-31-fr.zip,0
969500TPU5T3HA5D1F11-2020-12-31-ESEF-FR-0,969500TPU5T3HA5D1F11,BUREAU VERITAS,FR,2020-12-31,2021-05-18 00:00:00,https://filings.xbrl.org/969500TPU5T3HA5D1F11/2020-12-31/ESEF/FR/0/bureauveritas-2020-12-31AR.json,https://filings.xbrl.org/969500TPU5T3HA5D1F11/2020-12-31/ESEF/FR/0/bureauveritas-2020-12-31AR.zip,0
969500TPU5T3HA5D1F11-2022-12-31-ESEF-FR-0,969500TPU5T3HA5D1F11,BUREAU VERITAS,FR,2022-12-31,2023-04-04 21:52:16.271315,https://filings.xbrl.org/969500TPU5T3HA5D1F11/2022-12-31/ESEF/FR/0/bvi-2022-12-31-fr.json,https://filings.xbrl.org/969500TPU5T3HA5D1F11/2022-12-31/ESEF/FR/0/bvi-2022-12-31-fr.zip,0
969500TQ4OAZZXSUPZ18-2022-06-30-ESEF-FR-0,969500TQ4OAZZXSUPZ18,VILMORIN & CIE,FR,2022-06-30,2022-11-17 00:00:00,https://filings.xbrl.org/969500TQ4OAZZXSUPZ18/2022-06-30/ESEF/FR/0/969500TQ4OAZZXSUPZ18-2022-06-30AR.json,https://filings.xbrl.org/969500TQ4OAZZXSUPZ18/2022-06-30/ESEF/FR/0/969500TQ4OAZZXSUPZ18-2022-06-30AR.zip,0
969500U1DQN70VMJ9P45-2021-12-31-ESEF-FR-0,969500U1DQN70VMJ9P45,ID LOGISTICS GROUP,FR,2021-12-31,2022-04-26 00:00:00,https://filings.xbrl.org/969500U1DQN70VMJ9P45/2021-12-31/ESEF/FR/0/idlogistics-2021-12-31-fr.json,https://filings.xbrl.org/969500U1DQN70VMJ9P45/2021-12-31/ESEF/FR/0/idlogistics-2021-12-31-fr.zip,0
969500U1DQN70VMJ9P45-2022-12-31-ESEF-FR-0,969500U1DQN70VMJ9P45,ID LOGISTICS GROUP,FR,2022-12-31,2023-05-02 12:23:33.691091,https://filings.xbrl.org/969500U1DQN70VMJ9P45/2022-12-31/ESEF/FR/0/969500U1DQN70VMJ9P45-2022-12-31AR.json,https://filings.xbrl.org/969500U1DQN70VMJ9P45/2022-12-31/ESEF/FR/0/969500U1DQN70VMJ9P45-2022-12-31AR.zip,0
969500U4BPYFRAOQ3Z75-2021-12-31-ESEF-FR-0,969500U4BPYFRAOQ3Z75,ALTAMIR,FR,2021-12-31,2022-05-17 00:00:00,https://filings.xbrl.org/969500U4BPYFRAOQ3Z75/2021-12-31/ESEF/FR/0/969500u4bpyfraoq3z75-2021-31-12.json,https://filings.xbrl.org/969500U4BPYFRAOQ3Z75/2021-12-31/ESEF/FR/0/969500U4BPYFRAOQ3Z75-2021-12-31AR.zip,0
969500U4BPYFRAOQ3Z75-2021-12-31-ESEF-FR-1,969500U4BPYFRAOQ3Z75,ALTAMIR,FR,2021-12-31,2023-01-18 14:06:31.423577,https://filings.xbrl.org/969500U4BPYFRAOQ3Z75/2021-12-31/ESEF/FR/1/969500u4bpyfraoq3z75-2021-31-12.json,https://filings.xbrl.org/969500U4BPYFRAOQ3Z75/2021-12-31/ESEF/FR/1/969500U4BPYFRAOQ3Z75-2021-12-31AR.zip,0
969500U51BYOMEW9M549-2022-12-31-ESEF-FR-0,969500U51BYOMEW9M549,VUSIONGROUP,FR,2022-12-31,2023-05-04 10:10:16.441059,https://filings.xbrl.org/969500U51BYOMEW9M549/2022-12-31/ESEF/FR/0/sesl-2022-12-31-fr.json,https://filings.xbrl.org/969500U51BYOMEW9M549/2022-12-31/ESEF/FR/0/sesl-2022-12-31-fr.zip,0
969500U8ZZCODU8A9374-2021-12-31-ESEF-FR-0,969500U8ZZCODU8A9374,PHAXIAM THERAPEUTICS,FR,2021-12-31,2022-04-28 00:00:00,https://filings.xbrl.org/969500U8ZZCODU8A9374/2021-12-31/ESEF/FR/0/ery-2021-12-31-fr.json,https://filings.xbrl.org/969500U8ZZCODU8A9374/2021-12-31/ESEF/FR/0/ery-2021-12-31-fr.zip,0
969500U8ZZCODU8A9374-2022-12-31-ESEF-FR-0,969500U8ZZCODU8A9374,PHAXIAM THERAPEUTICS,FR,2022-12-31,2023-03-30 16:36:22.193717,https://filings.xbrl.org/969500U8ZZCODU8A9374/2022-12-31/ESEF/FR/0/ery-2022-12-31-fr.json,https://filings.xbrl.org/969500U8ZZCODU8A9374/2022-12-31/ESEF/FR/0/ery-2022-12-31-fr.zip,0
969500UDH342QLTE1M42-2020-12-31-ESEF-FR-0,969500UDH342QLTE1M42,ICADE,FR,2020-12-31,2022-03-23 00:00:00,https://filings.xbrl.org/969500UDH342QLTE1M42/2020-12-31/ESEF/FR/0/969500UDH342QLTE1M42-2020-12-31AR.json,https://filings.xbrl.org/969500UDH342QLTE1M42/2020-12-31/ESEF/FR/0/969500UDH342QLTE1M42-2020-12-31AR.zip,0
969500UDH342QLTE1M42-2021-12-31-ESEF-FR-0,969500UDH342QLTE1M42,ICADE,FR,2021-12-31,2022-03-24 00:00:00,https://filings.xbrl.org/969500UDH342QLTE1M42/2021-12-31/ESEF/FR/0/969500UDH342QLTE1M42-2021-12-31-fr.json,https://filings.xbrl.org/969500UDH342QLTE1M42/2021-12-31/ESEF/FR/0/969500UDH342QLTE1M42-2021-12-31-fr.zip,0
969500UDH342QLTE1M42-2022-12-31-ESEF-FR-0,969500UDH342QLTE1M42,ICADE,FR,2022-12-31,2023-03-30 16:36:03.919275,https://filings.xbrl.org/969500UDH342QLTE1M42/2022-12-31/ESEF/FR/0/969500UDH342QLTE1M42-2022-12-31-fr.json,https://filings.xbrl.org/969500UDH342QLTE1M42/2022-12-31/ESEF/FR/0/969500UDH342QLTE1M42-2022-12-31-fr.zip,0
969500UIC89GT3UL7L24-2020-12-31-ESEF-FR-0,969500UIC89GT3UL7L24,SAFRAN,FR,2020-12-31,2021-05-18 00:00:00,https://filings.xbrl.org/969500UIC89GT3UL7L24/2020-12-31/ESEF/FR/0/safran-2020-12-31.json,https://filings.xbrl.org/969500UIC89GT3UL7L24/2020-12-31/ESEF/FR/0/safran-2020-12-31.zip,0
969500UIC89GT3UL7L24-2020-12-31-ESEF-FR-1,969500UIC89GT3UL7L24,SAFRAN,FR,2020-12-31,2022-03-23 00:00:00,https://filings.xbrl.org/969500UIC89GT3UL7L24/2020-12-31/ESEF/FR/1/safran-2020-12-31.json,https://filings.xbrl.org/969500UIC89GT3UL7L24/2020-12-31/ESEF/FR/1/safran-2020-12-31.zip,0
969500UIC89GT3UL7L24-2021-12-31-ESEF-FR-0,969500UIC89GT3UL7L24,SAFRAN,FR,2021-12-31,2022-04-05 00:00:00,https://filings.xbrl.org/969500UIC89GT3UL7L24/2021-12-31/ESEF/FR/0/safran-2021-12-31.json,https://filings.xbrl.org/969500UIC89GT3UL7L24/2021-12-31/ESEF/FR/0/safran-2021-12-31.zip,0
969500UIC89GT3UL7L24-2022-12-31-ESEF-FR-0,969500UIC89GT3UL7L24,SAFRAN,FR,2022-12-31,2023-04-04 21:51:35.816764,https://filings.xbrl.org/969500UIC89GT3UL7L24/2022-12-31/ESEF/FR/0/safran-2022-12-31-FR.json,https://filings.xbrl.org/969500UIC89GT3UL7L24/2022-12-31/ESEF/FR/0/safran-2022-12-31-FR.zip,0
969500UPP3G1EYL1UI19-2021-12-31-ESEF-FR-0,969500UPP3G1EYL1UI19,ACTIA GROUP,FR,2021-12-31,2022-05-03 00:00:00,https://filings.xbrl.org/969500UPP3G1EYL1UI19/2021-12-31/ESEF/FR/0/969500UPP3G1EYL1UI19-2021-12-31-fr.json,https://filings.xbrl.org/969500UPP3G1EYL1UI19/2021-12-31/ESEF/FR/0/969500UPP3G1EYL1UI19-2021-12-31-fr.zip,0
969500UR00DF63I0VH67-2020-12-31-ESEF-FR-0,969500UR00DF63I0VH67,SOCIETE BIC,FR,2020-12-31,2021-05-18 00:00:00,https://filings.xbrl.org/969500UR00DF63I0VH67/2020-12-31/ESEF/FR/0/bic-2020-12-31AR.json,https://filings.xbrl.org/969500UR00DF63I0VH67/2020-12-31/ESEF/FR/0/bic-2020-12-31AR.zip,0
969500UR00DF63I0VH67-2021-12-31-ESEF-FR-0,969500UR00DF63I0VH67,SOCIETE BIC,FR,2021-12-31,2022-03-29 00:00:00,https://filings.xbrl.org/969500UR00DF63I0VH67/2021-12-31/ESEF/FR/0/bic-2021-12-31-fr.json,https://filings.xbrl.org/969500UR00DF63I0VH67/2021-12-31/ESEF/FR/0/bic-2021-12-31-fr.zip,0
969500UR00DF63I0VH67-2022-12-31-ESEF-FR-0,969500UR00DF63I0VH67,SOCIETE BIC,FR,2022-12-31,2023-04-04 21:52:13.892987,https://filings.xbrl.org/969500UR00DF63I0VH67/2022-12-31/ESEF/FR/0/bic-2022-12-31-fr.json,https://filings.xbrl.org/969500UR00DF63I0VH67/2022-12-31/ESEF/FR/0/bic-2022-12-31-fr.zip,12
969500URB8KRQ9IDBK68-2022-12-31-ESEF-FR-0,969500URB8KRQ9IDBK68,PRODWAYS GROUP,FR,2022-12-31,2023-05-02 12:23:40.539904,https://filings.xbrl.org/969500URB8KRQ9IDBK68/2022-12-31/ESEF/FR/0/prodwaysgroup-2022-12-31-fr.json,https://filings.xbrl.org/969500URB8KRQ9IDBK68/2022-12-31/ESEF/FR/0/prodwaysgroup-2022-12-31-fr.zip,0
969500USKOS4RHAJLM09-2021-12-31-ESEF-FR-0,969500USKOS4RHAJLM09,SOC D EXPLOSIFS PRODUITS CHIMIQUES,FR,2021-12-31,2022-05-03 00:00:00,https://filings.xbrl.org/969500USKOS4RHAJLM09/2021-12-31/ESEF/FR/0/969500USKOS4RHAJLM09-2021-12-31-fr.json,https://filings.xbrl.org/969500USKOS4RHAJLM09/2021-12-31/ESEF/FR/0/969500USKOS4RHAJLM09-2021-12-31-fr.zip,0
969500USKOS4RHAJLM09-2022-12-31-ESEF-FR-0,969500USKOS4RHAJLM09,SOC D EXPLOSIFS PRODUITS CHIMIQUES,FR,2022-12-31,2023-05-02 12:14:31.974427,https://filings.xbrl.org/969500USKOS4RHAJLM09/2022-12-31/ESEF/FR/0/969500USKOS4RHAJLM09-2022-12-31-fr.json,https://filings.xbrl.org/969500USKOS4RHAJLM09/2022-12-31/ESEF/FR/0/969500USKOS4RHAJLM09-2022-12-31-fr.zip,0
969500UU4O58BR802Y55-2021-12-31-ESEF-FR-0,969500UU4O58BR802Y55,LISI,FR,2021-12-31,2022-04-05 00:00:00,https://filings.xbrl.org/969500UU4O58BR802Y55/2021-12-31/ESEF/FR/0/lisi-2021-12-31-FR.json,https://filings.xbrl.org/969500UU4O58BR802Y55/2021-12-31/ESEF/FR/0/lisi-2021-12-31-FR.zip,0
969500UU4O58BR802Y55-2021-12-31-ESEF-FR-1,969500UU4O58BR802Y55,LISI,FR,2021-12-31,2022-04-21 00:00:00,https://filings.xbrl.org/969500UU4O58BR802Y55/2021-12-31/ESEF/FR/1/lisi-2021-12-31-FR.json,https://filings.xbrl.org/969500UU4O58BR802Y55/2021-12-31/ESEF/FR/1/lisi-2021-12-31-FR.zip,0
969500UU4O58BR802Y55-2022-12-31-ESEF-FR-0,969500UU4O58BR802Y55,LISI,FR,2022-12-31,2023-03-21 10:32:56.932538,https://filings.xbrl.org/969500UU4O58BR802Y55/2022-12-31/ESEF/FR/0/lisi-2022-12-31-FR.json,https://filings.xbrl.org/969500UU4O58BR802Y55/2022-12-31/ESEF/FR/0/lisi-2022-12-31-FR.zip,0
969500UX71LCE8MAY492-2021-12-31-ESEF-FR-0,969500UX71LCE8MAY492,ELIS,FR,2021-12-31,2022-03-30 00:00:00,https://filings.xbrl.org/969500UX71LCE8MAY492/2021-12-31/ESEF/FR/0/969500UX71LCE8MAY492-2021-12-31-fr.json,https://filings.xbrl.org/969500UX71LCE8MAY492/2021-12-31/ESEF/FR/0/969500UX71LCE8MAY492-2021-12-31-fr.zip,0
969500UX71LCE8MAY492-2022-12-31-ESEF-FR-0,969500UX71LCE8MAY492,ELIS,FR,2022-12-31,2023-03-30 16:35:52.931917,https://filings.xbrl.org/969500UX71LCE8MAY492/2022-12-31/ESEF/FR/0/969500UX71LCE8MAY492-2022-12-31-fr.json,https://filings.xbrl.org/969500UX71LCE8MAY492/2022-12-31/ESEF/FR/0/969500UX71LCE8MAY492-2022-12-31-fr.zip,0
969500V8OL3NGL0GKZ37-2021-12-31-ESEF-FR-0,969500V8OL3NGL0GKZ37,JACQUET METALS,FR,2021-12-31,2022-04-19 00:00:00,https://filings.xbrl.org/969500V8OL3NGL0GKZ37/2021-12-31/ESEF/FR/0/jacquetmetals-2021-12-31-fr.json,https://filings.xbrl.org/969500V8OL3NGL0GKZ37/2021-12-31/ESEF/FR/0/jacquetmetals-2021-12-31-fr.zip,0
969500V8OL3NGL0GKZ37-2022-12-31-ESEF-FR-0,969500V8OL3NGL0GKZ37,JACQUET METALS,FR,2022-12-31,2023-04-18 11:40:04.038320,https://filings.xbrl.org/969500V8OL3NGL0GKZ37/2022-12-31/ESEF/FR/0/Jacquetmetals-2022-12-31-fr.json,https://filings.xbrl.org/969500V8OL3NGL0GKZ37/2022-12-31/ESEF/FR/0/Jacquetmetals-2022-12-31-fr.zip,0
969500VHL8F83GBL6L29-2021-12-31-ESEF-FR-0,969500VHL8F83GBL6L29,"CASINO, GUICHARD-PERRACHON",FR,2021-12-31,2022-04-05 00:00:00,https://filings.xbrl.org/969500VHL8F83GBL6L29/2021-12-31/ESEF/FR/0/969500VHL8F83GBL6L29-2021-12-31-fr.json,https://filings.xbrl.org/969500VHL8F83GBL6L29/2021-12-31/ESEF/FR/0/969500VHL8F83GBL6L29-2021-12-31-fr.zip,0
969500VHL8F83GBL6L29-2022-12-31-ESEF-FR-0,969500VHL8F83GBL6L29,"CASINO, GUICHARD-PERRACHON",FR,2022-12-31,2023-04-04 21:51:12.261004,https://filings.xbrl.org/969500VHL8F83GBL6L29/2022-12-31/ESEF/FR/0/969500VHL8F83GBL6L29-2022-12-31-fr.json,https://filings.xbrl.org/969500VHL8F83GBL6L29/2022-12-31/ESEF/FR/0/969500VHL8F83GBL6L29-2022-12-31-fr.zip,0
969500VJOAUSXLS74682-2022-03-31-ESEF-FR-0,969500VJOAUSXLS74682,ABEO,FR,2022-03-31,2022-06-22 00:00:00,https://filings.xbrl.org/969500VJOAUSXLS74682/2022-03-31/ESEF/FR/0/abeo-2022-03-31-fr.json,https://filings.xbrl.org/969500VJOAUSXLS74682/2022-03-31/ESEF/FR/0/abeo-2022-03-31-fr.zip,0
969500VX2NV2AQQ65G45-2020-12-31-ESEF-FR-0,969500VX2NV2AQQ65G45,LAGARDERE SA,FR,2020-12-31,2021-05-18 00:00:00,https://filings.xbrl.org/969500VX2NV2AQQ65G45/2020-12-31/ESEF/FR/0/lagarder-2020-12-31.json,https://filings.xbrl.org/969500VX2NV2AQQ65G45/2020-12-31/ESEF/FR/0/lagarder-2020-12-31AR.zip,0
969500VX2NV2AQQ65G45-2021-12-31-ESEF-FR-0,969500VX2NV2AQQ65G45,LAGARDERE SA,FR,2021-12-31,2022-03-23 00:00:00,https://filings.xbrl.org/969500VX2NV2AQQ65G45/2021-12-31/ESEF/FR/0/lagarder-2021-12-31.json,https://filings.xbrl.org/969500VX2NV2AQQ65G45/2021-12-31/ESEF/FR/0/lagarder-31-12-21-AR.zip,0
969500VX2NV2AQQ65G45-2022-12-31-ESEF-FR-0,969500VX2NV2AQQ65G45,LAGARDERE SA,FR,2022-12-31,2023-03-21 10:33:29.513740,https://filings.xbrl.org/969500VX2NV2AQQ65G45/2022-12-31/ESEF/FR/0/969500VX2NV2AQQ65G45-2022-12-31-fr.json,https://filings.xbrl.org/969500VX2NV2AQQ65G45/2022-12-31/ESEF/FR/0/lagarder-31-12-22-AR.zip,0
969500W5X02DTT3BZS69-2021-12-31-ESEF-FR-0,969500W5X02DTT3BZS69,MCPHY ENERGY,FR,2021-12-31,2022-04-28 00:00:00,https://filings.xbrl.org/969500W5X02DTT3BZS69/2021-12-31/ESEF/FR/0/mcphy-2021-12-31-fr.json,https://filings.xbrl.org/969500W5X02DTT3BZS69/2021-12-31/ESEF/FR/0/mcphy-2021-12-31-fr.zip,0
969500W5X02DTT3BZS69-2022-12-31-ESEF-FR-0,969500W5X02DTT3BZS69,MCPHY ENERGY,FR,2022-12-31,2023-05-02 12:23:59.617570,https://filings.xbrl.org/969500W5X02DTT3BZS69/2022-12-31/ESEF/FR/0/mcphy-2022-12-31-fr.json,https://filings.xbrl.org/969500W5X02DTT3BZS69/2022-12-31/ESEF/FR/0/mcphy-2022-12-31-fr.zip,0
969500WEPS61H6TJM037-2021-12-31-ESEF-FR-0,969500WEPS61H6TJM037,CLARIANE,FR,2021-12-31,2022-04-28 00:00:00,https://filings.xbrl.org/969500WEPS61H6TJM037/2021-12-31/ESEF/FR/0/KORIAN-2021-12-31-fr.json,https://filings.xbrl.org/969500WEPS61H6TJM037/2021-12-31/ESEF/FR/0/KORIAN-2021-12-31-fr.zip,0
969500WEPS61H6TJM037-2022-12-31-ESEF-FR-0,969500WEPS61H6TJM037,CLARIANE,FR,2022-12-31,2023-05-02 12:23:21.030389,https://filings.xbrl.org/969500WEPS61H6TJM037/2022-12-31/ESEF/FR/0/KORIAN-2022-12-31-fr.json,https://filings.xbrl.org/969500WEPS61H6TJM037/2022-12-31/ESEF/FR/0/KORIAN-2022-12-31-fr.zip,2
969500WGEAZ8YE4UAI86-2021-12-31-ESEF-FR-0,969500WGEAZ8YE4UAI86,BELIEVE,FR,2021-12-31,2022-04-26 00:00:00,https://filings.xbrl.org/969500WGEAZ8YE4UAI86/2021-12-31/ESEF/FR/0/969500WGEAZ8YE4UAI86-2021-12-31-fr.json,https://filings.xbrl.org/969500WGEAZ8YE4UAI86/2021-12-31/ESEF/FR/0/969500WGEAZ8YE4UAI86-2021-12-31-fr.zip,0
969500WGEAZ8YE4UAI86-2022-12-31-ESEF-FR-0,969500WGEAZ8YE4UAI86,BELIEVE,FR,2022-12-31,2023-04-25 09:55:29.676398,https://filings.xbrl.org/969500WGEAZ8YE4UAI86/2022-12-31/ESEF/FR/0/969500WGEAZ8YE4UAI86-2022-12-31-fr.json,https://filings.xbrl.org/969500WGEAZ8YE4UAI86/2022-12-31/ESEF/FR/0/969500WGEAZ8YE4UAI86-2022-12-31-fr.zip,0
969500WP61NBK098AC47-2021-12-31-ESEF-FR-0,969500WP61NBK098AC47,SEB SA,FR,2021-12-31,2022-04-13 00:00:00,https://filings.xbrl.org/969500WP61NBK098AC47/2021-12-31/ESEF/FR/0/969500WP61NBK098AC47-2021-12-31-fr.json,https://filings.xbrl.org/969500WP61NBK098AC47/2021-12-31/ESEF/FR/0/969500WP61NBK098AC47-2021-12-31-fr.zip,0
969500WP61NBK098AC47-2022-12-31-ESEF-FR-0,969500WP61NBK098AC47,SEB SA,FR,2022-12-31,2023-04-18 11:40:56.808102,https://filings.xbrl.org/969500WP61NBK098AC47/2022-12-31/ESEF/FR/0/969500WP61NBK098AC47-2022-12-31-fr.json,https://filings.xbrl.org/969500WP61NBK098AC47/2022-12-31/ESEF/FR/0/969500WP61NBK098AC47-2022-12-31-fr.zip,0
969500WQFC6OAQYG7E65-2020-12-31-ESEF-FR-0,969500WQFC6OAQYG7E65,TELEVISION FRANCAISE 1,FR,2020-12-31,2021-05-18 00:00:00,https://filings.xbrl.org/969500WQFC6OAQYG7E65/2020-12-31/ESEF/FR/0/TELE-2020-12-31AR.json,https://filings.xbrl.org/969500WQFC6OAQYG7E65/2020-12-31/ESEF/FR/0/TELE-2020-12-31AR.zip,0
969500WQFC6OAQYG7E65-2021-12-31-ESEF-FR-0,969500WQFC6OAQYG7E65,TELEVISION FRANCAISE 1,FR,2021-12-31,2022-03-23 00:00:00,https://filings.xbrl.org/969500WQFC6OAQYG7E65/2021-12-31/ESEF/FR/0/969500WQFC6OAQYG7E65-2021-12-31AR.json,https://filings.xbrl.org/969500WQFC6OAQYG7E65/2021-12-31/ESEF/FR/0/969500WQFC6OAQYG7E65-2021-12-31AR.zip,0
969500WQFC6OAQYG7E65-2022-12-31-ESEF-FR-0,969500WQFC6OAQYG7E65,TELEVISION FRANCAISE 1,FR,2022-12-31,2023-03-14 10:43:25.385639,https://filings.xbrl.org/969500WQFC6OAQYG7E65/2022-12-31/ESEF/FR/0/969500WQFC6OAQYG7E65-2022-12-31AR.json,https://filings.xbrl.org/969500WQFC6OAQYG7E65/2022-12-31/ESEF/FR/0/969500WQFC6OAQYG7E65-2022-12-31AR.zip,0
969500WV1U1WQ059L135-2021-12-31-ESEF-FR-0,969500WV1U1WQ059L135,GUERBET,FR,2021-12-31,2022-04-07 00:00:00,https://filings.xbrl.org/969500WV1U1WQ059L135/2021-12-31/ESEF/FR/0/grbt-2021-12-31-fr.json,https://filings.xbrl.org/969500WV1U1WQ059L135/2021-12-31/ESEF/FR/0/grbt-2021-12-31-fr.zip,0
969500WV1U1WQ059L135-2022-12-31-ESEF-FR-0,969500WV1U1WQ059L135,GUERBET,FR,2022-12-31,2023-04-04 21:51:49.071430,https://filings.xbrl.org/969500WV1U1WQ059L135/2022-12-31/ESEF/FR/0/grbt-2022-12-31-fr.json,https://filings.xbrl.org/969500WV1U1WQ059L135/2022-12-31/ESEF/FR/0/grbt-2022-12-31-fr.zip,0
969500XCGTMV08D76N87-2021-12-31-ESEF-FR-0,969500XCGTMV08D76N87,EUROPCAR MOBILITY GROUP,FR,2021-12-31,2022-05-03 00:00:00,https://filings.xbrl.org/969500XCGTMV08D76N87/2021-12-31/ESEF/FR/0/969500XCGTMV08D76N87-2021-12-31AR.json,https://filings.xbrl.org/969500XCGTMV08D76N87/2021-12-31/ESEF/FR/0/969500XCGTMV08D76N87-2021-12-31AR.zip,0
969500XPWN2DMZQA5X73-2021-12-31-ESEF-FR-0,969500XPWN2DMZQA5X73,SA GENFIT,FR,2021-12-31,2022-05-03 00:00:00,https://filings.xbrl.org/969500XPWN2DMZQA5X73/2021-12-31/ESEF/FR/0/gnft-2021-12-31-fr.json,https://filings.xbrl.org/969500XPWN2DMZQA5X73/2021-12-31/ESEF/FR/0/gnft-2021-12-31-fr.zip,0
969500XPWN2DMZQA5X73-2022-12-31-ESEF-FR-0,969500XPWN2DMZQA5X73,SA GENFIT,FR,2022-12-31,2023-04-20 11:09:24.505631,https://filings.xbrl.org/969500XPWN2DMZQA5X73/2022-12-31/ESEF/FR/0/gnft-2022-12-31-fr.json,https://filings.xbrl.org/969500XPWN2DMZQA5X73/2022-12-31/ESEF/FR/0/gnft-2022-12-31-fr.zip,0
969500XQM2JOWHKWI437-2021-12-31-ESEF-FR-0,969500XQM2JOWHKWI437,MARIE BRIZARD WINE AND SPIRITS,FR,2021-12-31,2022-04-21 00:00:00,https://filings.xbrl.org/969500XQM2JOWHKWI437/2021-12-31/ESEF/FR/0/969500XQM2JOWHKWI437-2021-12-31-fr.json,https://filings.xbrl.org/969500XQM2JOWHKWI437/2021-12-31/ESEF/FR/0/969500XQM2JOWHKWI437-2021-12-31-fr.zip,0
969500XQM2JOWHKWI437-2022-12-31-ESEF-FR-0,969500XQM2JOWHKWI437,MARIE BRIZARD WINE AND SPIRITS,FR,2022-12-31,2023-05-02 12:23:45.398449,https://filings.xbrl.org/969500XQM2JOWHKWI437/2022-12-31/ESEF/FR/0/969500XQM2JOWHKWI437-2022-12-31-fr.json,https://filings.xbrl.org/969500XQM2JOWHKWI437/2022-12-31/ESEF/FR/0/969500XQM2JOWHKWI437-2022-12-31-fr.zip,0
969500XXRPGD7HCAFA90-2021-12-31-ESEF-FR-0,969500XXRPGD7HCAFA90,LEGRAND,FR,2021-12-31,2022-04-07 00:00:00,https://filings.xbrl.org/969500XXRPGD7HCAFA90/2021-12-31/ESEF/FR/0/legrand-2021-12-31.json,https://filings.xbrl.org/969500XXRPGD7HCAFA90/2021-12-31/ESEF/FR/0/legrand-2021-12-31.zip,0
969500XXRPGD7HCAFA90-2021-12-31-ESEF-FR-1,969500XXRPGD7HCAFA90,LEGRAND,FR,2021-12-31,2022-04-21 00:00:00,https://filings.xbrl.org/969500XXRPGD7HCAFA90/2021-12-31/ESEF/FR/1/legrand-2021-12-31.json,https://filings.xbrl.org/969500XXRPGD7HCAFA90/2021-12-31/ESEF/FR/1/legrand-2021-12-31.zip,0
969500XXRPGD7HCAFA90-2022-12-31-ESEF-FR-0,969500XXRPGD7HCAFA90,LEGRAND,FR,2022-12-31,2023-04-18 11:40:25.904614,https://filings.xbrl.org/969500XXRPGD7HCAFA90/2022-12-31/ESEF/FR/0/969500XXRPGD7HCAFA90-2022-09-09-fr.json,https://filings.xbrl.org/969500XXRPGD7HCAFA90/2022-12-31/ESEF/FR/0/969500XXRPGD7HCAFA90-2022-09-09-fr.zip,0
969500Y4IJGHJE2MTJ13-2020-12-31-ESEF-FR-0,969500Y4IJGHJE2MTJ13,HERMES INTERNATIONAL,FR,2020-12-31,2021-05-18 00:00:00,https://filings.xbrl.org/969500Y4IJGHJE2MTJ13/2020-12-31/ESEF/FR/0/hermes-2020-12-31AR.json,https://filings.xbrl.org/969500Y4IJGHJE2MTJ13/2020-12-31/ESEF/FR/0/hermes-2020-12-31AR.zip,0
969500Y4IJGHJE2MTJ13-2021-12-31-ESEF-FR-0,969500Y4IJGHJE2MTJ13,HERMES INTERNATIONAL,FR,2021-12-31,2022-03-24 00:00:00,https://filings.xbrl.org/969500Y4IJGHJE2MTJ13/2021-12-31/ESEF/FR/0/hermes-2021-12-31-fr.json,https://filings.xbrl.org/969500Y4IJGHJE2MTJ13/2021-12-31/ESEF/FR/0/hermes-2021-12-31-fr.zip,0
969500Y4IJGHJE2MTJ13-2022-12-31-ESEF-FR-0,969500Y4IJGHJE2MTJ13,HERMES INTERNATIONAL,FR,2022-12-31,2023-03-28 11:26:39.282061,https://filings.xbrl.org/969500Y4IJGHJE2MTJ13/2022-12-31/ESEF/FR/0/hermes-2022-12-31-fr.json,https://filings.xbrl.org/969500Y4IJGHJE2MTJ13/2022-12-31/ESEF/FR/0/hermes-2022-12-31-fr.zip,23
969500Y7G9TY7Y24GN07-2021-12-31-ESEF-FR-0,969500Y7G9TY7Y24GN07,ALTEN,FR,2021-12-31,2022-05-03 00:00:00,https://filings.xbrl.org/969500Y7G9TY7Y24GN07/2021-12-31/ESEF/FR/0/969500Y7G9TY7Y24GN07-2021-12-31AR.json,https://filings.xbrl.org/969500Y7G9TY7Y24GN07/2021-12-31/ESEF/FR/0/969500Y7G9TY7Y24GN07-2021-12-31AR.zip,0
969500Y7G9TY7Y24GN07-2022-12-31-ESEF-FR-0,969500Y7G9TY7Y24GN07,ALTEN,FR,2022-12-31,2023-05-02 12:23:09.259479,https://filings.xbrl.org/969500Y7G9TY7Y24GN07/2022-12-31/ESEF/FR/0/969500Y7G9TY7Y24GN07-2022-12-31AR.json,https://filings.xbrl.org/969500Y7G9TY7Y24GN07/2022-12-31/ESEF/FR/0/969500Y7G9TY7Y24GN07-2022-12-31AR.zip,0
969500Y8FMHV2BHC0C87-2022-12-31-ESEF-FR-0,969500Y8FMHV2BHC0C87,EKINOPS,FR,2022-12-31,2023-04-18 11:40:46.893725,https://filings.xbrl.org/969500Y8FMHV2BHC0C87/2022-12-31/ESEF/FR/0/ekinops-2022-12-31-fr.json,https://filings.xbrl.org/969500Y8FMHV2BHC0C87/2022-12-31/ESEF/FR/0/ekinops-2022-12-31-fr.zip,0
969500YEQRY2T8Z7W336-2021-12-31-ESEF-FR-0,969500YEQRY2T8Z7W336,CROSSWOOD,FR,2021-12-31,2022-04-28 00:00:00,https://filings.xbrl.org/969500YEQRY2T8Z7W336/2021-12-31/ESEF/FR/0/CROSSWOOD-2021-12-31-fr.json,https://filings.xbrl.org/969500YEQRY2T8Z7W336/2021-12-31/ESEF/FR/0/CROSSWOOD-2021-12-31-fr.zip,0
969500YEQRY2T8Z7W336-2021-12-31-ESEF-FR-1,969500YEQRY2T8Z7W336,CROSSWOOD,FR,2021-12-31,2023-01-18 15:58:54.722383,https://filings.xbrl.org/969500YEQRY2T8Z7W336/2021-12-31/ESEF/FR/1/CROSSWOOD-2021-12-31-fr.json,https://filings.xbrl.org/969500YEQRY2T8Z7W336/2021-12-31/ESEF/FR/1/CROSSWOOD-2021-12-31-fr.zip,0
969500YEQRY2T8Z7W336-2022-12-31-ESEF-FR-0,969500YEQRY2T8Z7W336,CROSSWOOD,FR,2022-12-31,2023-05-02 12:22:54.062308,https://filings.xbrl.org/969500YEQRY2T8Z7W336/2022-12-31/ESEF/FR/0/crosswood-2022-12-31-fr.json,https://filings.xbrl.org/969500YEQRY2T8Z7W336/2022-12-31/ESEF/FR/0/crosswood-2022-12-31-fr.zip,0
969500YG7U0UQDEHBD60-2022-06-30-ESEF-FR-0,969500YG7U0UQDEHBD60,EAGLE FOOTBALL GROUP,FR,2022-06-30,2022-10-27 00:00:00,https://filings.xbrl.org/969500YG7U0UQDEHBD60/2022-06-30/ESEF/FR/0/olg-2022-06-30-fr.json,https://filings.xbrl.org/969500YG7U0UQDEHBD60/2022-06-30/ESEF/FR/0/olg-2022-06-30-fr.zip,0
969500YP0AETQIK48R39-2021-12-31-ESEF-FR-0,969500YP0AETQIK48R39,VETOQUINOL S.A,FR,2021-12-31,2022-04-26 00:00:00,https://filings.xbrl.org/969500YP0AETQIK48R39/2021-12-31/ESEF/FR/0/vetoquinol-2021-12-31-fr.json,https://filings.xbrl.org/969500YP0AETQIK48R39/2021-12-31/ESEF/FR/0/vetoquinol-2021-12-31-fr.zip,0
969500YP0AETQIK48R39-2022-12-31-ESEF-FR-0,969500YP0AETQIK48R39,VETOQUINOL S.A,FR,2022-12-31,2023-04-18 11:40:20.017388,https://filings.xbrl.org/969500YP0AETQIK48R39/2022-12-31/ESEF/FR/0/969500YP0AETQIK48R39-2022-12-31AR.json,https://filings.xbrl.org/969500YP0AETQIK48R39/2022-12-31/ESEF/FR/0/969500YP0AETQIK48R39-2022-12-31AR.zip,0
969500YT2CGGAD8YNM04-2022-03-31-ESEF-FR-0,969500YT2CGGAD8YNM04,ST DUPONT,FR,2022-03-31,2022-08-02 00:00:00,https://filings.xbrl.org/969500YT2CGGAD8YNM04/2022-03-31/ESEF/FR/0/969500YT2CGGAD8YNM04-2022-03-31AR.json,https://filings.xbrl.org/969500YT2CGGAD8YNM04/2022-03-31/ESEF/FR/0/969500YT2CGGAD8YNM04-2022-03-31AR.zip,0
969500YT2CGGAD8YNM04-2022-03-31-ESEF-FR-1,969500YT2CGGAD8YNM04,ST DUPONT,FR,2022-03-31,2022-08-17 00:00:00,https://filings.xbrl.org/969500YT2CGGAD8YNM04/2022-03-31/ESEF/FR/1/969500YT2CGGAD8YNM04-2022-03-31AR.json,https://filings.xbrl.org/969500YT2CGGAD8YNM04/2022-03-31/ESEF/FR/1/969500YT2CGGAD8YNM04-2022-03-31AR.zip,0
969500Z8LOO0H8JY2E60-2020-12-31-ESEF-FR-0,969500Z8LOO0H8JY2E60,PEUGEOT INVEST,FR,2020-12-31,2021-05-18 00:00:00,https://filings.xbrl.org/969500Z8LOO0H8JY2E60/2020-12-31/ESEF/FR/0/969500Z8LOO0H8JY2E60-2020-12-31AR.json,https://filings.xbrl.org/969500Z8LOO0H8JY2E60/2020-12-31/ESEF/FR/0/969500Z8LOO0H8JY2E60-2020-12-31AR.zip,0
969500Z8LOO0H8JY2E60-2021-12-31-ESEF-FR-0,969500Z8LOO0H8JY2E60,PEUGEOT INVEST,FR,2021-12-31,2022-04-13 00:00:00,https://filings.xbrl.org/969500Z8LOO0H8JY2E60/2021-12-31/ESEF/FR/0/969500Z8LOO0H8JY2E60-2021-12-31AR.json,https://filings.xbrl.org/969500Z8LOO0H8JY2E60/2021-12-31/ESEF/FR/0/969500Z8LOO0H8JY2E60-2021-12-31AR.zip,0
969500Z8LOO0H8JY2E60-2022-12-31-ESEF-FR-0,969500Z8LOO0H8JY2E60,PEUGEOT INVEST,FR,2022-12-31,2023-04-18 11:39:50.559234,https://filings.xbrl.org/969500Z8LOO0H8JY2E60/2022-12-31/ESEF/FR/0/969500Z8LOO0H8JY2E60-2022-12-31AR.json,https://filings.xbrl.org/969500Z8LOO0H8JY2E60/2022-12-31/ESEF/FR/0/969500Z8LOO0H8JY2E60-2022-12-31AR.zip,0
969500ZIB8VE0GM5YA81-2020-12-31-ESEF-FR-0,969500ZIB8VE0GM5YA81,CIE INDUSTRIELLE FINANCIERE ENTREPRISE,FR,2020-12-31,2021-05-18 00:00:00,https://filings.xbrl.org/969500ZIB8VE0GM5YA81/2020-12-31/ESEF/FR/0/etpo-2020-12-31AR.json,https://filings.xbrl.org/969500ZIB8VE0GM5YA81/2020-12-31/ESEF/FR/0/etpo-2020-12-31AR.zip,0
969500ZL79KYH9PTYP78-2021-12-31-ESEF-FR-0,969500ZL79KYH9PTYP78,ADOCIA,FR,2021-12-31,2022-04-26 00:00:00,https://filings.xbrl.org/969500ZL79KYH9PTYP78/2021-12-31/ESEF/FR/0/969500ZL79KYH9PTYP78-2021-12-31-fr.json,https://filings.xbrl.org/969500ZL79KYH9PTYP78/2021-12-31/ESEF/FR/0/969500ZL79KYH9PTYP78-2021-12-31-fr.zip,0
969500ZL79KYH9PTYP78-2022-12-31-ESEF-FR-0,969500ZL79KYH9PTYP78,ADOCIA,FR,2022-12-31,2023-05-02 12:23:46.972526,https://filings.xbrl.org/969500ZL79KYH9PTYP78/2022-12-31/ESEF/FR/0/969500ZL79KYH9PTYP78-2022-12-31-fr.json,https://filings.xbrl.org/969500ZL79KYH9PTYP78/2022-12-31/ESEF/FR/0/969500ZL79KYH9PTYP78-2022-12-31-fr.zip,0
969500ZPQQLG72TQND21-2021-12-31-ESEF-FR-0,969500ZPQQLG72TQND21,COMPAGNIE CHARGEURS INVEST,FR,2021-12-31,2022-03-23 00:00:00,https://filings.xbrl.org/969500ZPQQLG72TQND21/2021-12-31/ESEF/FR/0/969500ZPQQLG72TQND21-2021-12-31AR.json,https://filings.xbrl.org/969500ZPQQLG72TQND21/2021-12-31/ESEF/FR/0/969500ZPQQLG72TQND21-2021-12-31AR.zip,0
969500ZPQQLG72TQND21-2022-12-31-ESEF-FR-0,969500ZPQQLG72TQND21,COMPAGNIE CHARGEURS INVEST,FR,2022-12-31,2023-04-04 21:51:05.550325,https://filings.xbrl.org/969500ZPQQLG72TQND21/2022-12-31/ESEF/FR/0/969500ZPQQLG72TQND21-2022-12-31AR.json,https://filings.xbrl.org/969500ZPQQLG72TQND21/2022-12-31/ESEF/FR/0/969500ZPQQLG72TQND21-2022-12-31AR.zip,0
969500ZR92SQCU9TST26-2021-03-31-ESEF-FR-0,969500ZR92SQCU9TST26,SOITEC,FR,2021-03-31,2022-03-23 00:00:00,https://filings.xbrl.org/969500ZR92SQCU9TST26/2021-03-31/ESEF/FR/0/969500ZR92SQCU9TST26-2021-03-31AR.json,https://filings.xbrl.org/969500ZR92SQCU9TST26/2021-03-31/ESEF/FR/0/969500ZR92SQCU9TST26-2021-03-31AR.zip,0
969500ZR92SQCU9TST26-2022-03-31-ESEF-FR-0,969500ZR92SQCU9TST26,SOITEC,FR,2022-03-31,2022-06-22 00:00:00,https://filings.xbrl.org/969500ZR92SQCU9TST26/2022-03-31/ESEF/FR/0/969500ZR92SQCU9TST26-2022-03-31-fr.json,https://filings.xbrl.org/969500ZR92SQCU9TST26/2022-03-31/ESEF/FR/0/969500ZR92SQCU9TST26-2022-03-31-fr.zip,0
969500ZTYI9C1C594X25-2020-12-31-ESEF-FR-0,969500ZTYI9C1C594X25,ETABLISSEMENTS MAUREL ET PROM,FR,2020-12-31,2021-05-18 00:00:00,https://filings.xbrl.org/969500ZTYI9C1C594X25/2020-12-31/ESEF/FR/0/emp-2020-12-31AR.json,https://filings.xbrl.org/969500ZTYI9C1C594X25/2020-12-31/ESEF/FR/0/emp-2020-12-31AR.zip,0
969500ZTYI9C1C594X25-2022-12-31-ESEF-FR-0,969500ZTYI9C1C594X25,ETABLISSEMENTS MAUREL ET PROM,FR,2022-12-31,2023-03-21 10:29:03.395833,https://filings.xbrl.org/969500ZTYI9C1C594X25/2022-12-31/ESEF/FR/0/emp-2022-12-31-fr.json,https://filings.xbrl.org/969500ZTYI9C1C594X25/2022-12-31/ESEF/FR/0/emp-2022-12-31-fr.zip,0
98450041D8BBCFDFT410-2022-12-31-ESEF-NL-0,98450041D8BBCFDFT410,Climate Transition Capital Acquisition I B.V.,NL,2022-12-31,2023-04-18 11:38:55.293843,https://filings.xbrl.org/98450041D8BBCFDFT410/2022-12-31/ESEF/NL/0/98450041D8BBCFDFT410-2022-12-31-en.json,https://filings.xbrl.org/98450041D8BBCFDFT410/2022-12-31/ESEF/NL/0/98450041D8BBCFDFT410-2022-12-31-en.zip,0
984500E0A1C4DLBA3878-2021-12-31-ESEF-NL-0,984500E0A1C4DLBA3878,MOTORK PLC,NL,2021-12-31,2022-05-24 00:00:00,https://filings.xbrl.org/984500E0A1C4DLBA3878/2021-12-31/ESEF/NL/0/984500E0A1C4DLBA3878-2021-12-31-T01.json,https://filings.xbrl.org/984500E0A1C4DLBA3878/2021-12-31/ESEF/NL/0/984500E0A1C4DLBA3878-2021-12-31.zip,0
984500E0A1C4DLBA3878-2022-12-31-ESEF-NL-0,984500E0A1C4DLBA3878,MOTORK PLC,NL,2022-12-31,2023-04-04 21:50:40.124088,https://filings.xbrl.org/984500E0A1C4DLBA3878/2022-12-31/ESEF/NL/0/984500E0A1C4DLBA3878-2022-12-31-T01.json,https://filings.xbrl.org/984500E0A1C4DLBA3878/2022-12-31/ESEF/NL/0/984500E0A1C4DLBA3878-2022-12-31.zip,0
9ZHRYM6F437SQJ6OUG95-2020-12-31-ESEF-AT-0,9ZHRYM6F437SQJ6OUG95,Raiffeisen Bank International AG,AT,2020-12-31,2021-05-18 00:00:00,https://filings.xbrl.org/9ZHRYM6F437SQJ6OUG95/2020-12-31/ESEF/AT/0/RBI-2020-12-31.json,https://filings.xbrl.org/9ZHRYM6F437SQJ6OUG95/2020-12-31/ESEF/AT/0/RBI.zip,0
9ZHRYM6F437SQJ6OUG95-2020-12-31-ESEF-AT-1,9ZHRYM6F437SQJ6OUG95,Raiffeisen Bank International AG,AT,2020-12-31,2021-05-18 00:00:00,https://filings.xbrl.org/9ZHRYM6F437SQJ6OUG95/2020-12-31/ESEF/AT/1/RBI-2020-12-31.json,https://filings.xbrl.org/9ZHRYM6F437SQJ6OUG95/2020-12-31/ESEF/AT/1/RBI-2020-12-31.zip,0
9ZHRYM6F437SQJ6OUG95-2021-12-31-ESEF-AT-0,9ZHRYM6F437SQJ6OUG95,Raiffeisen Bank International AG,AT,2021-12-31,2022-03-08 00:00:00,https://filings.xbrl.org/9ZHRYM6F437SQJ6OUG95/2021-12-31/ESEF/AT/0/RBI-2021-12-31-en.json,https://filings.xbrl.org/9ZHRYM6F437SQJ6OUG95/2021-12-31/ESEF/AT/0/RBI-2021-12-31-en.zip,0
9ZHRYM6F437SQJ6OUG95-2021-12-31-ESEF-AT-1,9ZHRYM6F437SQJ6OUG95,Raiffeisen Bank International AG,AT,2021-12-31,2022-03-08 00:00:00,https://filings.xbrl.org/9ZHRYM6F437SQJ6OUG95/2021-12-31/ESEF/AT/1/RBI-2021-12-31-de.json,https://filings.xbrl.org/9ZHRYM6F437SQJ6OUG95/2021-12-31/ESEF/AT/1/9ZHRYM6F437SQJ6OUG95-2021-12-31.zip,1
9ZHRYM6F437SQJ6OUG95-2022-12-31-ESEF-AT-0,9ZHRYM6F437SQJ6OUG95,Raiffeisen Bank International AG,AT,2022-12-31,2023-02-23 11:41:34.724716,https://filings.xbrl.org/9ZHRYM6F437SQJ6OUG95/2022-12-31/ESEF/AT/0/rbi-2022-12-31-en.json,https://filings.xbrl.org/9ZHRYM6F437SQJ6OUG95/2022-12-31/ESEF/AT/0/rbi-2022-12-31-en.zip,0
9ZHRYM6F437SQJ6OUG95-2022-12-31-ESEF-AT-1,9ZHRYM6F437SQJ6OUG95,Raiffeisen Bank International AG,AT,2022-12-31,2023-02-23 11:41:36.688819,https://filings.xbrl.org/9ZHRYM6F437SQJ6OUG95/2022-12-31/ESEF/AT/1/rbi-2022-12-31-de.json,https://filings.xbrl.org/9ZHRYM6F437SQJ6OUG95/2022-12-31/ESEF/AT/1/rbi-2022-12-31-de.zip,0
BFXS5XCH7N0Y05NIXW11-2021-12-31-ESEF-NL-0,BFXS5XCH7N0Y05NIXW11,ABN AMRO Bank N.V.,NL,2021-12-31,2022-03-16 00:00:00,https://filings.xbrl.org/BFXS5XCH7N0Y05NIXW11/2021-12-31/ESEF/NL/0/BFXS5XCH7N0Y05NIXW11-2021-12-31-en.json,https://filings.xbrl.org/BFXS5XCH7N0Y05NIXW11/2021-12-31/ESEF/NL/0/BFXS5XCH7N0Y05NIXW11-2021-12-31-en.zip,0
BFXS5XCH7N0Y05NIXW11-2022-12-31-ESEF-NL-0,BFXS5XCH7N0Y05NIXW11,ABN AMRO Bank N.V.,NL,2022-12-31,2023-03-14 10:40:39.587457,https://filings.xbrl.org/BFXS5XCH7N0Y05NIXW11/2022-12-31/ESEF/NL/0/BFXS5XCH7N0Y05NIXW11-2022-12-31-en.json,https://filings.xbrl.org/BFXS5XCH7N0Y05NIXW11/2022-12-31/ESEF/NL/0/BFXS5XCH7N0Y05NIXW11-2022-12-31-en.zip,0
BSYCX13Y0NOTV14V9N85-2020-12-31-ESEF-ES-0,BSYCX13Y0NOTV14V9N85,REPSOL SA,ES,2020-12-31,2021-05-19 00:00:00,https://filings.xbrl.org/BSYCX13Y0NOTV14V9N85/2020-12-31/ESEF/ES/0/BSYCX13Y0NOTV14V9N.json,https://filings.xbrl.org/BSYCX13Y0NOTV14V9N85/2020-12-31/ESEF/ES/0/bsycx13y0notv14v9n85.zip,0
BSYCX13Y0NOTV14V9N85-2021-12-31-ESEF-ES-0,BSYCX13Y0NOTV14V9N85,REPSOL SA,ES,2021-12-31,2022-03-18 00:00:00,https://filings.xbrl.org/BSYCX13Y0NOTV14V9N85/2021-12-31/ESEF/ES/0/BSYCX13Y0NOTV14V9N85-20211231-es.json,https://filings.xbrl.org/BSYCX13Y0NOTV14V9N85/2021-12-31/ESEF/ES/0/BSYCX13Y0NOTV14V9N85-20211231-es.zip,0
BUCRF72VH5RBN7X3VL35-2021-12-31-ESEF-IT-0,BUCRF72VH5RBN7X3VL35,ENI S.P.A.,IT,2021-12-31,2022-04-19 00:00:00,https://filings.xbrl.org/BUCRF72VH5RBN7X3VL35/2021-12-31/ESEF/IT/0/BUCRF72VH5RBN7X3VL35-2021-12-31-it.json,https://filings.xbrl.org/BUCRF72VH5RBN7X3VL35/2021-12-31/ESEF/IT/0/BUCRF72VH5RBN7X3VL35-2021-12-31-it.zip,0
BUCRF72VH5RBN7X3VL35-2022-12-31-ESEF-IT-0,BUCRF72VH5RBN7X3VL35,ENI S.P.A.,IT,2022-12-31,2023-04-18 11:45:48.328851,https://filings.xbrl.org/BUCRF72VH5RBN7X3VL35/2022-12-31/ESEF/IT/0/BUCRF72VH5RBN7X3VL35-2022-12-31-it.json,https://filings.xbrl.org/BUCRF72VH5RBN7X3VL35/2022-12-31/ESEF/IT/0/BUCRF72VH5RBN7X3VL35-2022-12-31-it.zip,0
F5WCUMTUM4RKZ1MAIE39-2020-12-31-ESEF-FR-0,F5WCUMTUM4RKZ1MAIE39,AXA,FR,2020-12-31,2022-03-23 00:00:00,https://filings.xbrl.org/F5WCUMTUM4RKZ1MAIE39/2020-12-31/ESEF/FR/0/axa-2020-12-31AR.json,https://filings.xbrl.org/F5WCUMTUM4RKZ1MAIE39/2020-12-31/ESEF/FR/0/axa-2020-12-31AR.zip,0
F5WCUMTUM4RKZ1MAIE39-2022-12-31-ESEF-FR-0,F5WCUMTUM4RKZ1MAIE39,AXA,FR,2022-12-31,2023-03-22 15:40:28.875410,https://filings.xbrl.org/F5WCUMTUM4RKZ1MAIE39/2022-12-31/ESEF/FR/0/axa-2022-12-31-fr.json,https://filings.xbrl.org/F5WCUMTUM4RKZ1MAIE39/2022-12-31/ESEF/FR/0/axa-2022-12-31-fr.zip,0
H1FJE8H61JGM1JSGM897-2020-12-31-ESEF-NL-0,H1FJE8H61JGM1JSGM897,Koninklijke Philips N.V.,NL,2020-12-31,2021-05-20 00:00:00,https://filings.xbrl.org/H1FJE8H61JGM1JSGM897/2020-12-31/ESEF/NL/0/H1FJE8H61JGM1JSGM897-2020-12-31.json,https://filings.xbrl.org/H1FJE8H61JGM1JSGM897/2020-12-31/ESEF/NL/0/H1FJE8H61JGM1JSGM897-2020-12-31.zip,0
H1FJE8H61JGM1JSGM897-2021-12-31-ESEF-NL-0,H1FJE8H61JGM1JSGM897,Koninklijke Philips N.V.,NL,2021-12-31,2022-03-16 00:00:00,https://filings.xbrl.org/H1FJE8H61JGM1JSGM897/2021-12-31/ESEF/NL/0/H1FJE8H61JGM1JSGM897-2021-12-31.json,https://filings.xbrl.org/H1FJE8H61JGM1JSGM897/2021-12-31/ESEF/NL/0/H1FJE8H61JGM1JSGM897-2021-12-31.zip,0
H1FJE8H61JGM1JSGM897-2022-12-31-ESEF-NL-0,H1FJE8H61JGM1JSGM897,Koninklijke Philips N.V.,NL,2022-12-31,2023-02-28 10:18:33.713394,https://filings.xbrl.org/H1FJE8H61JGM1JSGM897/2022-12-31/ESEF/NL/0/H1FJE8H61JGM1JSGM897-2022-12-31.json,https://filings.xbrl.org/H1FJE8H61JGM1JSGM897/2022-12-31/ESEF/NL/0/H1FJE8H61JGM1JSGM897-2022-12-31.zip,0
IOG4E947OATN0KJYSD45-2021-12-31-ESEF-FR-0,IOG4E947OATN0KJYSD45,LVMH MOET HENNESSY LOUIS VUITTON,FR,2021-12-31,2022-03-31 00:00:00,https://filings.xbrl.org/IOG4E947OATN0KJYSD45/2021-12-31/ESEF/FR/0/IOG4E947OATN0KJYSD45-2021-12-31AR.json,https://filings.xbrl.org/IOG4E947OATN0KJYSD45/2021-12-31/ESEF/FR/0/IOG4E947OATN0KJYSD45-2021-12-31AR.zip,0
IOG4E947OATN0KJYSD45-2022-12-31-ESEF-FR-0,IOG4E947OATN0KJYSD45,LVMH MOET HENNESSY LOUIS VUITTON,FR,2022-12-31,2023-03-30 16:36:17.630975,https://filings.xbrl.org/IOG4E947OATN0KJYSD45/2022-12-31/ESEF/FR/0/IOG4E947OATN0KJYSD45-2022-12-31AR.json,https://filings.xbrl.org/IOG4E947OATN0KJYSD45/2022-12-31/ESEF/FR/0/IOG4E947OATN0KJYSD45-2022-12-31AR.zip,0
K8MS7FD7N5Z2WQ51AZ71-2020-12-31-ESEF-ES-0,K8MS7FD7N5Z2WQ51AZ71,BANCO BILBAO VIZCAYA ARGENTARIA SOCIEDAD ANONIMA,ES,2020-12-31,2021-05-19 00:00:00,https://filings.xbrl.org/K8MS7FD7N5Z2WQ51AZ71/2020-12-31/ESEF/ES/0/bbva-2020-12-31.json,https://filings.xbrl.org/K8MS7FD7N5Z2WQ51AZ71/2020-12-31/ESEF/ES/0/bbva-2020-12-31.zip,0
K8MS7FD7N5Z2WQ51AZ71-2021-12-31-ESEF-ES-0,K8MS7FD7N5Z2WQ51AZ71,BANCO BILBAO VIZCAYA ARGENTARIA SOCIEDAD ANONIMA,ES,2021-12-31,2022-03-18 00:00:00,https://filings.xbrl.org/K8MS7FD7N5Z2WQ51AZ71/2021-12-31/ESEF/ES/0/K8MS7FD7N5Z2WQ51AZ71-20211231-en.json,https://filings.xbrl.org/K8MS7FD7N5Z2WQ51AZ71/2021-12-31/ESEF/ES/0/K8MS7FD7N5Z2WQ51AZ71-20211231-en.zip,0
K8MS7FD7N5Z2WQ51AZ71-2021-12-31-ESEF-ES-1,K8MS7FD7N5Z2WQ51AZ71,BANCO BILBAO VIZCAYA ARGENTARIA SOCIEDAD ANONIMA,ES,2021-12-31,2022-03-18 00:00:00,https://filings.xbrl.org/K8MS7FD7N5Z2WQ51AZ71/2021-12-31/ESEF/ES/1/K8MS7FD7N5Z2WQ51AZ71-20211231-es.json,https://filings.xbrl.org/K8MS7FD7N5Z2WQ51AZ71/2021-12-31/ESEF/ES/1/K8MS7FD7N5Z2WQ51AZ71-20211231-es.zip,0
K8MS7FD7N5Z2WQ51AZ71-2022-12-31-ESEF-ES-0,K8MS7FD7N5Z2WQ51AZ71,BANCO BILBAO VIZCAYA ARGENTARIA SOCIEDAD ANONIMA,ES,2022-12-31,2023-05-09 12:24:41.225750,https://filings.xbrl.org/K8MS7FD7N5Z2WQ51AZ71/2022-12-31/ESEF/ES/0/K8MS7FD7N5Z2WQ51AZ71-20221231-en.json,https://filings.xbrl.org/K8MS7FD7N5Z2WQ51AZ71/2022-12-31/ESEF/ES/0/K8MS7FD7N5Z2WQ51AZ71-20221231-en.zip,0
LAXUQCHT4FH58LRZDY46-2021-12-31-ESEF-FR-0,LAXUQCHT4FH58LRZDY46,ENGIE,FR,2021-12-31,2022-03-23 00:00:00,https://filings.xbrl.org/LAXUQCHT4FH58LRZDY46/2021-12-31/ESEF/FR/0/engie-2021-12-31AR.json,https://filings.xbrl.org/LAXUQCHT4FH58LRZDY46/2021-12-31/ESEF/FR/0/engie-2021-12-31AR.zip,0
LAXUQCHT4FH58LRZDY46-2022-12-31-ESEF-FR-0,LAXUQCHT4FH58LRZDY46,ENGIE,FR,2022-12-31,2023-03-14 10:43:21.144300,https://filings.xbrl.org/LAXUQCHT4FH58LRZDY46/2022-12-31/ESEF/FR/0/engie-2022-12-31-FR.json,https://filings.xbrl.org/LAXUQCHT4FH58LRZDY46/2022-12-31/ESEF/FR/0/engie-2022-12-31-FR.zip,0
MINO79WLOO247M1IL051-2021-12-31-ESEF-NL-0,MINO79WLOO247M1IL051,AIRBUS SE,NL,2021-12-31,2022-03-16 00:00:00,https://filings.xbrl.org/MINO79WLOO247M1IL051/2021-12-31/ESEF/NL/0/airbus-2021-12-31-en.json,https://filings.xbrl.org/MINO79WLOO247M1IL051/2021-12-31/ESEF/NL/0/airbus-2021-12-31-en.zip,0
MINO79WLOO247M1IL051-2022-12-31-ESEF-NL-0,MINO79WLOO247M1IL051,AIRBUS SE,NL,2022-12-31,2023-03-02 10:03:36.514266,https://filings.xbrl.org/MINO79WLOO247M1IL051/2022-12-31/ESEF/NL/0/airbus-2022-12-31-en.json,https://filings.xbrl.org/MINO79WLOO247M1IL051/2022-12-31/ESEF/NL/0/airbus-2022-12-31-en.zip,0
MLU0ZO3ML4LN2LL2TL39-2021-12-31-ESEF-GB-0,MLU0ZO3ML4LN2LL2TL39,HSBC HOLDINGS PLC,GB,2021-12-31,2022-03-08 00:00:00,https://filings.xbrl.org/MLU0ZO3ML4LN2LL2TL39/2021-12-31/ESEF/GB/0/MLU0ZO3ML4LN2LL2TL39-2021-12-31-T01.json,https://filings.xbrl.org/MLU0ZO3ML4LN2LL2TL39/2021-12-31/ESEF/GB/0/MLU0ZO3ML4LN2LL2TL39-2021-12-31.zip,0
MLU0ZO3ML4LN2LL2TL39-2022-12-31-ESEF-GB-0,MLU0ZO3ML4LN2LL2TL39,HSBC HOLDINGS PLC,GB,2022-12-31,2023-02-21 10:32:32.496608,https://filings.xbrl.org/MLU0ZO3ML4LN2LL2TL39/2022-12-31/ESEF/GB/0/MLU0ZO3ML4LN2LL2TL39-2022-12-31-T01.json,https://filings.xbrl.org/MLU0ZO3ML4LN2LL2TL39/2022-12-31/ESEF/GB/0/MLU0ZO3ML4LN2LL2TL39-2022-12-31.zip,0
NFONVGN05Z0FMN5PEC35-2021-12-31-ESEF-FR-0,NFONVGN05Z0FMN5PEC35,COMPAGNIE DE SAINT-GOBAIN,FR,2021-12-31,2022-03-23 00:00:00,https://filings.xbrl.org/NFONVGN05Z0FMN5PEC35/2021-12-31/ESEF/FR/0/NFONVGN05Z0FMN5PEC35-2021-12-31AR.json,https://filings.xbrl.org/NFONVGN05Z0FMN5PEC35/2021-12-31/ESEF/FR/0/NFONVGN05Z0FMN5PEC35-2021-12-31AR.zip,0
NFONVGN05Z0FMN5PEC35-2022-12-31-ESEF-FR-0,NFONVGN05Z0FMN5PEC35,COMPAGNIE DE SAINT-GOBAIN,FR,2022-12-31,2023-03-28 11:26:56.315677,https://filings.xbrl.org/NFONVGN05Z0FMN5PEC35/2022-12-31/ESEF/FR/0/com-2022-12-31-fr.json,https://filings.xbrl.org/NFONVGN05Z0FMN5PEC35/2022-12-31/ESEF/FR/0/com-2022-12-31-fr.zip,0
O2RNE8IBXP4R0TD8PU41-2021-12-31-ESEF-FR-0,O2RNE8IBXP4R0TD8PU41,SOCIETE GENERALE,FR,2021-12-31,2022-03-23 00:00:00,https://filings.xbrl.org/O2RNE8IBXP4R0TD8PU41/2021-12-31/ESEF/FR/0/socgen-2021-12-31-fr.json,https://filings.xbrl.org/O2RNE8IBXP4R0TD8PU41/2021-12-31/ESEF/FR/0/socgen-2021-12-31-fr.zip,8
O2RNE8IBXP4R0TD8PU41-2022-12-31-ESEF-FR-0,O2RNE8IBXP4R0TD8PU41,SOCIETE GENERALE,FR,2022-12-31,2023-03-14 10:43:02.603212,https://filings.xbrl.org/O2RNE8IBXP4R0TD8PU41/2022-12-31/ESEF/FR/0/SocGen-2022-12-31-fr.json,https://filings.xbrl.org/O2RNE8IBXP4R0TD8PU41/2022-12-31/ESEF/FR/0/SocGen-2022-12-31-fr.zip,0
O4QK7KMMK83ITNTHUG69-2021-12-31-ESEF-NL-0,O4QK7KMMK83ITNTHUG69,Aegon Ltd.,NL,2021-12-31,2022-03-22 00:00:00,https://filings.xbrl.org/O4QK7KMMK83ITNTHUG69/2021-12-31/ESEF/NL/0/O4QK7KMMK83ITNTHUG69-2021-12-31-en.json,https://filings.xbrl.org/O4QK7KMMK83ITNTHUG69/2021-12-31/ESEF/NL/0/O4QK7KMMK83ITNTHUG69-2021-12-31-en.zip,0
O4QK7KMMK83ITNTHUG69-2022-12-31-ESEF-NL-0,O4QK7KMMK83ITNTHUG69,Aegon Ltd.,NL,2022-12-31,2023-03-21 10:31:32.021327,https://filings.xbrl.org/O4QK7KMMK83ITNTHUG69/2022-12-31/ESEF/NL/0/O4QK7KMMK83ITNTHUG69-2022-12-31-en.json,https://filings.xbrl.org/O4QK7KMMK83ITNTHUG69/2022-12-31/ESEF/NL/0/O4QK7KMMK83ITNTHUG69-2022-12-31-en.zip,0
OQXDLNM5DTBULYMF5U27-2021-12-31-ESEF-FR-0,OQXDLNM5DTBULYMF5U27,MERSEN,FR,2021-12-31,2022-03-23 00:00:00,https://filings.xbrl.org/OQXDLNM5DTBULYMF5U27/2021-12-31/ESEF/FR/0/MERSEN-2021-12-31-fr.json,https://filings.xbrl.org/OQXDLNM5DTBULYMF5U27/2021-12-31/ESEF/FR/0/MERSEN-2021-12-31-fr.zip,0
OQXDLNM5DTBULYMF5U27-2022-12-31-ESEF-FR-0,OQXDLNM5DTBULYMF5U27,MERSEN,FR,2022-12-31,2023-03-22 15:40:23.442380,https://filings.xbrl.org/OQXDLNM5DTBULYMF5U27/2022-12-31/ESEF/FR/0/mersen-2022-12-31-fr.json,https://filings.xbrl.org/OQXDLNM5DTBULYMF5U27/2022-12-31/ESEF/FR/0/mersen-2022-12-31-fr.zip,0
PQOH26KWDF7CG10L6792-2020-12-31-ESEF-AT-0,PQOH26KWDF7CG10L6792,ERSTE GROUP BANK AG,AT,2020-12-31,2021-05-18 00:00:00,https://filings.xbrl.org/PQOH26KWDF7CG10L6792/2020-12-31/ESEF/AT/0/PQOH26KWDF7CG10L6792-2020-12-31.json,https://filings.xbrl.org/PQOH26KWDF7CG10L6792/2020-12-31/ESEF/AT/0/PQOH26KWDF7CG10L6792-2020-12-31.zip,0
PQOH26KWDF7CG10L6792-2021-12-31-ESEF-AT-0,PQOH26KWDF7CG10L6792,ERSTE GROUP BANK AG,AT,2021-12-31,2022-03-29 00:00:00,https://filings.xbrl.org/PQOH26KWDF7CG10L6792/2021-12-31/ESEF/AT/0/PQOH26KWDF7CG10L6792-2021-12-31-de.json,https://filings.xbrl.org/PQOH26KWDF7CG10L6792/2021-12-31/ESEF/AT/0/PQOH26KWDF7CG10L6792-2021-12-31-de.zip,0
PQOH26KWDF7CG10L6792-2022-12-31-ESEF-AT-0,PQOH26KWDF7CG10L6792,ERSTE GROUP BANK AG,AT,2022-12-31,2023-04-04 21:54:16.971358,https://filings.xbrl.org/PQOH26KWDF7CG10L6792/2022-12-31/ESEF/AT/0/PQOH26KWDF7CG10L6792-2022-12-31-de.json,https://filings.xbrl.org/PQOH26KWDF7CG10L6792/2022-12-31/ESEF/AT/0/PQOH26KWDF7CG10L6792-2022-12-31.zip,0
PY6ZZQWO2IZFZC3IOL08-2021-12-31-ESEF-GB-0,PY6ZZQWO2IZFZC3IOL08,ASTRAZENECA PLC,GB,2021-12-31,2022-03-08 00:00:00,https://filings.xbrl.org/PY6ZZQWO2IZFZC3IOL08/2021-12-31/ESEF/GB/0/PY6ZZQWO2IZFZC3IOL08-2021-12-31-T01.json,https://filings.xbrl.org/PY6ZZQWO2IZFZC3IOL08/2021-12-31/ESEF/GB/0/PY6ZZQWO2IZFZC3IOL08-2021-12-31.zip,0
PY6ZZQWO2IZFZC3IOL08-2021-12-31-ESEF-SE-0,PY6ZZQWO2IZFZC3IOL08,ASTRAZENECA PLC,SE,2021-12-31,2022-03-22 00:00:00,https://filings.xbrl.org/PY6ZZQWO2IZFZC3IOL08/2021-12-31/ESEF/SE/0/PY6ZZQWO2IZFZC3IOL08-2021-12-31-T01.json,https://filings.xbrl.org/PY6ZZQWO2IZFZC3IOL08/2021-12-31/ESEF/SE/0/PY6ZZQWO2IZFZC3IOL08-2021-12-31.zip,0
PY6ZZQWO2IZFZC3IOL08-2022-12-31-ESEF-GB-0,PY6ZZQWO2IZFZC3IOL08,ASTRAZENECA PLC,GB,2022-12-31,2023-02-22 13:54:09.262483,https://filings.xbrl.org/PY6ZZQWO2IZFZC3IOL08/2022-12-31/ESEF/GB/0/PY6ZZQWO2IZFZC3IOL08-2022-12-31-T01.json,https://filings.xbrl.org/PY6ZZQWO2IZFZC3IOL08/2022-12-31/ESEF/GB/0/PY6ZZQWO2IZFZC3IOL08-2022-12-31.zip,0
PY6ZZQWO2IZFZC3IOL08-2022-12-31-ESEF-SE-0,PY6ZZQWO2IZFZC3IOL08,ASTRAZENECA PLC,SE,2022-12-31,2023-05-09 13:15:52.314594,https://filings.xbrl.org/PY6ZZQWO2IZFZC3IOL08/2022-12-31/ESEF/SE/0/PY6ZZQWO2IZFZC3IOL08-2022-12-31-T01.json,https://filings.xbrl.org/PY6ZZQWO2IZFZC3IOL08/2022-12-31/ESEF/SE/0/PY6ZZQWO2IZFZC3IOL08-2022-12-31.zip,0
R0MUWSFPU8MPRO8K5P83-2021-12-31-ESEF-FR-0,R0MUWSFPU8MPRO8K5P83,BNP PARIBAS,FR,2021-12-31,2022-03-23 00:00:00,https://filings.xbrl.org/R0MUWSFPU8MPRO8K5P83/2021-12-31/ESEF/FR/0/bnpp-2021-12-31-fr.json,https://filings.xbrl.org/R0MUWSFPU8MPRO8K5P83/2021-12-31/ESEF/FR/0/bnpp-2021-12-31-fr.zip,0
R0MUWSFPU8MPRO8K5P83-2022-12-31-ESEF-FR-0,R0MUWSFPU8MPRO8K5P83,BNP PARIBAS,FR,2022-12-31,2023-03-14 10:43:06.453467,https://filings.xbrl.org/R0MUWSFPU8MPRO8K5P83/2022-12-31/ESEF/FR/0/bnpp-2022-12-31-fr.json,https://filings.xbrl.org/R0MUWSFPU8MPRO8K5P83/2022-12-31/ESEF/FR/0/bnpp-2022-12-31-fr.zip,0
R0MUWSFPU8MPRO8K5P83-2022-12-31-ESEF-FR-1,R0MUWSFPU8MPRO8K5P83,BNP PARIBAS,FR,2022-12-31,2023-03-28 11:26:34.899831,https://filings.xbrl.org/R0MUWSFPU8MPRO8K5P83/2022-12-31/ESEF/FR/1/bnpp-2022-12-31-en.json,https://filings.xbrl.org/R0MUWSFPU8MPRO8K5P83/2022-12-31/ESEF/FR/1/bnpp-2022-12-31-en.zip,0
WOCMU6HCI0OJWNPRZS33-2021-12-31-ESEF-IT-0,WOCMU6HCI0OJWNPRZS33,ENEL - SPA,IT,2021-12-31,2023-05-30 18:09:02.082360,https://filings.xbrl.org/WOCMU6HCI0OJWNPRZS33/2021-12-31/ESEF/IT/0/WOCMU6HCI0OJWNPRZS33-2021-12-31-en.json,https://filings.xbrl.org/WOCMU6HCI0OJWNPRZS33/2021-12-31/ESEF/IT/0/WOCMU6HCI0OJWNPRZS33-2021-12-31-en.zip,0
WOCMU6HCI0OJWNPRZS33-2021-12-31-ESEF-IT-1,WOCMU6HCI0OJWNPRZS33,ENEL - SPA,IT,2021-12-31,2023-05-30 18:09:07.428660,https://filings.xbrl.org/WOCMU6HCI0OJWNPRZS33/2021-12-31/ESEF/IT/1/WOCMU6HCI0OJWNPRZS33-2021-12-31-it.json,https://filings.xbrl.org/WOCMU6HCI0OJWNPRZS33/2021-12-31/ESEF/IT/1/WOCMU6HCI0OJWNPRZS33-2021-12-31-it.zip,0
WOCMU6HCI0OJWNPRZS33-2022-12-31-ESEF-IT-0,WOCMU6HCI0OJWNPRZS33,ENEL - SPA,IT,2022-12-31,2023-05-30 15:29:52.151940,https://filings.xbrl.org/WOCMU6HCI0OJWNPRZS33/2022-12-31/ESEF/IT/0/WOCMU6HCI0OJWNPRZS33-2022-12-31-en.json,https://filings.xbrl.org/WOCMU6HCI0OJWNPRZS33/2022-12-31/ESEF/IT/0/WOCMU6HCI0OJWNPRZS33-2022-12-31-en.zip,0
WOCMU6HCI0OJWNPRZS33-2022-12-31-ESEF-IT-1,WOCMU6HCI0OJWNPRZS33,ENEL - SPA,IT,2022-12-31,2023-05-30 15:29:57.789475,https://filings.xbrl.org/WOCMU6HCI0OJWNPRZS33/2022-12-31/ESEF/IT/1/WOCMU6HCI0OJWNPRZS33-2022-12-31-it.json,https://filings.xbrl.org/WOCMU6HCI0OJWNPRZS33/2022-12-31/ESEF/IT/1/WOCMU6HCI0OJWNPRZS33-2022-12-31-it.zip,0
