timestamp_utc,timestamp_local,bidding_zone,price_eur_mwh,price_type
2021-11-07T23:00:00+00:00,2021-11-08T00:00:00+01:00,DE-LU,16.12,imbalance_long
2021-11-07T23:00:00+00:00,2021-11-08T00:00:00+01:00,DE-LU,16.12,imbalance_short
2021-11-07T23:00:00+00:00,2021-11-08T00:00:00+01:00,FR,84.36,imbalance_long
2021-11-07T23:00:00+00:00,2021-11-08T00:00:00+01:00,FR,93.24,imbalance_short
2021-11-07T23:00:00+00:00,2021-11-08T00:00:00+01:00,NL,161.99,imbalance_long
2021-11-07T23:00:00+00:00,2021-11-08T00:00:00+01:00,NL,161.99,imbalance_short
2021-11-07T23:15:00+00:00,2021-11-08T00:15:00+01:00,DE-LU,-19.0,imbalance_long
2021-11-07T23:15:00+00:00,2021-11-08T00:15:00+01:00,DE-LU,-19.0,imbalance_short
2021-11-07T23:15:00+00:00,2021-11-08T00:15:00+01:00,NL,170.1,imbalance_long
2021-11-07T23:15:00+00:00,2021-11-08T00:15:00+01:00,NL,170.1,imbalance_short
2021-11-07T23:30:00+00:00,2021-11-08T00:30:00+01:00,DE-LU,-45.76,imbalance_long
2021-11-07T23:30:00+00:00,2021-11-08T00:30:00+01:00,DE-LU,-45.76,imbalance_short
2021-11-07T23:30:00+00:00,2021-11-08T00:30:00+01:00,FR,119.63,imbalance_long
2021-11-07T23:30:00+00:00,2021-11-08T00:30:00+01:00,FR,132.23,imbalance_short
2021-11-07T23:30:00+00:00,2021-11-08T00:30:00+01:00,NL,223.12,imbalance_long
2021-11-07T23:30:00+00:00,2021-11-08T00:30:00+01:00,NL,223.12,imbalance_short
2021-11-07T23:45:00+00:00,2021-11-08T00:45:00+01:00,DE-LU,-27.41,imbalance_long
2021-11-07T23:45:00+00:00,2021-11-08T00:45:00+01:00,DE-LU,-27.41,imbalance_short
2021-11-07T23:45:00+00:00,2021-11-08T00:45:00+01:00,NL,246.84,imbalance_long
2021-11-07T23:45:00+00:00,2021-11-08T00:45:00+01:00,NL,246.84,imbalance_short
2021-11-08T00:00:00+00:00,2021-11-08T01:00:00+01:00,DE-LU,40.57,imbalance_long
2021-11-08T00:00:00+00:00,2021-11-08T01:00:00+01:00,DE-LU,40.57,imbalance_short
2021-11-08T00:00:00+00:00,2021-11-08T01:00:00+01:00,FR,153.8,imbalance_long
2021-11-08T00:00:00+00:00,2021-11-08T01:00:00+01:00,FR,169.98,imbalance_short
2021-11-08T00:00:00+00:00,2021-11-08T01:00:00+01:00,NL,220.09,imbalance_long
2021-11-08T00:00:00+00:00,2021-11-08T01:00:00+01:00,NL,220.09,imbalance_short
2021-11-08T00:15:00+00:00,2021-11-08T01:15:00+01:00,DE-LU,29.68,imbalance_long
2021-11-08T00:15:00+00:00,2021-11-08T01:15:00+01:00,DE-LU,29.68,imbalance_short
2021-11-08T00:15:00+00:00,2021-11-08T01:15:00+01:00,NL,287.27,imbalance_long
2021-11-08T00:15:00+00:00,2021-11-08T01:15:00+01:00,NL,287.27,imbalance_short
2021-11-08T00:30:00+00:00,2021-11-08T01:30:00+01:00,DE-LU,186.01,imbalance_long
2021-11-08T00:30:00+00:00,2021-11-08T01:30:00+01:00,DE-LU,186.01,imbalance_short
2021-11-08T00:30:00+00:00,2021-11-08T01:30:00+01:00,FR,148.72,imbalance_long
2021-11-08T00:30:00+00:00,2021-11-08T01:30:00+01:00,FR,164.38,imbalance_short
2021-11-08T00:30:00+00:00,2021-11-08T01:30:00+01:00,NL,194.46,imbalance_long
2021-11-08T00:30:00+00:00,2021-11-08T01:30:00+01:00,NL,194.46,imbalance_short
2021-11-08T00:45:00+00:00,2021-11-08T01:45:00+01:00,DE-LU,173.0,imbalance_long
2021-11-08T00:45:00+00:00,2021-11-08T01:45:00+01:00,DE-LU,173.0,imbalance_short
2021-11-08T00:45:00+00:00,2021-11-08T01:45:00+01:00,NL,139.59,imbalance_long
2021-11-08T00:45:00+00:00,2021-11-08T01:45:00+01:00,NL,139.59,imbalance_short
2021-11-08T01:00:00+00:00,2021-11-08T02:00:00+01:00,DE-LU,20.91,imbalance_long
2021-11-08T01:00:00+00:00,2021-11-08T02:00:00+01:00,DE-LU,20.91,imbalance_short
2021-11-08T01:00:00+00:00,2021-11-08T02:00:00+01:00,FR,127.93,imbalance_long
2021-11-08T01:00:00+00:00,2021-11-08T02:00:00+01:00,FR,141.39,imbalance_short
2021-11-08T01:00:00+00:00,2021-11-08T02:00:00+01:00,NL,205.5,imbalance_long
2021-11-08T01:00:00+00:00,2021-11-08T02:00:00+01:00,NL,205.5,imbalance_short
2021-11-08T01:15:00+00:00,2021-11-08T02:15:00+01:00,DE-LU,-52.85,imbalance_long
2021-11-08T01:15:00+00:00,2021-11-08T02:15:00+01:00,DE-LU,-52.85,imbalance_short
2021-11-08T01:15:00+00:00,2021-11-08T02:15:00+01:00,NL,202.72,imbalance_long
2021-11-08T01:15:00+00:00,2021-11-08T02:15:00+01:00,NL,202.72,imbalance_short
2021-11-08T01:30:00+00:00,2021-11-08T02:30:00+01:00,DE-LU,46.15,imbalance_long
2021-11-08T01:30:00+00:00,2021-11-08T02:30:00+01:00,DE-LU,46.15,imbalance_short
2021-11-08T01:30:00+00:00,2021-11-08T02:30:00+01:00,FR,128.05,imbalance_long
2021-11-08T01:30:00+00:00,2021-11-08T02:30:00+01:00,FR,141.53,imbalance_short
2021-11-08T01:30:00+00:00,2021-11-08T02:30:00+01:00,NL,170.0,imbalance_long
2021-11-08T01:30:00+00:00,2021-11-08T02:30:00+01:00,NL,170.0,imbalance_short
2021-11-08T01:45:00+00:00,2021-11-08T02:45:00+01:00,DE-LU,156.67,imbalance_long
2021-11-08T01:45:00+00:00,2021-11-08T02:45:00+01:00,DE-LU,156.67,imbalance_short
2021-11-08T01:45:00+00:00,2021-11-08T02:45:00+01:00,NL,180.24,imbalance_long
2021-11-08T01:45:00+00:00,2021-11-08T02:45:00+01:00,NL,180.24,imbalance_short
2021-11-08T02:00:00+00:00,2021-11-08T03:00:00+01:00,DE-LU,40.22,imbalance_long
2021-11-08T02:00:00+00:00,2021-11-08T03:00:00+01:00,DE-LU,40.22,imbalance_short
2021-11-08T02:00:00+00:00,2021-11-08T03:00:00+01:00,FR,115.67,imbalance_long
2021-11-08T02:00:00+00:00,2021-11-08T03:00:00+01:00,FR,127.85,imbalance_short
2021-11-08T02:00:00+00:00,2021-11-08T03:00:00+01:00,NL,417.0,imbalance_long
2021-11-08T02:00:00+00:00,2021-11-08T03:00:00+01:00,NL,417.0,imbalance_short
2021-11-08T02:15:00+00:00,2021-11-08T03:15:00+01:00,DE-LU,-7.37,imbalance_long
2021-11-08T02:15:00+00:00,2021-11-08T03:15:00+01:00,DE-LU,-7.37,imbalance_short
2021-11-08T02:15:00+00:00,2021-11-08T03:15:00+01:00,NL,171.27,imbalance_long
2021-11-08T02:15:00+00:00,2021-11-08T03:15:00+01:00,NL,171.27,imbalance_short
2021-11-08T02:30:00+00:00,2021-11-08T03:30:00+01:00,DE-LU,184.98,imbalance_long
2021-11-08T02:30:00+00:00,2021-11-08T03:30:00+01:00,DE-LU,184.98,imbalance_short
2021-11-08T02:30:00+00:00,2021-11-08T03:30:00+01:00,FR,115.13,imbalance_long
2021-11-08T02:30:00+00:00,2021-11-08T03:30:00+01:00,FR,127.25,imbalance_short
2021-11-08T02:30:00+00:00,2021-11-08T03:30:00+01:00,NL,139.37,imbalance_long
2021-11-08T02:30:00+00:00,2021-11-08T03:30:00+01:00,NL,139.37,imbalance_short
2021-11-08T02:45:00+00:00,2021-11-08T03:45:00+01:00,DE-LU,-91.05,imbalance_long
2021-11-08T02:45:00+00:00,2021-11-08T03:45:00+01:00,DE-LU,-91.05,imbalance_short
2021-11-08T02:45:00+00:00,2021-11-08T03:45:00+01:00,NL,153.06,imbalance_long
2021-11-08T02:45:00+00:00,2021-11-08T03:45:00+01:00,NL,153.06,imbalance_short
2021-11-08T03:00:00+00:00,2021-11-08T04:00:00+01:00,DE-LU,-96.87,imbalance_long
2021-11-08T03:00:00+00:00,2021-11-08T04:00:00+01:00,DE-LU,-96.87,imbalance_short
2021-11-08T03:00:00+00:00,2021-11-08T04:00:00+01:00,FR,127.82,imbalance_long
2021-11-08T03:00:00+00:00,2021-11-08T04:00:00+01:00,FR,141.28,imbalance_short
2021-11-08T03:00:00+00:00,2021-11-08T04:00:00+01:00,NL,219.51,imbalance_long
2021-11-08T03:00:00+00:00,2021-11-08T04:00:00+01:00,NL,219.51,imbalance_short
2021-11-08T03:15:00+00:00,2021-11-08T04:15:00+01:00,DE-LU,-95.58,imbalance_long
2021-11-08T03:15:00+00:00,2021-11-08T04:15:00+01:00,DE-LU,-95.58,imbalance_short
2021-11-08T03:15:00+00:00,2021-11-08T04:15:00+01:00,NL,174.1,imbalance_long
2021-11-08T03:15:00+00:00,2021-11-08T04:15:00+01:00,NL,174.1,imbalance_short
2021-11-08T03:30:00+00:00,2021-11-08T04:30:00+01:00,DE-LU,-44.98,imbalance_long
2021-11-08T03:30:00+00:00,2021-11-08T04:30:00+01:00,DE-LU,-44.98,imbalance_short
2021-11-08T03:30:00+00:00,2021-11-08T04:30:00+01:00,FR,73.3,imbalance_long
2021-11-08T03:30:00+00:00,2021-11-08T04:30:00+01:00,FR,81.02,imbalance_short
2021-11-08T03:30:00+00:00,2021-11-08T04:30:00+01:00,NL,183.69,imbalance_long
2021-11-08T03:30:00+00:00,2021-11-08T04:30:00+01:00,NL,183.69,imbalance_short
2021-11-08T03:45:00+00:00,2021-11-08T04:45:00+01:00,DE-LU,45.12,imbalance_long
2021-11-08T03:45:00+00:00,2021-11-08T04:45:00+01:00,DE-LU,45.12,imbalance_short
2021-11-08T03:45:00+00:00,2021-11-08T04:45:00+01:00,NL,180.78,imbalance_long
2021-11-08T03:45:00+00:00,2021-11-08T04:45:00+01:00,NL,180.78,imbalance_short
2021-11-08T04:00:00+00:00,2021-11-08T05:00:00+01:00,DE-LU,183.35,imbalance_long
2021-11-08T04:00:00+00:00,2021-11-08T05:00:00+01:00,DE-LU,183.35,imbalance_short
2021-11-08T04:00:00+00:00,2021-11-08T05:00:00+01:00,FR,140.14,imbalance_long
2021-11-08T04:00:00+00:00,2021-11-08T05:00:00+01:00,FR,154.9,imbalance_short
2021-11-08T04:00:00+00:00,2021-11-08T05:00:00+01:00,NL,115.87,imbalance_long
2021-11-08T04:00:00+00:00,2021-11-08T05:00:00+01:00,NL,115.87,imbalance_short
2021-11-08T04:15:00+00:00,2021-11-08T05:15:00+01:00,DE-LU,-15.23,imbalance_long
2021-11-08T04:15:00+00:00,2021-11-08T05:15:00+01:00,DE-LU,-15.23,imbalance_short
2021-11-08T04:15:00+00:00,2021-11-08T05:15:00+01:00,NL,425.0,imbalance_long
2021-11-08T04:15:00+00:00,2021-11-08T05:15:00+01:00,NL,425.0,imbalance_short
2021-11-08T04:30:00+00:00,2021-11-08T05:30:00+01:00,DE-LU,-40.01,imbalance_long
2021-11-08T04:30:00+00:00,2021-11-08T05:30:00+01:00,DE-LU,-40.01,imbalance_short
2021-11-08T04:30:00+00:00,2021-11-08T05:30:00+01:00,FR,151.5,imbalance_long
2021-11-08T04:30:00+00:00,2021-11-08T05:30:00+01:00,FR,167.44,imbalance_short
2021-11-08T04:30:00+00:00,2021-11-08T05:30:00+01:00,NL,177.72,imbalance_long
2021-11-08T04:30:00+00:00,2021-11-08T05:30:00+01:00,NL,177.72,imbalance_short
2021-11-08T04:45:00+00:00,2021-11-08T05:45:00+01:00,DE-LU,-15.62,imbalance_long
2021-11-08T04:45:00+00:00,2021-11-08T05:45:00+01:00,DE-LU,-15.62,imbalance_short
2021-11-08T04:45:00+00:00,2021-11-08T05:45:00+01:00,NL,425.0,imbalance_long
2021-11-08T04:45:00+00:00,2021-11-08T05:45:00+01:00,NL,425.0,imbalance_short
2021-11-08T05:00:00+00:00,2021-11-08T06:00:00+01:00,DE-LU,-9.36,imbalance_long
2021-11-08T05:00:00+00:00,2021-11-08T06:00:00+01:00,DE-LU,-9.36,imbalance_short
2021-11-08T05:00:00+00:00,2021-11-08T06:00:00+01:00,FR,184.65,imbalance_long
2021-11-08T05:00:00+00:00,2021-11-08T06:00:00+01:00,FR,204.09,imbalance_short
2021-11-08T05:00:00+00:00,2021-11-08T06:00:00+01:00,NL,167.16,imbalance_long
2021-11-08T05:00:00+00:00,2021-11-08T06:00:00+01:00,NL,167.16,imbalance_short
2021-11-08T05:15:00+00:00,2021-11-08T06:15:00+01:00,DE-LU,262.32,imbalance_long
2021-11-08T05:15:00+00:00,2021-11-08T06:15:00+01:00,DE-LU,262.32,imbalance_short
2021-11-08T05:15:00+00:00,2021-11-08T06:15:00+01:00,NL,496.0,imbalance_long
2021-11-08T05:15:00+00:00,2021-11-08T06:15:00+01:00,NL,496.0,imbalance_short
2021-11-08T05:30:00+00:00,2021-11-08T06:30:00+01:00,DE-LU,318.35,imbalance_long
2021-11-08T05:30:00+00:00,2021-11-08T06:30:00+01:00,DE-LU,318.35,imbalance_short
2021-11-08T05:30:00+00:00,2021-11-08T06:30:00+01:00,FR,200.22,imbalance_long
2021-11-08T05:30:00+00:00,2021-11-08T06:30:00+01:00,FR,221.3,imbalance_short
2021-11-08T05:30:00+00:00,2021-11-08T06:30:00+01:00,NL,528.99,imbalance_long
2021-11-08T05:30:00+00:00,2021-11-08T06:30:00+01:00,NL,528.99,imbalance_short
2021-11-08T05:45:00+00:00,2021-11-08T06:45:00+01:00,DE-LU,301.28,imbalance_long
2021-11-08T05:45:00+00:00,2021-11-08T06:45:00+01:00,DE-LU,301.28,imbalance_short
2021-11-08T05:45:00+00:00,2021-11-08T06:45:00+01:00,NL,496.0,imbalance_long
2021-11-08T05:45:00+00:00,2021-11-08T06:45:00+01:00,NL,496.0,imbalance_short
2021-11-08T06:00:00+00:00,2021-11-08T07:00:00+01:00,DE-LU,246.49,imbalance_long
2021-11-08T06:00:00+00:00,2021-11-08T07:00:00+01:00,DE-LU,246.49,imbalance_short
2021-11-08T06:00:00+00:00,2021-11-08T07:00:00+01:00,FR,209.86,imbalance_long
2021-11-08T06:00:00+00:00,2021-11-08T07:00:00+01:00,FR,231.96,imbalance_short
2021-11-08T06:00:00+00:00,2021-11-08T07:00:00+01:00,NL,138.33,imbalance_long
2021-11-08T06:00:00+00:00,2021-11-08T07:00:00+01:00,NL,138.33,imbalance_short
2021-11-08T06:15:00+00:00,2021-11-08T07:15:00+01:00,DE-LU,296.03,imbalance_long
2021-11-08T06:15:00+00:00,2021-11-08T07:15:00+01:00,DE-LU,296.03,imbalance_short
2021-11-08T06:15:00+00:00,2021-11-08T07:15:00+01:00,NL,198.83,imbalance_long
2021-11-08T06:15:00+00:00,2021-11-08T07:15:00+01:00,NL,198.83,imbalance_short
2021-11-08T06:30:00+00:00,2021-11-08T07:30:00+01:00,DE-LU,296.65,imbalance_long
2021-11-08T06:30:00+00:00,2021-11-08T07:30:00+01:00,DE-LU,296.65,imbalance_short
2021-11-08T06:30:00+00:00,2021-11-08T07:30:00+01:00,FR,206.44,imbalance_long
2021-11-08T06:30:00+00:00,2021-11-08T07:30:00+01:00,FR,228.18,imbalance_short
2021-11-08T06:30:00+00:00,2021-11-08T07:30:00+01:00,NL,382.46,imbalance_long
2021-11-08T06:30:00+00:00,2021-11-08T07:30:00+01:00,NL,382.46,imbalance_short
2021-11-08T06:45:00+00:00,2021-11-08T07:45:00+01:00,DE-LU,286.29,imbalance_long
2021-11-08T06:45:00+00:00,2021-11-08T07:45:00+01:00,DE-LU,286.29,imbalance_short
2021-11-08T06:45:00+00:00,2021-11-08T07:45:00+01:00,NL,574.0,imbalance_long
2021-11-08T06:45:00+00:00,2021-11-08T07:45:00+01:00,NL,574.0,imbalance_short
2021-11-08T07:00:00+00:00,2021-11-08T08:00:00+01:00,DE-LU,204.83,imbalance_long
2021-11-08T07:00:00+00:00,2021-11-08T08:00:00+01:00,DE-LU,204.83,imbalance_short
2021-11-08T07:00:00+00:00,2021-11-08T08:00:00+01:00,FR,236.24,imbalance_long
2021-11-08T07:00:00+00:00,2021-11-08T08:00:00+01:00,FR,261.1,imbalance_short
2021-11-08T07:00:00+00:00,2021-11-08T08:00:00+01:00,NL,130.98,imbalance_long
2021-11-08T07:00:00+00:00,2021-11-08T08:00:00+01:00,NL,130.98,imbalance_short
2021-11-08T07:15:00+00:00,2021-11-08T08:15:00+01:00,DE-LU,-84.79,imbalance_long
2021-11-08T07:15:00+00:00,2021-11-08T08:15:00+01:00,DE-LU,-84.79,imbalance_short
2021-11-08T07:15:00+00:00,2021-11-08T08:15:00+01:00,NL,162.93,imbalance_long
2021-11-08T07:15:00+00:00,2021-11-08T08:15:00+01:00,NL,162.93,imbalance_short
2021-11-08T07:30:00+00:00,2021-11-08T08:30:00+01:00,DE-LU,59.02,imbalance_long
2021-11-08T07:30:00+00:00,2021-11-08T08:30:00+01:00,DE-LU,59.02,imbalance_short
2021-11-08T07:30:00+00:00,2021-11-08T08:30:00+01:00,FR,233.47,imbalance_long
2021-11-08T07:30:00+00:00,2021-11-08T08:30:00+01:00,FR,258.05,imbalance_short
2021-11-08T07:30:00+00:00,2021-11-08T08:30:00+01:00,NL,145.24,imbalance_long
2021-11-08T07:30:00+00:00,2021-11-08T08:30:00+01:00,NL,145.24,imbalance_short
2021-11-08T07:45:00+00:00,2021-11-08T08:45:00+01:00,DE-LU,6.2,imbalance_long
2021-11-08T07:45:00+00:00,2021-11-08T08:45:00+01:00,DE-LU,6.2,imbalance_short
2021-11-08T07:45:00+00:00,2021-11-08T08:45:00+01:00,NL,162.93,imbalance_long
2021-11-08T07:45:00+00:00,2021-11-08T08:45:00+01:00,NL,162.93,imbalance_short
2021-11-08T08:00:00+00:00,2021-11-08T09:00:00+01:00,DE-LU,56.29,imbalance_long
2021-11-08T08:00:00+00:00,2021-11-08T09:00:00+01:00,DE-LU,56.29,imbalance_short
2021-11-08T08:00:00+00:00,2021-11-08T09:00:00+01:00,FR,230.59,imbalance_long
2021-11-08T08:00:00+00:00,2021-11-08T09:00:00+01:00,FR,254.87,imbalance_short
2021-11-08T08:00:00+00:00,2021-11-08T09:00:00+01:00,NL,203.68,imbalance_long
2021-11-08T08:00:00+00:00,2021-11-08T09:00:00+01:00,NL,203.68,imbalance_short
2021-11-08T08:15:00+00:00,2021-11-08T09:15:00+01:00,DE-LU,59.02,imbalance_long
2021-11-08T08:15:00+00:00,2021-11-08T09:15:00+01:00,DE-LU,59.02,imbalance_short
2021-11-08T08:15:00+00:00,2021-11-08T09:15:00+01:00,NL,154.66,imbalance_long
2021-11-08T08:15:00+00:00,2021-11-08T09:15:00+01:00,NL,154.66,imbalance_short
2021-11-08T08:30:00+00:00,2021-11-08T09:30:00+01:00,DE-LU,55.97,imbalance_long
2021-11-08T08:30:00+00:00,2021-11-08T09:30:00+01:00,DE-LU,55.97,imbalance_short
2021-11-08T08:30:00+00:00,2021-11-08T09:30:00+01:00,FR,31.46,imbalance_long
2021-11-08T08:30:00+00:00,2021-11-08T09:30:00+01:00,FR,34.78,imbalance_short
2021-11-08T08:30:00+00:00,2021-11-08T09:30:00+01:00,NL,183.68,imbalance_long
2021-11-08T08:30:00+00:00,2021-11-08T09:30:00+01:00,NL,183.68,imbalance_short
2021-11-08T08:45:00+00:00,2021-11-08T09:45:00+01:00,DE-LU,42.31,imbalance_long
2021-11-08T08:45:00+00:00,2021-11-08T09:45:00+01:00,DE-LU,42.31,imbalance_short
2021-11-08T08:45:00+00:00,2021-11-08T09:45:00+01:00,NL,160.73,imbalance_long
2021-11-08T08:45:00+00:00,2021-11-08T09:45:00+01:00,NL,160.73,imbalance_short
2021-11-08T09:00:00+00:00,2021-11-08T10:00:00+01:00,DE-LU,34.24,imbalance_long
2021-11-08T09:00:00+00:00,2021-11-08T10:00:00+01:00,DE-LU,34.24,imbalance_short
2021-11-08T09:00:00+00:00,2021-11-08T10:00:00+01:00,FR,220.05,imbalance_long
2021-11-08T09:00:00+00:00,2021-11-08T10:00:00+01:00,FR,243.21,imbalance_short
2021-11-08T09:00:00+00:00,2021-11-08T10:00:00+01:00,NL,547.13,imbalance_long
2021-11-08T09:00:00+00:00,2021-11-08T10:00:00+01:00,NL,547.13,imbalance_short
2021-11-08T09:15:00+00:00,2021-11-08T10:15:00+01:00,DE-LU,21.67,imbalance_long
2021-11-08T09:15:00+00:00,2021-11-08T10:15:00+01:00,DE-LU,21.67,imbalance_short
2021-11-08T09:15:00+00:00,2021-11-08T10:15:00+01:00,NL,138.33,imbalance_long
2021-11-08T09:15:00+00:00,2021-11-08T10:15:00+01:00,NL,208.52,imbalance_short
2021-11-08T09:30:00+00:00,2021-11-08T10:30:00+01:00,DE-LU,15.43,imbalance_long
2021-11-08T09:30:00+00:00,2021-11-08T10:30:00+01:00,DE-LU,15.43,imbalance_short
2021-11-08T09:30:00+00:00,2021-11-08T10:30:00+01:00,FR,170.59,imbalance_long
2021-11-08T09:30:00+00:00,2021-11-08T10:30:00+01:00,FR,188.55,imbalance_short
2021-11-08T09:30:00+00:00,2021-11-08T10:30:00+01:00,NL,129.47,imbalance_long
2021-11-08T09:30:00+00:00,2021-11-08T10:30:00+01:00,NL,129.47,imbalance_short
2021-11-08T09:45:00+00:00,2021-11-08T10:45:00+01:00,DE-LU,-10.2,imbalance_long
2021-11-08T09:45:00+00:00,2021-11-08T10:45:00+01:00,DE-LU,-10.2,imbalance_short
2021-11-08T09:45:00+00:00,2021-11-08T10:45:00+01:00,NL,126.97,imbalance_long
2021-11-08T09:45:00+00:00,2021-11-08T10:45:00+01:00,NL,126.97,imbalance_short
2021-11-08T10:00:00+00:00,2021-11-08T11:00:00+01:00,DE-LU,31.57,imbalance_long
2021-11-08T10:00:00+00:00,2021-11-08T11:00:00+01:00,DE-LU,31.57,imbalance_short
2021-11-08T10:00:00+00:00,2021-11-08T11:00:00+01:00,FR,183.22,imbalance_long
2021-11-08T10:00:00+00:00,2021-11-08T11:00:00+01:00,FR,202.5,imbalance_short
2021-11-08T10:00:00+00:00,2021-11-08T11:00:00+01:00,NL,130.75,imbalance_long
2021-11-08T10:00:00+00:00,2021-11-08T11:00:00+01:00,NL,153.87,imbalance_short
2021-11-08T10:15:00+00:00,2021-11-08T11:15:00+01:00,DE-LU,52.7,imbalance_long
2021-11-08T10:15:00+00:00,2021-11-08T11:15:00+01:00,DE-LU,52.7,imbalance_short
2021-11-08T10:15:00+00:00,2021-11-08T11:15:00+01:00,NL,127.75,imbalance_long
2021-11-08T10:15:00+00:00,2021-11-08T11:15:00+01:00,NL,127.75,imbalance_short
2021-11-08T10:30:00+00:00,2021-11-08T11:30:00+01:00,DE-LU,53.29,imbalance_long
2021-11-08T10:30:00+00:00,2021-11-08T11:30:00+01:00,DE-LU,53.29,imbalance_short
2021-11-08T10:30:00+00:00,2021-11-08T11:30:00+01:00,FR,190.61,imbalance_long
2021-11-08T10:30:00+00:00,2021-11-08T11:30:00+01:00,FR,210.67,imbalance_short
2021-11-08T10:30:00+00:00,2021-11-08T11:30:00+01:00,NL,120.83,imbalance_long
2021-11-08T10:30:00+00:00,2021-11-08T11:30:00+01:00,NL,120.83,imbalance_short
2021-11-08T10:45:00+00:00,2021-11-08T11:45:00+01:00,DE-LU,5.82,imbalance_long
2021-11-08T10:45:00+00:00,2021-11-08T11:45:00+01:00,DE-LU,5.82,imbalance_short
2021-11-08T10:45:00+00:00,2021-11-08T11:45:00+01:00,NL,84.09,imbalance_long
2021-11-08T10:45:00+00:00,2021-11-08T11:45:00+01:00,NL,84.09,imbalance_short
2021-11-08T11:00:00+00:00,2021-11-08T12:00:00+01:00,DE-LU,51.82,imbalance_long
2021-11-08T11:00:00+00:00,2021-11-08T12:00:00+01:00,DE-LU,51.82,imbalance_short
2021-11-08T11:00:00+00:00,2021-11-08T12:00:00+01:00,FR,101.73,imbalance_long
2021-11-08T11:00:00+00:00,2021-11-08T12:00:00+01:00,FR,112.43,imbalance_short
2021-11-08T11:00:00+00:00,2021-11-08T12:00:00+01:00,NL,154.31,imbalance_long
2021-11-08T11:00:00+00:00,2021-11-08T12:00:00+01:00,NL,154.31,imbalance_short
2021-11-08T11:15:00+00:00,2021-11-08T12:15:00+01:00,DE-LU,39.78,imbalance_long
2021-11-08T11:15:00+00:00,2021-11-08T12:15:00+01:00,DE-LU,39.78,imbalance_short
2021-11-08T11:15:00+00:00,2021-11-08T12:15:00+01:00,NL,101.07,imbalance_long
2021-11-08T11:15:00+00:00,2021-11-08T12:15:00+01:00,NL,101.07,imbalance_short
2021-11-08T11:30:00+00:00,2021-11-08T12:30:00+01:00,DE-LU,64.51,imbalance_long
2021-11-08T11:30:00+00:00,2021-11-08T12:30:00+01:00,DE-LU,64.51,imbalance_short
2021-11-08T11:30:00+00:00,2021-11-08T12:30:00+01:00,FR,90.28,imbalance_long
2021-11-08T11:30:00+00:00,2021-11-08T12:30:00+01:00,FR,99.78,imbalance_short
2021-11-08T11:30:00+00:00,2021-11-08T12:30:00+01:00,NL,125.77,imbalance_long
2021-11-08T11:30:00+00:00,2021-11-08T12:30:00+01:00,NL,125.77,imbalance_short
2021-11-08T11:45:00+00:00,2021-11-08T12:45:00+01:00,DE-LU,314.61,imbalance_long
2021-11-08T11:45:00+00:00,2021-11-08T12:45:00+01:00,DE-LU,314.61,imbalance_short
2021-11-08T11:45:00+00:00,2021-11-08T12:45:00+01:00,NL,147.23,imbalance_long
2021-11-08T11:45:00+00:00,2021-11-08T12:45:00+01:00,NL,147.23,imbalance_short
2021-11-08T12:00:00+00:00,2021-11-08T13:00:00+01:00,DE-LU,-57.93,imbalance_long
2021-11-08T12:00:00+00:00,2021-11-08T13:00:00+01:00,DE-LU,-57.93,imbalance_short
2021-11-08T12:00:00+00:00,2021-11-08T13:00:00+01:00,FR,159.13,imbalance_long
2021-11-08T12:00:00+00:00,2021-11-08T13:00:00+01:00,FR,175.89,imbalance_short
2021-11-08T12:00:00+00:00,2021-11-08T13:00:00+01:00,NL,161.98,imbalance_long
2021-11-08T12:00:00+00:00,2021-11-08T13:00:00+01:00,NL,161.98,imbalance_short
2021-11-08T12:15:00+00:00,2021-11-08T13:15:00+01:00,DE-LU,39.04,imbalance_long
2021-11-08T12:15:00+00:00,2021-11-08T13:15:00+01:00,DE-LU,39.04,imbalance_short
2021-11-08T12:15:00+00:00,2021-11-08T13:15:00+01:00,NL,217.58,imbalance_long
2021-11-08T12:15:00+00:00,2021-11-08T13:15:00+01:00,NL,217.58,imbalance_short
2021-11-08T12:30:00+00:00,2021-11-08T13:30:00+01:00,DE-LU,288.05,imbalance_long
2021-11-08T12:30:00+00:00,2021-11-08T13:30:00+01:00,DE-LU,288.05,imbalance_short
2021-11-08T12:30:00+00:00,2021-11-08T13:30:00+01:00,FR,50.11,imbalance_long
2021-11-08T12:30:00+00:00,2021-11-08T13:30:00+01:00,FR,55.39,imbalance_short
2021-11-08T12:30:00+00:00,2021-11-08T13:30:00+01:00,NL,564.58,imbalance_long
2021-11-08T12:30:00+00:00,2021-11-08T13:30:00+01:00,NL,564.58,imbalance_short
2021-11-08T12:45:00+00:00,2021-11-08T13:45:00+01:00,DE-LU,283.36,imbalance_long
2021-11-08T12:45:00+00:00,2021-11-08T13:45:00+01:00,DE-LU,283.36,imbalance_short
2021-11-08T12:45:00+00:00,2021-11-08T13:45:00+01:00,NL,564.58,imbalance_long
2021-11-08T12:45:00+00:00,2021-11-08T13:45:00+01:00,NL,564.58,imbalance_short
2021-11-08T13:00:00+00:00,2021-11-08T14:00:00+01:00,DE-LU,318.68,imbalance_long
2021-11-08T13:00:00+00:00,2021-11-08T14:00:00+01:00,DE-LU,318.68,imbalance_short
2021-11-08T13:00:00+00:00,2021-11-08T14:00:00+01:00,FR,121.4,imbalance_long
2021-11-08T13:00:00+00:00,2021-11-08T14:00:00+01:00,FR,134.18,imbalance_short
2021-11-08T13:00:00+00:00,2021-11-08T14:00:00+01:00,NL,138.76,imbalance_long
2021-11-08T13:00:00+00:00,2021-11-08T14:00:00+01:00,NL,166.98,imbalance_short
2021-11-08T13:15:00+00:00,2021-11-08T14:15:00+01:00,DE-LU,287.15,imbalance_long
2021-11-08T13:15:00+00:00,2021-11-08T14:15:00+01:00,DE-LU,287.15,imbalance_short
2021-11-08T13:15:00+00:00,2021-11-08T14:15:00+01:00,NL,245.96,imbalance_long
2021-11-08T13:15:00+00:00,2021-11-08T14:15:00+01:00,NL,245.96,imbalance_short
2021-11-08T13:30:00+00:00,2021-11-08T14:30:00+01:00,DE-LU,297.42,imbalance_long
2021-11-08T13:30:00+00:00,2021-11-08T14:30:00+01:00,DE-LU,297.42,imbalance_short
2021-11-08T13:30:00+00:00,2021-11-08T14:30:00+01:00,FR,101.23,imbalance_long
2021-11-08T13:30:00+00:00,2021-11-08T14:30:00+01:00,FR,111.89,imbalance_short
2021-11-08T13:30:00+00:00,2021-11-08T14:30:00+01:00,NL,417.0,imbalance_long
2021-11-08T13:30:00+00:00,2021-11-08T14:30:00+01:00,NL,417.0,imbalance_short
2021-11-08T13:45:00+00:00,2021-11-08T14:45:00+01:00,DE-LU,328.29,imbalance_long
2021-11-08T13:45:00+00:00,2021-11-08T14:45:00+01:00,DE-LU,328.29,imbalance_short
2021-11-08T13:45:00+00:00,2021-11-08T14:45:00+01:00,NL,145.09,imbalance_long
2021-11-08T13:45:00+00:00,2021-11-08T14:45:00+01:00,NL,218.16,imbalance_short
2021-11-08T14:00:00+00:00,2021-11-08T15:00:00+01:00,DE-LU,281.67,imbalance_long
2021-11-08T14:00:00+00:00,2021-11-08T15:00:00+01:00,DE-LU,281.67,imbalance_short
2021-11-08T14:00:00+00:00,2021-11-08T15:00:00+01:00,FR,211.89,imbalance_long
2021-11-08T14:00:00+00:00,2021-11-08T15:00:00+01:00,FR,234.19,imbalance_short
2021-11-08T14:00:00+00:00,2021-11-08T15:00:00+01:00,NL,168.31,imbalance_long
2021-11-08T14:00:00+00:00,2021-11-08T15:00:00+01:00,NL,168.31,imbalance_short
2021-11-08T14:15:00+00:00,2021-11-08T15:15:00+01:00,DE-LU,288.29,imbalance_long
2021-11-08T14:15:00+00:00,2021-11-08T15:15:00+01:00,DE-LU,288.29,imbalance_short
2021-11-08T14:15:00+00:00,2021-11-08T15:15:00+01:00,NL,223.09,imbalance_long
2021-11-08T14:15:00+00:00,2021-11-08T15:15:00+01:00,NL,223.09,imbalance_short
2021-11-08T14:30:00+00:00,2021-11-08T15:30:00+01:00,DE-LU,279.94,imbalance_long
2021-11-08T14:30:00+00:00,2021-11-08T15:30:00+01:00,DE-LU,279.94,imbalance_short
2021-11-08T14:30:00+00:00,2021-11-08T15:30:00+01:00,FR,213.91,imbalance_long
2021-11-08T14:30:00+00:00,2021-11-08T15:30:00+01:00,FR,236.43,imbalance_short
2021-11-08T14:30:00+00:00,2021-11-08T15:30:00+01:00,NL,190.09,imbalance_long
2021-11-08T14:30:00+00:00,2021-11-08T15:30:00+01:00,NL,190.09,imbalance_short
2021-11-08T14:45:00+00:00,2021-11-08T15:45:00+01:00,DE-LU,291.31,imbalance_long
2021-11-08T14:45:00+00:00,2021-11-08T15:45:00+01:00,DE-LU,291.31,imbalance_short
2021-11-08T14:45:00+00:00,2021-11-08T15:45:00+01:00,NL,223.09,imbalance_long
2021-11-08T14:45:00+00:00,2021-11-08T15:45:00+01:00,NL,223.09,imbalance_short
2021-11-08T15:00:00+00:00,2021-11-08T16:00:00+01:00,DE-LU,247.82,imbalance_long
2021-11-08T15:00:00+00:00,2021-11-08T16:00:00+01:00,DE-LU,247.82,imbalance_short
2021-11-08T15:00:00+00:00,2021-11-08T16:00:00+01:00,FR,219.4,imbalance_long
2021-11-08T15:00:00+00:00,2021-11-08T16:00:00+01:00,FR,242.5,imbalance_short
2021-11-08T15:00:00+00:00,2021-11-08T16:00:00+01:00,NL,145.24,imbalance_long
2021-11-08T15:00:00+00:00,2021-11-08T16:00:00+01:00,NL,145.24,imbalance_short
2021-11-08T15:15:00+00:00,2021-11-08T16:15:00+01:00,DE-LU,302.45,imbalance_long
2021-11-08T15:15:00+00:00,2021-11-08T16:15:00+01:00,DE-LU,302.45,imbalance_short
2021-11-08T15:15:00+00:00,2021-11-08T16:15:00+01:00,NL,145.21,imbalance_long
2021-11-08T15:15:00+00:00,2021-11-08T16:15:00+01:00,NL,189.6,imbalance_short
2021-11-08T15:30:00+00:00,2021-11-08T16:30:00+01:00,DE-LU,329.31,imbalance_long
2021-11-08T15:30:00+00:00,2021-11-08T16:30:00+01:00,DE-LU,329.31,imbalance_short
2021-11-08T15:30:00+00:00,2021-11-08T16:30:00+01:00,FR,220.65,imbalance_long
2021-11-08T15:30:00+00:00,2021-11-08T16:30:00+01:00,FR,243.87,imbalance_short
2021-11-08T15:30:00+00:00,2021-11-08T16:30:00+01:00,NL,249.6,imbalance_long
2021-11-08T15:30:00+00:00,2021-11-08T16:30:00+01:00,NL,249.6,imbalance_short
2021-11-08T15:45:00+00:00,2021-11-08T16:45:00+01:00,DE-LU,337.42,imbalance_long
2021-11-08T15:45:00+00:00,2021-11-08T16:45:00+01:00,DE-LU,337.42,imbalance_short
2021-11-08T15:45:00+00:00,2021-11-08T16:45:00+01:00,NL,419.61,imbalance_long
2021-11-08T15:45:00+00:00,2021-11-08T16:45:00+01:00,NL,419.61,imbalance_short
2021-11-08T16:00:00+00:00,2021-11-08T17:00:00+01:00,DE-LU,284.87,imbalance_long
2021-11-08T16:00:00+00:00,2021-11-08T17:00:00+01:00,DE-LU,284.87,imbalance_short
2021-11-08T16:00:00+00:00,2021-11-08T17:00:00+01:00,FR,233.81,imbalance_long
2021-11-08T16:00:00+00:00,2021-11-08T17:00:00+01:00,FR,258.43,imbalance_short
2021-11-08T16:00:00+00:00,2021-11-08T17:00:00+01:00,NL,138.78,imbalance_long
2021-11-08T16:00:00+00:00,2021-11-08T17:00:00+01:00,NL,223.31,imbalance_short
2021-11-08T16:15:00+00:00,2021-11-08T17:15:00+01:00,DE-LU,425.61,imbalance_long
2021-11-08T16:15:00+00:00,2021-11-08T17:15:00+01:00,DE-LU,425.61,imbalance_short
2021-11-08T16:15:00+00:00,2021-11-08T17:15:00+01:00,NL,640.36,imbalance_long
2021-11-08T16:15:00+00:00,2021-11-08T17:15:00+01:00,NL,640.36,imbalance_short
2021-11-08T16:30:00+00:00,2021-11-08T17:30:00+01:00,DE-LU,357.86,imbalance_long
2021-11-08T16:30:00+00:00,2021-11-08T17:30:00+01:00,DE-LU,357.86,imbalance_short
2021-11-08T16:30:00+00:00,2021-11-08T17:30:00+01:00,FR,292.72,imbalance_long
2021-11-08T16:30:00+00:00,2021-11-08T17:30:00+01:00,FR,323.54,imbalance_short
2021-11-08T16:30:00+00:00,2021-11-08T17:30:00+01:00,NL,640.36,imbalance_long
2021-11-08T16:30:00+00:00,2021-11-08T17:30:00+01:00,NL,640.36,imbalance_short
2021-11-08T16:45:00+00:00,2021-11-08T17:45:00+01:00,DE-LU,379.66,imbalance_long
2021-11-08T16:45:00+00:00,2021-11-08T17:45:00+01:00,DE-LU,379.66,imbalance_short
2021-11-08T16:45:00+00:00,2021-11-08T17:45:00+01:00,NL,250.36,imbalance_long
2021-11-08T16:45:00+00:00,2021-11-08T17:45:00+01:00,NL,250.36,imbalance_short
2021-11-08T17:00:00+00:00,2021-11-08T18:00:00+01:00,DE-LU,361.97,imbalance_long
2021-11-08T17:00:00+00:00,2021-11-08T18:00:00+01:00,DE-LU,361.97,imbalance_short
2021-11-08T17:00:00+00:00,2021-11-08T18:00:00+01:00,FR,229.43,imbalance_long
2021-11-08T17:00:00+00:00,2021-11-08T18:00:00+01:00,FR,253.58,imbalance_short
2021-11-08T17:00:00+00:00,2021-11-08T18:00:00+01:00,NL,308.03,imbalance_long
2021-11-08T17:00:00+00:00,2021-11-08T18:00:00+01:00,NL,308.03,imbalance_short
2021-11-08T17:15:00+00:00,2021-11-08T18:15:00+01:00,DE-LU,328.63,imbalance_long
2021-11-08T17:15:00+00:00,2021-11-08T18:15:00+01:00,DE-LU,328.63,imbalance_short
2021-11-08T17:15:00+00:00,2021-11-08T18:15:00+01:00,NL,223.31,imbalance_long
2021-11-08T17:15:00+00:00,2021-11-08T18:15:00+01:00,NL,223.31,imbalance_short
2021-11-08T17:30:00+00:00,2021-11-08T18:30:00+01:00,DE-LU,386.32,imbalance_long
2021-11-08T17:30:00+00:00,2021-11-08T18:30:00+01:00,DE-LU,386.32,imbalance_short
2021-11-08T17:30:00+00:00,2021-11-08T18:30:00+01:00,FR,214.13,imbalance_long
2021-11-08T17:30:00+00:00,2021-11-08T18:30:00+01:00,FR,236.67,imbalance_short
2021-11-08T17:30:00+00:00,2021-11-08T18:30:00+01:00,NL,224.8,imbalance_long
2021-11-08T17:30:00+00:00,2021-11-08T18:30:00+01:00,NL,224.8,imbalance_short
2021-11-08T17:45:00+00:00,2021-11-08T18:45:00+01:00,DE-LU,113.39,imbalance_long
2021-11-08T17:45:00+00:00,2021-11-08T18:45:00+01:00,DE-LU,113.39,imbalance_short
2021-11-08T17:45:00+00:00,2021-11-08T18:45:00+01:00,NL,269.9,imbalance_long
2021-11-08T17:45:00+00:00,2021-11-08T18:45:00+01:00,NL,269.9,imbalance_short
2021-11-08T18:00:00+00:00,2021-11-08T19:00:00+01:00,DE-LU,395.73,imbalance_long
2021-11-08T18:00:00+00:00,2021-11-08T19:00:00+01:00,DE-LU,395.73,imbalance_short
2021-11-08T18:00:00+00:00,2021-11-08T19:00:00+01:00,FR,250.07,imbalance_long
2021-11-08T18:00:00+00:00,2021-11-08T19:00:00+01:00,FR,276.39,imbalance_short
2021-11-08T18:00:00+00:00,2021-11-08T19:00:00+01:00,NL,230.0,imbalance_long
2021-11-08T18:00:00+00:00,2021-11-08T19:00:00+01:00,NL,230.0,imbalance_short
2021-11-08T18:15:00+00:00,2021-11-08T19:15:00+01:00,DE-LU,135.77,imbalance_long
2021-11-08T18:15:00+00:00,2021-11-08T19:15:00+01:00,DE-LU,135.77,imbalance_short
2021-11-08T18:15:00+00:00,2021-11-08T19:15:00+01:00,NL,202.5,imbalance_long
2021-11-08T18:15:00+00:00,2021-11-08T19:15:00+01:00,NL,202.5,imbalance_short
2021-11-08T18:30:00+00:00,2021-11-08T19:30:00+01:00,DE-LU,70.72,imbalance_long
2021-11-08T18:30:00+00:00,2021-11-08T19:30:00+01:00,DE-LU,70.72,imbalance_short
2021-11-08T18:30:00+00:00,2021-11-08T19:30:00+01:00,FR,253.3,imbalance_long
2021-11-08T18:30:00+00:00,2021-11-08T19:30:00+01:00,FR,279.96,imbalance_short
2021-11-08T18:30:00+00:00,2021-11-08T19:30:00+01:00,NL,224.8,imbalance_long
2021-11-08T18:30:00+00:00,2021-11-08T19:30:00+01:00,NL,224.8,imbalance_short
2021-11-08T18:45:00+00:00,2021-11-08T19:45:00+01:00,DE-LU,290.21,imbalance_long
2021-11-08T18:45:00+00:00,2021-11-08T19:45:00+01:00,DE-LU,290.21,imbalance_short
2021-11-08T18:45:00+00:00,2021-11-08T19:45:00+01:00,NL,223.31,imbalance_long
2021-11-08T18:45:00+00:00,2021-11-08T19:45:00+01:00,NL,223.31,imbalance_short
2021-11-08T19:00:00+00:00,2021-11-08T20:00:00+01:00,DE-LU,261.58,imbalance_long
2021-11-08T19:00:00+00:00,2021-11-08T20:00:00+01:00,DE-LU,261.58,imbalance_short
2021-11-08T19:00:00+00:00,2021-11-08T20:00:00+01:00,FR,224.85,imbalance_long
2021-11-08T19:00:00+00:00,2021-11-08T20:00:00+01:00,FR,248.51,imbalance_short
2021-11-08T19:00:00+00:00,2021-11-08T20:00:00+01:00,NL,180.72,imbalance_long
2021-11-08T19:00:00+00:00,2021-11-08T20:00:00+01:00,NL,180.72,imbalance_short
2021-11-08T19:15:00+00:00,2021-11-08T20:15:00+01:00,DE-LU,309.52,imbalance_long
2021-11-08T19:15:00+00:00,2021-11-08T20:15:00+01:00,DE-LU,309.52,imbalance_short
2021-11-08T19:15:00+00:00,2021-11-08T20:15:00+01:00,NL,182.2,imbalance_long
2021-11-08T19:15:00+00:00,2021-11-08T20:15:00+01:00,NL,182.2,imbalance_short
2021-11-08T19:30:00+00:00,2021-11-08T20:30:00+01:00,DE-LU,285.82,imbalance_long
2021-11-08T19:30:00+00:00,2021-11-08T20:30:00+01:00,DE-LU,285.82,imbalance_short
2021-11-08T19:30:00+00:00,2021-11-08T20:30:00+01:00,FR,189.27,imbalance_long
2021-11-08T19:30:00+00:00,2021-11-08T20:30:00+01:00,FR,209.19,imbalance_short
2021-11-08T19:30:00+00:00,2021-11-08T20:30:00+01:00,NL,212.2,imbalance_long
2021-11-08T19:30:00+00:00,2021-11-08T20:30:00+01:00,NL,212.2,imbalance_short
2021-11-08T19:45:00+00:00,2021-11-08T20:45:00+01:00,DE-LU,245.43,imbalance_long
2021-11-08T19:45:00+00:00,2021-11-08T20:45:00+01:00,DE-LU,245.43,imbalance_short
2021-11-08T19:45:00+00:00,2021-11-08T20:45:00+01:00,NL,145.21,imbalance_long
2021-11-08T19:45:00+00:00,2021-11-08T20:45:00+01:00,NL,145.21,imbalance_short
2021-11-08T20:00:00+00:00,2021-11-08T21:00:00+01:00,DE-LU,364.73,imbalance_long
2021-11-08T20:00:00+00:00,2021-11-08T21:00:00+01:00,DE-LU,364.73,imbalance_short
2021-11-08T20:00:00+00:00,2021-11-08T21:00:00+01:00,FR,227.25,imbalance_long
2021-11-08T20:00:00+00:00,2021-11-08T21:00:00+01:00,FR,251.17,imbalance_short
2021-11-08T20:00:00+00:00,2021-11-08T21:00:00+01:00,NL,145.54,imbalance_long
2021-11-08T20:00:00+00:00,2021-11-08T21:00:00+01:00,NL,238.0,imbalance_short
2021-11-08T20:15:00+00:00,2021-11-08T21:15:00+01:00,DE-LU,312.06,imbalance_long
2021-11-08T20:15:00+00:00,2021-11-08T21:15:00+01:00,DE-LU,312.06,imbalance_short
2021-11-08T20:15:00+00:00,2021-11-08T21:15:00+01:00,NL,225.0,imbalance_long
2021-11-08T20:15:00+00:00,2021-11-08T21:15:00+01:00,NL,225.0,imbalance_short
2021-11-08T20:30:00+00:00,2021-11-08T21:30:00+01:00,DE-LU,281.86,imbalance_long
2021-11-08T20:30:00+00:00,2021-11-08T21:30:00+01:00,DE-LU,281.86,imbalance_short
2021-11-08T20:30:00+00:00,2021-11-08T21:30:00+01:00,FR,156.1,imbalance_long
2021-11-08T20:30:00+00:00,2021-11-08T21:30:00+01:00,FR,172.54,imbalance_short
2021-11-08T20:30:00+00:00,2021-11-08T21:30:00+01:00,NL,142.3,imbalance_long
2021-11-08T20:30:00+00:00,2021-11-08T21:30:00+01:00,NL,142.3,imbalance_short
2021-11-08T20:45:00+00:00,2021-11-08T21:45:00+01:00,DE-LU,217.51,imbalance_long
2021-11-08T20:45:00+00:00,2021-11-08T21:45:00+01:00,DE-LU,217.51,imbalance_short
2021-11-08T20:45:00+00:00,2021-11-08T21:45:00+01:00,NL,133.75,imbalance_long
2021-11-08T20:45:00+00:00,2021-11-08T21:45:00+01:00,NL,133.75,imbalance_short
2021-11-08T21:00:00+00:00,2021-11-08T22:00:00+01:00,DE-LU,283.55,imbalance_long
2021-11-08T21:00:00+00:00,2021-11-08T22:00:00+01:00,DE-LU,283.55,imbalance_short
2021-11-08T21:00:00+00:00,2021-11-08T22:00:00+01:00,FR,164.96,imbalance_long
2021-11-08T21:00:00+00:00,2021-11-08T22:00:00+01:00,FR,182.32,imbalance_short
2021-11-08T21:00:00+00:00,2021-11-08T22:00:00+01:00,NL,118.08,imbalance_long
2021-11-08T21:00:00+00:00,2021-11-08T22:00:00+01:00,NL,144.04,imbalance_short
2021-11-08T21:15:00+00:00,2021-11-08T22:15:00+01:00,DE-LU,308.06,imbalance_long
2021-11-08T21:15:00+00:00,2021-11-08T22:15:00+01:00,DE-LU,308.06,imbalance_short
2021-11-08T21:15:00+00:00,2021-11-08T22:15:00+01:00,NL,142.08,imbalance_long
2021-11-08T21:15:00+00:00,2021-11-08T22:15:00+01:00,NL,142.08,imbalance_short
2021-11-08T21:30:00+00:00,2021-11-08T22:30:00+01:00,DE-LU,284.86,imbalance_long
2021-11-08T21:30:00+00:00,2021-11-08T22:30:00+01:00,DE-LU,284.86,imbalance_short
2021-11-08T21:30:00+00:00,2021-11-08T22:30:00+01:00,FR,178.7,imbalance_long
2021-11-08T21:30:00+00:00,2021-11-08T22:30:00+01:00,FR,197.52,imbalance_short
2021-11-08T21:30:00+00:00,2021-11-08T22:30:00+01:00,NL,142.08,imbalance_long
2021-11-08T21:30:00+00:00,2021-11-08T22:30:00+01:00,NL,142.08,imbalance_short
2021-11-08T21:45:00+00:00,2021-11-08T22:45:00+01:00,DE-LU,221.14,imbalance_long
2021-11-08T21:45:00+00:00,2021-11-08T22:45:00+01:00,DE-LU,221.14,imbalance_short
2021-11-08T21:45:00+00:00,2021-11-08T22:45:00+01:00,NL,130.08,imbalance_long
2021-11-08T21:45:00+00:00,2021-11-08T22:45:00+01:00,NL,130.08,imbalance_short
2021-11-08T22:00:00+00:00,2021-11-08T23:00:00+01:00,DE-LU,324.56,imbalance_long
2021-11-08T22:00:00+00:00,2021-11-08T23:00:00+01:00,DE-LU,324.56,imbalance_short
2021-11-08T22:00:00+00:00,2021-11-08T23:00:00+01:00,FR,169.24,imbalance_long
2021-11-08T22:00:00+00:00,2021-11-08T23:00:00+01:00,FR,187.06,imbalance_short
2021-11-08T22:00:00+00:00,2021-11-08T23:00:00+01:00,NL,117.0,imbalance_long
2021-11-08T22:00:00+00:00,2021-11-08T23:00:00+01:00,NL,150.93,imbalance_short
2021-11-08T22:15:00+00:00,2021-11-08T23:15:00+01:00,DE-LU,321.07,imbalance_long
2021-11-08T22:15:00+00:00,2021-11-08T23:15:00+01:00,DE-LU,321.07,imbalance_short
2021-11-08T22:15:00+00:00,2021-11-08T23:15:00+01:00,NL,89.0,imbalance_long
2021-11-08T22:15:00+00:00,2021-11-08T23:15:00+01:00,NL,163.37,imbalance_short
2021-11-08T22:30:00+00:00,2021-11-08T23:30:00+01:00,DE-LU,-36.92,imbalance_long
2021-11-08T22:30:00+00:00,2021-11-08T23:30:00+01:00,DE-LU,-36.92,imbalance_short
2021-11-08T22:30:00+00:00,2021-11-08T23:30:00+01:00,FR,178.96,imbalance_long
2021-11-08T22:30:00+00:00,2021-11-08T23:30:00+01:00,FR,197.8,imbalance_short
2021-11-08T22:30:00+00:00,2021-11-08T23:30:00+01:00,NL,67.09,imbalance_long
2021-11-08T22:30:00+00:00,2021-11-08T23:30:00+01:00,NL,67.09,imbalance_short
2021-11-08T22:45:00+00:00,2021-11-08T23:45:00+01:00,DE-LU,198.08,imbalance_long
2021-11-08T22:45:00+00:00,2021-11-08T23:45:00+01:00,DE-LU,198.08,imbalance_short
2021-11-08T22:45:00+00:00,2021-11-08T23:45:00+01:00,NL,35.15,imbalance_long
2021-11-08T22:45:00+00:00,2021-11-08T23:45:00+01:00,NL,35.15,imbalance_short
2021-11-08T23:00:00+00:00,2021-11-09T00:00:00+01:00,DE-LU,290.52,imbalance_long
2021-11-08T23:00:00+00:00,2021-11-09T00:00:00+01:00,DE-LU,290.52,imbalance_short
2021-11-08T23:00:00+00:00,2021-11-09T00:00:00+01:00,FR,148.91,imbalance_long
2021-11-08T23:00:00+00:00,2021-11-09T00:00:00+01:00,FR,164.59,imbalance_short
2021-11-08T23:00:00+00:00,2021-11-09T00:00:00+01:00,NL,108.08,imbalance_long
2021-11-08T23:00:00+00:00,2021-11-09T00:00:00+01:00,NL,108.08,imbalance_short
2021-11-08T23:15:00+00:00,2021-11-09T00:15:00+01:00,DE-LU,312.79,imbalance_long
2021-11-08T23:15:00+00:00,2021-11-09T00:15:00+01:00,DE-LU,312.79,imbalance_short
2021-11-08T23:15:00+00:00,2021-11-09T00:15:00+01:00,NL,132.19,imbalance_long
2021-11-08T23:15:00+00:00,2021-11-09T00:15:00+01:00,NL,132.19,imbalance_short
2021-11-08T23:30:00+00:00,2021-11-09T00:30:00+01:00,DE-LU,111.23,imbalance_long
2021-11-08T23:30:00+00:00,2021-11-09T00:30:00+01:00,DE-LU,111.23,imbalance_short
2021-11-08T23:30:00+00:00,2021-11-09T00:30:00+01:00,FR,145.36,imbalance_long
2021-11-08T23:30:00+00:00,2021-11-09T00:30:00+01:00,FR,160.66,imbalance_short
2021-11-08T23:30:00+00:00,2021-11-09T00:30:00+01:00,NL,156.75,imbalance_long
2021-11-08T23:30:00+00:00,2021-11-09T00:30:00+01:00,NL,156.75,imbalance_short
2021-11-08T23:45:00+00:00,2021-11-09T00:45:00+01:00,DE-LU,99.31,imbalance_long
2021-11-08T23:45:00+00:00,2021-11-09T00:45:00+01:00,DE-LU,99.31,imbalance_short
2021-11-08T23:45:00+00:00,2021-11-09T00:45:00+01:00,NL,149.42,imbalance_long
2021-11-08T23:45:00+00:00,2021-11-09T00:45:00+01:00,NL,149.42,imbalance_short
2021-11-09T00:00:00+00:00,2021-11-09T01:00:00+01:00,DE-LU,75.78,imbalance_long
2021-11-09T00:00:00+00:00,2021-11-09T01:00:00+01:00,DE-LU,75.78,imbalance_short
2021-11-09T00:00:00+00:00,2021-11-09T01:00:00+01:00,FR,146.8,imbalance_long
2021-11-09T00:00:00+00:00,2021-11-09T01:00:00+01:00,FR,162.26,imbalance_short
2021-11-09T00:00:00+00:00,2021-11-09T01:00:00+01:00,NL,143.08,imbalance_long
2021-11-09T00:00:00+00:00,2021-11-09T01:00:00+01:00,NL,195.87,imbalance_short
2021-11-09T00:15:00+00:00,2021-11-09T01:15:00+01:00,DE-LU,277.21,imbalance_long
2021-11-09T00:15:00+00:00,2021-11-09T01:15:00+01:00,DE-LU,277.21,imbalance_short
2021-11-09T00:15:00+00:00,2021-11-09T01:15:00+01:00,NL,164.67,imbalance_long
2021-11-09T00:15:00+00:00,2021-11-09T01:15:00+01:00,NL,164.67,imbalance_short
2021-11-09T00:30:00+00:00,2021-11-09T01:30:00+01:00,DE-LU,28.44,imbalance_long
2021-11-09T00:30:00+00:00,2021-11-09T01:30:00+01:00,DE-LU,28.44,imbalance_short
2021-11-09T00:30:00+00:00,2021-11-09T01:30:00+01:00,FR,146.8,imbalance_long
2021-11-09T00:30:00+00:00,2021-11-09T01:30:00+01:00,FR,162.26,imbalance_short
2021-11-09T00:30:00+00:00,2021-11-09T01:30:00+01:00,NL,143.05,imbalance_long
2021-11-09T00:30:00+00:00,2021-11-09T01:30:00+01:00,NL,143.05,imbalance_short
2021-11-09T00:45:00+00:00,2021-11-09T01:45:00+01:00,DE-LU,187.98,imbalance_long
2021-11-09T00:45:00+00:00,2021-11-09T01:45:00+01:00,DE-LU,187.98,imbalance_short
2021-11-09T00:45:00+00:00,2021-11-09T01:45:00+01:00,NL,143.07,imbalance_long
2021-11-09T00:45:00+00:00,2021-11-09T01:45:00+01:00,NL,143.07,imbalance_short
2021-11-09T01:00:00+00:00,2021-11-09T02:00:00+01:00,DE-LU,307.33,imbalance_long
2021-11-09T01:00:00+00:00,2021-11-09T02:00:00+01:00,DE-LU,307.33,imbalance_short
2021-11-09T01:00:00+00:00,2021-11-09T02:00:00+01:00,FR,143.46,imbalance_long
2021-11-09T01:00:00+00:00,2021-11-09T02:00:00+01:00,FR,158.56,imbalance_short
2021-11-09T01:00:00+00:00,2021-11-09T02:00:00+01:00,NL,450.0,imbalance_long
2021-11-09T01:00:00+00:00,2021-11-09T02:00:00+01:00,NL,450.0,imbalance_short
2021-11-09T01:15:00+00:00,2021-11-09T02:15:00+01:00,DE-LU,292.79,imbalance_long
2021-11-09T01:15:00+00:00,2021-11-09T02:15:00+01:00,DE-LU,292.79,imbalance_short
2021-11-09T01:15:00+00:00,2021-11-09T02:15:00+01:00,NL,143.07,imbalance_long
2021-11-09T01:15:00+00:00,2021-11-09T02:15:00+01:00,NL,501.01,imbalance_short
2021-11-09T01:30:00+00:00,2021-11-09T02:30:00+01:00,DE-LU,-54.66,imbalance_long
2021-11-09T01:30:00+00:00,2021-11-09T02:30:00+01:00,DE-LU,-54.66,imbalance_short
2021-11-09T01:30:00+00:00,2021-11-09T02:30:00+01:00,FR,128.15,imbalance_long
2021-11-09T01:30:00+00:00,2021-11-09T02:30:00+01:00,FR,141.63,imbalance_short
2021-11-09T01:30:00+00:00,2021-11-09T02:30:00+01:00,NL,143.04,imbalance_long
2021-11-09T01:30:00+00:00,2021-11-09T02:30:00+01:00,NL,149.62,imbalance_short
2021-11-09T01:45:00+00:00,2021-11-09T02:45:00+01:00,DE-LU,19.79,imbalance_long
2021-11-09T01:45:00+00:00,2021-11-09T02:45:00+01:00,DE-LU,19.79,imbalance_short
2021-11-09T01:45:00+00:00,2021-11-09T02:45:00+01:00,NL,165.42,imbalance_long
2021-11-09T01:45:00+00:00,2021-11-09T02:45:00+01:00,NL,165.42,imbalance_short
2021-11-09T02:00:00+00:00,2021-11-09T03:00:00+01:00,DE-LU,99.54,imbalance_long
2021-11-09T02:00:00+00:00,2021-11-09T03:00:00+01:00,DE-LU,99.54,imbalance_short
2021-11-09T02:00:00+00:00,2021-11-09T03:00:00+01:00,FR,138.09,imbalance_long
2021-11-09T02:00:00+00:00,2021-11-09T03:00:00+01:00,FR,152.63,imbalance_short
2021-11-09T02:00:00+00:00,2021-11-09T03:00:00+01:00,NL,138.62,imbalance_long
2021-11-09T02:00:00+00:00,2021-11-09T03:00:00+01:00,NL,138.62,imbalance_short
2021-11-09T02:15:00+00:00,2021-11-09T03:15:00+01:00,DE-LU,-4.32,imbalance_long
2021-11-09T02:15:00+00:00,2021-11-09T03:15:00+01:00,DE-LU,-4.32,imbalance_short
2021-11-09T02:15:00+00:00,2021-11-09T03:15:00+01:00,NL,155.44,imbalance_long
2021-11-09T02:15:00+00:00,2021-11-09T03:15:00+01:00,NL,155.44,imbalance_short
2021-11-09T02:30:00+00:00,2021-11-09T03:30:00+01:00,DE-LU,86.27,imbalance_long
2021-11-09T02:30:00+00:00,2021-11-09T03:30:00+01:00,DE-LU,86.27,imbalance_short
2021-11-09T02:30:00+00:00,2021-11-09T03:30:00+01:00,FR,138.09,imbalance_long
2021-11-09T02:30:00+00:00,2021-11-09T03:30:00+01:00,FR,152.63,imbalance_short
2021-11-09T02:30:00+00:00,2021-11-09T03:30:00+01:00,NL,160.0,imbalance_long
2021-11-09T02:30:00+00:00,2021-11-09T03:30:00+01:00,NL,160.0,imbalance_short
2021-11-09T02:45:00+00:00,2021-11-09T03:45:00+01:00,DE-LU,80.61,imbalance_long
2021-11-09T02:45:00+00:00,2021-11-09T03:45:00+01:00,DE-LU,80.61,imbalance_short
2021-11-09T02:45:00+00:00,2021-11-09T03:45:00+01:00,NL,144.62,imbalance_long
2021-11-09T02:45:00+00:00,2021-11-09T03:45:00+01:00,NL,144.62,imbalance_short
2021-11-09T03:00:00+00:00,2021-11-09T04:00:00+01:00,DE-LU,278.38,imbalance_long
2021-11-09T03:00:00+00:00,2021-11-09T04:00:00+01:00,DE-LU,278.38,imbalance_short
2021-11-09T03:00:00+00:00,2021-11-09T04:00:00+01:00,FR,153.31,imbalance_long
2021-11-09T03:00:00+00:00,2021-11-09T04:00:00+01:00,FR,169.45,imbalance_short
2021-11-09T03:00:00+00:00,2021-11-09T04:00:00+01:00,NL,151.82,imbalance_long
2021-11-09T03:00:00+00:00,2021-11-09T04:00:00+01:00,NL,151.82,imbalance_short
2021-11-09T03:15:00+00:00,2021-11-09T04:15:00+01:00,DE-LU,-52.79,imbalance_long
2021-11-09T03:15:00+00:00,2021-11-09T04:15:00+01:00,DE-LU,-52.79,imbalance_short
2021-11-09T03:15:00+00:00,2021-11-09T04:15:00+01:00,NL,153.54,imbalance_long
2021-11-09T03:15:00+00:00,2021-11-09T04:15:00+01:00,NL,153.54,imbalance_short
2021-11-09T03:30:00+00:00,2021-11-09T04:30:00+01:00,DE-LU,92.32,imbalance_long
2021-11-09T03:30:00+00:00,2021-11-09T04:30:00+01:00,DE-LU,92.32,imbalance_short
2021-11-09T03:30:00+00:00,2021-11-09T04:30:00+01:00,FR,152.86,imbalance_long
2021-11-09T03:30:00+00:00,2021-11-09T04:30:00+01:00,FR,168.96,imbalance_short
2021-11-09T03:30:00+00:00,2021-11-09T04:30:00+01:00,NL,145.73,imbalance_long
2021-11-09T03:30:00+00:00,2021-11-09T04:30:00+01:00,NL,145.73,imbalance_short
2021-11-09T03:45:00+00:00,2021-11-09T04:45:00+01:00,DE-LU,88.93,imbalance_long
2021-11-09T03:45:00+00:00,2021-11-09T04:45:00+01:00,DE-LU,88.93,imbalance_short
2021-11-09T03:45:00+00:00,2021-11-09T04:45:00+01:00,NL,153.19,imbalance_long
2021-11-09T03:45:00+00:00,2021-11-09T04:45:00+01:00,NL,153.19,imbalance_short
2021-11-09T04:00:00+00:00,2021-11-09T05:00:00+01:00,DE-LU,278.83,imbalance_long
2021-11-09T04:00:00+00:00,2021-11-09T05:00:00+01:00,DE-LU,278.83,imbalance_short
2021-11-09T04:00:00+00:00,2021-11-09T05:00:00+01:00,FR,137.67,imbalance_long
2021-11-09T04:00:00+00:00,2021-11-09T05:00:00+01:00,FR,152.17,imbalance_short
2021-11-09T04:00:00+00:00,2021-11-09T05:00:00+01:00,NL,148.33,imbalance_long
2021-11-09T04:00:00+00:00,2021-11-09T05:00:00+01:00,NL,148.33,imbalance_short
2021-11-09T04:15:00+00:00,2021-11-09T05:15:00+01:00,DE-LU,267.92,imbalance_long
2021-11-09T04:15:00+00:00,2021-11-09T05:15:00+01:00,DE-LU,267.92,imbalance_short
2021-11-09T04:15:00+00:00,2021-11-09T05:15:00+01:00,NL,152.51,imbalance_long
2021-11-09T04:15:00+00:00,2021-11-09T05:15:00+01:00,NL,152.51,imbalance_short
2021-11-09T04:30:00+00:00,2021-11-09T05:30:00+01:00,DE-LU,92.0,imbalance_long
2021-11-09T04:30:00+00:00,2021-11-09T05:30:00+01:00,DE-LU,92.0,imbalance_short
2021-11-09T04:30:00+00:00,2021-11-09T05:30:00+01:00,FR,149.55,imbalance_long
2021-11-09T04:30:00+00:00,2021-11-09T05:30:00+01:00,FR,165.29,imbalance_short
2021-11-09T04:30:00+00:00,2021-11-09T05:30:00+01:00,NL,151.83,imbalance_long
2021-11-09T04:30:00+00:00,2021-11-09T05:30:00+01:00,NL,151.83,imbalance_short
2021-11-09T04:45:00+00:00,2021-11-09T05:45:00+01:00,DE-LU,117.09,imbalance_long
2021-11-09T04:45:00+00:00,2021-11-09T05:45:00+01:00,DE-LU,117.09,imbalance_short
2021-11-09T04:45:00+00:00,2021-11-09T05:45:00+01:00,NL,145.65,imbalance_long
2021-11-09T04:45:00+00:00,2021-11-09T05:45:00+01:00,NL,145.65,imbalance_short
2021-11-09T05:00:00+00:00,2021-11-09T06:00:00+01:00,DE-LU,344.49,imbalance_long
2021-11-09T05:00:00+00:00,2021-11-09T06:00:00+01:00,DE-LU,344.49,imbalance_short
2021-11-09T05:00:00+00:00,2021-11-09T06:00:00+01:00,FR,165.59,imbalance_long
2021-11-09T05:00:00+00:00,2021-11-09T06:00:00+01:00,FR,183.02,imbalance_short
2021-11-09T05:00:00+00:00,2021-11-09T06:00:00+01:00,NL,151.95,imbalance_long
2021-11-09T05:00:00+00:00,2021-11-09T06:00:00+01:00,NL,151.95,imbalance_short
2021-11-09T05:15:00+00:00,2021-11-09T06:15:00+01:00,DE-LU,342.38,imbalance_long
2021-11-09T05:15:00+00:00,2021-11-09T06:15:00+01:00,DE-LU,342.38,imbalance_short
2021-11-09T05:15:00+00:00,2021-11-09T06:15:00+01:00,NL,151.94,imbalance_long
2021-11-09T05:15:00+00:00,2021-11-09T06:15:00+01:00,NL,151.94,imbalance_short
2021-11-09T05:30:00+00:00,2021-11-09T06:30:00+01:00,DE-LU,315.92,imbalance_long
2021-11-09T05:30:00+00:00,2021-11-09T06:30:00+01:00,DE-LU,315.92,imbalance_short
2021-11-09T05:30:00+00:00,2021-11-09T06:30:00+01:00,FR,191.77,imbalance_long
2021-11-09T05:30:00+00:00,2021-11-09T06:30:00+01:00,FR,211.95,imbalance_short
2021-11-09T05:30:00+00:00,2021-11-09T06:30:00+01:00,NL,229.36,imbalance_long
2021-11-09T05:30:00+00:00,2021-11-09T06:30:00+01:00,NL,229.36,imbalance_short
2021-11-09T05:45:00+00:00,2021-11-09T06:45:00+01:00,DE-LU,86.62,imbalance_long
2021-11-09T05:45:00+00:00,2021-11-09T06:45:00+01:00,DE-LU,86.62,imbalance_short
2021-11-09T05:45:00+00:00,2021-11-09T06:45:00+01:00,NL,151.94,imbalance_long
2021-11-09T05:45:00+00:00,2021-11-09T06:45:00+01:00,NL,540.0,imbalance_short
2021-11-09T06:00:00+00:00,2021-11-09T07:00:00+01:00,DE-LU,249.49,imbalance_long
2021-11-09T06:00:00+00:00,2021-11-09T07:00:00+01:00,DE-LU,249.49,imbalance_short
2021-11-09T06:00:00+00:00,2021-11-09T07:00:00+01:00,FR,211.31,imbalance_long
2021-11-09T06:00:00+00:00,2021-11-09T07:00:00+01:00,FR,233.55,imbalance_short
2021-11-09T06:00:00+00:00,2021-11-09T07:00:00+01:00,NL,-52.0,imbalance_long
2021-11-09T06:00:00+00:00,2021-11-09T07:00:00+01:00,NL,157.41,imbalance_short
2021-11-09T06:15:00+00:00,2021-11-09T07:15:00+01:00,DE-LU,104.37,imbalance_long
2021-11-09T06:15:00+00:00,2021-11-09T07:15:00+01:00,DE-LU,104.37,imbalance_short
2021-11-09T06:15:00+00:00,2021-11-09T07:15:00+01:00,NL,152.51,imbalance_long
2021-11-09T06:15:00+00:00,2021-11-09T07:15:00+01:00,NL,179.15,imbalance_short
2021-11-09T06:30:00+00:00,2021-11-09T07:30:00+01:00,DE-LU,83.42,imbalance_long
2021-11-09T06:30:00+00:00,2021-11-09T07:30:00+01:00,DE-LU,83.42,imbalance_short
2021-11-09T06:30:00+00:00,2021-11-09T07:30:00+01:00,FR,220.83,imbalance_long
2021-11-09T06:30:00+00:00,2021-11-09T07:30:00+01:00,FR,244.07,imbalance_short
2021-11-09T06:30:00+00:00,2021-11-09T07:30:00+01:00,NL,179.15,imbalance_long
2021-11-09T06:30:00+00:00,2021-11-09T07:30:00+01:00,NL,179.15,imbalance_short
2021-11-09T06:45:00+00:00,2021-11-09T07:45:00+01:00,DE-LU,267.65,imbalance_long
2021-11-09T06:45:00+00:00,2021-11-09T07:45:00+01:00,DE-LU,267.65,imbalance_short
2021-11-09T06:45:00+00:00,2021-11-09T07:45:00+01:00,NL,179.15,imbalance_long
2021-11-09T06:45:00+00:00,2021-11-09T07:45:00+01:00,NL,179.15,imbalance_short
2021-11-09T07:00:00+00:00,2021-11-09T08:00:00+01:00,DE-LU,207.33,imbalance_long
2021-11-09T07:00:00+00:00,2021-11-09T08:00:00+01:00,DE-LU,207.33,imbalance_short
2021-11-09T07:00:00+00:00,2021-11-09T08:00:00+01:00,FR,243.41,imbalance_long
2021-11-09T07:00:00+00:00,2021-11-09T08:00:00+01:00,FR,269.03,imbalance_short
2021-11-09T07:00:00+00:00,2021-11-09T08:00:00+01:00,NL,149.31,imbalance_long
2021-11-09T07:00:00+00:00,2021-11-09T08:00:00+01:00,NL,149.31,imbalance_short
2021-11-09T07:15:00+00:00,2021-11-09T08:15:00+01:00,DE-LU,269.67,imbalance_long
2021-11-09T07:15:00+00:00,2021-11-09T08:15:00+01:00,DE-LU,269.67,imbalance_short
2021-11-09T07:15:00+00:00,2021-11-09T08:15:00+01:00,NL,196.83,imbalance_long
2021-11-09T07:15:00+00:00,2021-11-09T08:15:00+01:00,NL,196.83,imbalance_short
2021-11-09T07:30:00+00:00,2021-11-09T08:30:00+01:00,DE-LU,273.79,imbalance_long
2021-11-09T07:30:00+00:00,2021-11-09T08:30:00+01:00,DE-LU,273.79,imbalance_short
2021-11-09T07:30:00+00:00,2021-11-09T08:30:00+01:00,FR,237.13,imbalance_long
2021-11-09T07:30:00+00:00,2021-11-09T08:30:00+01:00,FR,262.09,imbalance_short
2021-11-09T07:30:00+00:00,2021-11-09T08:30:00+01:00,NL,180.47,imbalance_long
2021-11-09T07:30:00+00:00,2021-11-09T08:30:00+01:00,NL,180.47,imbalance_short
2021-11-09T07:45:00+00:00,2021-11-09T08:45:00+01:00,DE-LU,319.85,imbalance_long
2021-11-09T07:45:00+00:00,2021-11-09T08:45:00+01:00,DE-LU,319.85,imbalance_short
2021-11-09T07:45:00+00:00,2021-11-09T08:45:00+01:00,NL,149.31,imbalance_long
2021-11-09T07:45:00+00:00,2021-11-09T08:45:00+01:00,NL,149.31,imbalance_short
2021-11-09T08:00:00+00:00,2021-11-09T09:00:00+01:00,DE-LU,-40.29,imbalance_long
2021-11-09T08:00:00+00:00,2021-11-09T09:00:00+01:00,DE-LU,-40.29,imbalance_short
2021-11-09T08:00:00+00:00,2021-11-09T09:00:00+01:00,FR,226.41,imbalance_long
2021-11-09T08:00:00+00:00,2021-11-09T09:00:00+01:00,FR,250.25,imbalance_short
2021-11-09T08:00:00+00:00,2021-11-09T09:00:00+01:00,NL,511.06,imbalance_long
2021-11-09T08:00:00+00:00,2021-11-09T09:00:00+01:00,NL,511.06,imbalance_short
2021-11-09T08:15:00+00:00,2021-11-09T09:15:00+01:00,DE-LU,92.26,imbalance_long
2021-11-09T08:15:00+00:00,2021-11-09T09:15:00+01:00,DE-LU,92.26,imbalance_short
2021-11-09T08:15:00+00:00,2021-11-09T09:15:00+01:00,NL,151.6,imbalance_long
2021-11-09T08:15:00+00:00,2021-11-09T09:15:00+01:00,NL,151.6,imbalance_short
2021-11-09T08:30:00+00:00,2021-11-09T09:30:00+01:00,DE-LU,65.03,imbalance_long
2021-11-09T08:30:00+00:00,2021-11-09T09:30:00+01:00,DE-LU,65.03,imbalance_short
2021-11-09T08:30:00+00:00,2021-11-09T09:30:00+01:00,FR,218.65,imbalance_long
2021-11-09T08:30:00+00:00,2021-11-09T09:30:00+01:00,FR,241.67,imbalance_short
2021-11-09T08:30:00+00:00,2021-11-09T09:30:00+01:00,NL,147.75,imbalance_long
2021-11-09T08:30:00+00:00,2021-11-09T09:30:00+01:00,NL,147.75,imbalance_short
2021-11-09T08:45:00+00:00,2021-11-09T09:45:00+01:00,DE-LU,39.94,imbalance_long
2021-11-09T08:45:00+00:00,2021-11-09T09:45:00+01:00,DE-LU,39.94,imbalance_short
2021-11-09T08:45:00+00:00,2021-11-09T09:45:00+01:00,NL,146.72,imbalance_long
2021-11-09T08:45:00+00:00,2021-11-09T09:45:00+01:00,NL,146.72,imbalance_short
2021-11-09T09:00:00+00:00,2021-11-09T10:00:00+01:00,DE-LU,8.91,imbalance_long
2021-11-09T09:00:00+00:00,2021-11-09T10:00:00+01:00,DE-LU,8.91,imbalance_short
2021-11-09T09:00:00+00:00,2021-11-09T10:00:00+01:00,FR,206.35,imbalance_long
2021-11-09T09:00:00+00:00,2021-11-09T10:00:00+01:00,FR,228.07,imbalance_short
2021-11-09T09:00:00+00:00,2021-11-09T10:00:00+01:00,NL,425.0,imbalance_long
2021-11-09T09:00:00+00:00,2021-11-09T10:00:00+01:00,NL,425.0,imbalance_short
2021-11-09T09:15:00+00:00,2021-11-09T10:15:00+01:00,DE-LU,45.54,imbalance_long
2021-11-09T09:15:00+00:00,2021-11-09T10:15:00+01:00,DE-LU,45.54,imbalance_short
2021-11-09T09:15:00+00:00,2021-11-09T10:15:00+01:00,NL,147.52,imbalance_long
2021-11-09T09:15:00+00:00,2021-11-09T10:15:00+01:00,NL,147.52,imbalance_short
2021-11-09T09:30:00+00:00,2021-11-09T10:30:00+01:00,DE-LU,44.79,imbalance_long
2021-11-09T09:30:00+00:00,2021-11-09T10:30:00+01:00,DE-LU,44.79,imbalance_short
2021-11-09T09:30:00+00:00,2021-11-09T10:30:00+01:00,FR,192.48,imbalance_long
2021-11-09T09:30:00+00:00,2021-11-09T10:30:00+01:00,FR,212.74,imbalance_short
2021-11-09T09:30:00+00:00,2021-11-09T10:30:00+01:00,NL,150.8,imbalance_long
2021-11-09T09:30:00+00:00,2021-11-09T10:30:00+01:00,NL,151.6,imbalance_short
2021-11-09T09:45:00+00:00,2021-11-09T10:45:00+01:00,DE-LU,-25.31,imbalance_long
2021-11-09T09:45:00+00:00,2021-11-09T10:45:00+01:00,DE-LU,-25.31,imbalance_short
2021-11-09T09:45:00+00:00,2021-11-09T10:45:00+01:00,NL,155.31,imbalance_long
2021-11-09T09:45:00+00:00,2021-11-09T10:45:00+01:00,NL,155.31,imbalance_short
2021-11-09T10:00:00+00:00,2021-11-09T11:00:00+01:00,DE-LU,-4.29,imbalance_long
2021-11-09T10:00:00+00:00,2021-11-09T11:00:00+01:00,DE-LU,-4.29,imbalance_short
2021-11-09T10:00:00+00:00,2021-11-09T11:00:00+01:00,FR,161.51,imbalance_long
2021-11-09T10:00:00+00:00,2021-11-09T11:00:00+01:00,FR,178.51,imbalance_short
2021-11-09T10:00:00+00:00,2021-11-09T11:00:00+01:00,NL,131.22,imbalance_long
2021-11-09T10:00:00+00:00,2021-11-09T11:00:00+01:00,NL,131.22,imbalance_short
2021-11-09T10:15:00+00:00,2021-11-09T11:15:00+01:00,DE-LU,31.7,imbalance_long
2021-11-09T10:15:00+00:00,2021-11-09T11:15:00+01:00,DE-LU,31.7,imbalance_short
2021-11-09T10:15:00+00:00,2021-11-09T11:15:00+01:00,NL,143.11,imbalance_long
2021-11-09T10:15:00+00:00,2021-11-09T11:15:00+01:00,NL,143.11,imbalance_short
2021-11-09T10:30:00+00:00,2021-11-09T11:30:00+01:00,DE-LU,34.7,imbalance_long
2021-11-09T10:30:00+00:00,2021-11-09T11:30:00+01:00,DE-LU,34.7,imbalance_short
2021-11-09T10:30:00+00:00,2021-11-09T11:30:00+01:00,FR,161.95,imbalance_long
2021-11-09T10:30:00+00:00,2021-11-09T11:30:00+01:00,FR,178.99,imbalance_short
2021-11-09T10:30:00+00:00,2021-11-09T11:30:00+01:00,NL,152.31,imbalance_long
2021-11-09T10:30:00+00:00,2021-11-09T11:30:00+01:00,NL,152.31,imbalance_short
2021-11-09T10:45:00+00:00,2021-11-09T11:45:00+01:00,DE-LU,22.01,imbalance_long
2021-11-09T10:45:00+00:00,2021-11-09T11:45:00+01:00,DE-LU,22.01,imbalance_short
2021-11-09T10:45:00+00:00,2021-11-09T11:45:00+01:00,NL,145.75,imbalance_long
2021-11-09T10:45:00+00:00,2021-11-09T11:45:00+01:00,NL,151.6,imbalance_short
2021-11-09T11:00:00+00:00,2021-11-09T12:00:00+01:00,DE-LU,-8.93,imbalance_long
2021-11-09T11:00:00+00:00,2021-11-09T12:00:00+01:00,DE-LU,-8.93,imbalance_short
2021-11-09T11:00:00+00:00,2021-11-09T12:00:00+01:00,FR,160.99,imbalance_long
2021-11-09T11:00:00+00:00,2021-11-09T12:00:00+01:00,FR,177.93,imbalance_short
2021-11-09T11:00:00+00:00,2021-11-09T12:00:00+01:00,NL,138.33,imbalance_long
2021-11-09T11:00:00+00:00,2021-11-09T12:00:00+01:00,NL,138.33,imbalance_short
2021-11-09T11:15:00+00:00,2021-11-09T12:15:00+01:00,DE-LU,21.52,imbalance_long
2021-11-09T11:15:00+00:00,2021-11-09T12:15:00+01:00,DE-LU,21.52,imbalance_short
2021-11-09T11:15:00+00:00,2021-11-09T12:15:00+01:00,NL,143.9,imbalance_long
2021-11-09T11:15:00+00:00,2021-11-09T12:15:00+01:00,NL,143.9,imbalance_short
2021-11-09T11:30:00+00:00,2021-11-09T12:30:00+01:00,DE-LU,-53.3,imbalance_long
2021-11-09T11:30:00+00:00,2021-11-09T12:30:00+01:00,DE-LU,-53.3,imbalance_short
2021-11-09T11:30:00+00:00,2021-11-09T12:30:00+01:00,FR,160.99,imbalance_long
2021-11-09T11:30:00+00:00,2021-11-09T12:30:00+01:00,FR,177.93,imbalance_short
2021-11-09T11:30:00+00:00,2021-11-09T12:30:00+01:00,NL,145.75,imbalance_long
2021-11-09T11:30:00+00:00,2021-11-09T12:30:00+01:00,NL,145.75,imbalance_short
2021-11-09T11:45:00+00:00,2021-11-09T12:45:00+01:00,DE-LU,-12.13,imbalance_long
2021-11-09T11:45:00+00:00,2021-11-09T12:45:00+01:00,DE-LU,-12.13,imbalance_short
2021-11-09T11:45:00+00:00,2021-11-09T12:45:00+01:00,NL,145.75,imbalance_long
2021-11-09T11:45:00+00:00,2021-11-09T12:45:00+01:00,NL,145.75,imbalance_short
2021-11-09T12:00:00+00:00,2021-11-09T13:00:00+01:00,DE-LU,34.7,imbalance_long
2021-11-09T12:00:00+00:00,2021-11-09T13:00:00+01:00,DE-LU,34.7,imbalance_short
2021-11-09T12:00:00+00:00,2021-11-09T13:00:00+01:00,FR,162.89,imbalance_long
2021-11-09T12:00:00+00:00,2021-11-09T13:00:00+01:00,FR,180.03,imbalance_short
2021-11-09T12:00:00+00:00,2021-11-09T13:00:00+01:00,NL,147.26,imbalance_long
2021-11-09T12:00:00+00:00,2021-11-09T13:00:00+01:00,NL,147.26,imbalance_short
2021-11-09T12:15:00+00:00,2021-11-09T13:15:00+01:00,DE-LU,59.9,imbalance_long
2021-11-09T12:15:00+00:00,2021-11-09T13:15:00+01:00,DE-LU,59.9,imbalance_short
2021-11-09T12:15:00+00:00,2021-11-09T13:15:00+01:00,NL,150.35,imbalance_long
2021-11-09T12:15:00+00:00,2021-11-09T13:15:00+01:00,NL,150.35,imbalance_short
2021-11-09T12:30:00+00:00,2021-11-09T13:30:00+01:00,DE-LU,-19.86,imbalance_long
2021-11-09T12:30:00+00:00,2021-11-09T13:30:00+01:00,DE-LU,-19.86,imbalance_short
2021-11-09T12:30:00+00:00,2021-11-09T13:30:00+01:00,FR,162.89,imbalance_long
2021-11-09T12:30:00+00:00,2021-11-09T13:30:00+01:00,FR,180.03,imbalance_short
2021-11-09T12:30:00+00:00,2021-11-09T13:30:00+01:00,NL,159.31,imbalance_long
2021-11-09T12:30:00+00:00,2021-11-09T13:30:00+01:00,NL,159.31,imbalance_short
2021-11-09T12:45:00+00:00,2021-11-09T13:45:00+01:00,DE-LU,26.75,imbalance_long
2021-11-09T12:45:00+00:00,2021-11-09T13:45:00+01:00,DE-LU,26.75,imbalance_short
2021-11-09T12:45:00+00:00,2021-11-09T13:45:00+01:00,NL,321.1,imbalance_long
2021-11-09T12:45:00+00:00,2021-11-09T13:45:00+01:00,NL,321.1,imbalance_short
2021-11-09T13:00:00+00:00,2021-11-09T14:00:00+01:00,DE-LU,6.03,imbalance_long
2021-11-09T13:00:00+00:00,2021-11-09T14:00:00+01:00,DE-LU,6.03,imbalance_short
2021-11-09T13:00:00+00:00,2021-11-09T14:00:00+01:00,FR,166.71,imbalance_long
2021-11-09T13:00:00+00:00,2021-11-09T14:00:00+01:00,FR,184.25,imbalance_short
2021-11-09T13:00:00+00:00,2021-11-09T14:00:00+01:00,NL,109.23,imbalance_long
2021-11-09T13:00:00+00:00,2021-11-09T14:00:00+01:00,NL,109.23,imbalance_short
2021-11-09T13:15:00+00:00,2021-11-09T14:15:00+01:00,DE-LU,48.32,imbalance_long
2021-11-09T13:15:00+00:00,2021-11-09T14:15:00+01:00,DE-LU,48.32,imbalance_short
2021-11-09T13:15:00+00:00,2021-11-09T14:15:00+01:00,NL,157.01,imbalance_long
2021-11-09T13:15:00+00:00,2021-11-09T14:15:00+01:00,NL,157.01,imbalance_short
2021-11-09T13:30:00+00:00,2021-11-09T14:30:00+01:00,DE-LU,225.51,imbalance_long
2021-11-09T13:30:00+00:00,2021-11-09T14:30:00+01:00,DE-LU,225.51,imbalance_short
2021-11-09T13:30:00+00:00,2021-11-09T14:30:00+01:00,FR,160.55,imbalance_long
2021-11-09T13:30:00+00:00,2021-11-09T14:30:00+01:00,FR,177.45,imbalance_short
2021-11-09T13:30:00+00:00,2021-11-09T14:30:00+01:00,NL,159.31,imbalance_long
2021-11-09T13:30:00+00:00,2021-11-09T14:30:00+01:00,NL,159.31,imbalance_short
2021-11-09T13:45:00+00:00,2021-11-09T14:45:00+01:00,DE-LU,-29.19,imbalance_long
2021-11-09T13:45:00+00:00,2021-11-09T14:45:00+01:00,DE-LU,-29.19,imbalance_short
2021-11-09T13:45:00+00:00,2021-11-09T14:45:00+01:00,NL,496.0,imbalance_long
2021-11-09T13:45:00+00:00,2021-11-09T14:45:00+01:00,NL,496.0,imbalance_short
2021-11-09T14:00:00+00:00,2021-11-09T15:00:00+01:00,DE-LU,69.1,imbalance_long
2021-11-09T14:00:00+00:00,2021-11-09T15:00:00+01:00,DE-LU,69.1,imbalance_short
2021-11-09T14:00:00+00:00,2021-11-09T15:00:00+01:00,FR,160.12,imbalance_long
2021-11-09T14:00:00+00:00,2021-11-09T15:00:00+01:00,FR,176.98,imbalance_short
2021-11-09T14:00:00+00:00,2021-11-09T15:00:00+01:00,NL,166.21,imbalance_long
2021-11-09T14:00:00+00:00,2021-11-09T15:00:00+01:00,NL,166.21,imbalance_short
2021-11-09T14:15:00+00:00,2021-11-09T15:15:00+01:00,DE-LU,234.2,imbalance_long
2021-11-09T14:15:00+00:00,2021-11-09T15:15:00+01:00,DE-LU,234.2,imbalance_short
2021-11-09T14:15:00+00:00,2021-11-09T15:15:00+01:00,NL,149.58,imbalance_long
2021-11-09T14:15:00+00:00,2021-11-09T15:15:00+01:00,NL,175.08,imbalance_short
2021-11-09T14:30:00+00:00,2021-11-09T15:30:00+01:00,DE-LU,286.31,imbalance_long
2021-11-09T14:30:00+00:00,2021-11-09T15:30:00+01:00,DE-LU,286.31,imbalance_short
2021-11-09T14:30:00+00:00,2021-11-09T15:30:00+01:00,FR,152.17,imbalance_long
2021-11-09T14:30:00+00:00,2021-11-09T15:30:00+01:00,FR,168.19,imbalance_short
2021-11-09T14:30:00+00:00,2021-11-09T15:30:00+01:00,NL,496.0,imbalance_long
2021-11-09T14:30:00+00:00,2021-11-09T15:30:00+01:00,NL,496.0,imbalance_short
2021-11-09T14:45:00+00:00,2021-11-09T15:45:00+01:00,DE-LU,290.99,imbalance_long
2021-11-09T14:45:00+00:00,2021-11-09T15:45:00+01:00,DE-LU,290.99,imbalance_short
2021-11-09T14:45:00+00:00,2021-11-09T15:45:00+01:00,NL,520.0,imbalance_long
2021-11-09T14:45:00+00:00,2021-11-09T15:45:00+01:00,NL,520.0,imbalance_short
2021-11-09T15:00:00+00:00,2021-11-09T16:00:00+01:00,DE-LU,229.73,imbalance_long
2021-11-09T15:00:00+00:00,2021-11-09T16:00:00+01:00,DE-LU,229.73,imbalance_short
2021-11-09T15:00:00+00:00,2021-11-09T16:00:00+01:00,FR,165.52,imbalance_long
2021-11-09T15:00:00+00:00,2021-11-09T16:00:00+01:00,FR,182.94,imbalance_short
2021-11-09T15:00:00+00:00,2021-11-09T16:00:00+01:00,NL,240.83,imbalance_long
2021-11-09T15:00:00+00:00,2021-11-09T16:00:00+01:00,NL,240.83,imbalance_short
2021-11-09T15:15:00+00:00,2021-11-09T16:15:00+01:00,DE-LU,266.91,imbalance_long
2021-11-09T15:15:00+00:00,2021-11-09T16:15:00+01:00,DE-LU,266.91,imbalance_short
2021-11-09T15:15:00+00:00,2021-11-09T16:15:00+01:00,NL,553.9,imbalance_long
2021-11-09T15:15:00+00:00,2021-11-09T16:15:00+01:00,NL,553.9,imbalance_short
2021-11-09T15:30:00+00:00,2021-11-09T16:30:00+01:00,DE-LU,183.38,imbalance_long
2021-11-09T15:30:00+00:00,2021-11-09T16:30:00+01:00,DE-LU,183.38,imbalance_short
2021-11-09T15:30:00+00:00,2021-11-09T16:30:00+01:00,FR,210.92,imbalance_long
2021-11-09T15:30:00+00:00,2021-11-09T16:30:00+01:00,FR,233.12,imbalance_short
2021-11-09T15:30:00+00:00,2021-11-09T16:30:00+01:00,NL,553.9,imbalance_long
2021-11-09T15:30:00+00:00,2021-11-09T16:30:00+01:00,NL,553.9,imbalance_short
2021-11-09T15:45:00+00:00,2021-11-09T16:45:00+01:00,DE-LU,-4.32,imbalance_long
2021-11-09T15:45:00+00:00,2021-11-09T16:45:00+01:00,DE-LU,-4.32,imbalance_short
2021-11-09T15:45:00+00:00,2021-11-09T16:45:00+01:00,NL,223.8,imbalance_long
2021-11-09T15:45:00+00:00,2021-11-09T16:45:00+01:00,NL,223.8,imbalance_short
2021-11-09T16:00:00+00:00,2021-11-09T17:00:00+01:00,DE-LU,85.68,imbalance_long
2021-11-09T16:00:00+00:00,2021-11-09T17:00:00+01:00,DE-LU,85.68,imbalance_short
2021-11-09T16:00:00+00:00,2021-11-09T17:00:00+01:00,FR,185.45,imbalance_long
2021-11-09T16:00:00+00:00,2021-11-09T17:00:00+01:00,FR,204.97,imbalance_short
2021-11-09T16:00:00+00:00,2021-11-09T17:00:00+01:00,NL,141.89,imbalance_long
2021-11-09T16:00:00+00:00,2021-11-09T17:00:00+01:00,NL,213.67,imbalance_short
2021-11-09T16:15:00+00:00,2021-11-09T17:15:00+01:00,DE-LU,85.68,imbalance_long
2021-11-09T16:15:00+00:00,2021-11-09T17:15:00+01:00,DE-LU,85.68,imbalance_short
2021-11-09T16:15:00+00:00,2021-11-09T17:15:00+01:00,NL,226.67,imbalance_long
2021-11-09T16:15:00+00:00,2021-11-09T17:15:00+01:00,NL,226.67,imbalance_short
2021-11-09T16:30:00+00:00,2021-11-09T17:30:00+01:00,DE-LU,85.68,imbalance_long
2021-11-09T16:30:00+00:00,2021-11-09T17:30:00+01:00,DE-LU,85.68,imbalance_short
2021-11-09T16:30:00+00:00,2021-11-09T17:30:00+01:00,FR,212.49,imbalance_long
2021-11-09T16:30:00+00:00,2021-11-09T17:30:00+01:00,FR,234.85,imbalance_short
2021-11-09T16:30:00+00:00,2021-11-09T17:30:00+01:00,NL,243.87,imbalance_long
2021-11-09T16:30:00+00:00,2021-11-09T17:30:00+01:00,NL,243.87,imbalance_short
2021-11-09T16:45:00+00:00,2021-11-09T17:45:00+01:00,DE-LU,96.14,imbalance_long
2021-11-09T16:45:00+00:00,2021-11-09T17:45:00+01:00,DE-LU,96.14,imbalance_short
2021-11-09T16:45:00+00:00,2021-11-09T17:45:00+01:00,NL,241.37,imbalance_long
2021-11-09T16:45:00+00:00,2021-11-09T17:45:00+01:00,NL,241.37,imbalance_short
2021-11-09T17:00:00+00:00,2021-11-09T18:00:00+01:00,DE-LU,322.47,imbalance_long
2021-11-09T17:00:00+00:00,2021-11-09T18:00:00+01:00,DE-LU,322.47,imbalance_short
2021-11-09T17:00:00+00:00,2021-11-09T18:00:00+01:00,FR,189.86,imbalance_long
2021-11-09T17:00:00+00:00,2021-11-09T18:00:00+01:00,FR,209.84,imbalance_short
2021-11-09T17:00:00+00:00,2021-11-09T18:00:00+01:00,NL,565.0,imbalance_long
2021-11-09T17:00:00+00:00,2021-11-09T18:00:00+01:00,NL,565.0,imbalance_short
2021-11-09T17:15:00+00:00,2021-11-09T18:15:00+01:00,DE-LU,311.2,imbalance_long
2021-11-09T17:15:00+00:00,2021-11-09T18:15:00+01:00,DE-LU,311.2,imbalance_short
2021-11-09T17:15:00+00:00,2021-11-09T18:15:00+01:00,NL,142.75,imbalance_long
2021-11-09T17:15:00+00:00,2021-11-09T18:15:00+01:00,NL,142.75,imbalance_short
2021-11-09T17:30:00+00:00,2021-11-09T18:30:00+01:00,DE-LU,130.99,imbalance_long
2021-11-09T17:30:00+00:00,2021-11-09T18:30:00+01:00,DE-LU,130.99,imbalance_short
2021-11-09T17:30:00+00:00,2021-11-09T18:30:00+01:00,FR,285.78,imbalance_long
2021-11-09T17:30:00+00:00,2021-11-09T18:30:00+01:00,FR,315.86,imbalance_short
2021-11-09T17:30:00+00:00,2021-11-09T18:30:00+01:00,NL,145.75,imbalance_long
2021-11-09T17:30:00+00:00,2021-11-09T18:30:00+01:00,NL,145.75,imbalance_short
2021-11-09T17:45:00+00:00,2021-11-09T18:45:00+01:00,DE-LU,106.14,imbalance_long
2021-11-09T17:45:00+00:00,2021-11-09T18:45:00+01:00,DE-LU,106.14,imbalance_short
2021-11-09T17:45:00+00:00,2021-11-09T18:45:00+01:00,NL,145.31,imbalance_long
2021-11-09T17:45:00+00:00,2021-11-09T18:45:00+01:00,NL,145.31,imbalance_short
2021-11-09T18:00:00+00:00,2021-11-09T19:00:00+01:00,DE-LU,17.87,imbalance_long
2021-11-09T18:00:00+00:00,2021-11-09T19:00:00+01:00,DE-LU,17.87,imbalance_short
2021-11-09T18:00:00+00:00,2021-11-09T19:00:00+01:00,FR,284.77,imbalance_long
2021-11-09T18:00:00+00:00,2021-11-09T19:00:00+01:00,FR,314.75,imbalance_short
2021-11-09T18:00:00+00:00,2021-11-09T19:00:00+01:00,NL,531.0,imbalance_long
2021-11-09T18:00:00+00:00,2021-11-09T19:00:00+01:00,NL,531.0,imbalance_short
2021-11-09T18:15:00+00:00,2021-11-09T19:15:00+01:00,DE-LU,285.1,imbalance_long
2021-11-09T18:15:00+00:00,2021-11-09T19:15:00+01:00,DE-LU,285.1,imbalance_short
2021-11-09T18:15:00+00:00,2021-11-09T19:15:00+01:00,NL,531.0,imbalance_long
2021-11-09T18:15:00+00:00,2021-11-09T19:15:00+01:00,NL,531.0,imbalance_short
2021-11-09T18:30:00+00:00,2021-11-09T19:30:00+01:00,DE-LU,26.98,imbalance_long
2021-11-09T18:30:00+00:00,2021-11-09T19:30:00+01:00,DE-LU,26.98,imbalance_short
2021-11-09T18:30:00+00:00,2021-11-09T19:30:00+01:00,FR,312.1,imbalance_long
2021-11-09T18:30:00+00:00,2021-11-09T19:30:00+01:00,FR,344.96,imbalance_short
2021-11-09T18:30:00+00:00,2021-11-09T19:30:00+01:00,NL,147.83,imbalance_long
2021-11-09T18:30:00+00:00,2021-11-09T19:30:00+01:00,NL,147.83,imbalance_short
2021-11-09T18:45:00+00:00,2021-11-09T19:45:00+01:00,DE-LU,235.87,imbalance_long
2021-11-09T18:45:00+00:00,2021-11-09T19:45:00+01:00,DE-LU,235.87,imbalance_short
2021-11-09T18:45:00+00:00,2021-11-09T19:45:00+01:00,NL,150.08,imbalance_long
2021-11-09T18:45:00+00:00,2021-11-09T19:45:00+01:00,NL,171.0,imbalance_short
2021-11-09T19:00:00+00:00,2021-11-09T20:00:00+01:00,DE-LU,292.99,imbalance_long
2021-11-09T19:00:00+00:00,2021-11-09T20:00:00+01:00,DE-LU,292.99,imbalance_short
2021-11-09T19:00:00+00:00,2021-11-09T20:00:00+01:00,FR,265.03,imbalance_long
2021-11-09T19:00:00+00:00,2021-11-09T20:00:00+01:00,FR,292.93,imbalance_short
2021-11-09T19:00:00+00:00,2021-11-09T20:00:00+01:00,NL,502.3,imbalance_long
2021-11-09T19:00:00+00:00,2021-11-09T20:00:00+01:00,NL,502.3,imbalance_short
2021-11-09T19:15:00+00:00,2021-11-09T20:15:00+01:00,DE-LU,288.32,imbalance_long
2021-11-09T19:15:00+00:00,2021-11-09T20:15:00+01:00,DE-LU,288.32,imbalance_short
2021-11-09T19:15:00+00:00,2021-11-09T20:15:00+01:00,NL,146.72,imbalance_long
2021-11-09T19:15:00+00:00,2021-11-09T20:15:00+01:00,NL,146.72,imbalance_short
2021-11-09T19:30:00+00:00,2021-11-09T20:30:00+01:00,DE-LU,205.95,imbalance_long
2021-11-09T19:30:00+00:00,2021-11-09T20:30:00+01:00,DE-LU,205.95,imbalance_short
2021-11-09T19:30:00+00:00,2021-11-09T20:30:00+01:00,FR,201.96,imbalance_long
2021-11-09T19:30:00+00:00,2021-11-09T20:30:00+01:00,FR,223.22,imbalance_short
2021-11-09T19:30:00+00:00,2021-11-09T20:30:00+01:00,NL,153.0,imbalance_long
2021-11-09T19:30:00+00:00,2021-11-09T20:30:00+01:00,NL,153.0,imbalance_short
2021-11-09T19:45:00+00:00,2021-11-09T20:45:00+01:00,DE-LU,220.23,imbalance_long
2021-11-09T19:45:00+00:00,2021-11-09T20:45:00+01:00,DE-LU,220.23,imbalance_short
2021-11-09T19:45:00+00:00,2021-11-09T20:45:00+01:00,NL,159.33,imbalance_long
2021-11-09T19:45:00+00:00,2021-11-09T20:45:00+01:00,NL,159.33,imbalance_short
2021-11-09T20:00:00+00:00,2021-11-09T21:00:00+01:00,DE-LU,252.01,imbalance_long
2021-11-09T20:00:00+00:00,2021-11-09T21:00:00+01:00,DE-LU,252.01,imbalance_short
2021-11-09T20:00:00+00:00,2021-11-09T21:00:00+01:00,FR,244.12,imbalance_long
2021-11-09T20:00:00+00:00,2021-11-09T21:00:00+01:00,FR,269.82,imbalance_short
2021-11-09T20:00:00+00:00,2021-11-09T21:00:00+01:00,NL,502.1,imbalance_long
2021-11-09T20:00:00+00:00,2021-11-09T21:00:00+01:00,NL,502.1,imbalance_short
2021-11-09T20:15:00+00:00,2021-11-09T21:15:00+01:00,DE-LU,236.68,imbalance_long
2021-11-09T20:15:00+00:00,2021-11-09T21:15:00+01:00,DE-LU,236.68,imbalance_short
2021-11-09T20:15:00+00:00,2021-11-09T21:15:00+01:00,NL,151.6,imbalance_long
2021-11-09T20:15:00+00:00,2021-11-09T21:15:00+01:00,NL,225.71,imbalance_short
2021-11-09T20:30:00+00:00,2021-11-09T21:30:00+01:00,DE-LU,228.33,imbalance_long
2021-11-09T20:30:00+00:00,2021-11-09T21:30:00+01:00,DE-LU,228.33,imbalance_short
2021-11-09T20:30:00+00:00,2021-11-09T21:30:00+01:00,FR,187.64,imbalance_long
2021-11-09T20:30:00+00:00,2021-11-09T21:30:00+01:00,FR,207.4,imbalance_short
2021-11-09T20:30:00+00:00,2021-11-09T21:30:00+01:00,NL,194.02,imbalance_long
2021-11-09T20:30:00+00:00,2021-11-09T21:30:00+01:00,NL,194.02,imbalance_short
2021-11-09T20:45:00+00:00,2021-11-09T21:45:00+01:00,DE-LU,150.52,imbalance_long
2021-11-09T20:45:00+00:00,2021-11-09T21:45:00+01:00,DE-LU,150.52,imbalance_short
2021-11-09T20:45:00+00:00,2021-11-09T21:45:00+01:00,NL,449.0,imbalance_long
2021-11-09T20:45:00+00:00,2021-11-09T21:45:00+01:00,NL,449.0,imbalance_short
2021-11-09T21:00:00+00:00,2021-11-09T22:00:00+01:00,DE-LU,290.54,imbalance_long
2021-11-09T21:00:00+00:00,2021-11-09T22:00:00+01:00,DE-LU,290.54,imbalance_short
2021-11-09T21:00:00+00:00,2021-11-09T22:00:00+01:00,FR,181.45,imbalance_long
2021-11-09T21:00:00+00:00,2021-11-09T22:00:00+01:00,FR,200.55,imbalance_short
2021-11-09T21:00:00+00:00,2021-11-09T22:00:00+01:00,NL,502.2,imbalance_long
2021-11-09T21:00:00+00:00,2021-11-09T22:00:00+01:00,NL,502.2,imbalance_short
2021-11-09T21:15:00+00:00,2021-11-09T22:15:00+01:00,DE-LU,293.24,imbalance_long
2021-11-09T21:15:00+00:00,2021-11-09T22:15:00+01:00,DE-LU,293.24,imbalance_short
2021-11-09T21:15:00+00:00,2021-11-09T22:15:00+01:00,NL,502.2,imbalance_long
2021-11-09T21:15:00+00:00,2021-11-09T22:15:00+01:00,NL,502.2,imbalance_short
2021-11-09T21:30:00+00:00,2021-11-09T22:30:00+01:00,DE-LU,304.04,imbalance_long
2021-11-09T21:30:00+00:00,2021-11-09T22:30:00+01:00,DE-LU,304.04,imbalance_short
2021-11-09T21:30:00+00:00,2021-11-09T22:30:00+01:00,FR,186.72,imbalance_long
2021-11-09T21:30:00+00:00,2021-11-09T22:30:00+01:00,FR,206.38,imbalance_short
2021-11-09T21:30:00+00:00,2021-11-09T22:30:00+01:00,NL,180.34,imbalance_long
2021-11-09T21:30:00+00:00,2021-11-09T22:30:00+01:00,NL,180.34,imbalance_short
2021-11-09T21:45:00+00:00,2021-11-09T22:45:00+01:00,DE-LU,220.56,imbalance_long
2021-11-09T21:45:00+00:00,2021-11-09T22:45:00+01:00,DE-LU,220.56,imbalance_short
2021-11-09T21:45:00+00:00,2021-11-09T22:45:00+01:00,NL,197.41,imbalance_long
2021-11-09T21:45:00+00:00,2021-11-09T22:45:00+01:00,NL,197.41,imbalance_short
2021-11-09T22:00:00+00:00,2021-11-09T23:00:00+01:00,DE-LU,83.99,imbalance_long
2021-11-09T22:00:00+00:00,2021-11-09T23:00:00+01:00,DE-LU,83.99,imbalance_short
2021-11-09T22:00:00+00:00,2021-11-09T23:00:00+01:00,FR,195.87,imbalance_long
2021-11-09T22:00:00+00:00,2021-11-09T23:00:00+01:00,FR,216.49,imbalance_short
2021-11-09T22:00:00+00:00,2021-11-09T23:00:00+01:00,NL,496.0,imbalance_long
2021-11-09T22:00:00+00:00,2021-11-09T23:00:00+01:00,NL,496.0,imbalance_short
2021-11-09T22:15:00+00:00,2021-11-09T23:15:00+01:00,DE-LU,45.01,imbalance_long
2021-11-09T22:15:00+00:00,2021-11-09T23:15:00+01:00,DE-LU,45.01,imbalance_short
2021-11-09T22:15:00+00:00,2021-11-09T23:15:00+01:00,NL,502.3,imbalance_long
2021-11-09T22:15:00+00:00,2021-11-09T23:15:00+01:00,NL,502.3,imbalance_short
2021-11-09T22:30:00+00:00,2021-11-09T23:30:00+01:00,DE-LU,64.99,imbalance_long
2021-11-09T22:30:00+00:00,2021-11-09T23:30:00+01:00,DE-LU,64.99,imbalance_short
2021-11-09T22:30:00+00:00,2021-11-09T23:30:00+01:00,FR,203.24,imbalance_long
2021-11-09T22:30:00+00:00,2021-11-09T23:30:00+01:00,FR,224.64,imbalance_short
2021-11-09T22:30:00+00:00,2021-11-09T23:30:00+01:00,NL,147.93,imbalance_long
2021-11-09T22:30:00+00:00,2021-11-09T23:30:00+01:00,NL,159.5,imbalance_short
2021-11-09T22:45:00+00:00,2021-11-09T23:45:00+01:00,DE-LU,4.65,imbalance_long
2021-11-09T22:45:00+00:00,2021-11-09T23:45:00+01:00,DE-LU,4.65,imbalance_short
2021-11-09T22:45:00+00:00,2021-11-09T23:45:00+01:00,NL,496.0,imbalance_long
2021-11-09T22:45:00+00:00,2021-11-09T23:45:00+01:00,NL,496.0,imbalance_short
2021-11-09T23:00:00+00:00,2021-11-10T00:00:00+01:00,DE-LU,59.18,imbalance_long
2021-11-09T23:00:00+00:00,2021-11-10T00:00:00+01:00,DE-LU,59.18,imbalance_short
2021-11-09T23:00:00+00:00,2021-11-10T00:00:00+01:00,FR,211.16,imbalance_long
2021-11-09T23:00:00+00:00,2021-11-10T00:00:00+01:00,FR,233.38,imbalance_short
2021-11-09T23:00:00+00:00,2021-11-10T00:00:00+01:00,NL,9.09,imbalance_long
2021-11-09T23:00:00+00:00,2021-11-10T00:00:00+01:00,NL,9.09,imbalance_short
2021-11-09T23:15:00+00:00,2021-11-10T00:15:00+01:00,DE-LU,39.71,imbalance_long
2021-11-09T23:15:00+00:00,2021-11-10T00:15:00+01:00,DE-LU,39.71,imbalance_short
2021-11-09T23:15:00+00:00,2021-11-10T00:15:00+01:00,NL,170.95,imbalance_long
2021-11-09T23:15:00+00:00,2021-11-10T00:15:00+01:00,NL,170.95,imbalance_short
2021-11-09T23:30:00+00:00,2021-11-10T00:30:00+01:00,DE-LU,17.56,imbalance_long
2021-11-09T23:30:00+00:00,2021-11-10T00:30:00+01:00,DE-LU,17.56,imbalance_short
2021-11-09T23:30:00+00:00,2021-11-10T00:30:00+01:00,FR,177.66,imbalance_long
2021-11-09T23:30:00+00:00,2021-11-10T00:30:00+01:00,FR,196.36,imbalance_short
2021-11-09T23:30:00+00:00,2021-11-10T00:30:00+01:00,NL,175.82,imbalance_long
2021-11-09T23:30:00+00:00,2021-11-10T00:30:00+01:00,NL,175.82,imbalance_short
2021-11-09T23:45:00+00:00,2021-11-10T00:45:00+01:00,DE-LU,-9.21,imbalance_long
2021-11-09T23:45:00+00:00,2021-11-10T00:45:00+01:00,DE-LU,-9.21,imbalance_short
2021-11-09T23:45:00+00:00,2021-11-10T00:45:00+01:00,NL,74.07,imbalance_long
2021-11-09T23:45:00+00:00,2021-11-10T00:45:00+01:00,NL,74.07,imbalance_short
2021-11-10T00:00:00+00:00,2021-11-10T01:00:00+01:00,DE-LU,-30.23,imbalance_long
2021-11-10T00:00:00+00:00,2021-11-10T01:00:00+01:00,DE-LU,-30.23,imbalance_short
2021-11-10T00:00:00+00:00,2021-11-10T01:00:00+01:00,FR,218.73,imbalance_long
2021-11-10T00:00:00+00:00,2021-11-10T01:00:00+01:00,FR,241.75,imbalance_short
2021-11-10T00:00:00+00:00,2021-11-10T01:00:00+01:00,NL,62.95,imbalance_long
2021-11-10T00:00:00+00:00,2021-11-10T01:00:00+01:00,NL,62.95,imbalance_short
2021-11-10T00:15:00+00:00,2021-11-10T01:15:00+01:00,DE-LU,27.76,imbalance_long
2021-11-10T00:15:00+00:00,2021-11-10T01:15:00+01:00,DE-LU,27.76,imbalance_short
2021-11-10T00:15:00+00:00,2021-11-10T01:15:00+01:00,NL,82.06,imbalance_long
2021-11-10T00:15:00+00:00,2021-11-10T01:15:00+01:00,NL,82.06,imbalance_short
2021-11-10T00:30:00+00:00,2021-11-10T01:30:00+01:00,DE-LU,159.31,imbalance_long
2021-11-10T00:30:00+00:00,2021-11-10T01:30:00+01:00,DE-LU,159.31,imbalance_short
2021-11-10T00:30:00+00:00,2021-11-10T01:30:00+01:00,FR,208.64,imbalance_long
2021-11-10T00:30:00+00:00,2021-11-10T01:30:00+01:00,FR,230.6,imbalance_short
2021-11-10T00:30:00+00:00,2021-11-10T01:30:00+01:00,NL,124.9,imbalance_long
2021-11-10T00:30:00+00:00,2021-11-10T01:30:00+01:00,NL,124.9,imbalance_short
2021-11-10T00:45:00+00:00,2021-11-10T01:45:00+01:00,DE-LU,43.69,imbalance_long
2021-11-10T00:45:00+00:00,2021-11-10T01:45:00+01:00,DE-LU,43.69,imbalance_short
2021-11-10T00:45:00+00:00,2021-11-10T01:45:00+01:00,NL,62.74,imbalance_long
2021-11-10T00:45:00+00:00,2021-11-10T01:45:00+01:00,NL,62.74,imbalance_short
2021-11-10T01:00:00+00:00,2021-11-10T02:00:00+01:00,DE-LU,191.61,imbalance_long
2021-11-10T01:00:00+00:00,2021-11-10T02:00:00+01:00,DE-LU,191.61,imbalance_short
2021-11-10T01:00:00+00:00,2021-11-10T02:00:00+01:00,FR,209.2,imbalance_long
2021-11-10T01:00:00+00:00,2021-11-10T02:00:00+01:00,FR,231.22,imbalance_short
2021-11-10T01:00:00+00:00,2021-11-10T02:00:00+01:00,NL,108.45,imbalance_long
2021-11-10T01:00:00+00:00,2021-11-10T02:00:00+01:00,NL,108.45,imbalance_short
2021-11-10T01:15:00+00:00,2021-11-10T02:15:00+01:00,DE-LU,189.72,imbalance_long
2021-11-10T01:15:00+00:00,2021-11-10T02:15:00+01:00,DE-LU,189.72,imbalance_short
2021-11-10T01:15:00+00:00,2021-11-10T02:15:00+01:00,NL,132.47,imbalance_long
2021-11-10T01:15:00+00:00,2021-11-10T02:15:00+01:00,NL,132.47,imbalance_short
2021-11-10T01:30:00+00:00,2021-11-10T02:30:00+01:00,DE-LU,206.79,imbalance_long
2021-11-10T01:30:00+00:00,2021-11-10T02:30:00+01:00,DE-LU,206.79,imbalance_short
2021-11-10T01:30:00+00:00,2021-11-10T02:30:00+01:00,FR,208.86,imbalance_long
2021-11-10T01:30:00+00:00,2021-11-10T02:30:00+01:00,FR,230.84,imbalance_short
2021-11-10T01:30:00+00:00,2021-11-10T02:30:00+01:00,NL,143.81,imbalance_long
2021-11-10T01:30:00+00:00,2021-11-10T02:30:00+01:00,NL,143.81,imbalance_short
2021-11-10T01:45:00+00:00,2021-11-10T02:45:00+01:00,DE-LU,191.3,imbalance_long
2021-11-10T01:45:00+00:00,2021-11-10T02:45:00+01:00,DE-LU,191.3,imbalance_short
2021-11-10T01:45:00+00:00,2021-11-10T02:45:00+01:00,NL,150.0,imbalance_long
2021-11-10T01:45:00+00:00,2021-11-10T02:45:00+01:00,NL,150.0,imbalance_short
2021-11-10T02:00:00+00:00,2021-11-10T03:00:00+01:00,DE-LU,278.01,imbalance_long
2021-11-10T02:00:00+00:00,2021-11-10T03:00:00+01:00,DE-LU,278.01,imbalance_short
2021-11-10T02:00:00+00:00,2021-11-10T03:00:00+01:00,FR,202.18,imbalance_long
2021-11-10T02:00:00+00:00,2021-11-10T03:00:00+01:00,FR,223.46,imbalance_short
2021-11-10T02:00:00+00:00,2021-11-10T03:00:00+01:00,NL,150.0,imbalance_long
2021-11-10T02:00:00+00:00,2021-11-10T03:00:00+01:00,NL,150.0,imbalance_short
2021-11-10T02:15:00+00:00,2021-11-10T03:15:00+01:00,DE-LU,284.44,imbalance_long
2021-11-10T02:15:00+00:00,2021-11-10T03:15:00+01:00,DE-LU,284.44,imbalance_short
2021-11-10T02:15:00+00:00,2021-11-10T03:15:00+01:00,NL,179.34,imbalance_long
2021-11-10T02:15:00+00:00,2021-11-10T03:15:00+01:00,NL,179.34,imbalance_short
2021-11-10T02:30:00+00:00,2021-11-10T03:30:00+01:00,DE-LU,265.93,imbalance_long
2021-11-10T02:30:00+00:00,2021-11-10T03:30:00+01:00,DE-LU,265.93,imbalance_short
2021-11-10T02:30:00+00:00,2021-11-10T03:30:00+01:00,FR,203.16,imbalance_long
2021-11-10T02:30:00+00:00,2021-11-10T03:30:00+01:00,FR,224.54,imbalance_short
2021-11-10T02:30:00+00:00,2021-11-10T03:30:00+01:00,NL,186.16,imbalance_long
2021-11-10T02:30:00+00:00,2021-11-10T03:30:00+01:00,NL,186.16,imbalance_short
2021-11-10T02:45:00+00:00,2021-11-10T03:45:00+01:00,DE-LU,216.09,imbalance_long
2021-11-10T02:45:00+00:00,2021-11-10T03:45:00+01:00,DE-LU,216.09,imbalance_short
2021-11-10T02:45:00+00:00,2021-11-10T03:45:00+01:00,NL,180.24,imbalance_long
2021-11-10T02:45:00+00:00,2021-11-10T03:45:00+01:00,NL,180.24,imbalance_short
2021-11-10T03:00:00+00:00,2021-11-10T04:00:00+01:00,DE-LU,249.91,imbalance_long
2021-11-10T03:00:00+00:00,2021-11-10T04:00:00+01:00,DE-LU,249.91,imbalance_short
2021-11-10T03:00:00+00:00,2021-11-10T04:00:00+01:00,FR,64.05,imbalance_long
2021-11-10T03:00:00+00:00,2021-11-10T04:00:00+01:00,FR,70.79,imbalance_short
2021-11-10T03:00:00+00:00,2021-11-10T04:00:00+01:00,NL,210.28,imbalance_long
2021-11-10T03:00:00+00:00,2021-11-10T04:00:00+01:00,NL,210.28,imbalance_short
2021-11-10T03:15:00+00:00,2021-11-10T04:15:00+01:00,DE-LU,262.53,imbalance_long
2021-11-10T03:15:00+00:00,2021-11-10T04:15:00+01:00,DE-LU,262.53,imbalance_short
2021-11-10T03:15:00+00:00,2021-11-10T04:15:00+01:00,NL,305.5,imbalance_long
2021-11-10T03:15:00+00:00,2021-11-10T04:15:00+01:00,NL,305.5,imbalance_short
2021-11-10T03:30:00+00:00,2021-11-10T04:30:00+01:00,DE-LU,255.53,imbalance_long
2021-11-10T03:30:00+00:00,2021-11-10T04:30:00+01:00,DE-LU,255.53,imbalance_short
2021-11-10T03:30:00+00:00,2021-11-10T04:30:00+01:00,FR,174.27,imbalance_long
2021-11-10T03:30:00+00:00,2021-11-10T04:30:00+01:00,FR,192.61,imbalance_short
2021-11-10T03:30:00+00:00,2021-11-10T04:30:00+01:00,NL,194.18,imbalance_long
2021-11-10T03:30:00+00:00,2021-11-10T04:30:00+01:00,NL,194.18,imbalance_short
2021-11-10T03:45:00+00:00,2021-11-10T04:45:00+01:00,DE-LU,259.95,imbalance_long
2021-11-10T03:45:00+00:00,2021-11-10T04:45:00+01:00,DE-LU,259.95,imbalance_short
2021-11-10T03:45:00+00:00,2021-11-10T04:45:00+01:00,NL,305.5,imbalance_long
2021-11-10T03:45:00+00:00,2021-11-10T04:45:00+01:00,NL,305.5,imbalance_short
2021-11-10T04:00:00+00:00,2021-11-10T05:00:00+01:00,DE-LU,231.38,imbalance_long
2021-11-10T04:00:00+00:00,2021-11-10T05:00:00+01:00,DE-LU,231.38,imbalance_short
2021-11-10T04:00:00+00:00,2021-11-10T05:00:00+01:00,FR,149.06,imbalance_long
2021-11-10T04:00:00+00:00,2021-11-10T05:00:00+01:00,FR,164.75,imbalance_short
2021-11-10T04:00:00+00:00,2021-11-10T05:00:00+01:00,NL,169.17,imbalance_long
2021-11-10T04:00:00+00:00,2021-11-10T05:00:00+01:00,NL,169.17,imbalance_short
2021-11-10T04:15:00+00:00,2021-11-10T05:15:00+01:00,DE-LU,278.36,imbalance_long
2021-11-10T04:15:00+00:00,2021-11-10T05:15:00+01:00,DE-LU,278.36,imbalance_short
2021-11-10T04:15:00+00:00,2021-11-10T05:15:00+01:00,NL,191.7,imbalance_long
2021-11-10T04:15:00+00:00,2021-11-10T05:15:00+01:00,NL,191.7,imbalance_short
2021-11-10T04:30:00+00:00,2021-11-10T05:30:00+01:00,DE-LU,301.97,imbalance_long
2021-11-10T04:30:00+00:00,2021-11-10T05:30:00+01:00,DE-LU,301.97,imbalance_short
2021-11-10T04:30:00+00:00,2021-11-10T05:30:00+01:00,FR,175.46,imbalance_long
2021-11-10T04:30:00+00:00,2021-11-10T05:30:00+01:00,FR,193.92,imbalance_short
2021-11-10T04:30:00+00:00,2021-11-10T05:30:00+01:00,NL,153.0,imbalance_long
2021-11-10T04:30:00+00:00,2021-11-10T05:30:00+01:00,NL,153.0,imbalance_short
2021-11-10T04:45:00+00:00,2021-11-10T05:45:00+01:00,DE-LU,295.48,imbalance_long
2021-11-10T04:45:00+00:00,2021-11-10T05:45:00+01:00,DE-LU,295.48,imbalance_short
2021-11-10T04:45:00+00:00,2021-11-10T05:45:00+01:00,NL,144.0,imbalance_long
2021-11-10T04:45:00+00:00,2021-11-10T05:45:00+01:00,NL,153.0,imbalance_short
2021-11-10T05:00:00+00:00,2021-11-10T06:00:00+01:00,DE-LU,258.95,imbalance_long
2021-11-10T05:00:00+00:00,2021-11-10T06:00:00+01:00,DE-LU,258.95,imbalance_short
2021-11-10T05:00:00+00:00,2021-11-10T06:00:00+01:00,FR,170.51,imbalance_long
2021-11-10T05:00:00+00:00,2021-11-10T06:00:00+01:00,FR,188.45,imbalance_short
2021-11-10T05:00:00+00:00,2021-11-10T06:00:00+01:00,NL,474.0,imbalance_long
2021-11-10T05:00:00+00:00,2021-11-10T06:00:00+01:00,NL,474.0,imbalance_short
2021-11-10T05:15:00+00:00,2021-11-10T06:15:00+01:00,DE-LU,287.67,imbalance_long
2021-11-10T05:15:00+00:00,2021-11-10T06:15:00+01:00,DE-LU,287.67,imbalance_short
2021-11-10T05:15:00+00:00,2021-11-10T06:15:00+01:00,NL,474.0,imbalance_long
2021-11-10T05:15:00+00:00,2021-11-10T06:15:00+01:00,NL,474.0,imbalance_short
2021-11-10T05:30:00+00:00,2021-11-10T06:30:00+01:00,DE-LU,321.81,imbalance_long
2021-11-10T05:30:00+00:00,2021-11-10T06:30:00+01:00,DE-LU,321.81,imbalance_short
2021-11-10T05:30:00+00:00,2021-11-10T06:30:00+01:00,FR,220.41,imbalance_long
2021-11-10T05:30:00+00:00,2021-11-10T06:30:00+01:00,FR,243.61,imbalance_short
2021-11-10T05:30:00+00:00,2021-11-10T06:30:00+01:00,NL,139.0,imbalance_long
2021-11-10T05:30:00+00:00,2021-11-10T06:30:00+01:00,NL,139.0,imbalance_short
2021-11-10T05:45:00+00:00,2021-11-10T06:45:00+01:00,DE-LU,336.21,imbalance_long
2021-11-10T05:45:00+00:00,2021-11-10T06:45:00+01:00,DE-LU,336.21,imbalance_short
2021-11-10T05:45:00+00:00,2021-11-10T06:45:00+01:00,NL,136.72,imbalance_long
2021-11-10T05:45:00+00:00,2021-11-10T06:45:00+01:00,NL,525.0,imbalance_short
2021-11-10T06:00:00+00:00,2021-11-10T07:00:00+01:00,DE-LU,278.75,imbalance_long
2021-11-10T06:00:00+00:00,2021-11-10T07:00:00+01:00,DE-LU,278.75,imbalance_short
2021-11-10T06:00:00+00:00,2021-11-10T07:00:00+01:00,FR,215.96,imbalance_long
2021-11-10T06:00:00+00:00,2021-11-10T07:00:00+01:00,FR,238.7,imbalance_short
2021-11-10T06:00:00+00:00,2021-11-10T07:00:00+01:00,NL,554.98,imbalance_long
2021-11-10T06:00:00+00:00,2021-11-10T07:00:00+01:00,NL,554.98,imbalance_short
2021-11-10T06:15:00+00:00,2021-11-10T07:15:00+01:00,DE-LU,317.93,imbalance_long
2021-11-10T06:15:00+00:00,2021-11-10T07:15:00+01:00,DE-LU,317.93,imbalance_short
2021-11-10T06:15:00+00:00,2021-11-10T07:15:00+01:00,NL,142.12,imbalance_long
2021-11-10T06:15:00+00:00,2021-11-10T07:15:00+01:00,NL,480.44,imbalance_short
2021-11-10T06:30:00+00:00,2021-11-10T07:30:00+01:00,DE-LU,343.38,imbalance_long
2021-11-10T06:30:00+00:00,2021-11-10T07:30:00+01:00,DE-LU,343.38,imbalance_short
2021-11-10T06:30:00+00:00,2021-11-10T07:30:00+01:00,FR,244.35,imbalance_long
2021-11-10T06:30:00+00:00,2021-11-10T07:30:00+01:00,FR,270.07,imbalance_short
2021-11-10T06:30:00+00:00,2021-11-10T07:30:00+01:00,NL,554.98,imbalance_long
2021-11-10T06:30:00+00:00,2021-11-10T07:30:00+01:00,NL,554.98,imbalance_short
2021-11-10T06:45:00+00:00,2021-11-10T07:45:00+01:00,DE-LU,352.33,imbalance_long
2021-11-10T06:45:00+00:00,2021-11-10T07:45:00+01:00,DE-LU,352.33,imbalance_short
2021-11-10T06:45:00+00:00,2021-11-10T07:45:00+01:00,NL,480.44,imbalance_long
2021-11-10T06:45:00+00:00,2021-11-10T07:45:00+01:00,NL,480.44,imbalance_short
2021-11-10T07:00:00+00:00,2021-11-10T08:00:00+01:00,DE-LU,383.13,imbalance_long
2021-11-10T07:00:00+00:00,2021-11-10T08:00:00+01:00,DE-LU,383.13,imbalance_short
2021-11-10T07:00:00+00:00,2021-11-10T08:00:00+01:00,FR,280.03,imbalance_long
2021-11-10T07:00:00+00:00,2021-11-10T08:00:00+01:00,FR,309.51,imbalance_short
2021-11-10T07:00:00+00:00,2021-11-10T08:00:00+01:00,NL,174.9,imbalance_long
2021-11-10T07:00:00+00:00,2021-11-10T08:00:00+01:00,NL,174.9,imbalance_short
2021-11-10T07:15:00+00:00,2021-11-10T08:15:00+01:00,DE-LU,307.26,imbalance_long
2021-11-10T07:15:00+00:00,2021-11-10T08:15:00+01:00,DE-LU,307.26,imbalance_short
2021-11-10T07:15:00+00:00,2021-11-10T08:15:00+01:00,NL,480.5,imbalance_long
2021-11-10T07:15:00+00:00,2021-11-10T08:15:00+01:00,NL,480.5,imbalance_short
2021-11-10T07:30:00+00:00,2021-11-10T08:30:00+01:00,DE-LU,314.61,imbalance_long
2021-11-10T07:30:00+00:00,2021-11-10T08:30:00+01:00,DE-LU,314.61,imbalance_short
2021-11-10T07:30:00+00:00,2021-11-10T08:30:00+01:00,FR,268.39,imbalance_long
2021-11-10T07:30:00+00:00,2021-11-10T08:30:00+01:00,FR,296.65,imbalance_short
2021-11-10T07:30:00+00:00,2021-11-10T08:30:00+01:00,NL,480.5,imbalance_long
2021-11-10T07:30:00+00:00,2021-11-10T08:30:00+01:00,NL,480.5,imbalance_short
2021-11-10T07:45:00+00:00,2021-11-10T08:45:00+01:00,DE-LU,318.07,imbalance_long
2021-11-10T07:45:00+00:00,2021-11-10T08:45:00+01:00,DE-LU,318.07,imbalance_short
2021-11-10T07:45:00+00:00,2021-11-10T08:45:00+01:00,NL,184.84,imbalance_long
2021-11-10T07:45:00+00:00,2021-11-10T08:45:00+01:00,NL,184.84,imbalance_short
2021-11-10T08:00:00+00:00,2021-11-10T09:00:00+01:00,DE-LU,441.62,imbalance_long
2021-11-10T08:00:00+00:00,2021-11-10T09:00:00+01:00,DE-LU,441.62,imbalance_short
2021-11-10T08:00:00+00:00,2021-11-10T09:00:00+01:00,FR,252.42,imbalance_long
2021-11-10T08:00:00+00:00,2021-11-10T09:00:00+01:00,FR,279.0,imbalance_short
2021-11-10T08:00:00+00:00,2021-11-10T09:00:00+01:00,NL,157.07,imbalance_long
2021-11-10T08:00:00+00:00,2021-11-10T09:00:00+01:00,NL,157.07,imbalance_short
2021-11-10T08:15:00+00:00,2021-11-10T09:15:00+01:00,DE-LU,462.91,imbalance_long
2021-11-10T08:15:00+00:00,2021-11-10T09:15:00+01:00,DE-LU,462.91,imbalance_short
2021-11-10T08:15:00+00:00,2021-11-10T09:15:00+01:00,NL,506.06,imbalance_long
2021-11-10T08:15:00+00:00,2021-11-10T09:15:00+01:00,NL,506.06,imbalance_short
2021-11-10T08:30:00+00:00,2021-11-10T09:30:00+01:00,DE-LU,366.58,imbalance_long
2021-11-10T08:30:00+00:00,2021-11-10T09:30:00+01:00,DE-LU,366.58,imbalance_short
2021-11-10T08:30:00+00:00,2021-11-10T09:30:00+01:00,FR,249.38,imbalance_long
2021-11-10T08:30:00+00:00,2021-11-10T09:30:00+01:00,FR,275.63,imbalance_short
2021-11-10T08:30:00+00:00,2021-11-10T09:30:00+01:00,NL,144.67,imbalance_long
2021-11-10T08:30:00+00:00,2021-11-10T09:30:00+01:00,NL,144.67,imbalance_short
2021-11-10T08:45:00+00:00,2021-11-10T09:45:00+01:00,DE-LU,276.0,imbalance_long
2021-11-10T08:45:00+00:00,2021-11-10T09:45:00+01:00,DE-LU,276.0,imbalance_short
2021-11-10T08:45:00+00:00,2021-11-10T09:45:00+01:00,NL,149.08,imbalance_long
2021-11-10T08:45:00+00:00,2021-11-10T09:45:00+01:00,NL,149.08,imbalance_short
2021-11-10T09:00:00+00:00,2021-11-10T10:00:00+01:00,DE-LU,240.6,imbalance_long
2021-11-10T09:00:00+00:00,2021-11-10T10:00:00+01:00,DE-LU,240.6,imbalance_short
2021-11-10T09:00:00+00:00,2021-11-10T10:00:00+01:00,FR,235.68,imbalance_long
2021-11-10T09:00:00+00:00,2021-11-10T10:00:00+01:00,FR,260.48,imbalance_short
2021-11-10T09:00:00+00:00,2021-11-10T10:00:00+01:00,NL,498.14,imbalance_long
2021-11-10T09:00:00+00:00,2021-11-10T10:00:00+01:00,NL,498.14,imbalance_short
2021-11-10T09:15:00+00:00,2021-11-10T10:15:00+01:00,DE-LU,230.28,imbalance_long
2021-11-10T09:15:00+00:00,2021-11-10T10:15:00+01:00,DE-LU,230.28,imbalance_short
2021-11-10T09:15:00+00:00,2021-11-10T10:15:00+01:00,NL,160.06,imbalance_long
2021-11-10T09:15:00+00:00,2021-11-10T10:15:00+01:00,NL,160.06,imbalance_short
2021-11-10T09:30:00+00:00,2021-11-10T10:30:00+01:00,DE-LU,223.36,imbalance_long
2021-11-10T09:30:00+00:00,2021-11-10T10:30:00+01:00,DE-LU,223.36,imbalance_short
2021-11-10T09:30:00+00:00,2021-11-10T10:30:00+01:00,FR,231.02,imbalance_long
2021-11-10T09:30:00+00:00,2021-11-10T10:30:00+01:00,FR,255.34,imbalance_short
2021-11-10T09:30:00+00:00,2021-11-10T10:30:00+01:00,NL,151.58,imbalance_long
2021-11-10T09:30:00+00:00,2021-11-10T10:30:00+01:00,NL,151.58,imbalance_short
2021-11-10T09:45:00+00:00,2021-11-10T10:45:00+01:00,DE-LU,228.11,imbalance_long
2021-11-10T09:45:00+00:00,2021-11-10T10:45:00+01:00,DE-LU,228.11,imbalance_short
2021-11-10T09:45:00+00:00,2021-11-10T10:45:00+01:00,NL,160.67,imbalance_long
2021-11-10T09:45:00+00:00,2021-11-10T10:45:00+01:00,NL,160.67,imbalance_short
2021-11-10T10:00:00+00:00,2021-11-10T11:00:00+01:00,DE-LU,266.21,imbalance_long
2021-11-10T10:00:00+00:00,2021-11-10T11:00:00+01:00,DE-LU,266.21,imbalance_short
2021-11-10T10:00:00+00:00,2021-11-10T11:00:00+01:00,FR,237.91,imbalance_long
2021-11-10T10:00:00+00:00,2021-11-10T11:00:00+01:00,FR,262.95,imbalance_short
2021-11-10T10:00:00+00:00,2021-11-10T11:00:00+01:00,NL,59.74,imbalance_long
2021-11-10T10:00:00+00:00,2021-11-10T11:00:00+01:00,NL,59.74,imbalance_short
2021-11-10T10:15:00+00:00,2021-11-10T11:15:00+01:00,DE-LU,288.41,imbalance_long
2021-11-10T10:15:00+00:00,2021-11-10T11:15:00+01:00,DE-LU,288.41,imbalance_short
2021-11-10T10:15:00+00:00,2021-11-10T11:15:00+01:00,NL,56.74,imbalance_long
2021-11-10T10:15:00+00:00,2021-11-10T11:15:00+01:00,NL,56.74,imbalance_short
2021-11-10T10:30:00+00:00,2021-11-10T11:30:00+01:00,DE-LU,502.72,imbalance_long
2021-11-10T10:30:00+00:00,2021-11-10T11:30:00+01:00,DE-LU,502.72,imbalance_short
2021-11-10T10:30:00+00:00,2021-11-10T11:30:00+01:00,FR,245.14,imbalance_long
2021-11-10T10:30:00+00:00,2021-11-10T11:30:00+01:00,FR,270.94,imbalance_short
2021-11-10T10:30:00+00:00,2021-11-10T11:30:00+01:00,NL,9.94,imbalance_long
2021-11-10T10:30:00+00:00,2021-11-10T11:30:00+01:00,NL,9.94,imbalance_short
2021-11-10T10:45:00+00:00,2021-11-10T11:45:00+01:00,DE-LU,461.43,imbalance_long
2021-11-10T10:45:00+00:00,2021-11-10T11:45:00+01:00,DE-LU,461.43,imbalance_short
2021-11-10T10:45:00+00:00,2021-11-10T11:45:00+01:00,NL,90.81,imbalance_long
2021-11-10T10:45:00+00:00,2021-11-10T11:45:00+01:00,NL,90.81,imbalance_short
2021-11-10T11:00:00+00:00,2021-11-10T12:00:00+01:00,DE-LU,500.14,imbalance_long
2021-11-10T11:00:00+00:00,2021-11-10T12:00:00+01:00,DE-LU,500.14,imbalance_short
2021-11-10T11:00:00+00:00,2021-11-10T12:00:00+01:00,FR,238.85,imbalance_long
2021-11-10T11:00:00+00:00,2021-11-10T12:00:00+01:00,FR,263.99,imbalance_short
2021-11-10T11:00:00+00:00,2021-11-10T12:00:00+01:00,NL,56.74,imbalance_long
2021-11-10T11:00:00+00:00,2021-11-10T12:00:00+01:00,NL,56.74,imbalance_short
2021-11-10T11:15:00+00:00,2021-11-10T12:15:00+01:00,DE-LU,310.86,imbalance_long
2021-11-10T11:15:00+00:00,2021-11-10T12:15:00+01:00,DE-LU,310.86,imbalance_short
2021-11-10T11:15:00+00:00,2021-11-10T12:15:00+01:00,NL,104.36,imbalance_long
2021-11-10T11:15:00+00:00,2021-11-10T12:15:00+01:00,NL,104.36,imbalance_short
2021-11-10T11:30:00+00:00,2021-11-10T12:30:00+01:00,DE-LU,343.07,imbalance_long
2021-11-10T11:30:00+00:00,2021-11-10T12:30:00+01:00,DE-LU,343.07,imbalance_short
2021-11-10T11:30:00+00:00,2021-11-10T12:30:00+01:00,FR,239.1,imbalance_long
2021-11-10T11:30:00+00:00,2021-11-10T12:30:00+01:00,FR,264.26,imbalance_short
2021-11-10T11:30:00+00:00,2021-11-10T12:30:00+01:00,NL,138.07,imbalance_long
2021-11-10T11:30:00+00:00,2021-11-10T12:30:00+01:00,NL,138.07,imbalance_short
2021-11-10T11:45:00+00:00,2021-11-10T12:45:00+01:00,DE-LU,363.49,imbalance_long
2021-11-10T11:45:00+00:00,2021-11-10T12:45:00+01:00,DE-LU,363.49,imbalance_short
2021-11-10T11:45:00+00:00,2021-11-10T12:45:00+01:00,NL,97.33,imbalance_long
2021-11-10T11:45:00+00:00,2021-11-10T12:45:00+01:00,NL,97.33,imbalance_short
2021-11-10T12:00:00+00:00,2021-11-10T13:00:00+01:00,DE-LU,346.28,imbalance_long
2021-11-10T12:00:00+00:00,2021-11-10T13:00:00+01:00,DE-LU,346.28,imbalance_short
2021-11-10T12:00:00+00:00,2021-11-10T13:00:00+01:00,FR,222.81,imbalance_long
2021-11-10T12:00:00+00:00,2021-11-10T13:00:00+01:00,FR,246.27,imbalance_short
2021-11-10T12:00:00+00:00,2021-11-10T13:00:00+01:00,NL,114.33,imbalance_long
2021-11-10T12:00:00+00:00,2021-11-10T13:00:00+01:00,NL,114.33,imbalance_short
2021-11-10T12:15:00+00:00,2021-11-10T13:15:00+01:00,DE-LU,391.61,imbalance_long
2021-11-10T12:15:00+00:00,2021-11-10T13:15:00+01:00,DE-LU,391.61,imbalance_short
2021-11-10T12:15:00+00:00,2021-11-10T13:15:00+01:00,NL,144.24,imbalance_long
2021-11-10T12:15:00+00:00,2021-11-10T13:15:00+01:00,NL,144.24,imbalance_short
2021-11-10T12:30:00+00:00,2021-11-10T13:30:00+01:00,DE-LU,404.32,imbalance_long
2021-11-10T12:30:00+00:00,2021-11-10T13:30:00+01:00,DE-LU,404.32,imbalance_short
2021-11-10T12:30:00+00:00,2021-11-10T13:30:00+01:00,FR,227.53,imbalance_long
2021-11-10T12:30:00+00:00,2021-11-10T13:30:00+01:00,FR,251.48,imbalance_short
2021-11-10T12:30:00+00:00,2021-11-10T13:30:00+01:00,NL,144.24,imbalance_long
2021-11-10T12:30:00+00:00,2021-11-10T13:30:00+01:00,NL,144.24,imbalance_short
2021-11-10T12:45:00+00:00,2021-11-10T13:45:00+01:00,DE-LU,80.83,imbalance_long
2021-11-10T12:45:00+00:00,2021-11-10T13:45:00+01:00,DE-LU,80.83,imbalance_short
2021-11-10T12:45:00+00:00,2021-11-10T13:45:00+01:00,NL,144.24,imbalance_long
2021-11-10T12:45:00+00:00,2021-11-10T13:45:00+01:00,NL,144.24,imbalance_short
2021-11-10T13:00:00+00:00,2021-11-10T14:00:00+01:00,DE-LU,130.09,imbalance_long
2021-11-10T13:00:00+00:00,2021-11-10T14:00:00+01:00,DE-LU,130.09,imbalance_short
2021-11-10T13:00:00+00:00,2021-11-10T14:00:00+01:00,FR,227.75,imbalance_long
2021-11-10T13:00:00+00:00,2021-11-10T14:00:00+01:00,FR,251.73,imbalance_short
2021-11-10T13:00:00+00:00,2021-11-10T14:00:00+01:00,NL,271.37,imbalance_long
2021-11-10T13:00:00+00:00,2021-11-10T14:00:00+01:00,NL,271.37,imbalance_short
2021-11-10T13:15:00+00:00,2021-11-10T14:15:00+01:00,DE-LU,64.2,imbalance_long
2021-11-10T13:15:00+00:00,2021-11-10T14:15:00+01:00,DE-LU,64.2,imbalance_short
2021-11-10T13:15:00+00:00,2021-11-10T14:15:00+01:00,NL,561.93,imbalance_long
2021-11-10T13:15:00+00:00,2021-11-10T14:15:00+01:00,NL,561.93,imbalance_short
2021-11-10T13:30:00+00:00,2021-11-10T14:30:00+01:00,DE-LU,270.92,imbalance_long
2021-11-10T13:30:00+00:00,2021-11-10T14:30:00+01:00,DE-LU,270.92,imbalance_short
2021-11-10T13:30:00+00:00,2021-11-10T14:30:00+01:00,FR,226.46,imbalance_long
2021-11-10T13:30:00+00:00,2021-11-10T14:30:00+01:00,FR,250.3,imbalance_short
2021-11-10T13:30:00+00:00,2021-11-10T14:30:00+01:00,NL,561.93,imbalance_long
2021-11-10T13:30:00+00:00,2021-11-10T14:30:00+01:00,NL,561.93,imbalance_short
2021-11-10T13:45:00+00:00,2021-11-10T14:45:00+01:00,DE-LU,315.69,imbalance_long
2021-11-10T13:45:00+00:00,2021-11-10T14:45:00+01:00,DE-LU,315.69,imbalance_short
2021-11-10T13:45:00+00:00,2021-11-10T14:45:00+01:00,NL,561.93,imbalance_long
2021-11-10T13:45:00+00:00,2021-11-10T14:45:00+01:00,NL,561.93,imbalance_short
2021-11-10T14:00:00+00:00,2021-11-10T15:00:00+01:00,DE-LU,325.08,imbalance_long
2021-11-10T14:00:00+00:00,2021-11-10T15:00:00+01:00,DE-LU,325.08,imbalance_short
2021-11-10T14:00:00+00:00,2021-11-10T15:00:00+01:00,FR,231.0,imbalance_long
2021-11-10T14:00:00+00:00,2021-11-10T15:00:00+01:00,FR,255.32,imbalance_short
2021-11-10T14:00:00+00:00,2021-11-10T15:00:00+01:00,NL,586.62,imbalance_long
2021-11-10T14:00:00+00:00,2021-11-10T15:00:00+01:00,NL,586.62,imbalance_short
2021-11-10T14:15:00+00:00,2021-11-10T15:15:00+01:00,DE-LU,358.24,imbalance_long
2021-11-10T14:15:00+00:00,2021-11-10T15:15:00+01:00,DE-LU,358.24,imbalance_short
2021-11-10T14:15:00+00:00,2021-11-10T15:15:00+01:00,NL,586.62,imbalance_long
2021-11-10T14:15:00+00:00,2021-11-10T15:15:00+01:00,NL,586.62,imbalance_short
2021-11-10T14:30:00+00:00,2021-11-10T15:30:00+01:00,DE-LU,363.77,imbalance_long
2021-11-10T14:30:00+00:00,2021-11-10T15:30:00+01:00,DE-LU,363.77,imbalance_short
2021-11-10T14:30:00+00:00,2021-11-10T15:30:00+01:00,FR,231.19,imbalance_long
2021-11-10T14:30:00+00:00,2021-11-10T15:30:00+01:00,FR,255.53,imbalance_short
2021-11-10T14:30:00+00:00,2021-11-10T15:30:00+01:00,NL,134.92,imbalance_long
2021-11-10T14:30:00+00:00,2021-11-10T15:30:00+01:00,NL,134.92,imbalance_short
2021-11-10T14:45:00+00:00,2021-11-10T15:45:00+01:00,DE-LU,5.96,imbalance_long
2021-11-10T14:45:00+00:00,2021-11-10T15:45:00+01:00,DE-LU,5.96,imbalance_short
2021-11-10T14:45:00+00:00,2021-11-10T15:45:00+01:00,NL,223.47,imbalance_long
2021-11-10T14:45:00+00:00,2021-11-10T15:45:00+01:00,NL,223.47,imbalance_short
2021-11-10T15:00:00+00:00,2021-11-10T16:00:00+01:00,DE-LU,106.62,imbalance_long
2021-11-10T15:00:00+00:00,2021-11-10T16:00:00+01:00,DE-LU,106.62,imbalance_short
2021-11-10T15:00:00+00:00,2021-11-10T16:00:00+01:00,FR,244.45,imbalance_long
2021-11-10T15:00:00+00:00,2021-11-10T16:00:00+01:00,FR,270.19,imbalance_short
2021-11-10T15:00:00+00:00,2021-11-10T16:00:00+01:00,NL,138.07,imbalance_long
2021-11-10T15:00:00+00:00,2021-11-10T16:00:00+01:00,NL,138.07,imbalance_short
2021-11-10T15:15:00+00:00,2021-11-10T16:15:00+01:00,DE-LU,156.73,imbalance_long
2021-11-10T15:15:00+00:00,2021-11-10T16:15:00+01:00,DE-LU,156.73,imbalance_short
2021-11-10T15:15:00+00:00,2021-11-10T16:15:00+01:00,NL,165.91,imbalance_long
2021-11-10T15:15:00+00:00,2021-11-10T16:15:00+01:00,NL,165.91,imbalance_short
2021-11-10T15:30:00+00:00,2021-11-10T16:30:00+01:00,DE-LU,-156.45,imbalance_long
2021-11-10T15:30:00+00:00,2021-11-10T16:30:00+01:00,DE-LU,-156.45,imbalance_short
2021-11-10T15:30:00+00:00,2021-11-10T16:30:00+01:00,FR,251.9,imbalance_long
2021-11-10T15:30:00+00:00,2021-11-10T16:30:00+01:00,FR,278.42,imbalance_short
2021-11-10T15:30:00+00:00,2021-11-10T16:30:00+01:00,NL,210.06,imbalance_long
2021-11-10T15:30:00+00:00,2021-11-10T16:30:00+01:00,NL,210.06,imbalance_short
2021-11-10T15:45:00+00:00,2021-11-10T16:45:00+01:00,DE-LU,384.91,imbalance_long
2021-11-10T15:45:00+00:00,2021-11-10T16:45:00+01:00,DE-LU,384.91,imbalance_short
2021-11-10T15:45:00+00:00,2021-11-10T16:45:00+01:00,NL,600.06,imbalance_long
2021-11-10T15:45:00+00:00,2021-11-10T16:45:00+01:00,NL,600.06,imbalance_short
2021-11-10T16:00:00+00:00,2021-11-10T17:00:00+01:00,DE-LU,437.46,imbalance_long
2021-11-10T16:00:00+00:00,2021-11-10T17:00:00+01:00,DE-LU,437.46,imbalance_short
2021-11-10T16:00:00+00:00,2021-11-10T17:00:00+01:00,FR,246.19,imbalance_long
2021-11-10T16:00:00+00:00,2021-11-10T17:00:00+01:00,FR,272.11,imbalance_short
2021-11-10T16:00:00+00:00,2021-11-10T17:00:00+01:00,NL,138.07,imbalance_long
2021-11-10T16:00:00+00:00,2021-11-10T17:00:00+01:00,NL,138.07,imbalance_short
2021-11-10T16:15:00+00:00,2021-11-10T17:15:00+01:00,DE-LU,550.79,imbalance_long
2021-11-10T16:15:00+00:00,2021-11-10T17:15:00+01:00,DE-LU,550.79,imbalance_short
2021-11-10T16:15:00+00:00,2021-11-10T17:15:00+01:00,NL,177.11,imbalance_long
2021-11-10T16:15:00+00:00,2021-11-10T17:15:00+01:00,NL,177.11,imbalance_short
2021-11-10T16:30:00+00:00,2021-11-10T17:30:00+01:00,DE-LU,630.77,imbalance_long
2021-11-10T16:30:00+00:00,2021-11-10T17:30:00+01:00,DE-LU,630.77,imbalance_short
2021-11-10T16:30:00+00:00,2021-11-10T17:30:00+01:00,FR,351.73,imbalance_long
2021-11-10T16:30:00+00:00,2021-11-10T17:30:00+01:00,FR,388.75,imbalance_short
2021-11-10T16:30:00+00:00,2021-11-10T17:30:00+01:00,NL,210.44,imbalance_long
2021-11-10T16:30:00+00:00,2021-11-10T17:30:00+01:00,NL,210.44,imbalance_short
2021-11-10T16:45:00+00:00,2021-11-10T17:45:00+01:00,DE-LU,944.84,imbalance_long
2021-11-10T16:45:00+00:00,2021-11-10T17:45:00+01:00,DE-LU,944.84,imbalance_short
2021-11-10T16:45:00+00:00,2021-11-10T17:45:00+01:00,NL,298.0,imbalance_long
2021-11-10T16:45:00+00:00,2021-11-10T17:45:00+01:00,NL,298.0,imbalance_short
2021-11-10T17:00:00+00:00,2021-11-10T18:00:00+01:00,DE-LU,481.58,imbalance_long
2021-11-10T17:00:00+00:00,2021-11-10T18:00:00+01:00,DE-LU,481.58,imbalance_short
2021-11-10T17:00:00+00:00,2021-11-10T18:00:00+01:00,FR,259.66,imbalance_long
2021-11-10T17:00:00+00:00,2021-11-10T18:00:00+01:00,FR,287.0,imbalance_short
2021-11-10T17:00:00+00:00,2021-11-10T18:00:00+01:00,NL,312.42,imbalance_long
2021-11-10T17:00:00+00:00,2021-11-10T18:00:00+01:00,NL,312.42,imbalance_short
2021-11-10T17:15:00+00:00,2021-11-10T18:15:00+01:00,DE-LU,309.73,imbalance_long
2021-11-10T17:15:00+00:00,2021-11-10T18:15:00+01:00,DE-LU,309.73,imbalance_short
2021-11-10T17:15:00+00:00,2021-11-10T18:15:00+01:00,NL,199.22,imbalance_long
2021-11-10T17:15:00+00:00,2021-11-10T18:15:00+01:00,NL,199.22,imbalance_short
2021-11-10T17:30:00+00:00,2021-11-10T18:30:00+01:00,DE-LU,360.11,imbalance_long
2021-11-10T17:30:00+00:00,2021-11-10T18:30:00+01:00,DE-LU,360.11,imbalance_short
2021-11-10T17:30:00+00:00,2021-11-10T18:30:00+01:00,FR,343.84,imbalance_long
2021-11-10T17:30:00+00:00,2021-11-10T18:30:00+01:00,FR,380.04,imbalance_short
2021-11-10T17:30:00+00:00,2021-11-10T18:30:00+01:00,NL,138.07,imbalance_long
2021-11-10T17:30:00+00:00,2021-11-10T18:30:00+01:00,NL,138.07,imbalance_short
2021-11-10T17:45:00+00:00,2021-11-10T18:45:00+01:00,DE-LU,19.84,imbalance_long
2021-11-10T17:45:00+00:00,2021-11-10T18:45:00+01:00,DE-LU,19.84,imbalance_short
2021-11-10T17:45:00+00:00,2021-11-10T18:45:00+01:00,NL,195.74,imbalance_long
2021-11-10T17:45:00+00:00,2021-11-10T18:45:00+01:00,NL,195.74,imbalance_short
2021-11-10T18:00:00+00:00,2021-11-10T19:00:00+01:00,DE-LU,73.71,imbalance_long
2021-11-10T18:00:00+00:00,2021-11-10T19:00:00+01:00,DE-LU,73.71,imbalance_short
2021-11-10T18:00:00+00:00,2021-11-10T19:00:00+01:00,FR,253.53,imbalance_long
2021-11-10T18:00:00+00:00,2021-11-10T19:00:00+01:00,FR,280.21,imbalance_short
2021-11-10T18:00:00+00:00,2021-11-10T19:00:00+01:00,NL,212.3,imbalance_long
2021-11-10T18:00:00+00:00,2021-11-10T19:00:00+01:00,NL,212.3,imbalance_short
2021-11-10T18:15:00+00:00,2021-11-10T19:15:00+01:00,DE-LU,-29.33,imbalance_long
2021-11-10T18:15:00+00:00,2021-11-10T19:15:00+01:00,DE-LU,-29.33,imbalance_short
2021-11-10T18:15:00+00:00,2021-11-10T19:15:00+01:00,NL,188.5,imbalance_long
2021-11-10T18:15:00+00:00,2021-11-10T19:15:00+01:00,NL,188.5,imbalance_short
2021-11-10T18:30:00+00:00,2021-11-10T19:30:00+01:00,DE-LU,188.82,imbalance_long
2021-11-10T18:30:00+00:00,2021-11-10T19:30:00+01:00,DE-LU,188.82,imbalance_short
2021-11-10T18:30:00+00:00,2021-11-10T19:30:00+01:00,FR,252.1,imbalance_long
2021-11-10T18:30:00+00:00,2021-11-10T19:30:00+01:00,FR,278.64,imbalance_short
2021-11-10T18:30:00+00:00,2021-11-10T19:30:00+01:00,NL,139.0,imbalance_long
2021-11-10T18:30:00+00:00,2021-11-10T19:30:00+01:00,NL,139.0,imbalance_short
2021-11-10T18:45:00+00:00,2021-11-10T19:45:00+01:00,DE-LU,181.89,imbalance_long
2021-11-10T18:45:00+00:00,2021-11-10T19:45:00+01:00,DE-LU,181.89,imbalance_short
2021-11-10T18:45:00+00:00,2021-11-10T19:45:00+01:00,NL,143.07,imbalance_long
2021-11-10T18:45:00+00:00,2021-11-10T19:45:00+01:00,NL,143.07,imbalance_short
2021-11-10T19:00:00+00:00,2021-11-10T20:00:00+01:00,DE-LU,348.01,imbalance_long
2021-11-10T19:00:00+00:00,2021-11-10T20:00:00+01:00,DE-LU,348.01,imbalance_short
2021-11-10T19:00:00+00:00,2021-11-10T20:00:00+01:00,FR,280.66,imbalance_long
2021-11-10T19:00:00+00:00,2021-11-10T20:00:00+01:00,FR,310.2,imbalance_short
2021-11-10T19:00:00+00:00,2021-11-10T20:00:00+01:00,NL,569.93,imbalance_long
2021-11-10T19:00:00+00:00,2021-11-10T20:00:00+01:00,NL,569.93,imbalance_short
2021-11-10T19:15:00+00:00,2021-11-10T20:15:00+01:00,DE-LU,329.88,imbalance_long
2021-11-10T19:15:00+00:00,2021-11-10T20:15:00+01:00,DE-LU,329.88,imbalance_short
2021-11-10T19:15:00+00:00,2021-11-10T20:15:00+01:00,NL,146.0,imbalance_long
2021-11-10T19:15:00+00:00,2021-11-10T20:15:00+01:00,NL,569.93,imbalance_short
2021-11-10T19:30:00+00:00,2021-11-10T20:30:00+01:00,DE-LU,284.42,imbalance_long
2021-11-10T19:30:00+00:00,2021-11-10T20:30:00+01:00,DE-LU,284.42,imbalance_short
2021-11-10T19:30:00+00:00,2021-11-10T20:30:00+01:00,FR,229.07,imbalance_long
2021-11-10T19:30:00+00:00,2021-11-10T20:30:00+01:00,FR,253.19,imbalance_short
2021-11-10T19:30:00+00:00,2021-11-10T20:30:00+01:00,NL,146.0,imbalance_long
2021-11-10T19:30:00+00:00,2021-11-10T20:30:00+01:00,NL,146.0,imbalance_short
2021-11-10T19:45:00+00:00,2021-11-10T20:45:00+01:00,DE-LU,245.38,imbalance_long
2021-11-10T19:45:00+00:00,2021-11-10T20:45:00+01:00,DE-LU,245.38,imbalance_short
2021-11-10T19:45:00+00:00,2021-11-10T20:45:00+01:00,NL,162.97,imbalance_long
2021-11-10T19:45:00+00:00,2021-11-10T20:45:00+01:00,NL,162.97,imbalance_short
2021-11-10T20:00:00+00:00,2021-11-10T21:00:00+01:00,DE-LU,364.52,imbalance_long
2021-11-10T20:00:00+00:00,2021-11-10T21:00:00+01:00,DE-LU,364.52,imbalance_short
2021-11-10T20:00:00+00:00,2021-11-10T21:00:00+01:00,FR,233.0,imbalance_long
2021-11-10T20:00:00+00:00,2021-11-10T21:00:00+01:00,FR,257.52,imbalance_short
2021-11-10T20:00:00+00:00,2021-11-10T21:00:00+01:00,NL,196.67,imbalance_long
2021-11-10T20:00:00+00:00,2021-11-10T21:00:00+01:00,NL,196.67,imbalance_short
2021-11-10T20:15:00+00:00,2021-11-10T21:15:00+01:00,DE-LU,127.26,imbalance_long
2021-11-10T20:15:00+00:00,2021-11-10T21:15:00+01:00,DE-LU,127.26,imbalance_short
2021-11-10T20:15:00+00:00,2021-11-10T21:15:00+01:00,NL,196.67,imbalance_long
2021-11-10T20:15:00+00:00,2021-11-10T21:15:00+01:00,NL,196.67,imbalance_short
2021-11-10T20:30:00+00:00,2021-11-10T21:30:00+01:00,DE-LU,123.85,imbalance_long
2021-11-10T20:30:00+00:00,2021-11-10T21:30:00+01:00,DE-LU,123.85,imbalance_short
2021-11-10T20:30:00+00:00,2021-11-10T21:30:00+01:00,FR,210.37,imbalance_long
2021-11-10T20:30:00+00:00,2021-11-10T21:30:00+01:00,FR,232.51,imbalance_short
2021-11-10T20:30:00+00:00,2021-11-10T21:30:00+01:00,NL,480.89,imbalance_long
2021-11-10T20:30:00+00:00,2021-11-10T21:30:00+01:00,NL,480.89,imbalance_short
2021-11-10T20:45:00+00:00,2021-11-10T21:45:00+01:00,DE-LU,170.78,imbalance_long
2021-11-10T20:45:00+00:00,2021-11-10T21:45:00+01:00,DE-LU,170.78,imbalance_short
2021-11-10T20:45:00+00:00,2021-11-10T21:45:00+01:00,NL,213.67,imbalance_long
2021-11-10T20:45:00+00:00,2021-11-10T21:45:00+01:00,NL,213.67,imbalance_short
2021-11-10T21:00:00+00:00,2021-11-10T22:00:00+01:00,DE-LU,315.59,imbalance_long
2021-11-10T21:00:00+00:00,2021-11-10T22:00:00+01:00,DE-LU,315.59,imbalance_short
2021-11-10T21:00:00+00:00,2021-11-10T22:00:00+01:00,FR,191.9,imbalance_long
2021-11-10T21:00:00+00:00,2021-11-10T22:00:00+01:00,FR,212.1,imbalance_short
2021-11-10T21:00:00+00:00,2021-11-10T22:00:00+01:00,NL,145.44,imbalance_long
2021-11-10T21:00:00+00:00,2021-11-10T22:00:00+01:00,NL,145.44,imbalance_short
2021-11-10T21:15:00+00:00,2021-11-10T22:15:00+01:00,DE-LU,309.45,imbalance_long
2021-11-10T21:15:00+00:00,2021-11-10T22:15:00+01:00,DE-LU,309.45,imbalance_short
2021-11-10T21:15:00+00:00,2021-11-10T22:15:00+01:00,NL,145.44,imbalance_long
2021-11-10T21:15:00+00:00,2021-11-10T22:15:00+01:00,NL,145.44,imbalance_short
2021-11-10T21:30:00+00:00,2021-11-10T22:30:00+01:00,DE-LU,342.4,imbalance_long
2021-11-10T21:30:00+00:00,2021-11-10T22:30:00+01:00,DE-LU,342.4,imbalance_short
2021-11-10T21:30:00+00:00,2021-11-10T22:30:00+01:00,FR,230.42,imbalance_long
2021-11-10T21:30:00+00:00,2021-11-10T22:30:00+01:00,FR,254.68,imbalance_short
2021-11-10T21:30:00+00:00,2021-11-10T22:30:00+01:00,NL,145.44,imbalance_long
2021-11-10T21:30:00+00:00,2021-11-10T22:30:00+01:00,NL,145.44,imbalance_short
2021-11-10T21:45:00+00:00,2021-11-10T22:45:00+01:00,DE-LU,242.59,imbalance_long
2021-11-10T21:45:00+00:00,2021-11-10T22:45:00+01:00,DE-LU,242.59,imbalance_short
2021-11-10T21:45:00+00:00,2021-11-10T22:45:00+01:00,NL,145.44,imbalance_long
2021-11-10T21:45:00+00:00,2021-11-10T22:45:00+01:00,NL,145.44,imbalance_short
2021-11-10T22:00:00+00:00,2021-11-10T23:00:00+01:00,DE-LU,296.97,imbalance_long
2021-11-10T22:00:00+00:00,2021-11-10T23:00:00+01:00,DE-LU,296.97,imbalance_short
2021-11-10T22:00:00+00:00,2021-11-10T23:00:00+01:00,FR,228.12,imbalance_long
2021-11-10T22:00:00+00:00,2021-11-10T23:00:00+01:00,FR,252.14,imbalance_short
2021-11-10T22:00:00+00:00,2021-11-10T23:00:00+01:00,NL,163.07,imbalance_long
2021-11-10T22:00:00+00:00,2021-11-10T23:00:00+01:00,NL,163.07,imbalance_short
2021-11-10T22:15:00+00:00,2021-11-10T23:15:00+01:00,DE-LU,297.62,imbalance_long
2021-11-10T22:15:00+00:00,2021-11-10T23:15:00+01:00,DE-LU,297.62,imbalance_short
2021-11-10T22:15:00+00:00,2021-11-10T23:15:00+01:00,NL,417.0,imbalance_long
2021-11-10T22:15:00+00:00,2021-11-10T23:15:00+01:00,NL,417.0,imbalance_short
2021-11-10T22:30:00+00:00,2021-11-10T23:30:00+01:00,DE-LU,296.17,imbalance_long
2021-11-10T22:30:00+00:00,2021-11-10T23:30:00+01:00,DE-LU,296.17,imbalance_short
2021-11-10T22:30:00+00:00,2021-11-10T23:30:00+01:00,FR,224.23,imbalance_long
2021-11-10T22:30:00+00:00,2021-11-10T23:30:00+01:00,FR,247.83,imbalance_short
2021-11-10T22:30:00+00:00,2021-11-10T23:30:00+01:00,NL,140.6,imbalance_long
2021-11-10T22:30:00+00:00,2021-11-10T23:30:00+01:00,NL,140.6,imbalance_short
2021-11-10T22:45:00+00:00,2021-11-10T23:45:00+01:00,DE-LU,210.14,imbalance_long
2021-11-10T22:45:00+00:00,2021-11-10T23:45:00+01:00,DE-LU,210.14,imbalance_short
2021-11-10T22:45:00+00:00,2021-11-10T23:45:00+01:00,NL,140.6,imbalance_long
2021-11-10T22:45:00+00:00,2021-11-10T23:45:00+01:00,NL,140.6,imbalance_short
2021-11-10T23:00:00+00:00,2021-11-11T00:00:00+01:00,DE-LU,309.07,imbalance_long
2021-11-10T23:00:00+00:00,2021-11-11T00:00:00+01:00,DE-LU,309.07,imbalance_short
2021-11-10T23:00:00+00:00,2021-11-11T00:00:00+01:00,FR,185.89,imbalance_long
2021-11-10T23:00:00+00:00,2021-11-11T00:00:00+01:00,FR,205.45,imbalance_short
2021-11-10T23:00:00+00:00,2021-11-11T00:00:00+01:00,NL,554.71,imbalance_long
2021-11-10T23:00:00+00:00,2021-11-11T00:00:00+01:00,NL,554.71,imbalance_short
2021-11-10T23:15:00+00:00,2021-11-11T00:15:00+01:00,DE-LU,284.06,imbalance_long
2021-11-10T23:15:00+00:00,2021-11-11T00:15:00+01:00,DE-LU,284.06,imbalance_short
2021-11-10T23:15:00+00:00,2021-11-11T00:15:00+01:00,NL,141.54,imbalance_long
2021-11-10T23:15:00+00:00,2021-11-11T00:15:00+01:00,NL,141.54,imbalance_short
2021-11-10T23:30:00+00:00,2021-11-11T00:30:00+01:00,DE-LU,275.91,imbalance_long
2021-11-10T23:30:00+00:00,2021-11-11T00:30:00+01:00,DE-LU,275.91,imbalance_short
2021-11-10T23:30:00+00:00,2021-11-11T00:30:00+01:00,FR,160.08,imbalance_long
2021-11-10T23:30:00+00:00,2021-11-11T00:30:00+01:00,FR,176.94,imbalance_short
2021-11-10T23:30:00+00:00,2021-11-11T00:30:00+01:00,NL,132.45,imbalance_long
2021-11-10T23:30:00+00:00,2021-11-11T00:30:00+01:00,NL,132.45,imbalance_short
2021-11-10T23:45:00+00:00,2021-11-11T00:45:00+01:00,DE-LU,230.9,imbalance_long
2021-11-10T23:45:00+00:00,2021-11-11T00:45:00+01:00,DE-LU,230.9,imbalance_short
2021-11-10T23:45:00+00:00,2021-11-11T00:45:00+01:00,NL,136.99,imbalance_long
2021-11-10T23:45:00+00:00,2021-11-11T00:45:00+01:00,NL,136.99,imbalance_short
2021-11-11T00:00:00+00:00,2021-11-11T01:00:00+01:00,DE-LU,287.74,imbalance_long
2021-11-11T00:00:00+00:00,2021-11-11T01:00:00+01:00,DE-LU,287.74,imbalance_short
2021-11-11T00:00:00+00:00,2021-11-11T01:00:00+01:00,FR,168.13,imbalance_long
2021-11-11T00:00:00+00:00,2021-11-11T01:00:00+01:00,FR,185.83,imbalance_short
2021-11-11T00:00:00+00:00,2021-11-11T01:00:00+01:00,NL,256.45,imbalance_long
2021-11-11T00:00:00+00:00,2021-11-11T01:00:00+01:00,NL,256.45,imbalance_short
2021-11-11T00:15:00+00:00,2021-11-11T01:15:00+01:00,DE-LU,281.8,imbalance_long
2021-11-11T00:15:00+00:00,2021-11-11T01:15:00+01:00,DE-LU,281.8,imbalance_short
2021-11-11T00:15:00+00:00,2021-11-11T01:15:00+01:00,NL,147.36,imbalance_long
2021-11-11T00:15:00+00:00,2021-11-11T01:15:00+01:00,NL,147.36,imbalance_short
2021-11-11T00:30:00+00:00,2021-11-11T01:30:00+01:00,DE-LU,278.04,imbalance_long
2021-11-11T00:30:00+00:00,2021-11-11T01:30:00+01:00,DE-LU,278.04,imbalance_short
2021-11-11T00:30:00+00:00,2021-11-11T01:30:00+01:00,FR,206.14,imbalance_long
2021-11-11T00:30:00+00:00,2021-11-11T01:30:00+01:00,FR,227.84,imbalance_short
2021-11-11T00:30:00+00:00,2021-11-11T01:30:00+01:00,NL,150.91,imbalance_long
2021-11-11T00:30:00+00:00,2021-11-11T01:30:00+01:00,NL,150.91,imbalance_short
2021-11-11T00:45:00+00:00,2021-11-11T01:45:00+01:00,DE-LU,221.46,imbalance_long
2021-11-11T00:45:00+00:00,2021-11-11T01:45:00+01:00,DE-LU,221.46,imbalance_short
2021-11-11T00:45:00+00:00,2021-11-11T01:45:00+01:00,NL,141.14,imbalance_long
2021-11-11T00:45:00+00:00,2021-11-11T01:45:00+01:00,NL,141.14,imbalance_short
2021-11-11T01:00:00+00:00,2021-11-11T02:00:00+01:00,DE-LU,249.98,imbalance_long
2021-11-11T01:00:00+00:00,2021-11-11T02:00:00+01:00,DE-LU,249.98,imbalance_short
2021-11-11T01:00:00+00:00,2021-11-11T02:00:00+01:00,FR,201.55,imbalance_long
2021-11-11T01:00:00+00:00,2021-11-11T02:00:00+01:00,FR,222.77,imbalance_short
2021-11-11T01:00:00+00:00,2021-11-11T02:00:00+01:00,NL,141.84,imbalance_long
2021-11-11T01:00:00+00:00,2021-11-11T02:00:00+01:00,NL,141.84,imbalance_short
2021-11-11T01:15:00+00:00,2021-11-11T02:15:00+01:00,DE-LU,273.13,imbalance_long
2021-11-11T01:15:00+00:00,2021-11-11T02:15:00+01:00,DE-LU,273.13,imbalance_short
2021-11-11T01:15:00+00:00,2021-11-11T02:15:00+01:00,NL,138.64,imbalance_long
2021-11-11T01:15:00+00:00,2021-11-11T02:15:00+01:00,NL,138.64,imbalance_short
2021-11-11T01:30:00+00:00,2021-11-11T02:30:00+01:00,DE-LU,283.85,imbalance_long
2021-11-11T01:30:00+00:00,2021-11-11T02:30:00+01:00,DE-LU,283.85,imbalance_short
2021-11-11T01:30:00+00:00,2021-11-11T02:30:00+01:00,FR,164.06,imbalance_long
2021-11-11T01:30:00+00:00,2021-11-11T02:30:00+01:00,FR,181.32,imbalance_short
2021-11-11T01:30:00+00:00,2021-11-11T02:30:00+01:00,NL,135.73,imbalance_long
2021-11-11T01:30:00+00:00,2021-11-11T02:30:00+01:00,NL,135.73,imbalance_short
2021-11-11T01:45:00+00:00,2021-11-11T02:45:00+01:00,DE-LU,253.68,imbalance_long
2021-11-11T01:45:00+00:00,2021-11-11T02:45:00+01:00,DE-LU,253.68,imbalance_short
2021-11-11T01:45:00+00:00,2021-11-11T02:45:00+01:00,NL,143.78,imbalance_long
2021-11-11T01:45:00+00:00,2021-11-11T02:45:00+01:00,NL,143.78,imbalance_short
2021-11-11T02:00:00+00:00,2021-11-11T03:00:00+01:00,DE-LU,276.58,imbalance_long
2021-11-11T02:00:00+00:00,2021-11-11T03:00:00+01:00,DE-LU,276.58,imbalance_short
2021-11-11T02:00:00+00:00,2021-11-11T03:00:00+01:00,FR,154.71,imbalance_long
2021-11-11T02:00:00+00:00,2021-11-11T03:00:00+01:00,FR,170.99,imbalance_short
2021-11-11T02:00:00+00:00,2021-11-11T03:00:00+01:00,NL,554.71,imbalance_long
2021-11-11T02:00:00+00:00,2021-11-11T03:00:00+01:00,NL,554.71,imbalance_short
2021-11-11T02:15:00+00:00,2021-11-11T03:15:00+01:00,DE-LU,233.93,imbalance_long
2021-11-11T02:15:00+00:00,2021-11-11T03:15:00+01:00,DE-LU,233.93,imbalance_short
2021-11-11T02:15:00+00:00,2021-11-11T03:15:00+01:00,NL,151.22,imbalance_long
2021-11-11T02:15:00+00:00,2021-11-11T03:15:00+01:00,NL,151.22,imbalance_short
2021-11-11T02:30:00+00:00,2021-11-11T03:30:00+01:00,DE-LU,250.61,imbalance_long
2021-11-11T02:30:00+00:00,2021-11-11T03:30:00+01:00,DE-LU,250.61,imbalance_short
2021-11-11T02:30:00+00:00,2021-11-11T03:30:00+01:00,FR,161.81,imbalance_long
2021-11-11T02:30:00+00:00,2021-11-11T03:30:00+01:00,FR,178.85,imbalance_short
2021-11-11T02:30:00+00:00,2021-11-11T03:30:00+01:00,NL,149.26,imbalance_long
2021-11-11T02:30:00+00:00,2021-11-11T03:30:00+01:00,NL,149.26,imbalance_short
2021-11-11T02:45:00+00:00,2021-11-11T03:45:00+01:00,DE-LU,247.96,imbalance_long
2021-11-11T02:45:00+00:00,2021-11-11T03:45:00+01:00,DE-LU,247.96,imbalance_short
2021-11-11T02:45:00+00:00,2021-11-11T03:45:00+01:00,NL,144.89,imbalance_long
2021-11-11T02:45:00+00:00,2021-11-11T03:45:00+01:00,NL,144.89,imbalance_short
2021-11-11T03:00:00+00:00,2021-11-11T04:00:00+01:00,DE-LU,173.1,imbalance_long
2021-11-11T03:00:00+00:00,2021-11-11T04:00:00+01:00,DE-LU,173.1,imbalance_short
2021-11-11T03:00:00+00:00,2021-11-11T04:00:00+01:00,FR,187.19,imbalance_long
2021-11-11T03:00:00+00:00,2021-11-11T04:00:00+01:00,FR,206.89,imbalance_short
2021-11-11T03:00:00+00:00,2021-11-11T04:00:00+01:00,NL,158.64,imbalance_long
2021-11-11T03:00:00+00:00,2021-11-11T04:00:00+01:00,NL,158.64,imbalance_short
2021-11-11T03:15:00+00:00,2021-11-11T04:15:00+01:00,DE-LU,-4.32,imbalance_long
2021-11-11T03:15:00+00:00,2021-11-11T04:15:00+01:00,DE-LU,-4.32,imbalance_short
2021-11-11T03:15:00+00:00,2021-11-11T04:15:00+01:00,NL,160.43,imbalance_long
2021-11-11T03:15:00+00:00,2021-11-11T04:15:00+01:00,NL,160.43,imbalance_short
2021-11-11T03:30:00+00:00,2021-11-11T04:30:00+01:00,DE-LU,197.7,imbalance_long
2021-11-11T03:30:00+00:00,2021-11-11T04:30:00+01:00,DE-LU,197.7,imbalance_short
2021-11-11T03:30:00+00:00,2021-11-11T04:30:00+01:00,FR,164.93,imbalance_long
2021-11-11T03:30:00+00:00,2021-11-11T04:30:00+01:00,FR,182.29,imbalance_short
2021-11-11T03:30:00+00:00,2021-11-11T04:30:00+01:00,NL,148.13,imbalance_long
2021-11-11T03:30:00+00:00,2021-11-11T04:30:00+01:00,NL,148.13,imbalance_short
2021-11-11T03:45:00+00:00,2021-11-11T04:45:00+01:00,DE-LU,202.76,imbalance_long
2021-11-11T03:45:00+00:00,2021-11-11T04:45:00+01:00,DE-LU,202.76,imbalance_short
2021-11-11T03:45:00+00:00,2021-11-11T04:45:00+01:00,NL,159.11,imbalance_long
2021-11-11T03:45:00+00:00,2021-11-11T04:45:00+01:00,NL,159.11,imbalance_short
2021-11-11T04:00:00+00:00,2021-11-11T05:00:00+01:00,DE-LU,260.29,imbalance_long
2021-11-11T04:00:00+00:00,2021-11-11T05:00:00+01:00,DE-LU,260.29,imbalance_short
2021-11-11T04:00:00+00:00,2021-11-11T05:00:00+01:00,FR,166.4,imbalance_long
2021-11-11T04:00:00+00:00,2021-11-11T05:00:00+01:00,FR,183.92,imbalance_short
2021-11-11T04:00:00+00:00,2021-11-11T05:00:00+01:00,NL,151.9,imbalance_long
2021-11-11T04:00:00+00:00,2021-11-11T05:00:00+01:00,NL,151.9,imbalance_short
2021-11-11T04:15:00+00:00,2021-11-11T05:15:00+01:00,DE-LU,222.94,imbalance_long
2021-11-11T04:15:00+00:00,2021-11-11T05:15:00+01:00,DE-LU,222.94,imbalance_short
2021-11-11T04:15:00+00:00,2021-11-11T05:15:00+01:00,NL,145.88,imbalance_long
2021-11-11T04:15:00+00:00,2021-11-11T05:15:00+01:00,NL,145.88,imbalance_short
2021-11-11T04:30:00+00:00,2021-11-11T05:30:00+01:00,DE-LU,285.59,imbalance_long
2021-11-11T04:30:00+00:00,2021-11-11T05:30:00+01:00,DE-LU,285.59,imbalance_short
2021-11-11T04:30:00+00:00,2021-11-11T05:30:00+01:00,FR,179.68,imbalance_long
2021-11-11T04:30:00+00:00,2021-11-11T05:30:00+01:00,FR,198.6,imbalance_short
2021-11-11T04:30:00+00:00,2021-11-11T05:30:00+01:00,NL,165.11,imbalance_long
2021-11-11T04:30:00+00:00,2021-11-11T05:30:00+01:00,NL,165.11,imbalance_short
2021-11-11T04:45:00+00:00,2021-11-11T05:45:00+01:00,DE-LU,336.07,imbalance_long
2021-11-11T04:45:00+00:00,2021-11-11T05:45:00+01:00,DE-LU,336.07,imbalance_short
2021-11-11T04:45:00+00:00,2021-11-11T05:45:00+01:00,NL,421.57,imbalance_long
2021-11-11T04:45:00+00:00,2021-11-11T05:45:00+01:00,NL,421.57,imbalance_short
2021-11-11T05:00:00+00:00,2021-11-11T06:00:00+01:00,DE-LU,279.04,imbalance_long
2021-11-11T05:00:00+00:00,2021-11-11T06:00:00+01:00,DE-LU,279.04,imbalance_short
2021-11-11T05:00:00+00:00,2021-11-11T06:00:00+01:00,FR,169.48,imbalance_long
2021-11-11T05:00:00+00:00,2021-11-11T06:00:00+01:00,FR,187.32,imbalance_short
2021-11-11T05:00:00+00:00,2021-11-11T06:00:00+01:00,NL,124.51,imbalance_long
2021-11-11T05:00:00+00:00,2021-11-11T06:00:00+01:00,NL,124.51,imbalance_short
2021-11-11T05:15:00+00:00,2021-11-11T06:15:00+01:00,DE-LU,241.26,imbalance_long
2021-11-11T05:15:00+00:00,2021-11-11T06:15:00+01:00,DE-LU,241.26,imbalance_short
2021-11-11T05:15:00+00:00,2021-11-11T06:15:00+01:00,NL,140.53,imbalance_long
2021-11-11T05:15:00+00:00,2021-11-11T06:15:00+01:00,NL,140.53,imbalance_short
2021-11-11T05:30:00+00:00,2021-11-11T06:30:00+01:00,DE-LU,258.56,imbalance_long
2021-11-11T05:30:00+00:00,2021-11-11T06:30:00+01:00,DE-LU,258.56,imbalance_short
2021-11-11T05:30:00+00:00,2021-11-11T06:30:00+01:00,FR,211.86,imbalance_long
2021-11-11T05:30:00+00:00,2021-11-11T06:30:00+01:00,FR,234.16,imbalance_short
2021-11-11T05:30:00+00:00,2021-11-11T06:30:00+01:00,NL,186.0,imbalance_long
2021-11-11T05:30:00+00:00,2021-11-11T06:30:00+01:00,NL,186.0,imbalance_short
2021-11-11T05:45:00+00:00,2021-11-11T06:45:00+01:00,DE-LU,330.26,imbalance_long
2021-11-11T05:45:00+00:00,2021-11-11T06:45:00+01:00,DE-LU,330.26,imbalance_short
2021-11-11T05:45:00+00:00,2021-11-11T06:45:00+01:00,NL,425.09,imbalance_long
2021-11-11T05:45:00+00:00,2021-11-11T06:45:00+01:00,NL,425.09,imbalance_short
2021-11-11T06:00:00+00:00,2021-11-11T07:00:00+01:00,DE-LU,77.95,imbalance_long
2021-11-11T06:00:00+00:00,2021-11-11T07:00:00+01:00,DE-LU,77.95,imbalance_short
2021-11-11T06:00:00+00:00,2021-11-11T07:00:00+01:00,FR,234.99,imbalance_long
2021-11-11T06:00:00+00:00,2021-11-11T07:00:00+01:00,FR,259.73,imbalance_short
2021-11-11T06:00:00+00:00,2021-11-11T07:00:00+01:00,NL,44.27,imbalance_long
2021-11-11T06:00:00+00:00,2021-11-11T07:00:00+01:00,NL,44.27,imbalance_short
2021-11-11T06:15:00+00:00,2021-11-11T07:15:00+01:00,DE-LU,114.34,imbalance_long
2021-11-11T06:15:00+00:00,2021-11-11T07:15:00+01:00,DE-LU,114.34,imbalance_short
2021-11-11T06:15:00+00:00,2021-11-11T07:15:00+01:00,NL,153.19,imbalance_long
2021-11-11T06:15:00+00:00,2021-11-11T07:15:00+01:00,NL,153.19,imbalance_short
2021-11-11T06:30:00+00:00,2021-11-11T07:30:00+01:00,DE-LU,127.34,imbalance_long
2021-11-11T06:30:00+00:00,2021-11-11T07:30:00+01:00,DE-LU,127.34,imbalance_short
2021-11-11T06:30:00+00:00,2021-11-11T07:30:00+01:00,FR,237.37,imbalance_long
2021-11-11T06:30:00+00:00,2021-11-11T07:30:00+01:00,FR,262.35,imbalance_short
2021-11-11T06:30:00+00:00,2021-11-11T07:30:00+01:00,NL,554.71,imbalance_long
2021-11-11T06:30:00+00:00,2021-11-11T07:30:00+01:00,NL,554.71,imbalance_short
2021-11-11T06:45:00+00:00,2021-11-11T07:45:00+01:00,DE-LU,128.0,imbalance_long
2021-11-11T06:45:00+00:00,2021-11-11T07:45:00+01:00,DE-LU,128.0,imbalance_short
2021-11-11T06:45:00+00:00,2021-11-11T07:45:00+01:00,NL,192.9,imbalance_long
2021-11-11T06:45:00+00:00,2021-11-11T07:45:00+01:00,NL,192.9,imbalance_short
2021-11-11T07:00:00+00:00,2021-11-11T08:00:00+01:00,DE-LU,207.39,imbalance_long
2021-11-11T07:00:00+00:00,2021-11-11T08:00:00+01:00,DE-LU,207.39,imbalance_short
2021-11-11T07:00:00+00:00,2021-11-11T08:00:00+01:00,FR,244.7,imbalance_long
2021-11-11T07:00:00+00:00,2021-11-11T08:00:00+01:00,FR,270.46,imbalance_short
2021-11-11T07:00:00+00:00,2021-11-11T08:00:00+01:00,NL,119.37,imbalance_long
2021-11-11T07:00:00+00:00,2021-11-11T08:00:00+01:00,NL,119.37,imbalance_short
2021-11-11T07:15:00+00:00,2021-11-11T08:15:00+01:00,DE-LU,-36.12,imbalance_long
2021-11-11T07:15:00+00:00,2021-11-11T08:15:00+01:00,DE-LU,-36.12,imbalance_short
2021-11-11T07:15:00+00:00,2021-11-11T08:15:00+01:00,NL,130.69,imbalance_long
2021-11-11T07:15:00+00:00,2021-11-11T08:15:00+01:00,NL,130.69,imbalance_short
2021-11-11T07:30:00+00:00,2021-11-11T08:30:00+01:00,DE-LU,300.73,imbalance_long
2021-11-11T07:30:00+00:00,2021-11-11T08:30:00+01:00,DE-LU,300.73,imbalance_short
2021-11-11T07:30:00+00:00,2021-11-11T08:30:00+01:00,FR,248.24,imbalance_long
2021-11-11T07:30:00+00:00,2021-11-11T08:30:00+01:00,FR,274.37,imbalance_short
2021-11-11T07:30:00+00:00,2021-11-11T08:30:00+01:00,NL,142.71,imbalance_long
2021-11-11T07:30:00+00:00,2021-11-11T08:30:00+01:00,NL,142.71,imbalance_short
2021-11-11T07:45:00+00:00,2021-11-11T08:45:00+01:00,DE-LU,241.1,imbalance_long
2021-11-11T07:45:00+00:00,2021-11-11T08:45:00+01:00,DE-LU,241.1,imbalance_short
2021-11-11T07:45:00+00:00,2021-11-11T08:45:00+01:00,NL,142.72,imbalance_long
2021-11-11T07:45:00+00:00,2021-11-11T08:45:00+01:00,NL,142.72,imbalance_short
2021-11-11T08:00:00+00:00,2021-11-11T09:00:00+01:00,DE-LU,282.34,imbalance_long
2021-11-11T08:00:00+00:00,2021-11-11T09:00:00+01:00,DE-LU,282.34,imbalance_short
2021-11-11T08:00:00+00:00,2021-11-11T09:00:00+01:00,FR,244.51,imbalance_long
2021-11-11T08:00:00+00:00,2021-11-11T09:00:00+01:00,FR,270.25,imbalance_short
2021-11-11T08:00:00+00:00,2021-11-11T09:00:00+01:00,NL,222.42,imbalance_long
2021-11-11T08:00:00+00:00,2021-11-11T09:00:00+01:00,NL,222.42,imbalance_short
2021-11-11T08:15:00+00:00,2021-11-11T09:15:00+01:00,DE-LU,311.41,imbalance_long
2021-11-11T08:15:00+00:00,2021-11-11T09:15:00+01:00,DE-LU,311.41,imbalance_short
2021-11-11T08:15:00+00:00,2021-11-11T09:15:00+01:00,NL,308.09,imbalance_long
2021-11-11T08:15:00+00:00,2021-11-11T09:15:00+01:00,NL,308.09,imbalance_short
2021-11-11T08:30:00+00:00,2021-11-11T09:30:00+01:00,DE-LU,301.28,imbalance_long
2021-11-11T08:30:00+00:00,2021-11-11T09:30:00+01:00,DE-LU,301.28,imbalance_short
2021-11-11T08:30:00+00:00,2021-11-11T09:30:00+01:00,FR,238.75,imbalance_long
2021-11-11T08:30:00+00:00,2021-11-11T09:30:00+01:00,FR,263.89,imbalance_short
2021-11-11T08:30:00+00:00,2021-11-11T09:30:00+01:00,NL,142.67,imbalance_long
2021-11-11T08:30:00+00:00,2021-11-11T09:30:00+01:00,NL,142.67,imbalance_short
2021-11-11T08:45:00+00:00,2021-11-11T09:45:00+01:00,DE-LU,39.61,imbalance_long
2021-11-11T08:45:00+00:00,2021-11-11T09:45:00+01:00,DE-LU,39.61,imbalance_short
2021-11-11T08:45:00+00:00,2021-11-11T09:45:00+01:00,NL,142.71,imbalance_long
2021-11-11T08:45:00+00:00,2021-11-11T09:45:00+01:00,NL,142.71,imbalance_short
2021-11-11T09:00:00+00:00,2021-11-11T10:00:00+01:00,DE-LU,374.87,imbalance_long
2021-11-11T09:00:00+00:00,2021-11-11T10:00:00+01:00,DE-LU,374.87,imbalance_short
2021-11-11T09:00:00+00:00,2021-11-11T10:00:00+01:00,FR,234.03,imbalance_long
2021-11-11T09:00:00+00:00,2021-11-11T10:00:00+01:00,FR,258.67,imbalance_short
2021-11-11T09:00:00+00:00,2021-11-11T10:00:00+01:00,NL,167.86,imbalance_long
2021-11-11T09:00:00+00:00,2021-11-11T10:00:00+01:00,NL,167.86,imbalance_short
2021-11-11T09:15:00+00:00,2021-11-11T10:15:00+01:00,DE-LU,313.77,imbalance_long
2021-11-11T09:15:00+00:00,2021-11-11T10:15:00+01:00,DE-LU,313.77,imbalance_short
2021-11-11T09:15:00+00:00,2021-11-11T10:15:00+01:00,NL,142.68,imbalance_long
2021-11-11T09:15:00+00:00,2021-11-11T10:15:00+01:00,NL,142.68,imbalance_short
2021-11-11T09:30:00+00:00,2021-11-11T10:30:00+01:00,DE-LU,322.14,imbalance_long
2021-11-11T09:30:00+00:00,2021-11-11T10:30:00+01:00,DE-LU,322.14,imbalance_short
2021-11-11T09:30:00+00:00,2021-11-11T10:30:00+01:00,FR,238.48,imbalance_long
2021-11-11T09:30:00+00:00,2021-11-11T10:30:00+01:00,FR,263.58,imbalance_short
2021-11-11T09:30:00+00:00,2021-11-11T10:30:00+01:00,NL,176.26,imbalance_long
2021-11-11T09:30:00+00:00,2021-11-11T10:30:00+01:00,NL,176.26,imbalance_short
2021-11-11T09:45:00+00:00,2021-11-11T10:45:00+01:00,DE-LU,298.12,imbalance_long
2021-11-11T09:45:00+00:00,2021-11-11T10:45:00+01:00,DE-LU,298.12,imbalance_short
2021-11-11T09:45:00+00:00,2021-11-11T10:45:00+01:00,NL,176.26,imbalance_long
2021-11-11T09:45:00+00:00,2021-11-11T10:45:00+01:00,NL,176.26,imbalance_short
2021-11-11T10:00:00+00:00,2021-11-11T11:00:00+01:00,DE-LU,278.41,imbalance_long
2021-11-11T10:00:00+00:00,2021-11-11T11:00:00+01:00,DE-LU,278.41,imbalance_short
2021-11-11T10:00:00+00:00,2021-11-11T11:00:00+01:00,FR,220.62,imbalance_long
2021-11-11T10:00:00+00:00,2021-11-11T11:00:00+01:00,FR,243.84,imbalance_short
2021-11-11T10:00:00+00:00,2021-11-11T11:00:00+01:00,NL,151.5,imbalance_long
2021-11-11T10:00:00+00:00,2021-11-11T11:00:00+01:00,NL,151.5,imbalance_short
2021-11-11T10:15:00+00:00,2021-11-11T11:15:00+01:00,DE-LU,293.22,imbalance_long
2021-11-11T10:15:00+00:00,2021-11-11T11:15:00+01:00,DE-LU,293.22,imbalance_short
2021-11-11T10:15:00+00:00,2021-11-11T11:15:00+01:00,NL,164.5,imbalance_long
2021-11-11T10:15:00+00:00,2021-11-11T11:15:00+01:00,NL,164.5,imbalance_short
2021-11-11T10:30:00+00:00,2021-11-11T11:30:00+01:00,DE-LU,293.21,imbalance_long
2021-11-11T10:30:00+00:00,2021-11-11T11:30:00+01:00,DE-LU,293.21,imbalance_short
2021-11-11T10:30:00+00:00,2021-11-11T11:30:00+01:00,FR,221.46,imbalance_long
2021-11-11T10:30:00+00:00,2021-11-11T11:30:00+01:00,FR,244.78,imbalance_short
2021-11-11T10:30:00+00:00,2021-11-11T11:30:00+01:00,NL,238.52,imbalance_long
2021-11-11T10:30:00+00:00,2021-11-11T11:30:00+01:00,NL,238.52,imbalance_short
2021-11-11T10:45:00+00:00,2021-11-11T11:45:00+01:00,DE-LU,308.04,imbalance_long
2021-11-11T10:45:00+00:00,2021-11-11T11:45:00+01:00,DE-LU,308.04,imbalance_short
2021-11-11T10:45:00+00:00,2021-11-11T11:45:00+01:00,NL,164.93,imbalance_long
2021-11-11T10:45:00+00:00,2021-11-11T11:45:00+01:00,NL,164.93,imbalance_short
2021-11-11T11:00:00+00:00,2021-11-11T12:00:00+01:00,DE-LU,307.79,imbalance_long
2021-11-11T11:00:00+00:00,2021-11-11T12:00:00+01:00,DE-LU,307.79,imbalance_short
2021-11-11T11:00:00+00:00,2021-11-11T12:00:00+01:00,FR,218.76,imbalance_long
2021-11-11T11:00:00+00:00,2021-11-11T12:00:00+01:00,FR,241.78,imbalance_short
2021-11-11T11:00:00+00:00,2021-11-11T12:00:00+01:00,NL,417.02,imbalance_long
2021-11-11T11:00:00+00:00,2021-11-11T12:00:00+01:00,NL,417.02,imbalance_short
2021-11-11T11:15:00+00:00,2021-11-11T12:15:00+01:00,DE-LU,289.99,imbalance_long
2021-11-11T11:15:00+00:00,2021-11-11T12:15:00+01:00,DE-LU,289.99,imbalance_short
2021-11-11T11:15:00+00:00,2021-11-11T12:15:00+01:00,NL,152.88,imbalance_long
2021-11-11T11:15:00+00:00,2021-11-11T12:15:00+01:00,NL,152.88,imbalance_short
2021-11-11T11:30:00+00:00,2021-11-11T12:30:00+01:00,DE-LU,314.37,imbalance_long
2021-11-11T11:30:00+00:00,2021-11-11T12:30:00+01:00,DE-LU,314.37,imbalance_short
2021-11-11T11:30:00+00:00,2021-11-11T12:30:00+01:00,FR,214.26,imbalance_long
2021-11-11T11:30:00+00:00,2021-11-11T12:30:00+01:00,FR,236.82,imbalance_short
2021-11-11T11:30:00+00:00,2021-11-11T12:30:00+01:00,NL,145.22,imbalance_long
2021-11-11T11:30:00+00:00,2021-11-11T12:30:00+01:00,NL,145.22,imbalance_short
2021-11-11T11:45:00+00:00,2021-11-11T12:45:00+01:00,DE-LU,-85.69,imbalance_long
2021-11-11T11:45:00+00:00,2021-11-11T12:45:00+01:00,DE-LU,-85.69,imbalance_short
2021-11-11T11:45:00+00:00,2021-11-11T12:45:00+01:00,NL,136.52,imbalance_long
2021-11-11T11:45:00+00:00,2021-11-11T12:45:00+01:00,NL,136.52,imbalance_short
2021-11-11T12:00:00+00:00,2021-11-11T13:00:00+01:00,DE-LU,141.36,imbalance_long
2021-11-11T12:00:00+00:00,2021-11-11T13:00:00+01:00,DE-LU,141.36,imbalance_short
2021-11-11T12:00:00+00:00,2021-11-11T13:00:00+01:00,FR,198.67,imbalance_long
2021-11-11T12:00:00+00:00,2021-11-11T13:00:00+01:00,FR,219.59,imbalance_short
2021-11-11T12:00:00+00:00,2021-11-11T13:00:00+01:00,NL,410.66,imbalance_long
2021-11-11T12:00:00+00:00,2021-11-11T13:00:00+01:00,NL,410.66,imbalance_short
2021-11-11T12:15:00+00:00,2021-11-11T13:15:00+01:00,DE-LU,113.99,imbalance_long
2021-11-11T12:15:00+00:00,2021-11-11T13:15:00+01:00,DE-LU,113.99,imbalance_short
2021-11-11T12:15:00+00:00,2021-11-11T13:15:00+01:00,NL,132.86,imbalance_long
2021-11-11T12:15:00+00:00,2021-11-11T13:15:00+01:00,NL,132.86,imbalance_short
2021-11-11T12:30:00+00:00,2021-11-11T13:30:00+01:00,DE-LU,83.14,imbalance_long
2021-11-11T12:30:00+00:00,2021-11-11T13:30:00+01:00,DE-LU,83.14,imbalance_short
2021-11-11T12:30:00+00:00,2021-11-11T13:30:00+01:00,FR,193.27,imbalance_long
2021-11-11T12:30:00+00:00,2021-11-11T13:30:00+01:00,FR,213.61,imbalance_short
2021-11-11T12:30:00+00:00,2021-11-11T13:30:00+01:00,NL,127.8,imbalance_long
2021-11-11T12:30:00+00:00,2021-11-11T13:30:00+01:00,NL,127.8,imbalance_short
2021-11-11T12:45:00+00:00,2021-11-11T13:45:00+01:00,DE-LU,304.32,imbalance_long
2021-11-11T12:45:00+00:00,2021-11-11T13:45:00+01:00,DE-LU,304.32,imbalance_short
2021-11-11T12:45:00+00:00,2021-11-11T13:45:00+01:00,NL,148.84,imbalance_long
2021-11-11T12:45:00+00:00,2021-11-11T13:45:00+01:00,NL,148.84,imbalance_short
2021-11-11T13:00:00+00:00,2021-11-11T14:00:00+01:00,DE-LU,349.02,imbalance_long
2021-11-11T13:00:00+00:00,2021-11-11T14:00:00+01:00,DE-LU,349.02,imbalance_short
2021-11-11T13:00:00+00:00,2021-11-11T14:00:00+01:00,FR,197.16,imbalance_long
2021-11-11T13:00:00+00:00,2021-11-11T14:00:00+01:00,FR,217.92,imbalance_short
2021-11-11T13:00:00+00:00,2021-11-11T14:00:00+01:00,NL,145.86,imbalance_long
2021-11-11T13:00:00+00:00,2021-11-11T14:00:00+01:00,NL,145.86,imbalance_short
2021-11-11T13:15:00+00:00,2021-11-11T14:15:00+01:00,DE-LU,334.14,imbalance_long
2021-11-11T13:15:00+00:00,2021-11-11T14:15:00+01:00,DE-LU,334.14,imbalance_short
2021-11-11T13:15:00+00:00,2021-11-11T14:15:00+01:00,NL,141.8,imbalance_long
2021-11-11T13:15:00+00:00,2021-11-11T14:15:00+01:00,NL,141.8,imbalance_short
2021-11-11T13:30:00+00:00,2021-11-11T14:30:00+01:00,DE-LU,400.07,imbalance_long
2021-11-11T13:30:00+00:00,2021-11-11T14:30:00+01:00,DE-LU,400.07,imbalance_short
2021-11-11T13:30:00+00:00,2021-11-11T14:30:00+01:00,FR,202.32,imbalance_long
2021-11-11T13:30:00+00:00,2021-11-11T14:30:00+01:00,FR,223.62,imbalance_short
2021-11-11T13:30:00+00:00,2021-11-11T14:30:00+01:00,NL,145.8,imbalance_long
2021-11-11T13:30:00+00:00,2021-11-11T14:30:00+01:00,NL,145.8,imbalance_short
2021-11-11T13:45:00+00:00,2021-11-11T14:45:00+01:00,DE-LU,345.56,imbalance_long
2021-11-11T13:45:00+00:00,2021-11-11T14:45:00+01:00,DE-LU,345.56,imbalance_short
2021-11-11T13:45:00+00:00,2021-11-11T14:45:00+01:00,NL,151.41,imbalance_long
2021-11-11T13:45:00+00:00,2021-11-11T14:45:00+01:00,NL,151.41,imbalance_short
2021-11-11T14:00:00+00:00,2021-11-11T15:00:00+01:00,DE-LU,272.17,imbalance_long
2021-11-11T14:00:00+00:00,2021-11-11T15:00:00+01:00,DE-LU,272.17,imbalance_short
2021-11-11T14:00:00+00:00,2021-11-11T15:00:00+01:00,FR,200.74,imbalance_long
2021-11-11T14:00:00+00:00,2021-11-11T15:00:00+01:00,FR,221.87,imbalance_short
2021-11-11T14:00:00+00:00,2021-11-11T15:00:00+01:00,NL,106.97,imbalance_long
2021-11-11T14:00:00+00:00,2021-11-11T15:00:00+01:00,NL,106.97,imbalance_short
2021-11-11T14:15:00+00:00,2021-11-11T15:15:00+01:00,DE-LU,84.28,imbalance_long
2021-11-11T14:15:00+00:00,2021-11-11T15:15:00+01:00,DE-LU,84.28,imbalance_short
2021-11-11T14:15:00+00:00,2021-11-11T15:15:00+01:00,NL,151.84,imbalance_long
2021-11-11T14:15:00+00:00,2021-11-11T15:15:00+01:00,NL,151.84,imbalance_short
2021-11-11T14:30:00+00:00,2021-11-11T15:30:00+01:00,DE-LU,304.0,imbalance_long
2021-11-11T14:30:00+00:00,2021-11-11T15:30:00+01:00,DE-LU,304.0,imbalance_short
2021-11-11T14:30:00+00:00,2021-11-11T15:30:00+01:00,FR,210.25,imbalance_long
2021-11-11T14:30:00+00:00,2021-11-11T15:30:00+01:00,FR,232.39,imbalance_short
2021-11-11T14:30:00+00:00,2021-11-11T15:30:00+01:00,NL,165.84,imbalance_long
2021-11-11T14:30:00+00:00,2021-11-11T15:30:00+01:00,NL,165.84,imbalance_short
2021-11-11T14:45:00+00:00,2021-11-11T15:45:00+01:00,DE-LU,347.36,imbalance_long
2021-11-11T14:45:00+00:00,2021-11-11T15:45:00+01:00,DE-LU,347.36,imbalance_short
2021-11-11T14:45:00+00:00,2021-11-11T15:45:00+01:00,NL,167.86,imbalance_long
2021-11-11T14:45:00+00:00,2021-11-11T15:45:00+01:00,NL,167.86,imbalance_short
2021-11-11T15:00:00+00:00,2021-11-11T16:00:00+01:00,DE-LU,338.62,imbalance_long
2021-11-11T15:00:00+00:00,2021-11-11T16:00:00+01:00,DE-LU,338.62,imbalance_short
2021-11-11T15:00:00+00:00,2021-11-11T16:00:00+01:00,FR,222.74,imbalance_long
2021-11-11T15:00:00+00:00,2021-11-11T16:00:00+01:00,FR,246.18,imbalance_short
2021-11-11T15:00:00+00:00,2021-11-11T16:00:00+01:00,NL,479.79,imbalance_long
2021-11-11T15:00:00+00:00,2021-11-11T16:00:00+01:00,NL,479.79,imbalance_short
2021-11-11T15:15:00+00:00,2021-11-11T16:15:00+01:00,DE-LU,300.74,imbalance_long
2021-11-11T15:15:00+00:00,2021-11-11T16:15:00+01:00,DE-LU,300.74,imbalance_short
2021-11-11T15:15:00+00:00,2021-11-11T16:15:00+01:00,NL,257.93,imbalance_long
2021-11-11T15:15:00+00:00,2021-11-11T16:15:00+01:00,NL,257.93,imbalance_short
2021-11-11T15:30:00+00:00,2021-11-11T16:30:00+01:00,DE-LU,431.96,imbalance_long
2021-11-11T15:30:00+00:00,2021-11-11T16:30:00+01:00,DE-LU,431.96,imbalance_short
2021-11-11T15:30:00+00:00,2021-11-11T16:30:00+01:00,FR,214.71,imbalance_long
2021-11-11T15:30:00+00:00,2021-11-11T16:30:00+01:00,FR,237.31,imbalance_short
2021-11-11T15:30:00+00:00,2021-11-11T16:30:00+01:00,NL,415.1,imbalance_long
2021-11-11T15:30:00+00:00,2021-11-11T16:30:00+01:00,NL,415.1,imbalance_short
2021-11-11T15:45:00+00:00,2021-11-11T16:45:00+01:00,DE-LU,60.94,imbalance_long
2021-11-11T15:45:00+00:00,2021-11-11T16:45:00+01:00,DE-LU,60.94,imbalance_short
2021-11-11T15:45:00+00:00,2021-11-11T16:45:00+01:00,NL,554.71,imbalance_long
2021-11-11T15:45:00+00:00,2021-11-11T16:45:00+01:00,NL,554.71,imbalance_short
2021-11-11T16:00:00+00:00,2021-11-11T17:00:00+01:00,DE-LU,184.26,imbalance_long
2021-11-11T16:00:00+00:00,2021-11-11T17:00:00+01:00,DE-LU,184.26,imbalance_short
2021-11-11T16:00:00+00:00,2021-11-11T17:00:00+01:00,FR,203.58,imbalance_long
2021-11-11T16:00:00+00:00,2021-11-11T17:00:00+01:00,FR,225.0,imbalance_short
2021-11-11T16:00:00+00:00,2021-11-11T17:00:00+01:00,NL,68.37,imbalance_long
2021-11-11T16:00:00+00:00,2021-11-11T17:00:00+01:00,NL,68.37,imbalance_short
2021-11-11T16:15:00+00:00,2021-11-11T17:15:00+01:00,DE-LU,356.25,imbalance_long
2021-11-11T16:15:00+00:00,2021-11-11T17:15:00+01:00,DE-LU,356.25,imbalance_short
2021-11-11T16:15:00+00:00,2021-11-11T17:15:00+01:00,NL,125.37,imbalance_long
2021-11-11T16:15:00+00:00,2021-11-11T17:15:00+01:00,NL,125.37,imbalance_short
2021-11-11T16:30:00+00:00,2021-11-11T17:30:00+01:00,DE-LU,310.25,imbalance_long
2021-11-11T16:30:00+00:00,2021-11-11T17:30:00+01:00,DE-LU,310.25,imbalance_short
2021-11-11T16:30:00+00:00,2021-11-11T17:30:00+01:00,FR,239.86,imbalance_long
2021-11-11T16:30:00+00:00,2021-11-11T17:30:00+01:00,FR,265.1,imbalance_short
2021-11-11T16:30:00+00:00,2021-11-11T17:30:00+01:00,NL,128.58,imbalance_long
2021-11-11T16:30:00+00:00,2021-11-11T17:30:00+01:00,NL,128.58,imbalance_short
2021-11-11T16:45:00+00:00,2021-11-11T17:45:00+01:00,DE-LU,375.25,imbalance_long
2021-11-11T16:45:00+00:00,2021-11-11T17:45:00+01:00,DE-LU,375.25,imbalance_short
2021-11-11T16:45:00+00:00,2021-11-11T17:45:00+01:00,NL,192.8,imbalance_long
2021-11-11T16:45:00+00:00,2021-11-11T17:45:00+01:00,NL,192.8,imbalance_short
2021-11-11T17:00:00+00:00,2021-11-11T18:00:00+01:00,DE-LU,142.69,imbalance_long
2021-11-11T17:00:00+00:00,2021-11-11T18:00:00+01:00,DE-LU,142.69,imbalance_short
2021-11-11T17:00:00+00:00,2021-11-11T18:00:00+01:00,FR,241.86,imbalance_long
2021-11-11T17:00:00+00:00,2021-11-11T18:00:00+01:00,FR,267.32,imbalance_short
2021-11-11T17:00:00+00:00,2021-11-11T18:00:00+01:00,NL,268.3,imbalance_long
2021-11-11T17:00:00+00:00,2021-11-11T18:00:00+01:00,NL,268.3,imbalance_short
2021-11-11T17:15:00+00:00,2021-11-11T18:15:00+01:00,DE-LU,142.58,imbalance_long
2021-11-11T17:15:00+00:00,2021-11-11T18:15:00+01:00,DE-LU,142.58,imbalance_short
2021-11-11T17:15:00+00:00,2021-11-11T18:15:00+01:00,NL,177.83,imbalance_long
2021-11-11T17:15:00+00:00,2021-11-11T18:15:00+01:00,NL,177.83,imbalance_short
2021-11-11T17:30:00+00:00,2021-11-11T18:30:00+01:00,DE-LU,166.14,imbalance_long
2021-11-11T17:30:00+00:00,2021-11-11T18:30:00+01:00,DE-LU,166.14,imbalance_short
2021-11-11T17:30:00+00:00,2021-11-11T18:30:00+01:00,FR,241.56,imbalance_long
2021-11-11T17:30:00+00:00,2021-11-11T18:30:00+01:00,FR,266.98,imbalance_short
2021-11-11T17:30:00+00:00,2021-11-11T18:30:00+01:00,NL,151.83,imbalance_long
2021-11-11T17:30:00+00:00,2021-11-11T18:30:00+01:00,NL,151.83,imbalance_short
2021-11-11T17:45:00+00:00,2021-11-11T18:45:00+01:00,DE-LU,168.12,imbalance_long
2021-11-11T17:45:00+00:00,2021-11-11T18:45:00+01:00,DE-LU,168.12,imbalance_short
2021-11-11T17:45:00+00:00,2021-11-11T18:45:00+01:00,NL,133.43,imbalance_long
2021-11-11T17:45:00+00:00,2021-11-11T18:45:00+01:00,NL,145.83,imbalance_short
2021-11-11T18:00:00+00:00,2021-11-11T19:00:00+01:00,DE-LU,158.29,imbalance_long
2021-11-11T18:00:00+00:00,2021-11-11T19:00:00+01:00,DE-LU,158.29,imbalance_short
2021-11-11T18:00:00+00:00,2021-11-11T19:00:00+01:00,FR,268.95,imbalance_long
2021-11-11T18:00:00+00:00,2021-11-11T19:00:00+01:00,FR,297.27,imbalance_short
2021-11-11T18:00:00+00:00,2021-11-11T19:00:00+01:00,NL,223.28,imbalance_long
2021-11-11T18:00:00+00:00,2021-11-11T19:00:00+01:00,NL,223.28,imbalance_short
2021-11-11T18:15:00+00:00,2021-11-11T19:15:00+01:00,DE-LU,130.53,imbalance_long
2021-11-11T18:15:00+00:00,2021-11-11T19:15:00+01:00,DE-LU,130.53,imbalance_short
2021-11-11T18:15:00+00:00,2021-11-11T19:15:00+01:00,NL,162.82,imbalance_long
2021-11-11T18:15:00+00:00,2021-11-11T19:15:00+01:00,NL,162.82,imbalance_short
2021-11-11T18:30:00+00:00,2021-11-11T19:30:00+01:00,DE-LU,-128.8,imbalance_long
2021-11-11T18:30:00+00:00,2021-11-11T19:30:00+01:00,DE-LU,-128.8,imbalance_short
2021-11-11T18:30:00+00:00,2021-11-11T19:30:00+01:00,FR,218.6,imbalance_long
2021-11-11T18:30:00+00:00,2021-11-11T19:30:00+01:00,FR,241.62,imbalance_short
2021-11-11T18:30:00+00:00,2021-11-11T19:30:00+01:00,NL,136.88,imbalance_long
2021-11-11T18:30:00+00:00,2021-11-11T19:30:00+01:00,NL,136.88,imbalance_short
2021-11-11T18:45:00+00:00,2021-11-11T19:45:00+01:00,DE-LU,205.83,imbalance_long
2021-11-11T18:45:00+00:00,2021-11-11T19:45:00+01:00,DE-LU,205.83,imbalance_short
2021-11-11T18:45:00+00:00,2021-11-11T19:45:00+01:00,NL,134.24,imbalance_long
2021-11-11T18:45:00+00:00,2021-11-11T19:45:00+01:00,NL,134.24,imbalance_short
2021-11-11T19:00:00+00:00,2021-11-11T20:00:00+01:00,DE-LU,-106.16,imbalance_long
2021-11-11T19:00:00+00:00,2021-11-11T20:00:00+01:00,DE-LU,-106.16,imbalance_short
2021-11-11T19:00:00+00:00,2021-11-11T20:00:00+01:00,FR,226.44,imbalance_long
2021-11-11T19:00:00+00:00,2021-11-11T20:00:00+01:00,FR,250.28,imbalance_short
2021-11-11T19:00:00+00:00,2021-11-11T20:00:00+01:00,NL,137.89,imbalance_long
2021-11-11T19:00:00+00:00,2021-11-11T20:00:00+01:00,NL,167.89,imbalance_short
2021-11-11T19:15:00+00:00,2021-11-11T20:15:00+01:00,DE-LU,104.94,imbalance_long
2021-11-11T19:15:00+00:00,2021-11-11T20:15:00+01:00,DE-LU,104.94,imbalance_short
2021-11-11T19:15:00+00:00,2021-11-11T20:15:00+01:00,NL,177.86,imbalance_long
2021-11-11T19:15:00+00:00,2021-11-11T20:15:00+01:00,NL,177.86,imbalance_short
2021-11-11T19:30:00+00:00,2021-11-11T20:30:00+01:00,DE-LU,15.39,imbalance_long
2021-11-11T19:30:00+00:00,2021-11-11T20:30:00+01:00,DE-LU,15.39,imbalance_short
2021-11-11T19:30:00+00:00,2021-11-11T20:30:00+01:00,FR,207.1,imbalance_long
2021-11-11T19:30:00+00:00,2021-11-11T20:30:00+01:00,FR,228.9,imbalance_short
2021-11-11T19:30:00+00:00,2021-11-11T20:30:00+01:00,NL,141.88,imbalance_long
2021-11-11T19:30:00+00:00,2021-11-11T20:30:00+01:00,NL,141.88,imbalance_short
2021-11-11T19:45:00+00:00,2021-11-11T20:45:00+01:00,DE-LU,-7.25,imbalance_long
2021-11-11T19:45:00+00:00,2021-11-11T20:45:00+01:00,DE-LU,-7.25,imbalance_short
2021-11-11T19:45:00+00:00,2021-11-11T20:45:00+01:00,NL,136.85,imbalance_long
2021-11-11T19:45:00+00:00,2021-11-11T20:45:00+01:00,NL,136.85,imbalance_short
2021-11-11T20:00:00+00:00,2021-11-11T21:00:00+01:00,DE-LU,111.62,imbalance_long
2021-11-11T20:00:00+00:00,2021-11-11T21:00:00+01:00,DE-LU,111.62,imbalance_short
2021-11-11T20:00:00+00:00,2021-11-11T21:00:00+01:00,FR,216.57,imbalance_long
2021-11-11T20:00:00+00:00,2021-11-11T21:00:00+01:00,FR,239.37,imbalance_short
2021-11-11T20:00:00+00:00,2021-11-11T21:00:00+01:00,NL,554.71,imbalance_long
2021-11-11T20:00:00+00:00,2021-11-11T21:00:00+01:00,NL,554.71,imbalance_short
2021-11-11T20:15:00+00:00,2021-11-11T21:15:00+01:00,DE-LU,96.84,imbalance_long
2021-11-11T20:15:00+00:00,2021-11-11T21:15:00+01:00,DE-LU,96.84,imbalance_short
2021-11-11T20:15:00+00:00,2021-11-11T21:15:00+01:00,NL,122.37,imbalance_long
2021-11-11T20:15:00+00:00,2021-11-11T21:15:00+01:00,NL,292.85,imbalance_short
2021-11-11T20:30:00+00:00,2021-11-11T21:30:00+01:00,DE-LU,31.99,imbalance_long
2021-11-11T20:30:00+00:00,2021-11-11T21:30:00+01:00,DE-LU,31.99,imbalance_short
2021-11-11T20:30:00+00:00,2021-11-11T21:30:00+01:00,FR,133.06,imbalance_long
2021-11-11T20:30:00+00:00,2021-11-11T21:30:00+01:00,FR,147.06,imbalance_short
2021-11-11T20:30:00+00:00,2021-11-11T21:30:00+01:00,NL,107.85,imbalance_long
2021-11-11T20:30:00+00:00,2021-11-11T21:30:00+01:00,NL,107.85,imbalance_short
2021-11-11T20:45:00+00:00,2021-11-11T21:45:00+01:00,DE-LU,-25.07,imbalance_long
2021-11-11T20:45:00+00:00,2021-11-11T21:45:00+01:00,DE-LU,-25.07,imbalance_short
2021-11-11T20:45:00+00:00,2021-11-11T21:45:00+01:00,NL,133.46,imbalance_long
2021-11-11T20:45:00+00:00,2021-11-11T21:45:00+01:00,NL,133.46,imbalance_short
2021-11-11T21:00:00+00:00,2021-11-11T22:00:00+01:00,DE-LU,-55.0,imbalance_long
2021-11-11T21:00:00+00:00,2021-11-11T22:00:00+01:00,DE-LU,-55.0,imbalance_short
2021-11-11T21:00:00+00:00,2021-11-11T22:00:00+01:00,FR,206.34,imbalance_long
2021-11-11T21:00:00+00:00,2021-11-11T22:00:00+01:00,FR,228.06,imbalance_short
2021-11-11T21:00:00+00:00,2021-11-11T22:00:00+01:00,NL,217.85,imbalance_long
2021-11-11T21:00:00+00:00,2021-11-11T22:00:00+01:00,NL,217.85,imbalance_short
2021-11-11T21:15:00+00:00,2021-11-11T22:15:00+01:00,DE-LU,-81.76,imbalance_long
2021-11-11T21:15:00+00:00,2021-11-11T22:15:00+01:00,DE-LU,-81.76,imbalance_short
2021-11-11T21:15:00+00:00,2021-11-11T22:15:00+01:00,NL,177.83,imbalance_long
2021-11-11T21:15:00+00:00,2021-11-11T22:15:00+01:00,NL,177.83,imbalance_short
2021-11-11T21:30:00+00:00,2021-11-11T22:30:00+01:00,DE-LU,305.25,imbalance_long
2021-11-11T21:30:00+00:00,2021-11-11T22:30:00+01:00,DE-LU,305.25,imbalance_short
2021-11-11T21:30:00+00:00,2021-11-11T22:30:00+01:00,FR,208.14,imbalance_long
2021-11-11T21:30:00+00:00,2021-11-11T22:30:00+01:00,FR,230.04,imbalance_short
2021-11-11T21:30:00+00:00,2021-11-11T22:30:00+01:00,NL,185.21,imbalance_long
2021-11-11T21:30:00+00:00,2021-11-11T22:30:00+01:00,NL,185.21,imbalance_short
2021-11-11T21:45:00+00:00,2021-11-11T22:45:00+01:00,DE-LU,268.26,imbalance_long
2021-11-11T21:45:00+00:00,2021-11-11T22:45:00+01:00,DE-LU,268.26,imbalance_short
2021-11-11T21:45:00+00:00,2021-11-11T22:45:00+01:00,NL,133.48,imbalance_long
2021-11-11T21:45:00+00:00,2021-11-11T22:45:00+01:00,NL,133.48,imbalance_short
2021-11-11T22:00:00+00:00,2021-11-11T23:00:00+01:00,DE-LU,282.3,imbalance_long
2021-11-11T22:00:00+00:00,2021-11-11T23:00:00+01:00,DE-LU,282.3,imbalance_short
2021-11-11T22:00:00+00:00,2021-11-11T23:00:00+01:00,FR,204.5,imbalance_long
2021-11-11T22:00:00+00:00,2021-11-11T23:00:00+01:00,FR,226.02,imbalance_short
2021-11-11T22:00:00+00:00,2021-11-11T23:00:00+01:00,NL,127.85,imbalance_long
2021-11-11T22:00:00+00:00,2021-11-11T23:00:00+01:00,NL,127.85,imbalance_short
2021-11-11T22:15:00+00:00,2021-11-11T23:15:00+01:00,DE-LU,270.06,imbalance_long
2021-11-11T22:15:00+00:00,2021-11-11T23:15:00+01:00,DE-LU,270.06,imbalance_short
2021-11-11T22:15:00+00:00,2021-11-11T23:15:00+01:00,NL,151.84,imbalance_long
2021-11-11T22:15:00+00:00,2021-11-11T23:15:00+01:00,NL,151.84,imbalance_short
2021-11-11T22:30:00+00:00,2021-11-11T23:30:00+01:00,DE-LU,293.53,imbalance_long
2021-11-11T22:30:00+00:00,2021-11-11T23:30:00+01:00,DE-LU,293.53,imbalance_short
2021-11-11T22:30:00+00:00,2021-11-11T23:30:00+01:00,FR,156.55,imbalance_long
2021-11-11T22:30:00+00:00,2021-11-11T23:30:00+01:00,FR,173.03,imbalance_short
2021-11-11T22:30:00+00:00,2021-11-11T23:30:00+01:00,NL,127.37,imbalance_long
2021-11-11T22:30:00+00:00,2021-11-11T23:30:00+01:00,NL,138.11,imbalance_short
2021-11-11T22:45:00+00:00,2021-11-11T23:45:00+01:00,DE-LU,150.36,imbalance_long
2021-11-11T22:45:00+00:00,2021-11-11T23:45:00+01:00,DE-LU,150.36,imbalance_short
2021-11-11T22:45:00+00:00,2021-11-11T23:45:00+01:00,NL,88.88,imbalance_long
2021-11-11T22:45:00+00:00,2021-11-11T23:45:00+01:00,NL,88.88,imbalance_short
2021-11-11T23:00:00+00:00,2021-11-12T00:00:00+01:00,DE-LU,270.28,imbalance_long
2021-11-11T23:00:00+00:00,2021-11-12T00:00:00+01:00,DE-LU,270.28,imbalance_short
2021-11-11T23:00:00+00:00,2021-11-12T00:00:00+01:00,FR,164.69,imbalance_long
2021-11-11T23:00:00+00:00,2021-11-12T00:00:00+01:00,FR,182.03,imbalance_short
2021-11-11T23:00:00+00:00,2021-11-12T00:00:00+01:00,NL,-2.28,imbalance_long
2021-11-11T23:00:00+00:00,2021-11-12T00:00:00+01:00,NL,147.72,imbalance_short
2021-11-11T23:15:00+00:00,2021-11-12T00:15:00+01:00,DE-LU,-55.13,imbalance_long
2021-11-11T23:15:00+00:00,2021-11-12T00:15:00+01:00,DE-LU,-55.13,imbalance_short
2021-11-11T23:15:00+00:00,2021-11-12T00:15:00+01:00,NL,166.4,imbalance_long
2021-11-11T23:15:00+00:00,2021-11-12T00:15:00+01:00,NL,166.4,imbalance_short
2021-11-11T23:30:00+00:00,2021-11-12T00:30:00+01:00,DE-LU,266.88,imbalance_long
2021-11-11T23:30:00+00:00,2021-11-12T00:30:00+01:00,DE-LU,266.88,imbalance_short
2021-11-11T23:30:00+00:00,2021-11-12T00:30:00+01:00,FR,159.33,imbalance_long
2021-11-11T23:30:00+00:00,2021-11-12T00:30:00+01:00,FR,176.11,imbalance_short
2021-11-11T23:30:00+00:00,2021-11-12T00:30:00+01:00,NL,135.89,imbalance_long
2021-11-11T23:30:00+00:00,2021-11-12T00:30:00+01:00,NL,135.89,imbalance_short
2021-11-11T23:45:00+00:00,2021-11-12T00:45:00+01:00,DE-LU,-38.16,imbalance_long
2021-11-11T23:45:00+00:00,2021-11-12T00:45:00+01:00,DE-LU,-38.16,imbalance_short
2021-11-11T23:45:00+00:00,2021-11-12T00:45:00+01:00,NL,139.6,imbalance_long
2021-11-11T23:45:00+00:00,2021-11-12T00:45:00+01:00,NL,139.6,imbalance_short
2021-11-12T00:00:00+00:00,2021-11-12T01:00:00+01:00,DE-LU,70.68,imbalance_long
2021-11-12T00:00:00+00:00,2021-11-12T01:00:00+01:00,DE-LU,70.68,imbalance_short
2021-11-12T00:00:00+00:00,2021-11-12T01:00:00+01:00,FR,158.5,imbalance_long
2021-11-12T00:00:00+00:00,2021-11-12T01:00:00+01:00,FR,175.18,imbalance_short
2021-11-12T00:00:00+00:00,2021-11-12T01:00:00+01:00,NL,135.31,imbalance_long
2021-11-12T00:00:00+00:00,2021-11-12T01:00:00+01:00,NL,135.31,imbalance_short
2021-11-12T00:15:00+00:00,2021-11-12T01:15:00+01:00,DE-LU,70.68,imbalance_long
2021-11-12T00:15:00+00:00,2021-11-12T01:15:00+01:00,DE-LU,70.68,imbalance_short
2021-11-12T00:15:00+00:00,2021-11-12T01:15:00+01:00,NL,114.7,imbalance_long
2021-11-12T00:15:00+00:00,2021-11-12T01:15:00+01:00,NL,114.7,imbalance_short
2021-11-12T00:30:00+00:00,2021-11-12T01:30:00+01:00,DE-LU,102.69,imbalance_long
2021-11-12T00:30:00+00:00,2021-11-12T01:30:00+01:00,DE-LU,102.69,imbalance_short
2021-11-12T00:30:00+00:00,2021-11-12T01:30:00+01:00,FR,156.96,imbalance_long
2021-11-12T00:30:00+00:00,2021-11-12T01:30:00+01:00,FR,173.48,imbalance_short
2021-11-12T00:30:00+00:00,2021-11-12T01:30:00+01:00,NL,138.89,imbalance_long
2021-11-12T00:30:00+00:00,2021-11-12T01:30:00+01:00,NL,138.89,imbalance_short
2021-11-12T00:45:00+00:00,2021-11-12T01:45:00+01:00,DE-LU,257.6,imbalance_long
2021-11-12T00:45:00+00:00,2021-11-12T01:45:00+01:00,DE-LU,257.6,imbalance_short
2021-11-12T00:45:00+00:00,2021-11-12T01:45:00+01:00,NL,138.89,imbalance_long
2021-11-12T00:45:00+00:00,2021-11-12T01:45:00+01:00,NL,138.89,imbalance_short
2021-11-12T01:00:00+00:00,2021-11-12T02:00:00+01:00,DE-LU,254.36,imbalance_long
2021-11-12T01:00:00+00:00,2021-11-12T02:00:00+01:00,DE-LU,254.36,imbalance_short
2021-11-12T01:00:00+00:00,2021-11-12T02:00:00+01:00,FR,154.26,imbalance_long
2021-11-12T01:00:00+00:00,2021-11-12T02:00:00+01:00,FR,170.5,imbalance_short
2021-11-12T01:00:00+00:00,2021-11-12T02:00:00+01:00,NL,332.94,imbalance_long
2021-11-12T01:00:00+00:00,2021-11-12T02:00:00+01:00,NL,332.94,imbalance_short
2021-11-12T01:15:00+00:00,2021-11-12T02:15:00+01:00,DE-LU,-52.61,imbalance_long
2021-11-12T01:15:00+00:00,2021-11-12T02:15:00+01:00,DE-LU,-52.61,imbalance_short
2021-11-12T01:15:00+00:00,2021-11-12T02:15:00+01:00,NL,154.38,imbalance_long
2021-11-12T01:15:00+00:00,2021-11-12T02:15:00+01:00,NL,154.38,imbalance_short
2021-11-12T01:30:00+00:00,2021-11-12T02:30:00+01:00,DE-LU,99.33,imbalance_long
2021-11-12T01:30:00+00:00,2021-11-12T02:30:00+01:00,DE-LU,99.33,imbalance_short
2021-11-12T01:30:00+00:00,2021-11-12T02:30:00+01:00,FR,177.94,imbalance_long
2021-11-12T01:30:00+00:00,2021-11-12T02:30:00+01:00,FR,196.67,imbalance_short
2021-11-12T01:30:00+00:00,2021-11-12T02:30:00+01:00,NL,136.77,imbalance_long
2021-11-12T01:30:00+00:00,2021-11-12T02:30:00+01:00,NL,136.77,imbalance_short
2021-11-12T01:45:00+00:00,2021-11-12T02:45:00+01:00,DE-LU,66.19,imbalance_long
2021-11-12T01:45:00+00:00,2021-11-12T02:45:00+01:00,DE-LU,66.19,imbalance_short
2021-11-12T01:45:00+00:00,2021-11-12T02:45:00+01:00,NL,140.43,imbalance_long
2021-11-12T01:45:00+00:00,2021-11-12T02:45:00+01:00,NL,140.43,imbalance_short
2021-11-12T02:00:00+00:00,2021-11-12T03:00:00+01:00,DE-LU,99.24,imbalance_long
2021-11-12T02:00:00+00:00,2021-11-12T03:00:00+01:00,DE-LU,99.24,imbalance_short
2021-11-12T02:00:00+00:00,2021-11-12T03:00:00+01:00,FR,179.04,imbalance_long
2021-11-12T02:00:00+00:00,2021-11-12T03:00:00+01:00,FR,197.88,imbalance_short
2021-11-12T02:00:00+00:00,2021-11-12T03:00:00+01:00,NL,140.48,imbalance_long
2021-11-12T02:00:00+00:00,2021-11-12T03:00:00+01:00,NL,140.48,imbalance_short
2021-11-12T02:15:00+00:00,2021-11-12T03:15:00+01:00,DE-LU,104.83,imbalance_long
2021-11-12T02:15:00+00:00,2021-11-12T03:15:00+01:00,DE-LU,104.83,imbalance_short
2021-11-12T02:15:00+00:00,2021-11-12T03:15:00+01:00,NL,140.48,imbalance_long
2021-11-12T02:15:00+00:00,2021-11-12T03:15:00+01:00,NL,140.48,imbalance_short
2021-11-12T02:30:00+00:00,2021-11-12T03:30:00+01:00,DE-LU,105.76,imbalance_long
2021-11-12T02:30:00+00:00,2021-11-12T03:30:00+01:00,DE-LU,105.76,imbalance_short
2021-11-12T02:30:00+00:00,2021-11-12T03:30:00+01:00,FR,175.41,imbalance_long
2021-11-12T02:30:00+00:00,2021-11-12T03:30:00+01:00,FR,193.87,imbalance_short
2021-11-12T02:30:00+00:00,2021-11-12T03:30:00+01:00,NL,145.89,imbalance_long
2021-11-12T02:30:00+00:00,2021-11-12T03:30:00+01:00,NL,145.89,imbalance_short
2021-11-12T02:45:00+00:00,2021-11-12T03:45:00+01:00,DE-LU,-39.61,imbalance_long
2021-11-12T02:45:00+00:00,2021-11-12T03:45:00+01:00,DE-LU,-39.61,imbalance_short
2021-11-12T02:45:00+00:00,2021-11-12T03:45:00+01:00,NL,136.77,imbalance_long
2021-11-12T02:45:00+00:00,2021-11-12T03:45:00+01:00,NL,136.77,imbalance_short
2021-11-12T03:00:00+00:00,2021-11-12T04:00:00+01:00,DE-LU,267.51,imbalance_long
2021-11-12T03:00:00+00:00,2021-11-12T04:00:00+01:00,DE-LU,267.51,imbalance_short
2021-11-12T03:00:00+00:00,2021-11-12T04:00:00+01:00,FR,172.05,imbalance_long
2021-11-12T03:00:00+00:00,2021-11-12T04:00:00+01:00,FR,190.17,imbalance_short
2021-11-12T03:00:00+00:00,2021-11-12T04:00:00+01:00,NL,133.77,imbalance_long
2021-11-12T03:00:00+00:00,2021-11-12T04:00:00+01:00,NL,133.77,imbalance_short
2021-11-12T03:15:00+00:00,2021-11-12T04:15:00+01:00,DE-LU,271.87,imbalance_long
2021-11-12T03:15:00+00:00,2021-11-12T04:15:00+01:00,DE-LU,271.87,imbalance_short
2021-11-12T03:15:00+00:00,2021-11-12T04:15:00+01:00,NL,95.23,imbalance_long
2021-11-12T03:15:00+00:00,2021-11-12T04:15:00+01:00,NL,95.23,imbalance_short
2021-11-12T03:30:00+00:00,2021-11-12T04:30:00+01:00,DE-LU,296.16,imbalance_long
2021-11-12T03:30:00+00:00,2021-11-12T04:30:00+01:00,DE-LU,296.16,imbalance_short
2021-11-12T03:30:00+00:00,2021-11-12T04:30:00+01:00,FR,225.72,imbalance_long
2021-11-12T03:30:00+00:00,2021-11-12T04:30:00+01:00,FR,249.48,imbalance_short
2021-11-12T03:30:00+00:00,2021-11-12T04:30:00+01:00,NL,109.81,imbalance_long
2021-11-12T03:30:00+00:00,2021-11-12T04:30:00+01:00,NL,109.81,imbalance_short
2021-11-12T03:45:00+00:00,2021-11-12T04:45:00+01:00,DE-LU,3.67,imbalance_long
2021-11-12T03:45:00+00:00,2021-11-12T04:45:00+01:00,DE-LU,3.67,imbalance_short
2021-11-12T03:45:00+00:00,2021-11-12T04:45:00+01:00,NL,125.71,imbalance_long
2021-11-12T03:45:00+00:00,2021-11-12T04:45:00+01:00,NL,125.71,imbalance_short
2021-11-12T04:00:00+00:00,2021-11-12T05:00:00+01:00,DE-LU,158.22,imbalance_long
2021-11-12T04:00:00+00:00,2021-11-12T05:00:00+01:00,DE-LU,158.22,imbalance_short
2021-11-12T04:00:00+00:00,2021-11-12T05:00:00+01:00,FR,152.44,imbalance_long
2021-11-12T04:00:00+00:00,2021-11-12T05:00:00+01:00,FR,168.48,imbalance_short
2021-11-12T04:00:00+00:00,2021-11-12T05:00:00+01:00,NL,123.89,imbalance_long
2021-11-12T04:00:00+00:00,2021-11-12T05:00:00+01:00,NL,123.89,imbalance_short
2021-11-12T04:15:00+00:00,2021-11-12T05:15:00+01:00,DE-LU,-56.77,imbalance_long
2021-11-12T04:15:00+00:00,2021-11-12T05:15:00+01:00,DE-LU,-56.77,imbalance_short
2021-11-12T04:15:00+00:00,2021-11-12T05:15:00+01:00,NL,109.81,imbalance_long
2021-11-12T04:15:00+00:00,2021-11-12T05:15:00+01:00,NL,109.81,imbalance_short
2021-11-12T04:30:00+00:00,2021-11-12T05:30:00+01:00,DE-LU,282.27,imbalance_long
2021-11-12T04:30:00+00:00,2021-11-12T05:30:00+01:00,DE-LU,282.27,imbalance_short
2021-11-12T04:30:00+00:00,2021-11-12T05:30:00+01:00,FR,198.77,imbalance_long
2021-11-12T04:30:00+00:00,2021-11-12T05:30:00+01:00,FR,219.69,imbalance_short
2021-11-12T04:30:00+00:00,2021-11-12T05:30:00+01:00,NL,125.89,imbalance_long
2021-11-12T04:30:00+00:00,2021-11-12T05:30:00+01:00,NL,125.89,imbalance_short
2021-11-12T04:45:00+00:00,2021-11-12T05:45:00+01:00,DE-LU,103.7,imbalance_long
2021-11-12T04:45:00+00:00,2021-11-12T05:45:00+01:00,DE-LU,103.7,imbalance_short
2021-11-12T04:45:00+00:00,2021-11-12T05:45:00+01:00,NL,74.51,imbalance_long
2021-11-12T04:45:00+00:00,2021-11-12T05:45:00+01:00,NL,74.51,imbalance_short
2021-11-12T05:00:00+00:00,2021-11-12T06:00:00+01:00,DE-LU,-14.62,imbalance_long
2021-11-12T05:00:00+00:00,2021-11-12T06:00:00+01:00,DE-LU,-14.62,imbalance_short
2021-11-12T05:00:00+00:00,2021-11-12T06:00:00+01:00,FR,154.61,imbalance_long
2021-11-12T05:00:00+00:00,2021-11-12T06:00:00+01:00,FR,170.89,imbalance_short
2021-11-12T05:00:00+00:00,2021-11-12T06:00:00+01:00,NL,129.96,imbalance_long
2021-11-12T05:00:00+00:00,2021-11-12T06:00:00+01:00,NL,129.96,imbalance_short
2021-11-12T05:15:00+00:00,2021-11-12T06:15:00+01:00,DE-LU,107.27,imbalance_long
2021-11-12T05:15:00+00:00,2021-11-12T06:15:00+01:00,DE-LU,107.27,imbalance_short
2021-11-12T05:15:00+00:00,2021-11-12T06:15:00+01:00,NL,148.11,imbalance_long
2021-11-12T05:15:00+00:00,2021-11-12T06:15:00+01:00,NL,148.11,imbalance_short
2021-11-12T05:30:00+00:00,2021-11-12T06:30:00+01:00,DE-LU,119.43,imbalance_long
2021-11-12T05:30:00+00:00,2021-11-12T06:30:00+01:00,DE-LU,119.43,imbalance_short
2021-11-12T05:30:00+00:00,2021-11-12T06:30:00+01:00,FR,213.86,imbalance_long
2021-11-12T05:30:00+00:00,2021-11-12T06:30:00+01:00,FR,236.38,imbalance_short
2021-11-12T05:30:00+00:00,2021-11-12T06:30:00+01:00,NL,116.32,imbalance_long
2021-11-12T05:30:00+00:00,2021-11-12T06:30:00+01:00,NL,116.32,imbalance_short
2021-11-12T05:45:00+00:00,2021-11-12T06:45:00+01:00,DE-LU,121.31,imbalance_long
2021-11-12T05:45:00+00:00,2021-11-12T06:45:00+01:00,DE-LU,121.31,imbalance_short
2021-11-12T05:45:00+00:00,2021-11-12T06:45:00+01:00,NL,116.26,imbalance_long
2021-11-12T05:45:00+00:00,2021-11-12T06:45:00+01:00,NL,116.26,imbalance_short
2021-11-12T06:00:00+00:00,2021-11-12T07:00:00+01:00,DE-LU,-51.31,imbalance_long
2021-11-12T06:00:00+00:00,2021-11-12T07:00:00+01:00,DE-LU,-51.31,imbalance_short
2021-11-12T06:00:00+00:00,2021-11-12T07:00:00+01:00,FR,172.55,imbalance_long
2021-11-12T06:00:00+00:00,2021-11-12T07:00:00+01:00,FR,190.71,imbalance_short
2021-11-12T06:00:00+00:00,2021-11-12T07:00:00+01:00,NL,68.24,imbalance_long
2021-11-12T06:00:00+00:00,2021-11-12T07:00:00+01:00,NL,68.24,imbalance_short
2021-11-12T06:15:00+00:00,2021-11-12T07:15:00+01:00,DE-LU,98.97,imbalance_long
2021-11-12T06:15:00+00:00,2021-11-12T07:15:00+01:00,DE-LU,98.97,imbalance_short
2021-11-12T06:15:00+00:00,2021-11-12T07:15:00+01:00,NL,128.15,imbalance_long
2021-11-12T06:15:00+00:00,2021-11-12T07:15:00+01:00,NL,128.15,imbalance_short
2021-11-12T06:30:00+00:00,2021-11-12T07:30:00+01:00,DE-LU,130.42,imbalance_long
2021-11-12T06:30:00+00:00,2021-11-12T07:30:00+01:00,DE-LU,130.42,imbalance_short
2021-11-12T06:30:00+00:00,2021-11-12T07:30:00+01:00,FR,237.68,imbalance_long
2021-11-12T06:30:00+00:00,2021-11-12T07:30:00+01:00,FR,262.7,imbalance_short
2021-11-12T06:30:00+00:00,2021-11-12T07:30:00+01:00,NL,123.5,imbalance_long
2021-11-12T06:30:00+00:00,2021-11-12T07:30:00+01:00,NL,123.5,imbalance_short
2021-11-12T06:45:00+00:00,2021-11-12T07:45:00+01:00,DE-LU,80.73,imbalance_long
2021-11-12T06:45:00+00:00,2021-11-12T07:45:00+01:00,DE-LU,80.73,imbalance_short
2021-11-12T06:45:00+00:00,2021-11-12T07:45:00+01:00,NL,123.5,imbalance_long
2021-11-12T06:45:00+00:00,2021-11-12T07:45:00+01:00,NL,123.5,imbalance_short
2021-11-12T07:00:00+00:00,2021-11-12T08:00:00+01:00,DE-LU,316.56,imbalance_long
2021-11-12T07:00:00+00:00,2021-11-12T08:00:00+01:00,DE-LU,316.56,imbalance_short
2021-11-12T07:00:00+00:00,2021-11-12T08:00:00+01:00,FR,213.09,imbalance_long
2021-11-12T07:00:00+00:00,2021-11-12T08:00:00+01:00,FR,235.53,imbalance_short
2021-11-12T07:00:00+00:00,2021-11-12T08:00:00+01:00,NL,144.34,imbalance_long
2021-11-12T07:00:00+00:00,2021-11-12T08:00:00+01:00,NL,144.34,imbalance_short
2021-11-12T07:15:00+00:00,2021-11-12T08:15:00+01:00,DE-LU,273.21,imbalance_long
2021-11-12T07:15:00+00:00,2021-11-12T08:15:00+01:00,DE-LU,273.21,imbalance_short
2021-11-12T07:15:00+00:00,2021-11-12T08:15:00+01:00,NL,220.47,imbalance_long
2021-11-12T07:15:00+00:00,2021-11-12T08:15:00+01:00,NL,220.47,imbalance_short
2021-11-12T07:30:00+00:00,2021-11-12T08:30:00+01:00,DE-LU,291.87,imbalance_long
2021-11-12T07:30:00+00:00,2021-11-12T08:30:00+01:00,DE-LU,291.87,imbalance_short
2021-11-12T07:30:00+00:00,2021-11-12T08:30:00+01:00,FR,207.04,imbalance_long
2021-11-12T07:30:00+00:00,2021-11-12T08:30:00+01:00,FR,228.84,imbalance_short
2021-11-12T07:30:00+00:00,2021-11-12T08:30:00+01:00,NL,417.02,imbalance_long
2021-11-12T07:30:00+00:00,2021-11-12T08:30:00+01:00,NL,417.02,imbalance_short
2021-11-12T07:45:00+00:00,2021-11-12T08:45:00+01:00,DE-LU,332.35,imbalance_long
2021-11-12T07:45:00+00:00,2021-11-12T08:45:00+01:00,DE-LU,332.35,imbalance_short
2021-11-12T07:45:00+00:00,2021-11-12T08:45:00+01:00,NL,218.07,imbalance_long
2021-11-12T07:45:00+00:00,2021-11-12T08:45:00+01:00,NL,218.07,imbalance_short
2021-11-12T08:00:00+00:00,2021-11-12T09:00:00+01:00,DE-LU,326.44,imbalance_long
2021-11-12T08:00:00+00:00,2021-11-12T09:00:00+01:00,DE-LU,326.44,imbalance_short
2021-11-12T08:00:00+00:00,2021-11-12T09:00:00+01:00,FR,207.53,imbalance_long
2021-11-12T08:00:00+00:00,2021-11-12T09:00:00+01:00,FR,229.37,imbalance_short
2021-11-12T08:00:00+00:00,2021-11-12T09:00:00+01:00,NL,234.58,imbalance_long
2021-11-12T08:00:00+00:00,2021-11-12T09:00:00+01:00,NL,234.58,imbalance_short
2021-11-12T08:15:00+00:00,2021-11-12T09:15:00+01:00,DE-LU,317.18,imbalance_long
2021-11-12T08:15:00+00:00,2021-11-12T09:15:00+01:00,DE-LU,317.18,imbalance_short
2021-11-12T08:15:00+00:00,2021-11-12T09:15:00+01:00,NL,203.6,imbalance_long
2021-11-12T08:15:00+00:00,2021-11-12T09:15:00+01:00,NL,203.6,imbalance_short
2021-11-12T08:30:00+00:00,2021-11-12T09:30:00+01:00,DE-LU,56.22,imbalance_long
2021-11-12T08:30:00+00:00,2021-11-12T09:30:00+01:00,DE-LU,56.22,imbalance_short
2021-11-12T08:30:00+00:00,2021-11-12T09:30:00+01:00,FR,212.9,imbalance_long
2021-11-12T08:30:00+00:00,2021-11-12T09:30:00+01:00,FR,235.31,imbalance_short
2021-11-12T08:30:00+00:00,2021-11-12T09:30:00+01:00,NL,208.79,imbalance_long
2021-11-12T08:30:00+00:00,2021-11-12T09:30:00+01:00,NL,208.79,imbalance_short
2021-11-12T08:45:00+00:00,2021-11-12T09:45:00+01:00,DE-LU,-70.97,imbalance_long
2021-11-12T08:45:00+00:00,2021-11-12T09:45:00+01:00,DE-LU,-70.97,imbalance_short
2021-11-12T08:45:00+00:00,2021-11-12T09:45:00+01:00,NL,144.09,imbalance_long
2021-11-12T08:45:00+00:00,2021-11-12T09:45:00+01:00,NL,144.09,imbalance_short
2021-11-12T09:00:00+00:00,2021-11-12T10:00:00+01:00,DE-LU,267.14,imbalance_long
2021-11-12T09:00:00+00:00,2021-11-12T10:00:00+01:00,DE-LU,267.14,imbalance_short
2021-11-12T09:00:00+00:00,2021-11-12T10:00:00+01:00,FR,222.78,imbalance_long
2021-11-12T09:00:00+00:00,2021-11-12T10:00:00+01:00,FR,246.24,imbalance_short
2021-11-12T09:00:00+00:00,2021-11-12T10:00:00+01:00,NL,126.96,imbalance_long
2021-11-12T09:00:00+00:00,2021-11-12T10:00:00+01:00,NL,126.96,imbalance_short
2021-11-12T09:15:00+00:00,2021-11-12T10:15:00+01:00,DE-LU,336.85,imbalance_long
2021-11-12T09:15:00+00:00,2021-11-12T10:15:00+01:00,DE-LU,336.85,imbalance_short
2021-11-12T09:15:00+00:00,2021-11-12T10:15:00+01:00,NL,122.53,imbalance_long
2021-11-12T09:15:00+00:00,2021-11-12T10:15:00+01:00,NL,122.53,imbalance_short
2021-11-12T09:30:00+00:00,2021-11-12T10:30:00+01:00,DE-LU,302.96,imbalance_long
2021-11-12T09:30:00+00:00,2021-11-12T10:30:00+01:00,DE-LU,302.96,imbalance_short
2021-11-12T09:30:00+00:00,2021-11-12T10:30:00+01:00,FR,224.41,imbalance_long
2021-11-12T09:30:00+00:00,2021-11-12T10:30:00+01:00,FR,248.03,imbalance_short
2021-11-12T09:30:00+00:00,2021-11-12T10:30:00+01:00,NL,126.96,imbalance_long
2021-11-12T09:30:00+00:00,2021-11-12T10:30:00+01:00,NL,126.96,imbalance_short
2021-11-12T09:45:00+00:00,2021-11-12T10:45:00+01:00,DE-LU,252.06,imbalance_long
2021-11-12T09:45:00+00:00,2021-11-12T10:45:00+01:00,DE-LU,252.06,imbalance_short
2021-11-12T09:45:00+00:00,2021-11-12T10:45:00+01:00,NL,128.5,imbalance_long
2021-11-12T09:45:00+00:00,2021-11-12T10:45:00+01:00,NL,128.5,imbalance_short
2021-11-12T10:00:00+00:00,2021-11-12T11:00:00+01:00,DE-LU,349.42,imbalance_long
2021-11-12T10:00:00+00:00,2021-11-12T11:00:00+01:00,DE-LU,349.42,imbalance_short
2021-11-12T10:00:00+00:00,2021-11-12T11:00:00+01:00,FR,228.01,imbalance_long
2021-11-12T10:00:00+00:00,2021-11-12T11:00:00+01:00,FR,252.01,imbalance_short
2021-11-12T10:00:00+00:00,2021-11-12T11:00:00+01:00,NL,126.96,imbalance_long
2021-11-12T10:00:00+00:00,2021-11-12T11:00:00+01:00,NL,126.96,imbalance_short
2021-11-12T10:15:00+00:00,2021-11-12T11:15:00+01:00,DE-LU,323.39,imbalance_long
2021-11-12T10:15:00+00:00,2021-11-12T11:15:00+01:00,DE-LU,323.39,imbalance_short
2021-11-12T10:15:00+00:00,2021-11-12T11:15:00+01:00,NL,120.25,imbalance_long
2021-11-12T10:15:00+00:00,2021-11-12T11:15:00+01:00,NL,120.25,imbalance_short
2021-11-12T10:30:00+00:00,2021-11-12T11:30:00+01:00,DE-LU,279.48,imbalance_long
2021-11-12T10:30:00+00:00,2021-11-12T11:30:00+01:00,DE-LU,279.48,imbalance_short
2021-11-12T10:30:00+00:00,2021-11-12T11:30:00+01:00,FR,229.43,imbalance_long
2021-11-12T10:30:00+00:00,2021-11-12T11:30:00+01:00,FR,253.58,imbalance_short
2021-11-12T10:30:00+00:00,2021-11-12T11:30:00+01:00,NL,79.97,imbalance_long
2021-11-12T10:30:00+00:00,2021-11-12T11:30:00+01:00,NL,79.97,imbalance_short
2021-11-12T10:45:00+00:00,2021-11-12T11:45:00+01:00,DE-LU,247.92,imbalance_long
2021-11-12T10:45:00+00:00,2021-11-12T11:45:00+01:00,DE-LU,247.92,imbalance_short
2021-11-12T10:45:00+00:00,2021-11-12T11:45:00+01:00,NL,79.97,imbalance_long
2021-11-12T10:45:00+00:00,2021-11-12T11:45:00+01:00,NL,79.97,imbalance_short
2021-11-12T11:00:00+00:00,2021-11-12T12:00:00+01:00,DE-LU,-92.6,imbalance_long
2021-11-12T11:00:00+00:00,2021-11-12T12:00:00+01:00,DE-LU,-92.6,imbalance_short
2021-11-12T11:00:00+00:00,2021-11-12T12:00:00+01:00,FR,227.01,imbalance_long
2021-11-12T11:00:00+00:00,2021-11-12T12:00:00+01:00,FR,250.91,imbalance_short
2021-11-12T11:00:00+00:00,2021-11-12T12:00:00+01:00,NL,-52.0,imbalance_long
2021-11-12T11:00:00+00:00,2021-11-12T12:00:00+01:00,NL,-52.0,imbalance_short
2021-11-12T11:15:00+00:00,2021-11-12T12:15:00+01:00,DE-LU,304.32,imbalance_long
2021-11-12T11:15:00+00:00,2021-11-12T12:15:00+01:00,DE-LU,304.32,imbalance_short
2021-11-12T11:15:00+00:00,2021-11-12T12:15:00+01:00,NL,117.96,imbalance_long
2021-11-12T11:15:00+00:00,2021-11-12T12:15:00+01:00,NL,123.37,imbalance_short
2021-11-12T11:30:00+00:00,2021-11-12T12:30:00+01:00,DE-LU,68.02,imbalance_long
2021-11-12T11:30:00+00:00,2021-11-12T12:30:00+01:00,DE-LU,68.02,imbalance_short
2021-11-12T11:30:00+00:00,2021-11-12T12:30:00+01:00,FR,226.99,imbalance_long
2021-11-12T11:30:00+00:00,2021-11-12T12:30:00+01:00,FR,250.89,imbalance_short
2021-11-12T11:30:00+00:00,2021-11-12T12:30:00+01:00,NL,113.67,imbalance_long
2021-11-12T11:30:00+00:00,2021-11-12T12:30:00+01:00,NL,113.67,imbalance_short
2021-11-12T11:45:00+00:00,2021-11-12T12:45:00+01:00,DE-LU,44.36,imbalance_long
2021-11-12T11:45:00+00:00,2021-11-12T12:45:00+01:00,DE-LU,44.36,imbalance_short
2021-11-12T11:45:00+00:00,2021-11-12T12:45:00+01:00,NL,134.96,imbalance_long
2021-11-12T11:45:00+00:00,2021-11-12T12:45:00+01:00,NL,134.96,imbalance_short
2021-11-12T12:00:00+00:00,2021-11-12T13:00:00+01:00,DE-LU,296.56,imbalance_long
2021-11-12T12:00:00+00:00,2021-11-12T13:00:00+01:00,DE-LU,296.56,imbalance_short
2021-11-12T12:00:00+00:00,2021-11-12T13:00:00+01:00,FR,225.82,imbalance_long
2021-11-12T12:00:00+00:00,2021-11-12T13:00:00+01:00,FR,249.59,imbalance_short
2021-11-12T12:00:00+00:00,2021-11-12T13:00:00+01:00,NL,177.68,imbalance_long
2021-11-12T12:00:00+00:00,2021-11-12T13:00:00+01:00,NL,177.68,imbalance_short
2021-11-12T12:15:00+00:00,2021-11-12T13:15:00+01:00,DE-LU,311.65,imbalance_long
2021-11-12T12:15:00+00:00,2021-11-12T13:15:00+01:00,DE-LU,311.65,imbalance_short
2021-11-12T12:15:00+00:00,2021-11-12T13:15:00+01:00,NL,179.86,imbalance_long
2021-11-12T12:15:00+00:00,2021-11-12T13:15:00+01:00,NL,179.86,imbalance_short
2021-11-12T12:30:00+00:00,2021-11-12T13:30:00+01:00,DE-LU,274.04,imbalance_long
2021-11-12T12:30:00+00:00,2021-11-12T13:30:00+01:00,DE-LU,274.04,imbalance_short
2021-11-12T12:30:00+00:00,2021-11-12T13:30:00+01:00,FR,177.8,imbalance_long
2021-11-12T12:30:00+00:00,2021-11-12T13:30:00+01:00,FR,196.52,imbalance_short
2021-11-12T12:30:00+00:00,2021-11-12T13:30:00+01:00,NL,155.68,imbalance_long
2021-11-12T12:30:00+00:00,2021-11-12T13:30:00+01:00,NL,155.68,imbalance_short
2021-11-12T12:45:00+00:00,2021-11-12T13:45:00+01:00,DE-LU,253.78,imbalance_long
2021-11-12T12:45:00+00:00,2021-11-12T13:45:00+01:00,DE-LU,253.78,imbalance_short
2021-11-12T12:45:00+00:00,2021-11-12T13:45:00+01:00,NL,123.5,imbalance_long
2021-11-12T12:45:00+00:00,2021-11-12T13:45:00+01:00,NL,123.5,imbalance_short
2021-11-12T13:00:00+00:00,2021-11-12T14:00:00+01:00,DE-LU,299.23,imbalance_long
2021-11-12T13:00:00+00:00,2021-11-12T14:00:00+01:00,DE-LU,299.23,imbalance_short
2021-11-12T13:00:00+00:00,2021-11-12T14:00:00+01:00,FR,225.63,imbalance_long
2021-11-12T13:00:00+00:00,2021-11-12T14:00:00+01:00,FR,249.39,imbalance_short
2021-11-12T13:00:00+00:00,2021-11-12T14:00:00+01:00,NL,151.51,imbalance_long
2021-11-12T13:00:00+00:00,2021-11-12T14:00:00+01:00,NL,151.51,imbalance_short
2021-11-12T13:15:00+00:00,2021-11-12T14:15:00+01:00,DE-LU,311.66,imbalance_long
2021-11-12T13:15:00+00:00,2021-11-12T14:15:00+01:00,DE-LU,311.66,imbalance_short
2021-11-12T13:15:00+00:00,2021-11-12T14:15:00+01:00,NL,157.07,imbalance_long
2021-11-12T13:15:00+00:00,2021-11-12T14:15:00+01:00,NL,157.07,imbalance_short
2021-11-12T13:30:00+00:00,2021-11-12T14:30:00+01:00,DE-LU,311.27,imbalance_long
2021-11-12T13:30:00+00:00,2021-11-12T14:30:00+01:00,DE-LU,311.27,imbalance_short
2021-11-12T13:30:00+00:00,2021-11-12T14:30:00+01:00,FR,175.99,imbalance_long
2021-11-12T13:30:00+00:00,2021-11-12T14:30:00+01:00,FR,194.51,imbalance_short
2021-11-12T13:30:00+00:00,2021-11-12T14:30:00+01:00,NL,142.27,imbalance_long
2021-11-12T13:30:00+00:00,2021-11-12T14:30:00+01:00,NL,142.27,imbalance_short
2021-11-12T13:45:00+00:00,2021-11-12T14:45:00+01:00,DE-LU,337.62,imbalance_long
2021-11-12T13:45:00+00:00,2021-11-12T14:45:00+01:00,DE-LU,337.62,imbalance_short
2021-11-12T13:45:00+00:00,2021-11-12T14:45:00+01:00,NL,147.51,imbalance_long
2021-11-12T13:45:00+00:00,2021-11-12T14:45:00+01:00,NL,147.51,imbalance_short
2021-11-12T14:00:00+00:00,2021-11-12T15:00:00+01:00,DE-LU,311.98,imbalance_long
2021-11-12T14:00:00+00:00,2021-11-12T15:00:00+01:00,DE-LU,311.98,imbalance_short
2021-11-12T14:00:00+00:00,2021-11-12T15:00:00+01:00,FR,145.39,imbalance_long
2021-11-12T14:00:00+00:00,2021-11-12T15:00:00+01:00,FR,160.69,imbalance_short
2021-11-12T14:00:00+00:00,2021-11-12T15:00:00+01:00,NL,159.48,imbalance_long
2021-11-12T14:00:00+00:00,2021-11-12T15:00:00+01:00,NL,159.48,imbalance_short
2021-11-12T14:15:00+00:00,2021-11-12T15:15:00+01:00,DE-LU,116.78,imbalance_long
2021-11-12T14:15:00+00:00,2021-11-12T15:15:00+01:00,DE-LU,116.78,imbalance_short
2021-11-12T14:15:00+00:00,2021-11-12T15:15:00+01:00,NL,449.43,imbalance_long
2021-11-12T14:15:00+00:00,2021-11-12T15:15:00+01:00,NL,449.43,imbalance_short
2021-11-12T14:30:00+00:00,2021-11-12T15:30:00+01:00,DE-LU,285.44,imbalance_long
2021-11-12T14:30:00+00:00,2021-11-12T15:30:00+01:00,DE-LU,285.44,imbalance_short
2021-11-12T14:30:00+00:00,2021-11-12T15:30:00+01:00,FR,147.12,imbalance_long
2021-11-12T14:30:00+00:00,2021-11-12T15:30:00+01:00,FR,162.6,imbalance_short
2021-11-12T14:30:00+00:00,2021-11-12T15:30:00+01:00,NL,123.5,imbalance_long
2021-11-12T14:30:00+00:00,2021-11-12T15:30:00+01:00,NL,449.44,imbalance_short
2021-11-12T14:45:00+00:00,2021-11-12T15:45:00+01:00,DE-LU,273.71,imbalance_long
2021-11-12T14:45:00+00:00,2021-11-12T15:45:00+01:00,DE-LU,273.71,imbalance_short
2021-11-12T14:45:00+00:00,2021-11-12T15:45:00+01:00,NL,123.5,imbalance_long
2021-11-12T14:45:00+00:00,2021-11-12T15:45:00+01:00,NL,150.96,imbalance_short
2021-11-12T15:00:00+00:00,2021-11-12T16:00:00+01:00,DE-LU,296.13,imbalance_long
2021-11-12T15:00:00+00:00,2021-11-12T16:00:00+01:00,DE-LU,296.13,imbalance_short
2021-11-12T15:00:00+00:00,2021-11-12T16:00:00+01:00,FR,184.21,imbalance_long
2021-11-12T15:00:00+00:00,2021-11-12T16:00:00+01:00,FR,203.61,imbalance_short
2021-11-12T15:00:00+00:00,2021-11-12T16:00:00+01:00,NL,155.55,imbalance_long
2021-11-12T15:00:00+00:00,2021-11-12T16:00:00+01:00,NL,155.55,imbalance_short
2021-11-12T15:15:00+00:00,2021-11-12T16:15:00+01:00,DE-LU,302.76,imbalance_long
2021-11-12T15:15:00+00:00,2021-11-12T16:15:00+01:00,DE-LU,302.76,imbalance_short
2021-11-12T15:15:00+00:00,2021-11-12T16:15:00+01:00,NL,160.11,imbalance_long
2021-11-12T15:15:00+00:00,2021-11-12T16:15:00+01:00,NL,160.11,imbalance_short
2021-11-12T15:30:00+00:00,2021-11-12T16:30:00+01:00,DE-LU,298.98,imbalance_long
2021-11-12T15:30:00+00:00,2021-11-12T16:30:00+01:00,DE-LU,298.98,imbalance_short
2021-11-12T15:30:00+00:00,2021-11-12T16:30:00+01:00,FR,183.96,imbalance_long
2021-11-12T15:30:00+00:00,2021-11-12T16:30:00+01:00,FR,203.32,imbalance_short
2021-11-12T15:30:00+00:00,2021-11-12T16:30:00+01:00,NL,141.99,imbalance_long
2021-11-12T15:30:00+00:00,2021-11-12T16:30:00+01:00,NL,141.99,imbalance_short
2021-11-12T15:45:00+00:00,2021-11-12T16:45:00+01:00,DE-LU,297.15,imbalance_long
2021-11-12T15:45:00+00:00,2021-11-12T16:45:00+01:00,DE-LU,297.15,imbalance_short
2021-11-12T15:45:00+00:00,2021-11-12T16:45:00+01:00,NL,123.43,imbalance_long
2021-11-12T15:45:00+00:00,2021-11-12T16:45:00+01:00,NL,123.43,imbalance_short
2021-11-12T16:00:00+00:00,2021-11-12T17:00:00+01:00,DE-LU,272.86,imbalance_long
2021-11-12T16:00:00+00:00,2021-11-12T17:00:00+01:00,DE-LU,272.86,imbalance_short
2021-11-12T16:00:00+00:00,2021-11-12T17:00:00+01:00,FR,188.05,imbalance_long
2021-11-12T16:00:00+00:00,2021-11-12T17:00:00+01:00,FR,207.85,imbalance_short
2021-11-12T16:00:00+00:00,2021-11-12T17:00:00+01:00,NL,123.43,imbalance_long
2021-11-12T16:00:00+00:00,2021-11-12T17:00:00+01:00,NL,123.43,imbalance_short
2021-11-12T16:15:00+00:00,2021-11-12T17:15:00+01:00,DE-LU,280.43,imbalance_long
2021-11-12T16:15:00+00:00,2021-11-12T17:15:00+01:00,DE-LU,280.43,imbalance_short
2021-11-12T16:15:00+00:00,2021-11-12T17:15:00+01:00,NL,123.43,imbalance_long
2021-11-12T16:15:00+00:00,2021-11-12T17:15:00+01:00,NL,123.43,imbalance_short
2021-11-12T16:30:00+00:00,2021-11-12T17:30:00+01:00,DE-LU,-86.9,imbalance_long
2021-11-12T16:30:00+00:00,2021-11-12T17:30:00+01:00,DE-LU,-86.9,imbalance_short
2021-11-12T16:30:00+00:00,2021-11-12T17:30:00+01:00,FR,231.49,imbalance_long
2021-11-12T16:30:00+00:00,2021-11-12T17:30:00+01:00,FR,255.85,imbalance_short
2021-11-12T16:30:00+00:00,2021-11-12T17:30:00+01:00,NL,129.96,imbalance_long
2021-11-12T16:30:00+00:00,2021-11-12T17:30:00+01:00,NL,129.96,imbalance_short
2021-11-12T16:45:00+00:00,2021-11-12T17:45:00+01:00,DE-LU,44.06,imbalance_long
2021-11-12T16:45:00+00:00,2021-11-12T17:45:00+01:00,DE-LU,44.06,imbalance_short
2021-11-12T16:45:00+00:00,2021-11-12T17:45:00+01:00,NL,121.96,imbalance_long
2021-11-12T16:45:00+00:00,2021-11-12T17:45:00+01:00,NL,121.96,imbalance_short
2021-11-12T17:00:00+00:00,2021-11-12T18:00:00+01:00,DE-LU,252.88,imbalance_long
2021-11-12T17:00:00+00:00,2021-11-12T18:00:00+01:00,DE-LU,252.88,imbalance_short
2021-11-12T17:00:00+00:00,2021-11-12T18:00:00+01:00,FR,202.82,imbalance_long
2021-11-12T17:00:00+00:00,2021-11-12T18:00:00+01:00,FR,224.16,imbalance_short
2021-11-12T17:00:00+00:00,2021-11-12T18:00:00+01:00,NL,147.49,imbalance_long
2021-11-12T17:00:00+00:00,2021-11-12T18:00:00+01:00,NL,147.49,imbalance_short
2021-11-12T17:15:00+00:00,2021-11-12T18:15:00+01:00,DE-LU,185.36,imbalance_long
2021-11-12T17:15:00+00:00,2021-11-12T18:15:00+01:00,DE-LU,185.36,imbalance_short
2021-11-12T17:15:00+00:00,2021-11-12T18:15:00+01:00,NL,128.85,imbalance_long
2021-11-12T17:15:00+00:00,2021-11-12T18:15:00+01:00,NL,128.85,imbalance_short
2021-11-12T17:30:00+00:00,2021-11-12T18:30:00+01:00,DE-LU,254.19,imbalance_long
2021-11-12T17:30:00+00:00,2021-11-12T18:30:00+01:00,DE-LU,254.19,imbalance_short
2021-11-12T17:30:00+00:00,2021-11-12T18:30:00+01:00,FR,223.03,imbalance_long
2021-11-12T17:30:00+00:00,2021-11-12T18:30:00+01:00,FR,246.51,imbalance_short
2021-11-12T17:30:00+00:00,2021-11-12T18:30:00+01:00,NL,126.96,imbalance_long
2021-11-12T17:30:00+00:00,2021-11-12T18:30:00+01:00,NL,126.96,imbalance_short
2021-11-12T17:45:00+00:00,2021-11-12T18:45:00+01:00,DE-LU,266.78,imbalance_long
2021-11-12T17:45:00+00:00,2021-11-12T18:45:00+01:00,DE-LU,266.78,imbalance_short
2021-11-12T17:45:00+00:00,2021-11-12T18:45:00+01:00,NL,133.93,imbalance_long
2021-11-12T17:45:00+00:00,2021-11-12T18:45:00+01:00,NL,133.93,imbalance_short
2021-11-12T18:00:00+00:00,2021-11-12T19:00:00+01:00,DE-LU,253.31,imbalance_long
2021-11-12T18:00:00+00:00,2021-11-12T19:00:00+01:00,DE-LU,253.31,imbalance_short
2021-11-12T18:00:00+00:00,2021-11-12T19:00:00+01:00,FR,236.09,imbalance_long
2021-11-12T18:00:00+00:00,2021-11-12T19:00:00+01:00,FR,260.95,imbalance_short
2021-11-12T18:00:00+00:00,2021-11-12T19:00:00+01:00,NL,57.28,imbalance_long
2021-11-12T18:00:00+00:00,2021-11-12T19:00:00+01:00,NL,57.28,imbalance_short
2021-11-12T18:15:00+00:00,2021-11-12T19:15:00+01:00,DE-LU,254.8,imbalance_long
2021-11-12T18:15:00+00:00,2021-11-12T19:15:00+01:00,DE-LU,254.8,imbalance_short
2021-11-12T18:15:00+00:00,2021-11-12T19:15:00+01:00,NL,70.25,imbalance_long
2021-11-12T18:15:00+00:00,2021-11-12T19:15:00+01:00,NL,70.25,imbalance_short
2021-11-12T18:30:00+00:00,2021-11-12T19:30:00+01:00,DE-LU,295.8,imbalance_long
2021-11-12T18:30:00+00:00,2021-11-12T19:30:00+01:00,DE-LU,295.8,imbalance_short
2021-11-12T18:30:00+00:00,2021-11-12T19:30:00+01:00,FR,194.75,imbalance_long
2021-11-12T18:30:00+00:00,2021-11-12T19:30:00+01:00,FR,215.25,imbalance_short
2021-11-12T18:30:00+00:00,2021-11-12T19:30:00+01:00,NL,69.28,imbalance_long
2021-11-12T18:30:00+00:00,2021-11-12T19:30:00+01:00,NL,69.28,imbalance_short
2021-11-12T18:45:00+00:00,2021-11-12T19:45:00+01:00,DE-LU,238.81,imbalance_long
2021-11-12T18:45:00+00:00,2021-11-12T19:45:00+01:00,DE-LU,238.81,imbalance_short
2021-11-12T18:45:00+00:00,2021-11-12T19:45:00+01:00,NL,122.38,imbalance_long
2021-11-12T18:45:00+00:00,2021-11-12T19:45:00+01:00,NL,170.29,imbalance_short
2021-11-12T19:00:00+00:00,2021-11-12T20:00:00+01:00,DE-LU,300.24,imbalance_long
2021-11-12T19:00:00+00:00,2021-11-12T20:00:00+01:00,DE-LU,300.24,imbalance_short
2021-11-12T19:00:00+00:00,2021-11-12T20:00:00+01:00,FR,207.11,imbalance_long
2021-11-12T19:00:00+00:00,2021-11-12T20:00:00+01:00,FR,228.91,imbalance_short
2021-11-12T19:00:00+00:00,2021-11-12T20:00:00+01:00,NL,123.37,imbalance_long
2021-11-12T19:00:00+00:00,2021-11-12T20:00:00+01:00,NL,230.58,imbalance_short
2021-11-12T19:15:00+00:00,2021-11-12T20:15:00+01:00,DE-LU,64.4,imbalance_long
2021-11-12T19:15:00+00:00,2021-11-12T20:15:00+01:00,DE-LU,64.4,imbalance_short
2021-11-12T19:15:00+00:00,2021-11-12T20:15:00+01:00,NL,115.55,imbalance_long
2021-11-12T19:15:00+00:00,2021-11-12T20:15:00+01:00,NL,183.06,imbalance_short
2021-11-12T19:30:00+00:00,2021-11-12T20:30:00+01:00,DE-LU,65.68,imbalance_long
2021-11-12T19:30:00+00:00,2021-11-12T20:30:00+01:00,DE-LU,65.68,imbalance_short
2021-11-12T19:30:00+00:00,2021-11-12T20:30:00+01:00,FR,177.41,imbalance_long
2021-11-12T19:30:00+00:00,2021-11-12T20:30:00+01:00,FR,196.09,imbalance_short
2021-11-12T19:30:00+00:00,2021-11-12T20:30:00+01:00,NL,115.5,imbalance_long
2021-11-12T19:30:00+00:00,2021-11-12T20:30:00+01:00,NL,174.85,imbalance_short
2021-11-12T19:45:00+00:00,2021-11-12T20:45:00+01:00,DE-LU,55.37,imbalance_long
2021-11-12T19:45:00+00:00,2021-11-12T20:45:00+01:00,DE-LU,55.37,imbalance_short
2021-11-12T19:45:00+00:00,2021-11-12T20:45:00+01:00,NL,121.96,imbalance_long
2021-11-12T19:45:00+00:00,2021-11-12T20:45:00+01:00,NL,121.96,imbalance_short
2021-11-12T20:00:00+00:00,2021-11-12T21:00:00+01:00,DE-LU,60.8,imbalance_long
2021-11-12T20:00:00+00:00,2021-11-12T21:00:00+01:00,DE-LU,60.8,imbalance_short
2021-11-12T20:00:00+00:00,2021-11-12T21:00:00+01:00,FR,138.61,imbalance_long
2021-11-12T20:00:00+00:00,2021-11-12T21:00:00+01:00,FR,153.2,imbalance_short
2021-11-12T20:00:00+00:00,2021-11-12T21:00:00+01:00,NL,63.87,imbalance_long
2021-11-12T20:00:00+00:00,2021-11-12T21:00:00+01:00,NL,63.87,imbalance_short
2021-11-12T20:15:00+00:00,2021-11-12T21:15:00+01:00,DE-LU,4.8,imbalance_long
2021-11-12T20:15:00+00:00,2021-11-12T21:15:00+01:00,DE-LU,4.8,imbalance_short
2021-11-12T20:15:00+00:00,2021-11-12T21:15:00+01:00,NL,120.68,imbalance_long
2021-11-12T20:15:00+00:00,2021-11-12T21:15:00+01:00,NL,120.68,imbalance_short
2021-11-12T20:30:00+00:00,2021-11-12T21:30:00+01:00,DE-LU,8.82,imbalance_long
2021-11-12T20:30:00+00:00,2021-11-12T21:30:00+01:00,DE-LU,8.82,imbalance_short
2021-11-12T20:30:00+00:00,2021-11-12T21:30:00+01:00,FR,138.8,imbalance_long
2021-11-12T20:30:00+00:00,2021-11-12T21:30:00+01:00,FR,153.41,imbalance_short
2021-11-12T20:30:00+00:00,2021-11-12T21:30:00+01:00,NL,-9.7,imbalance_long
2021-11-12T20:30:00+00:00,2021-11-12T21:30:00+01:00,NL,-9.7,imbalance_short
2021-11-12T20:45:00+00:00,2021-11-12T21:45:00+01:00,DE-LU,-1.83,imbalance_long
2021-11-12T20:45:00+00:00,2021-11-12T21:45:00+01:00,DE-LU,-1.83,imbalance_short
2021-11-12T20:45:00+00:00,2021-11-12T21:45:00+01:00,NL,-21.4,imbalance_long
2021-11-12T20:45:00+00:00,2021-11-12T21:45:00+01:00,NL,-21.4,imbalance_short
2021-11-12T21:00:00+00:00,2021-11-12T22:00:00+01:00,DE-LU,257.76,imbalance_long
2021-11-12T21:00:00+00:00,2021-11-12T22:00:00+01:00,DE-LU,257.76,imbalance_short
2021-11-12T21:00:00+00:00,2021-11-12T22:00:00+01:00,FR,138.61,imbalance_long
2021-11-12T21:00:00+00:00,2021-11-12T22:00:00+01:00,FR,153.21,imbalance_short
2021-11-12T21:00:00+00:00,2021-11-12T22:00:00+01:00,NL,111.99,imbalance_long
2021-11-12T21:00:00+00:00,2021-11-12T22:00:00+01:00,NL,554.71,imbalance_short
2021-11-12T21:15:00+00:00,2021-11-12T22:15:00+01:00,DE-LU,266.38,imbalance_long
2021-11-12T21:15:00+00:00,2021-11-12T22:15:00+01:00,DE-LU,266.38,imbalance_short
2021-11-12T21:15:00+00:00,2021-11-12T22:15:00+01:00,NL,146.29,imbalance_long
2021-11-12T21:15:00+00:00,2021-11-12T22:15:00+01:00,NL,146.29,imbalance_short
2021-11-12T21:30:00+00:00,2021-11-12T22:30:00+01:00,DE-LU,277.82,imbalance_long
2021-11-12T21:30:00+00:00,2021-11-12T22:30:00+01:00,DE-LU,277.82,imbalance_short
2021-11-12T21:30:00+00:00,2021-11-12T22:30:00+01:00,FR,170.0,imbalance_long
2021-11-12T21:30:00+00:00,2021-11-12T22:30:00+01:00,FR,187.9,imbalance_short
2021-11-12T21:30:00+00:00,2021-11-12T22:30:00+01:00,NL,95.23,imbalance_long
2021-11-12T21:30:00+00:00,2021-11-12T22:30:00+01:00,NL,95.23,imbalance_short
2021-11-12T21:45:00+00:00,2021-11-12T22:45:00+01:00,DE-LU,253.54,imbalance_long
2021-11-12T21:45:00+00:00,2021-11-12T22:45:00+01:00,DE-LU,253.54,imbalance_short
2021-11-12T21:45:00+00:00,2021-11-12T22:45:00+01:00,NL,121.96,imbalance_long
2021-11-12T21:45:00+00:00,2021-11-12T22:45:00+01:00,NL,121.96,imbalance_short
2021-11-12T22:00:00+00:00,2021-11-12T23:00:00+01:00,DE-LU,307.2,imbalance_long
2021-11-12T22:00:00+00:00,2021-11-12T23:00:00+01:00,DE-LU,307.2,imbalance_short
2021-11-12T22:00:00+00:00,2021-11-12T23:00:00+01:00,FR,165.68,imbalance_long
2021-11-12T22:00:00+00:00,2021-11-12T23:00:00+01:00,FR,183.12,imbalance_short
2021-11-12T22:00:00+00:00,2021-11-12T23:00:00+01:00,NL,109.81,imbalance_long
2021-11-12T22:00:00+00:00,2021-11-12T23:00:00+01:00,NL,164.96,imbalance_short
2021-11-12T22:15:00+00:00,2021-11-12T23:15:00+01:00,DE-LU,263.56,imbalance_long
2021-11-12T22:15:00+00:00,2021-11-12T23:15:00+01:00,DE-LU,263.56,imbalance_short
2021-11-12T22:15:00+00:00,2021-11-12T23:15:00+01:00,NL,148.82,imbalance_long
2021-11-12T22:15:00+00:00,2021-11-12T23:15:00+01:00,NL,148.82,imbalance_short
2021-11-12T22:30:00+00:00,2021-11-12T23:30:00+01:00,DE-LU,215.26,imbalance_long
2021-11-12T22:30:00+00:00,2021-11-12T23:30:00+01:00,DE-LU,215.26,imbalance_short
2021-11-12T22:30:00+00:00,2021-11-12T23:30:00+01:00,FR,94.53,imbalance_long
2021-11-12T22:30:00+00:00,2021-11-12T23:30:00+01:00,FR,104.48,imbalance_short
2021-11-12T22:30:00+00:00,2021-11-12T23:30:00+01:00,NL,109.81,imbalance_long
2021-11-12T22:30:00+00:00,2021-11-12T23:30:00+01:00,NL,109.81,imbalance_short
2021-11-12T22:45:00+00:00,2021-11-12T23:45:00+01:00,DE-LU,210.24,imbalance_long
2021-11-12T22:45:00+00:00,2021-11-12T23:45:00+01:00,DE-LU,210.24,imbalance_short
2021-11-12T22:45:00+00:00,2021-11-12T23:45:00+01:00,NL,75.0,imbalance_long
2021-11-12T22:45:00+00:00,2021-11-12T23:45:00+01:00,NL,75.0,imbalance_short
2021-11-12T23:00:00+00:00,2021-11-13T00:00:00+01:00,DE-LU,254.92,imbalance_long
2021-11-12T23:00:00+00:00,2021-11-13T00:00:00+01:00,DE-LU,254.92,imbalance_short
2021-11-12T23:00:00+00:00,2021-11-13T00:00:00+01:00,FR,180.79,imbalance_long
2021-11-12T23:00:00+00:00,2021-11-13T00:00:00+01:00,FR,199.82,imbalance_short
2021-11-12T23:00:00+00:00,2021-11-13T00:00:00+01:00,NL,59.5,imbalance_long
2021-11-12T23:00:00+00:00,2021-11-13T00:00:00+01:00,NL,59.5,imbalance_short
2021-11-12T23:15:00+00:00,2021-11-13T00:15:00+01:00,DE-LU,46.37,imbalance_long
2021-11-12T23:15:00+00:00,2021-11-13T00:15:00+01:00,DE-LU,46.37,imbalance_short
2021-11-12T23:15:00+00:00,2021-11-13T00:15:00+01:00,NL,129.15,imbalance_long
2021-11-12T23:15:00+00:00,2021-11-13T00:15:00+01:00,NL,129.15,imbalance_short
2021-11-12T23:30:00+00:00,2021-11-13T00:30:00+01:00,DE-LU,248.29,imbalance_long
2021-11-12T23:30:00+00:00,2021-11-13T00:30:00+01:00,DE-LU,248.29,imbalance_short
2021-11-12T23:30:00+00:00,2021-11-13T00:30:00+01:00,FR,129.46,imbalance_long
2021-11-12T23:30:00+00:00,2021-11-13T00:30:00+01:00,FR,143.08,imbalance_short
2021-11-12T23:30:00+00:00,2021-11-13T00:30:00+01:00,NL,111.92,imbalance_long
2021-11-12T23:30:00+00:00,2021-11-13T00:30:00+01:00,NL,111.92,imbalance_short
2021-11-12T23:45:00+00:00,2021-11-13T00:45:00+01:00,DE-LU,249.52,imbalance_long
2021-11-12T23:45:00+00:00,2021-11-13T00:45:00+01:00,DE-LU,249.52,imbalance_short
2021-11-12T23:45:00+00:00,2021-11-13T00:45:00+01:00,NL,109.5,imbalance_long
2021-11-12T23:45:00+00:00,2021-11-13T00:45:00+01:00,NL,109.5,imbalance_short
2021-11-13T00:00:00+00:00,2021-11-13T01:00:00+01:00,DE-LU,204.1,imbalance_long
2021-11-13T00:00:00+00:00,2021-11-13T01:00:00+01:00,DE-LU,204.1,imbalance_short
2021-11-13T00:00:00+00:00,2021-11-13T01:00:00+01:00,FR,133.23,imbalance_long
2021-11-13T00:00:00+00:00,2021-11-13T01:00:00+01:00,FR,147.25,imbalance_short
2021-11-13T00:00:00+00:00,2021-11-13T01:00:00+01:00,NL,129.15,imbalance_long
2021-11-13T00:00:00+00:00,2021-11-13T01:00:00+01:00,NL,129.15,imbalance_short
2021-11-13T00:15:00+00:00,2021-11-13T01:15:00+01:00,DE-LU,262.42,imbalance_long
2021-11-13T00:15:00+00:00,2021-11-13T01:15:00+01:00,DE-LU,262.42,imbalance_short
2021-11-13T00:15:00+00:00,2021-11-13T01:15:00+01:00,NL,139.54,imbalance_long
2021-11-13T00:15:00+00:00,2021-11-13T01:15:00+01:00,NL,142.9,imbalance_short
2021-11-13T00:30:00+00:00,2021-11-13T01:30:00+01:00,DE-LU,228.64,imbalance_long
2021-11-13T00:30:00+00:00,2021-11-13T01:30:00+01:00,DE-LU,228.64,imbalance_short
2021-11-13T00:30:00+00:00,2021-11-13T01:30:00+01:00,FR,137.83,imbalance_long
2021-11-13T00:30:00+00:00,2021-11-13T01:30:00+01:00,FR,152.33,imbalance_short
2021-11-13T00:30:00+00:00,2021-11-13T01:30:00+01:00,NL,174.26,imbalance_long
2021-11-13T00:30:00+00:00,2021-11-13T01:30:00+01:00,NL,174.26,imbalance_short
2021-11-13T00:45:00+00:00,2021-11-13T01:45:00+01:00,DE-LU,-9.05,imbalance_long
2021-11-13T00:45:00+00:00,2021-11-13T01:45:00+01:00,DE-LU,-9.05,imbalance_short
2021-11-13T00:45:00+00:00,2021-11-13T01:45:00+01:00,NL,150.42,imbalance_long
2021-11-13T00:45:00+00:00,2021-11-13T01:45:00+01:00,NL,150.42,imbalance_short
2021-11-13T01:00:00+00:00,2021-11-13T02:00:00+01:00,DE-LU,86.8,imbalance_long
2021-11-13T01:00:00+00:00,2021-11-13T02:00:00+01:00,DE-LU,86.8,imbalance_short
2021-11-13T01:00:00+00:00,2021-11-13T02:00:00+01:00,FR,124.67,imbalance_long
2021-11-13T01:00:00+00:00,2021-11-13T02:00:00+01:00,FR,137.79,imbalance_short
2021-11-13T01:00:00+00:00,2021-11-13T02:00:00+01:00,NL,160.69,imbalance_long
2021-11-13T01:00:00+00:00,2021-11-13T02:00:00+01:00,NL,160.69,imbalance_short
2021-11-13T01:15:00+00:00,2021-11-13T02:15:00+01:00,DE-LU,80.09,imbalance_long
2021-11-13T01:15:00+00:00,2021-11-13T02:15:00+01:00,DE-LU,80.09,imbalance_short
2021-11-13T01:15:00+00:00,2021-11-13T02:15:00+01:00,NL,197.84,imbalance_long
2021-11-13T01:15:00+00:00,2021-11-13T02:15:00+01:00,NL,197.84,imbalance_short
2021-11-13T01:30:00+00:00,2021-11-13T02:30:00+01:00,DE-LU,239.72,imbalance_long
2021-11-13T01:30:00+00:00,2021-11-13T02:30:00+01:00,DE-LU,239.72,imbalance_short
2021-11-13T01:30:00+00:00,2021-11-13T02:30:00+01:00,FR,123.84,imbalance_long
2021-11-13T01:30:00+00:00,2021-11-13T02:30:00+01:00,FR,136.88,imbalance_short
2021-11-13T01:30:00+00:00,2021-11-13T02:30:00+01:00,NL,174.69,imbalance_long
2021-11-13T01:30:00+00:00,2021-11-13T02:30:00+01:00,NL,174.69,imbalance_short
2021-11-13T01:45:00+00:00,2021-11-13T02:45:00+01:00,DE-LU,101.43,imbalance_long
2021-11-13T01:45:00+00:00,2021-11-13T02:45:00+01:00,DE-LU,101.43,imbalance_short
2021-11-13T01:45:00+00:00,2021-11-13T02:45:00+01:00,NL,145.44,imbalance_long
2021-11-13T01:45:00+00:00,2021-11-13T02:45:00+01:00,NL,147.69,imbalance_short
2021-11-13T02:00:00+00:00,2021-11-13T03:00:00+01:00,DE-LU,275.43,imbalance_long
2021-11-13T02:00:00+00:00,2021-11-13T03:00:00+01:00,DE-LU,275.43,imbalance_short
2021-11-13T02:00:00+00:00,2021-11-13T03:00:00+01:00,FR,88.22,imbalance_long
2021-11-13T02:00:00+00:00,2021-11-13T03:00:00+01:00,FR,97.5,imbalance_short
2021-11-13T02:00:00+00:00,2021-11-13T03:00:00+01:00,NL,-70.03,imbalance_long
2021-11-13T02:00:00+00:00,2021-11-13T03:00:00+01:00,NL,-70.03,imbalance_short
2021-11-13T02:15:00+00:00,2021-11-13T03:15:00+01:00,DE-LU,255.58,imbalance_long
2021-11-13T02:15:00+00:00,2021-11-13T03:15:00+01:00,DE-LU,255.58,imbalance_short
2021-11-13T02:15:00+00:00,2021-11-13T03:15:00+01:00,NL,119.16,imbalance_long
2021-11-13T02:15:00+00:00,2021-11-13T03:15:00+01:00,NL,119.16,imbalance_short
2021-11-13T02:30:00+00:00,2021-11-13T03:30:00+01:00,DE-LU,249.92,imbalance_long
2021-11-13T02:30:00+00:00,2021-11-13T03:30:00+01:00,DE-LU,249.92,imbalance_short
2021-11-13T02:30:00+00:00,2021-11-13T03:30:00+01:00,FR,89.18,imbalance_long
2021-11-13T02:30:00+00:00,2021-11-13T03:30:00+01:00,FR,98.56,imbalance_short
2021-11-13T02:30:00+00:00,2021-11-13T03:30:00+01:00,NL,150.69,imbalance_long
2021-11-13T02:30:00+00:00,2021-11-13T03:30:00+01:00,NL,150.69,imbalance_short
2021-11-13T02:45:00+00:00,2021-11-13T03:45:00+01:00,DE-LU,-18.33,imbalance_long
2021-11-13T02:45:00+00:00,2021-11-13T03:45:00+01:00,DE-LU,-18.33,imbalance_short
2021-11-13T02:45:00+00:00,2021-11-13T03:45:00+01:00,NL,154.69,imbalance_long
2021-11-13T02:45:00+00:00,2021-11-13T03:45:00+01:00,NL,154.69,imbalance_short
2021-11-13T03:00:00+00:00,2021-11-13T04:00:00+01:00,DE-LU,195.52,imbalance_long
2021-11-13T03:00:00+00:00,2021-11-13T04:00:00+01:00,DE-LU,195.52,imbalance_short
2021-11-13T03:00:00+00:00,2021-11-13T04:00:00+01:00,FR,78.26,imbalance_long
2021-11-13T03:00:00+00:00,2021-11-13T04:00:00+01:00,FR,86.5,imbalance_short
2021-11-13T03:00:00+00:00,2021-11-13T04:00:00+01:00,NL,-13.55,imbalance_long
2021-11-13T03:00:00+00:00,2021-11-13T04:00:00+01:00,NL,-13.55,imbalance_short
2021-11-13T03:15:00+00:00,2021-11-13T04:15:00+01:00,DE-LU,220.91,imbalance_long
2021-11-13T03:15:00+00:00,2021-11-13T04:15:00+01:00,DE-LU,220.91,imbalance_short
2021-11-13T03:15:00+00:00,2021-11-13T04:15:00+01:00,NL,109.15,imbalance_long
2021-11-13T03:15:00+00:00,2021-11-13T04:15:00+01:00,NL,109.15,imbalance_short
2021-11-13T03:30:00+00:00,2021-11-13T04:30:00+01:00,DE-LU,220.97,imbalance_long
2021-11-13T03:30:00+00:00,2021-11-13T04:30:00+01:00,DE-LU,220.97,imbalance_short
2021-11-13T03:30:00+00:00,2021-11-13T04:30:00+01:00,FR,75.82,imbalance_long
2021-11-13T03:30:00+00:00,2021-11-13T04:30:00+01:00,FR,83.8,imbalance_short
2021-11-13T03:30:00+00:00,2021-11-13T04:30:00+01:00,NL,164.92,imbalance_long
2021-11-13T03:30:00+00:00,2021-11-13T04:30:00+01:00,NL,164.92,imbalance_short
2021-11-13T03:45:00+00:00,2021-11-13T04:45:00+01:00,DE-LU,-11.81,imbalance_long
2021-11-13T03:45:00+00:00,2021-11-13T04:45:00+01:00,DE-LU,-11.81,imbalance_short
2021-11-13T03:45:00+00:00,2021-11-13T04:45:00+01:00,NL,195.0,imbalance_long
2021-11-13T03:45:00+00:00,2021-11-13T04:45:00+01:00,NL,195.0,imbalance_short
2021-11-13T04:00:00+00:00,2021-11-13T05:00:00+01:00,DE-LU,-15.37,imbalance_long
2021-11-13T04:00:00+00:00,2021-11-13T05:00:00+01:00,DE-LU,-15.37,imbalance_short
2021-11-13T04:00:00+00:00,2021-11-13T05:00:00+01:00,FR,105.85,imbalance_long
2021-11-13T04:00:00+00:00,2021-11-13T05:00:00+01:00,FR,116.99,imbalance_short
2021-11-13T04:00:00+00:00,2021-11-13T05:00:00+01:00,NL,-68.0,imbalance_long
2021-11-13T04:00:00+00:00,2021-11-13T05:00:00+01:00,NL,-68.0,imbalance_short
2021-11-13T04:15:00+00:00,2021-11-13T05:15:00+01:00,DE-LU,79.9,imbalance_long
2021-11-13T04:15:00+00:00,2021-11-13T05:15:00+01:00,DE-LU,79.9,imbalance_short
2021-11-13T04:15:00+00:00,2021-11-13T05:15:00+01:00,NL,139.7,imbalance_long
2021-11-13T04:15:00+00:00,2021-11-13T05:15:00+01:00,NL,139.7,imbalance_short
2021-11-13T04:30:00+00:00,2021-11-13T05:30:00+01:00,DE-LU,229.42,imbalance_long
2021-11-13T04:30:00+00:00,2021-11-13T05:30:00+01:00,DE-LU,229.42,imbalance_short
2021-11-13T04:30:00+00:00,2021-11-13T05:30:00+01:00,FR,142.44,imbalance_long
2021-11-13T04:30:00+00:00,2021-11-13T05:30:00+01:00,FR,157.44,imbalance_short
2021-11-13T04:30:00+00:00,2021-11-13T05:30:00+01:00,NL,158.47,imbalance_long
2021-11-13T04:30:00+00:00,2021-11-13T05:30:00+01:00,NL,158.47,imbalance_short
2021-11-13T04:45:00+00:00,2021-11-13T05:45:00+01:00,DE-LU,-19.98,imbalance_long
2021-11-13T04:45:00+00:00,2021-11-13T05:45:00+01:00,DE-LU,-19.98,imbalance_short
2021-11-13T04:45:00+00:00,2021-11-13T05:45:00+01:00,NL,167.89,imbalance_long
2021-11-13T04:45:00+00:00,2021-11-13T05:45:00+01:00,NL,167.89,imbalance_short
2021-11-13T05:00:00+00:00,2021-11-13T06:00:00+01:00,DE-LU,324.51,imbalance_long
2021-11-13T05:00:00+00:00,2021-11-13T06:00:00+01:00,DE-LU,324.51,imbalance_short
2021-11-13T05:00:00+00:00,2021-11-13T06:00:00+01:00,FR,133.08,imbalance_long
2021-11-13T05:00:00+00:00,2021-11-13T06:00:00+01:00,FR,147.08,imbalance_short
2021-11-13T05:00:00+00:00,2021-11-13T06:00:00+01:00,NL,-52.0,imbalance_long
2021-11-13T05:00:00+00:00,2021-11-13T06:00:00+01:00,NL,-52.0,imbalance_short
2021-11-13T05:15:00+00:00,2021-11-13T06:15:00+01:00,DE-LU,235.61,imbalance_long
2021-11-13T05:15:00+00:00,2021-11-13T06:15:00+01:00,DE-LU,235.61,imbalance_short
2021-11-13T05:15:00+00:00,2021-11-13T06:15:00+01:00,NL,106.91,imbalance_long
2021-11-13T05:15:00+00:00,2021-11-13T06:15:00+01:00,NL,106.91,imbalance_short
2021-11-13T05:30:00+00:00,2021-11-13T06:30:00+01:00,DE-LU,265.74,imbalance_long
2021-11-13T05:30:00+00:00,2021-11-13T06:30:00+01:00,DE-LU,265.74,imbalance_short
2021-11-13T05:30:00+00:00,2021-11-13T06:30:00+01:00,FR,171.7,imbalance_long
2021-11-13T05:30:00+00:00,2021-11-13T06:30:00+01:00,FR,189.78,imbalance_short
2021-11-13T05:30:00+00:00,2021-11-13T06:30:00+01:00,NL,137.57,imbalance_long
2021-11-13T05:30:00+00:00,2021-11-13T06:30:00+01:00,NL,152.57,imbalance_short
2021-11-13T05:45:00+00:00,2021-11-13T06:45:00+01:00,DE-LU,314.73,imbalance_long
2021-11-13T05:45:00+00:00,2021-11-13T06:45:00+01:00,DE-LU,314.73,imbalance_short
2021-11-13T05:45:00+00:00,2021-11-13T06:45:00+01:00,NL,238.77,imbalance_long
2021-11-13T05:45:00+00:00,2021-11-13T06:45:00+01:00,NL,238.77,imbalance_short
2021-11-13T06:00:00+00:00,2021-11-13T07:00:00+01:00,DE-LU,259.57,imbalance_long
2021-11-13T06:00:00+00:00,2021-11-13T07:00:00+01:00,DE-LU,259.57,imbalance_short
2021-11-13T06:00:00+00:00,2021-11-13T07:00:00+01:00,FR,175.16,imbalance_long
2021-11-13T06:00:00+00:00,2021-11-13T07:00:00+01:00,FR,193.6,imbalance_short
2021-11-13T06:00:00+00:00,2021-11-13T07:00:00+01:00,NL,454.13,imbalance_long
2021-11-13T06:00:00+00:00,2021-11-13T07:00:00+01:00,NL,454.13,imbalance_short
2021-11-13T06:15:00+00:00,2021-11-13T07:15:00+01:00,DE-LU,301.83,imbalance_long
2021-11-13T06:15:00+00:00,2021-11-13T07:15:00+01:00,DE-LU,301.83,imbalance_short
2021-11-13T06:15:00+00:00,2021-11-13T07:15:00+01:00,NL,454.13,imbalance_long
2021-11-13T06:15:00+00:00,2021-11-13T07:15:00+01:00,NL,454.13,imbalance_short
2021-11-13T06:30:00+00:00,2021-11-13T07:30:00+01:00,DE-LU,309.45,imbalance_long
2021-11-13T06:30:00+00:00,2021-11-13T07:30:00+01:00,DE-LU,309.45,imbalance_short
2021-11-13T06:30:00+00:00,2021-11-13T07:30:00+01:00,FR,149.8,imbalance_long
2021-11-13T06:30:00+00:00,2021-11-13T07:30:00+01:00,FR,165.56,imbalance_short
2021-11-13T06:30:00+00:00,2021-11-13T07:30:00+01:00,NL,454.13,imbalance_long
2021-11-13T06:30:00+00:00,2021-11-13T07:30:00+01:00,NL,454.13,imbalance_short
2021-11-13T06:45:00+00:00,2021-11-13T07:45:00+01:00,DE-LU,290.33,imbalance_long
2021-11-13T06:45:00+00:00,2021-11-13T07:45:00+01:00,DE-LU,290.33,imbalance_short
2021-11-13T06:45:00+00:00,2021-11-13T07:45:00+01:00,NL,274.45,imbalance_long
2021-11-13T06:45:00+00:00,2021-11-13T07:45:00+01:00,NL,274.45,imbalance_short
2021-11-13T07:00:00+00:00,2021-11-13T08:00:00+01:00,DE-LU,110.74,imbalance_long
2021-11-13T07:00:00+00:00,2021-11-13T08:00:00+01:00,DE-LU,110.74,imbalance_short
2021-11-13T07:00:00+00:00,2021-11-13T08:00:00+01:00,FR,152.77,imbalance_long
2021-11-13T07:00:00+00:00,2021-11-13T08:00:00+01:00,FR,168.85,imbalance_short
2021-11-13T07:00:00+00:00,2021-11-13T08:00:00+01:00,NL,293.12,imbalance_long
2021-11-13T07:00:00+00:00,2021-11-13T08:00:00+01:00,NL,293.12,imbalance_short
2021-11-13T07:15:00+00:00,2021-11-13T08:15:00+01:00,DE-LU,90.06,imbalance_long
2021-11-13T07:15:00+00:00,2021-11-13T08:15:00+01:00,DE-LU,90.06,imbalance_short
2021-11-13T07:15:00+00:00,2021-11-13T08:15:00+01:00,NL,146.08,imbalance_long
2021-11-13T07:15:00+00:00,2021-11-13T08:15:00+01:00,NL,146.08,imbalance_short
2021-11-13T07:30:00+00:00,2021-11-13T08:30:00+01:00,DE-LU,130.71,imbalance_long
2021-11-13T07:30:00+00:00,2021-11-13T08:30:00+01:00,DE-LU,130.71,imbalance_short
2021-11-13T07:30:00+00:00,2021-11-13T08:30:00+01:00,FR,162.6,imbalance_long
2021-11-13T07:30:00+00:00,2021-11-13T08:30:00+01:00,FR,179.72,imbalance_short
2021-11-13T07:30:00+00:00,2021-11-13T08:30:00+01:00,NL,134.57,imbalance_long
2021-11-13T07:30:00+00:00,2021-11-13T08:30:00+01:00,NL,134.57,imbalance_short
2021-11-13T07:45:00+00:00,2021-11-13T08:45:00+01:00,DE-LU,105.28,imbalance_long
2021-11-13T07:45:00+00:00,2021-11-13T08:45:00+01:00,DE-LU,105.28,imbalance_short
2021-11-13T07:45:00+00:00,2021-11-13T08:45:00+01:00,NL,155.57,imbalance_long
2021-11-13T07:45:00+00:00,2021-11-13T08:45:00+01:00,NL,155.57,imbalance_short
2021-11-13T08:00:00+00:00,2021-11-13T09:00:00+01:00,DE-LU,253.43,imbalance_long
2021-11-13T08:00:00+00:00,2021-11-13T09:00:00+01:00,DE-LU,253.43,imbalance_short
2021-11-13T08:00:00+00:00,2021-11-13T09:00:00+01:00,FR,164.26,imbalance_long
2021-11-13T08:00:00+00:00,2021-11-13T09:00:00+01:00,FR,181.56,imbalance_short
2021-11-13T08:00:00+00:00,2021-11-13T09:00:00+01:00,NL,172.36,imbalance_long
2021-11-13T08:00:00+00:00,2021-11-13T09:00:00+01:00,NL,172.36,imbalance_short
2021-11-13T08:15:00+00:00,2021-11-13T09:15:00+01:00,DE-LU,279.95,imbalance_long
2021-11-13T08:15:00+00:00,2021-11-13T09:15:00+01:00,DE-LU,279.95,imbalance_short
2021-11-13T08:15:00+00:00,2021-11-13T09:15:00+01:00,NL,169.55,imbalance_long
2021-11-13T08:15:00+00:00,2021-11-13T09:15:00+01:00,NL,169.55,imbalance_short
2021-11-13T08:30:00+00:00,2021-11-13T09:30:00+01:00,DE-LU,299.04,imbalance_long
2021-11-13T08:30:00+00:00,2021-11-13T09:30:00+01:00,DE-LU,299.04,imbalance_short
2021-11-13T08:30:00+00:00,2021-11-13T09:30:00+01:00,FR,163.36,imbalance_long
2021-11-13T08:30:00+00:00,2021-11-13T09:30:00+01:00,FR,180.56,imbalance_short
2021-11-13T08:30:00+00:00,2021-11-13T09:30:00+01:00,NL,226.75,imbalance_long
2021-11-13T08:30:00+00:00,2021-11-13T09:30:00+01:00,NL,226.75,imbalance_short
2021-11-13T08:45:00+00:00,2021-11-13T09:45:00+01:00,DE-LU,327.27,imbalance_long
2021-11-13T08:45:00+00:00,2021-11-13T09:45:00+01:00,DE-LU,327.27,imbalance_short
2021-11-13T08:45:00+00:00,2021-11-13T09:45:00+01:00,NL,144.76,imbalance_long
2021-11-13T08:45:00+00:00,2021-11-13T09:45:00+01:00,NL,455.1,imbalance_short
2021-11-13T09:00:00+00:00,2021-11-13T10:00:00+01:00,DE-LU,268.97,imbalance_long
2021-11-13T09:00:00+00:00,2021-11-13T10:00:00+01:00,DE-LU,268.97,imbalance_short
2021-11-13T09:00:00+00:00,2021-11-13T10:00:00+01:00,FR,165.83,imbalance_long
2021-11-13T09:00:00+00:00,2021-11-13T10:00:00+01:00,FR,183.29,imbalance_short
2021-11-13T09:00:00+00:00,2021-11-13T10:00:00+01:00,NL,142.51,imbalance_long
2021-11-13T09:00:00+00:00,2021-11-13T10:00:00+01:00,NL,229.85,imbalance_short
2021-11-13T09:15:00+00:00,2021-11-13T10:15:00+01:00,DE-LU,262.87,imbalance_long
2021-11-13T09:15:00+00:00,2021-11-13T10:15:00+01:00,DE-LU,262.87,imbalance_short
2021-11-13T09:15:00+00:00,2021-11-13T10:15:00+01:00,NL,453.87,imbalance_long
2021-11-13T09:15:00+00:00,2021-11-13T10:15:00+01:00,NL,453.87,imbalance_short
2021-11-13T09:30:00+00:00,2021-11-13T10:30:00+01:00,DE-LU,268.94,imbalance_long
2021-11-13T09:30:00+00:00,2021-11-13T10:30:00+01:00,DE-LU,268.94,imbalance_short
2021-11-13T09:30:00+00:00,2021-11-13T10:30:00+01:00,FR,165.2,imbalance_long
2021-11-13T09:30:00+00:00,2021-11-13T10:30:00+01:00,FR,182.58,imbalance_short
2021-11-13T09:30:00+00:00,2021-11-13T10:30:00+01:00,NL,453.87,imbalance_long
2021-11-13T09:30:00+00:00,2021-11-13T10:30:00+01:00,NL,453.87,imbalance_short
2021-11-13T09:45:00+00:00,2021-11-13T10:45:00+01:00,DE-LU,269.37,imbalance_long
2021-11-13T09:45:00+00:00,2021-11-13T10:45:00+01:00,DE-LU,269.37,imbalance_short
2021-11-13T09:45:00+00:00,2021-11-13T10:45:00+01:00,NL,453.87,imbalance_long
2021-11-13T09:45:00+00:00,2021-11-13T10:45:00+01:00,NL,453.87,imbalance_short
2021-11-13T10:00:00+00:00,2021-11-13T11:00:00+01:00,DE-LU,280.03,imbalance_long
2021-11-13T10:00:00+00:00,2021-11-13T11:00:00+01:00,DE-LU,280.03,imbalance_short
2021-11-13T10:00:00+00:00,2021-11-13T11:00:00+01:00,FR,190.17,imbalance_long
2021-11-13T10:00:00+00:00,2021-11-13T11:00:00+01:00,FR,210.19,imbalance_short
2021-11-13T10:00:00+00:00,2021-11-13T11:00:00+01:00,NL,451.48,imbalance_long
2021-11-13T10:00:00+00:00,2021-11-13T11:00:00+01:00,NL,451.48,imbalance_short
2021-11-13T10:15:00+00:00,2021-11-13T11:15:00+01:00,DE-LU,292.03,imbalance_long
2021-11-13T10:15:00+00:00,2021-11-13T11:15:00+01:00,DE-LU,292.03,imbalance_short
2021-11-13T10:15:00+00:00,2021-11-13T11:15:00+01:00,NL,451.48,imbalance_long
2021-11-13T10:15:00+00:00,2021-11-13T11:15:00+01:00,NL,451.48,imbalance_short
2021-11-13T10:30:00+00:00,2021-11-13T11:30:00+01:00,DE-LU,284.17,imbalance_long
2021-11-13T10:30:00+00:00,2021-11-13T11:30:00+01:00,DE-LU,284.17,imbalance_short
2021-11-13T10:30:00+00:00,2021-11-13T11:30:00+01:00,FR,184.53,imbalance_long
2021-11-13T10:30:00+00:00,2021-11-13T11:30:00+01:00,FR,203.95,imbalance_short
2021-11-13T10:30:00+00:00,2021-11-13T11:30:00+01:00,NL,451.48,imbalance_long
2021-11-13T10:30:00+00:00,2021-11-13T11:30:00+01:00,NL,451.48,imbalance_short
2021-11-13T10:45:00+00:00,2021-11-13T11:45:00+01:00,DE-LU,289.98,imbalance_long
2021-11-13T10:45:00+00:00,2021-11-13T11:45:00+01:00,DE-LU,289.98,imbalance_short
2021-11-13T10:45:00+00:00,2021-11-13T11:45:00+01:00,NL,197.47,imbalance_long
2021-11-13T10:45:00+00:00,2021-11-13T11:45:00+01:00,NL,197.47,imbalance_short
2021-11-13T11:00:00+00:00,2021-11-13T12:00:00+01:00,DE-LU,259.18,imbalance_long
2021-11-13T11:00:00+00:00,2021-11-13T12:00:00+01:00,DE-LU,259.18,imbalance_short
2021-11-13T11:00:00+00:00,2021-11-13T12:00:00+01:00,FR,211.0,imbalance_long
2021-11-13T11:00:00+00:00,2021-11-13T12:00:00+01:00,FR,233.21,imbalance_short
2021-11-13T11:00:00+00:00,2021-11-13T12:00:00+01:00,NL,450.28,imbalance_long
2021-11-13T11:00:00+00:00,2021-11-13T12:00:00+01:00,NL,450.28,imbalance_short
2021-11-13T11:15:00+00:00,2021-11-13T12:15:00+01:00,DE-LU,255.72,imbalance_long
2021-11-13T11:15:00+00:00,2021-11-13T12:15:00+01:00,DE-LU,255.72,imbalance_short
2021-11-13T11:15:00+00:00,2021-11-13T12:15:00+01:00,NL,158.29,imbalance_long
2021-11-13T11:15:00+00:00,2021-11-13T12:15:00+01:00,NL,158.29,imbalance_short
2021-11-13T11:30:00+00:00,2021-11-13T12:30:00+01:00,DE-LU,289.25,imbalance_long
2021-11-13T11:30:00+00:00,2021-11-13T12:30:00+01:00,DE-LU,289.25,imbalance_short
2021-11-13T11:30:00+00:00,2021-11-13T12:30:00+01:00,FR,205.88,imbalance_long
2021-11-13T11:30:00+00:00,2021-11-13T12:30:00+01:00,FR,227.56,imbalance_short
2021-11-13T11:30:00+00:00,2021-11-13T12:30:00+01:00,NL,199.25,imbalance_long
2021-11-13T11:30:00+00:00,2021-11-13T12:30:00+01:00,NL,199.25,imbalance_short
2021-11-13T11:45:00+00:00,2021-11-13T12:45:00+01:00,DE-LU,291.09,imbalance_long
2021-11-13T11:45:00+00:00,2021-11-13T12:45:00+01:00,DE-LU,291.09,imbalance_short
2021-11-13T11:45:00+00:00,2021-11-13T12:45:00+01:00,NL,157.5,imbalance_long
2021-11-13T11:45:00+00:00,2021-11-13T12:45:00+01:00,NL,157.5,imbalance_short
2021-11-13T12:00:00+00:00,2021-11-13T13:00:00+01:00,DE-LU,317.93,imbalance_long
2021-11-13T12:00:00+00:00,2021-11-13T13:00:00+01:00,DE-LU,317.93,imbalance_short
2021-11-13T12:00:00+00:00,2021-11-13T13:00:00+01:00,FR,198.99,imbalance_long
2021-11-13T12:00:00+00:00,2021-11-13T13:00:00+01:00,FR,219.93,imbalance_short
2021-11-13T12:00:00+00:00,2021-11-13T13:00:00+01:00,NL,450.11,imbalance_long
2021-11-13T12:00:00+00:00,2021-11-13T13:00:00+01:00,NL,450.11,imbalance_short
2021-11-13T12:15:00+00:00,2021-11-13T13:15:00+01:00,DE-LU,303.8,imbalance_long
2021-11-13T12:15:00+00:00,2021-11-13T13:15:00+01:00,DE-LU,303.8,imbalance_short
2021-11-13T12:15:00+00:00,2021-11-13T13:15:00+01:00,NL,191.39,imbalance_long
2021-11-13T12:15:00+00:00,2021-11-13T13:15:00+01:00,NL,191.39,imbalance_short
2021-11-13T12:30:00+00:00,2021-11-13T13:30:00+01:00,DE-LU,284.24,imbalance_long
2021-11-13T12:30:00+00:00,2021-11-13T13:30:00+01:00,DE-LU,284.24,imbalance_short
2021-11-13T12:30:00+00:00,2021-11-13T13:30:00+01:00,FR,213.66,imbalance_long
2021-11-13T12:30:00+00:00,2021-11-13T13:30:00+01:00,FR,236.16,imbalance_short
2021-11-13T12:30:00+00:00,2021-11-13T13:30:00+01:00,NL,241.52,imbalance_long
2021-11-13T12:30:00+00:00,2021-11-13T13:30:00+01:00,NL,241.52,imbalance_short
2021-11-13T12:45:00+00:00,2021-11-13T13:45:00+01:00,DE-LU,268.6,imbalance_long
2021-11-13T12:45:00+00:00,2021-11-13T13:45:00+01:00,DE-LU,268.6,imbalance_short
2021-11-13T12:45:00+00:00,2021-11-13T13:45:00+01:00,NL,191.38,imbalance_long
2021-11-13T12:45:00+00:00,2021-11-13T13:45:00+01:00,NL,191.38,imbalance_short
2021-11-13T13:00:00+00:00,2021-11-13T14:00:00+01:00,DE-LU,276.64,imbalance_long
2021-11-13T13:00:00+00:00,2021-11-13T14:00:00+01:00,DE-LU,276.64,imbalance_short
2021-11-13T13:00:00+00:00,2021-11-13T14:00:00+01:00,FR,214.04,imbalance_long
2021-11-13T13:00:00+00:00,2021-11-13T14:00:00+01:00,FR,236.57,imbalance_short
2021-11-13T13:00:00+00:00,2021-11-13T14:00:00+01:00,NL,196.52,imbalance_long
2021-11-13T13:00:00+00:00,2021-11-13T14:00:00+01:00,NL,196.52,imbalance_short
2021-11-13T13:15:00+00:00,2021-11-13T14:15:00+01:00,DE-LU,277.67,imbalance_long
2021-11-13T13:15:00+00:00,2021-11-13T14:15:00+01:00,DE-LU,277.67,imbalance_short
2021-11-13T13:15:00+00:00,2021-11-13T14:15:00+01:00,NL,179.52,imbalance_long
2021-11-13T13:15:00+00:00,2021-11-13T14:15:00+01:00,NL,179.52,imbalance_short
2021-11-13T13:30:00+00:00,2021-11-13T14:30:00+01:00,DE-LU,288.65,imbalance_long
2021-11-13T13:30:00+00:00,2021-11-13T14:30:00+01:00,DE-LU,288.65,imbalance_short
2021-11-13T13:30:00+00:00,2021-11-13T14:30:00+01:00,FR,211.76,imbalance_long
2021-11-13T13:30:00+00:00,2021-11-13T14:30:00+01:00,FR,234.06,imbalance_short
2021-11-13T13:30:00+00:00,2021-11-13T14:30:00+01:00,NL,166.52,imbalance_long
2021-11-13T13:30:00+00:00,2021-11-13T14:30:00+01:00,NL,166.52,imbalance_short
2021-11-13T13:45:00+00:00,2021-11-13T14:45:00+01:00,DE-LU,300.17,imbalance_long
2021-11-13T13:45:00+00:00,2021-11-13T14:45:00+01:00,DE-LU,300.17,imbalance_short
2021-11-13T13:45:00+00:00,2021-11-13T14:45:00+01:00,NL,144.01,imbalance_long
2021-11-13T13:45:00+00:00,2021-11-13T14:45:00+01:00,NL,150.22,imbalance_short
2021-11-13T14:00:00+00:00,2021-11-13T15:00:00+01:00,DE-LU,293.89,imbalance_long
2021-11-13T14:00:00+00:00,2021-11-13T15:00:00+01:00,DE-LU,293.89,imbalance_short
2021-11-13T14:00:00+00:00,2021-11-13T15:00:00+01:00,FR,212.56,imbalance_long
2021-11-13T14:00:00+00:00,2021-11-13T15:00:00+01:00,FR,234.94,imbalance_short
2021-11-13T14:00:00+00:00,2021-11-13T15:00:00+01:00,NL,195.0,imbalance_long
2021-11-13T14:00:00+00:00,2021-11-13T15:00:00+01:00,NL,195.0,imbalance_short
2021-11-13T14:15:00+00:00,2021-11-13T15:15:00+01:00,DE-LU,289.73,imbalance_long
2021-11-13T14:15:00+00:00,2021-11-13T15:15:00+01:00,DE-LU,289.73,imbalance_short
2021-11-13T14:15:00+00:00,2021-11-13T15:15:00+01:00,NL,166.52,imbalance_long
2021-11-13T14:15:00+00:00,2021-11-13T15:15:00+01:00,NL,166.52,imbalance_short
2021-11-13T14:30:00+00:00,2021-11-13T15:30:00+01:00,DE-LU,293.58,imbalance_long
2021-11-13T14:30:00+00:00,2021-11-13T15:30:00+01:00,DE-LU,293.58,imbalance_short
2021-11-13T14:30:00+00:00,2021-11-13T15:30:00+01:00,FR,213.96,imbalance_long
2021-11-13T14:30:00+00:00,2021-11-13T15:30:00+01:00,FR,236.48,imbalance_short
2021-11-13T14:30:00+00:00,2021-11-13T15:30:00+01:00,NL,192.92,imbalance_long
2021-11-13T14:30:00+00:00,2021-11-13T15:30:00+01:00,NL,192.92,imbalance_short
2021-11-13T14:45:00+00:00,2021-11-13T15:45:00+01:00,DE-LU,290.81,imbalance_long
2021-11-13T14:45:00+00:00,2021-11-13T15:45:00+01:00,DE-LU,290.81,imbalance_short
2021-11-13T14:45:00+00:00,2021-11-13T15:45:00+01:00,NL,179.52,imbalance_long
2021-11-13T14:45:00+00:00,2021-11-13T15:45:00+01:00,NL,179.52,imbalance_short
2021-11-13T15:00:00+00:00,2021-11-13T16:00:00+01:00,DE-LU,280.16,imbalance_long
2021-11-13T15:00:00+00:00,2021-11-13T16:00:00+01:00,DE-LU,280.16,imbalance_short
2021-11-13T15:00:00+00:00,2021-11-13T16:00:00+01:00,FR,171.57,imbalance_long
2021-11-13T15:00:00+00:00,2021-11-13T16:00:00+01:00,FR,189.63,imbalance_short
2021-11-13T15:00:00+00:00,2021-11-13T16:00:00+01:00,NL,147.97,imbalance_long
2021-11-13T15:00:00+00:00,2021-11-13T16:00:00+01:00,NL,147.97,imbalance_short
2021-11-13T15:15:00+00:00,2021-11-13T16:15:00+01:00,DE-LU,270.06,imbalance_long
2021-11-13T15:15:00+00:00,2021-11-13T16:15:00+01:00,DE-LU,270.06,imbalance_short
2021-11-13T15:15:00+00:00,2021-11-13T16:15:00+01:00,NL,150.23,imbalance_long
2021-11-13T15:15:00+00:00,2021-11-13T16:15:00+01:00,NL,150.23,imbalance_short
2021-11-13T15:30:00+00:00,2021-11-13T16:30:00+01:00,DE-LU,256.95,imbalance_long
2021-11-13T15:30:00+00:00,2021-11-13T16:30:00+01:00,DE-LU,256.95,imbalance_short
2021-11-13T15:30:00+00:00,2021-11-13T16:30:00+01:00,FR,179.84,imbalance_long
2021-11-13T15:30:00+00:00,2021-11-13T16:30:00+01:00,FR,198.78,imbalance_short
2021-11-13T15:30:00+00:00,2021-11-13T16:30:00+01:00,NL,150.27,imbalance_long
2021-11-13T15:30:00+00:00,2021-11-13T16:30:00+01:00,NL,150.27,imbalance_short
2021-11-13T15:45:00+00:00,2021-11-13T16:45:00+01:00,DE-LU,304.69,imbalance_long
2021-11-13T15:45:00+00:00,2021-11-13T16:45:00+01:00,DE-LU,304.69,imbalance_short
2021-11-13T15:45:00+00:00,2021-11-13T16:45:00+01:00,NL,152.57,imbalance_long
2021-11-13T15:45:00+00:00,2021-11-13T16:45:00+01:00,NL,152.57,imbalance_short
2021-11-13T16:00:00+00:00,2021-11-13T17:00:00+01:00,DE-LU,272.83,imbalance_long
2021-11-13T16:00:00+00:00,2021-11-13T17:00:00+01:00,DE-LU,272.83,imbalance_short
2021-11-13T16:00:00+00:00,2021-11-13T17:00:00+01:00,FR,178.63,imbalance_long
2021-11-13T16:00:00+00:00,2021-11-13T17:00:00+01:00,FR,197.43,imbalance_short
2021-11-13T16:00:00+00:00,2021-11-13T17:00:00+01:00,NL,150.27,imbalance_long
2021-11-13T16:00:00+00:00,2021-11-13T17:00:00+01:00,NL,150.27,imbalance_short
2021-11-13T16:15:00+00:00,2021-11-13T17:15:00+01:00,DE-LU,254.07,imbalance_long
2021-11-13T16:15:00+00:00,2021-11-13T17:15:00+01:00,DE-LU,254.07,imbalance_short
2021-11-13T16:15:00+00:00,2021-11-13T17:15:00+01:00,NL,147.98,imbalance_long
2021-11-13T16:15:00+00:00,2021-11-13T17:15:00+01:00,NL,147.98,imbalance_short
2021-11-13T16:30:00+00:00,2021-11-13T17:30:00+01:00,DE-LU,150.05,imbalance_long
2021-11-13T16:30:00+00:00,2021-11-13T17:30:00+01:00,DE-LU,150.05,imbalance_short
2021-11-13T16:30:00+00:00,2021-11-13T17:30:00+01:00,FR,177.41,imbalance_long
2021-11-13T16:30:00+00:00,2021-11-13T17:30:00+01:00,FR,196.09,imbalance_short
2021-11-13T16:30:00+00:00,2021-11-13T17:30:00+01:00,NL,458.07,imbalance_long
2021-11-13T16:30:00+00:00,2021-11-13T17:30:00+01:00,NL,458.07,imbalance_short
2021-11-13T16:45:00+00:00,2021-11-13T17:45:00+01:00,DE-LU,145.11,imbalance_long
2021-11-13T16:45:00+00:00,2021-11-13T17:45:00+01:00,DE-LU,145.11,imbalance_short
2021-11-13T16:45:00+00:00,2021-11-13T17:45:00+01:00,NL,199.25,imbalance_long
2021-11-13T16:45:00+00:00,2021-11-13T17:45:00+01:00,NL,199.25,imbalance_short
2021-11-13T17:00:00+00:00,2021-11-13T18:00:00+01:00,DE-LU,322.25,imbalance_long
2021-11-13T17:00:00+00:00,2021-11-13T18:00:00+01:00,DE-LU,322.25,imbalance_short
2021-11-13T17:00:00+00:00,2021-11-13T18:00:00+01:00,FR,177.56,imbalance_long
2021-11-13T17:00:00+00:00,2021-11-13T18:00:00+01:00,FR,196.26,imbalance_short
2021-11-13T17:00:00+00:00,2021-11-13T18:00:00+01:00,NL,462.55,imbalance_long
2021-11-13T17:00:00+00:00,2021-11-13T18:00:00+01:00,NL,462.55,imbalance_short
2021-11-13T17:15:00+00:00,2021-11-13T18:15:00+01:00,DE-LU,339.67,imbalance_long
2021-11-13T17:15:00+00:00,2021-11-13T18:15:00+01:00,DE-LU,339.67,imbalance_short
2021-11-13T17:15:00+00:00,2021-11-13T18:15:00+01:00,NL,462.55,imbalance_long
2021-11-13T17:15:00+00:00,2021-11-13T18:15:00+01:00,NL,462.55,imbalance_short
2021-11-13T17:30:00+00:00,2021-11-13T18:30:00+01:00,DE-LU,332.79,imbalance_long
2021-11-13T17:30:00+00:00,2021-11-13T18:30:00+01:00,DE-LU,332.79,imbalance_short
2021-11-13T17:30:00+00:00,2021-11-13T18:30:00+01:00,FR,149.58,imbalance_long
2021-11-13T17:30:00+00:00,2021-11-13T18:30:00+01:00,FR,165.32,imbalance_short
2021-11-13T17:30:00+00:00,2021-11-13T18:30:00+01:00,NL,140.26,imbalance_long
2021-11-13T17:30:00+00:00,2021-11-13T18:30:00+01:00,NL,200.0,imbalance_short
2021-11-13T17:45:00+00:00,2021-11-13T18:45:00+01:00,DE-LU,249.74,imbalance_long
2021-11-13T17:45:00+00:00,2021-11-13T18:45:00+01:00,DE-LU,249.74,imbalance_short
2021-11-13T17:45:00+00:00,2021-11-13T18:45:00+01:00,NL,148.1,imbalance_long
2021-11-13T17:45:00+00:00,2021-11-13T18:45:00+01:00,NL,148.1,imbalance_short
2021-11-13T18:00:00+00:00,2021-11-13T19:00:00+01:00,DE-LU,356.54,imbalance_long
2021-11-13T18:00:00+00:00,2021-11-13T19:00:00+01:00,DE-LU,356.54,imbalance_short
2021-11-13T18:00:00+00:00,2021-11-13T19:00:00+01:00,FR,206.0,imbalance_long
2021-11-13T18:00:00+00:00,2021-11-13T19:00:00+01:00,FR,227.68,imbalance_short
2021-11-13T18:00:00+00:00,2021-11-13T19:00:00+01:00,NL,148.87,imbalance_long
2021-11-13T18:00:00+00:00,2021-11-13T19:00:00+01:00,NL,148.87,imbalance_short
2021-11-13T18:15:00+00:00,2021-11-13T19:15:00+01:00,DE-LU,335.01,imbalance_long
2021-11-13T18:15:00+00:00,2021-11-13T19:15:00+01:00,DE-LU,335.01,imbalance_short
2021-11-13T18:15:00+00:00,2021-11-13T19:15:00+01:00,NL,169.55,imbalance_long
2021-11-13T18:15:00+00:00,2021-11-13T19:15:00+01:00,NL,169.55,imbalance_short
2021-11-13T18:30:00+00:00,2021-11-13T19:30:00+01:00,DE-LU,344.22,imbalance_long
2021-11-13T18:30:00+00:00,2021-11-13T19:30:00+01:00,DE-LU,344.22,imbalance_short
2021-11-13T18:30:00+00:00,2021-11-13T19:30:00+01:00,FR,226.12,imbalance_long
2021-11-13T18:30:00+00:00,2021-11-13T19:30:00+01:00,FR,249.92,imbalance_short
2021-11-13T18:30:00+00:00,2021-11-13T19:30:00+01:00,NL,144.76,imbalance_long
2021-11-13T18:30:00+00:00,2021-11-13T19:30:00+01:00,NL,144.76,imbalance_short
2021-11-13T18:45:00+00:00,2021-11-13T19:45:00+01:00,DE-LU,229.57,imbalance_long
2021-11-13T18:45:00+00:00,2021-11-13T19:45:00+01:00,DE-LU,229.57,imbalance_short
2021-11-13T18:45:00+00:00,2021-11-13T19:45:00+01:00,NL,137.57,imbalance_long
2021-11-13T18:45:00+00:00,2021-11-13T19:45:00+01:00,NL,137.57,imbalance_short
2021-11-13T19:00:00+00:00,2021-11-13T20:00:00+01:00,DE-LU,94.46,imbalance_long
2021-11-13T19:00:00+00:00,2021-11-13T20:00:00+01:00,DE-LU,94.46,imbalance_short
2021-11-13T19:00:00+00:00,2021-11-13T20:00:00+01:00,FR,206.96,imbalance_long
2021-11-13T19:00:00+00:00,2021-11-13T20:00:00+01:00,FR,228.74,imbalance_short
2021-11-13T19:00:00+00:00,2021-11-13T20:00:00+01:00,NL,137.26,imbalance_long
2021-11-13T19:00:00+00:00,2021-11-13T20:00:00+01:00,NL,137.26,imbalance_short
2021-11-13T19:15:00+00:00,2021-11-13T20:15:00+01:00,DE-LU,-94.92,imbalance_long
2021-11-13T19:15:00+00:00,2021-11-13T20:15:00+01:00,DE-LU,-94.92,imbalance_short
2021-11-13T19:15:00+00:00,2021-11-13T20:15:00+01:00,NL,160.1,imbalance_long
2021-11-13T19:15:00+00:00,2021-11-13T20:15:00+01:00,NL,160.1,imbalance_short
2021-11-13T19:30:00+00:00,2021-11-13T20:30:00+01:00,DE-LU,338.87,imbalance_long
2021-11-13T19:30:00+00:00,2021-11-13T20:30:00+01:00,DE-LU,338.87,imbalance_short
2021-11-13T19:30:00+00:00,2021-11-13T20:30:00+01:00,FR,220.88,imbalance_long
2021-11-13T19:30:00+00:00,2021-11-13T20:30:00+01:00,FR,244.13,imbalance_short
2021-11-13T19:30:00+00:00,2021-11-13T20:30:00+01:00,NL,149.57,imbalance_long
2021-11-13T19:30:00+00:00,2021-11-13T20:30:00+01:00,NL,149.57,imbalance_short
2021-11-13T19:45:00+00:00,2021-11-13T20:45:00+01:00,DE-LU,263.72,imbalance_long
2021-11-13T19:45:00+00:00,2021-11-13T20:45:00+01:00,DE-LU,263.72,imbalance_short
2021-11-13T19:45:00+00:00,2021-11-13T20:45:00+01:00,NL,155.14,imbalance_long
2021-11-13T19:45:00+00:00,2021-11-13T20:45:00+01:00,NL,155.14,imbalance_short
2021-11-13T20:00:00+00:00,2021-11-13T21:00:00+01:00,DE-LU,324.48,imbalance_long
2021-11-13T20:00:00+00:00,2021-11-13T21:00:00+01:00,DE-LU,324.48,imbalance_short
2021-11-13T20:00:00+00:00,2021-11-13T21:00:00+01:00,FR,216.32,imbalance_long
2021-11-13T20:00:00+00:00,2021-11-13T21:00:00+01:00,FR,239.1,imbalance_short
2021-11-13T20:00:00+00:00,2021-11-13T21:00:00+01:00,NL,150.27,imbalance_long
2021-11-13T20:00:00+00:00,2021-11-13T21:00:00+01:00,NL,150.27,imbalance_short
2021-11-13T20:15:00+00:00,2021-11-13T21:15:00+01:00,DE-LU,80.52,imbalance_long
2021-11-13T20:15:00+00:00,2021-11-13T21:15:00+01:00,DE-LU,80.52,imbalance_short
2021-11-13T20:15:00+00:00,2021-11-13T21:15:00+01:00,NL,168.58,imbalance_long
2021-11-13T20:15:00+00:00,2021-11-13T21:15:00+01:00,NL,168.58,imbalance_short
2021-11-13T20:30:00+00:00,2021-11-13T21:30:00+01:00,DE-LU,-86.11,imbalance_long
2021-11-13T20:30:00+00:00,2021-11-13T21:30:00+01:00,DE-LU,-86.11,imbalance_short
2021-11-13T20:30:00+00:00,2021-11-13T21:30:00+01:00,FR,168.82,imbalance_long
2021-11-13T20:30:00+00:00,2021-11-13T21:30:00+01:00,FR,186.59,imbalance_short
2021-11-13T20:30:00+00:00,2021-11-13T21:30:00+01:00,NL,203.51,imbalance_long
2021-11-13T20:30:00+00:00,2021-11-13T21:30:00+01:00,NL,203.51,imbalance_short
2021-11-13T20:45:00+00:00,2021-11-13T21:45:00+01:00,DE-LU,28.07,imbalance_long
2021-11-13T20:45:00+00:00,2021-11-13T21:45:00+01:00,DE-LU,28.07,imbalance_short
2021-11-13T20:45:00+00:00,2021-11-13T21:45:00+01:00,NL,134.57,imbalance_long
2021-11-13T20:45:00+00:00,2021-11-13T21:45:00+01:00,NL,134.57,imbalance_short
2021-11-13T21:00:00+00:00,2021-11-13T22:00:00+01:00,DE-LU,-39.77,imbalance_long
2021-11-13T21:00:00+00:00,2021-11-13T22:00:00+01:00,DE-LU,-39.77,imbalance_short
2021-11-13T21:00:00+00:00,2021-11-13T22:00:00+01:00,FR,165.63,imbalance_long
2021-11-13T21:00:00+00:00,2021-11-13T22:00:00+01:00,FR,183.07,imbalance_short
2021-11-13T21:00:00+00:00,2021-11-13T22:00:00+01:00,NL,129.88,imbalance_long
2021-11-13T21:00:00+00:00,2021-11-13T22:00:00+01:00,NL,129.88,imbalance_short
2021-11-13T21:15:00+00:00,2021-11-13T22:15:00+01:00,DE-LU,281.84,imbalance_long
2021-11-13T21:15:00+00:00,2021-11-13T22:15:00+01:00,DE-LU,281.84,imbalance_short
2021-11-13T21:15:00+00:00,2021-11-13T22:15:00+01:00,NL,168.45,imbalance_long
2021-11-13T21:15:00+00:00,2021-11-13T22:15:00+01:00,NL,168.45,imbalance_short
2021-11-13T21:30:00+00:00,2021-11-13T22:30:00+01:00,DE-LU,290.56,imbalance_long
2021-11-13T21:30:00+00:00,2021-11-13T22:30:00+01:00,DE-LU,290.56,imbalance_short
2021-11-13T21:30:00+00:00,2021-11-13T22:30:00+01:00,FR,184.78,imbalance_long
2021-11-13T21:30:00+00:00,2021-11-13T22:30:00+01:00,FR,204.24,imbalance_short
2021-11-13T21:30:00+00:00,2021-11-13T22:30:00+01:00,NL,367.83,imbalance_long
2021-11-13T21:30:00+00:00,2021-11-13T22:30:00+01:00,NL,367.83,imbalance_short
2021-11-13T21:45:00+00:00,2021-11-13T22:45:00+01:00,DE-LU,275.72,imbalance_long
2021-11-13T21:45:00+00:00,2021-11-13T22:45:00+01:00,DE-LU,275.72,imbalance_short
2021-11-13T21:45:00+00:00,2021-11-13T22:45:00+01:00,NL,175.18,imbalance_long
2021-11-13T21:45:00+00:00,2021-11-13T22:45:00+01:00,NL,175.18,imbalance_short
2021-11-13T22:00:00+00:00,2021-11-13T23:00:00+01:00,DE-LU,280.72,imbalance_long
2021-11-13T22:00:00+00:00,2021-11-13T23:00:00+01:00,DE-LU,280.72,imbalance_short
2021-11-13T22:00:00+00:00,2021-11-13T23:00:00+01:00,FR,162.58,imbalance_long
2021-11-13T22:00:00+00:00,2021-11-13T23:00:00+01:00,FR,179.7,imbalance_short
2021-11-13T22:00:00+00:00,2021-11-13T23:00:00+01:00,NL,169.55,imbalance_long
2021-11-13T22:00:00+00:00,2021-11-13T23:00:00+01:00,NL,169.55,imbalance_short
2021-11-13T22:15:00+00:00,2021-11-13T23:15:00+01:00,DE-LU,257.68,imbalance_long
2021-11-13T22:15:00+00:00,2021-11-13T23:15:00+01:00,DE-LU,257.68,imbalance_short
2021-11-13T22:15:00+00:00,2021-11-13T23:15:00+01:00,NL,169.54,imbalance_long
2021-11-13T22:15:00+00:00,2021-11-13T23:15:00+01:00,NL,169.54,imbalance_short
2021-11-13T22:30:00+00:00,2021-11-13T23:30:00+01:00,DE-LU,285.49,imbalance_long
2021-11-13T22:30:00+00:00,2021-11-13T23:30:00+01:00,DE-LU,285.49,imbalance_short
2021-11-13T22:30:00+00:00,2021-11-13T23:30:00+01:00,FR,166.43,imbalance_long
2021-11-13T22:30:00+00:00,2021-11-13T23:30:00+01:00,FR,183.95,imbalance_short
2021-11-13T22:30:00+00:00,2021-11-13T23:30:00+01:00,NL,153.82,imbalance_long
2021-11-13T22:30:00+00:00,2021-11-13T23:30:00+01:00,NL,153.82,imbalance_short
2021-11-13T22:45:00+00:00,2021-11-13T23:45:00+01:00,DE-LU,82.29,imbalance_long
2021-11-13T22:45:00+00:00,2021-11-13T23:45:00+01:00,DE-LU,82.29,imbalance_short
2021-11-13T22:45:00+00:00,2021-11-13T23:45:00+01:00,NL,159.74,imbalance_long
2021-11-13T22:45:00+00:00,2021-11-13T23:45:00+01:00,NL,159.74,imbalance_short
2021-11-13T23:00:00+00:00,2021-11-14T00:00:00+01:00,DE-LU,285.18,imbalance_long
2021-11-13T23:00:00+00:00,2021-11-14T00:00:00+01:00,DE-LU,285.18,imbalance_short
2021-11-13T23:00:00+00:00,2021-11-14T00:00:00+01:00,FR,172.82,imbalance_long
2021-11-13T23:00:00+00:00,2021-11-14T00:00:00+01:00,FR,191.02,imbalance_short
2021-11-13T23:00:00+00:00,2021-11-14T00:00:00+01:00,NL,120.25,imbalance_long
2021-11-13T23:00:00+00:00,2021-11-14T00:00:00+01:00,NL,120.25,imbalance_short
2021-11-13T23:15:00+00:00,2021-11-14T00:15:00+01:00,DE-LU,307.15,imbalance_long
2021-11-13T23:15:00+00:00,2021-11-14T00:15:00+01:00,DE-LU,307.15,imbalance_short
2021-11-13T23:15:00+00:00,2021-11-14T00:15:00+01:00,NL,241.48,imbalance_long
2021-11-13T23:15:00+00:00,2021-11-14T00:15:00+01:00,NL,241.48,imbalance_short
2021-11-13T23:30:00+00:00,2021-11-14T00:30:00+01:00,DE-LU,137.83,imbalance_long
2021-11-13T23:30:00+00:00,2021-11-14T00:30:00+01:00,DE-LU,137.83,imbalance_short
2021-11-13T23:30:00+00:00,2021-11-14T00:30:00+01:00,FR,181.49,imbalance_long
2021-11-13T23:30:00+00:00,2021-11-14T00:30:00+01:00,FR,200.59,imbalance_short
2021-11-13T23:30:00+00:00,2021-11-14T00:30:00+01:00,NL,222.42,imbalance_long
2021-11-13T23:30:00+00:00,2021-11-14T00:30:00+01:00,NL,222.42,imbalance_short
2021-11-13T23:45:00+00:00,2021-11-14T00:45:00+01:00,DE-LU,60.68,imbalance_long
2021-11-13T23:45:00+00:00,2021-11-14T00:45:00+01:00,DE-LU,60.68,imbalance_short
2021-11-13T23:45:00+00:00,2021-11-14T00:45:00+01:00,NL,184.0,imbalance_long
2021-11-13T23:45:00+00:00,2021-11-14T00:45:00+01:00,NL,184.0,imbalance_short
2021-11-14T00:00:00+00:00,2021-11-14T01:00:00+01:00,DE-LU,59.12,imbalance_long
2021-11-14T00:00:00+00:00,2021-11-14T01:00:00+01:00,DE-LU,59.12,imbalance_short
2021-11-14T00:00:00+00:00,2021-11-14T01:00:00+01:00,FR,184.52,imbalance_long
2021-11-14T00:00:00+00:00,2021-11-14T01:00:00+01:00,FR,203.94,imbalance_short
2021-11-14T00:00:00+00:00,2021-11-14T01:00:00+01:00,NL,421.26,imbalance_long
2021-11-14T00:00:00+00:00,2021-11-14T01:00:00+01:00,NL,421.26,imbalance_short
2021-11-14T00:15:00+00:00,2021-11-14T01:15:00+01:00,DE-LU,291.88,imbalance_long
2021-11-14T00:15:00+00:00,2021-11-14T01:15:00+01:00,DE-LU,291.88,imbalance_short
2021-11-14T00:15:00+00:00,2021-11-14T01:15:00+01:00,NL,421.26,imbalance_long
2021-11-14T00:15:00+00:00,2021-11-14T01:15:00+01:00,NL,421.26,imbalance_short
2021-11-14T00:30:00+00:00,2021-11-14T01:30:00+01:00,DE-LU,17.12,imbalance_long
2021-11-14T00:30:00+00:00,2021-11-14T01:30:00+01:00,DE-LU,17.12,imbalance_short
2021-11-14T00:30:00+00:00,2021-11-14T01:30:00+01:00,FR,171.56,imbalance_long
2021-11-14T00:30:00+00:00,2021-11-14T01:30:00+01:00,FR,189.62,imbalance_short
2021-11-14T00:30:00+00:00,2021-11-14T01:30:00+01:00,NL,344.22,imbalance_long
2021-11-14T00:30:00+00:00,2021-11-14T01:30:00+01:00,NL,344.22,imbalance_short
2021-11-14T00:45:00+00:00,2021-11-14T01:45:00+01:00,DE-LU,168.55,imbalance_long
2021-11-14T00:45:00+00:00,2021-11-14T01:45:00+01:00,DE-LU,168.55,imbalance_short
2021-11-14T00:45:00+00:00,2021-11-14T01:45:00+01:00,NL,362.78,imbalance_long
2021-11-14T00:45:00+00:00,2021-11-14T01:45:00+01:00,NL,362.78,imbalance_short
2021-11-14T01:00:00+00:00,2021-11-14T02:00:00+01:00,DE-LU,268.31,imbalance_long
2021-11-14T01:00:00+00:00,2021-11-14T02:00:00+01:00,DE-LU,268.31,imbalance_short
2021-11-14T01:00:00+00:00,2021-11-14T02:00:00+01:00,FR,140.35,imbalance_long
2021-11-14T01:00:00+00:00,2021-11-14T02:00:00+01:00,FR,155.13,imbalance_short
2021-11-14T01:00:00+00:00,2021-11-14T02:00:00+01:00,NL,421.25,imbalance_long
2021-11-14T01:00:00+00:00,2021-11-14T02:00:00+01:00,NL,421.25,imbalance_short
2021-11-14T01:15:00+00:00,2021-11-14T02:15:00+01:00,DE-LU,106.26,imbalance_long
2021-11-14T01:15:00+00:00,2021-11-14T02:15:00+01:00,DE-LU,106.26,imbalance_short
2021-11-14T01:15:00+00:00,2021-11-14T02:15:00+01:00,NL,351.64,imbalance_long
2021-11-14T01:15:00+00:00,2021-11-14T02:15:00+01:00,NL,351.64,imbalance_short
2021-11-14T01:30:00+00:00,2021-11-14T02:30:00+01:00,DE-LU,78.14,imbalance_long
2021-11-14T01:30:00+00:00,2021-11-14T02:30:00+01:00,DE-LU,78.14,imbalance_short
2021-11-14T01:30:00+00:00,2021-11-14T02:30:00+01:00,FR,139.68,imbalance_long
2021-11-14T01:30:00+00:00,2021-11-14T02:30:00+01:00,FR,154.38,imbalance_short
2021-11-14T01:30:00+00:00,2021-11-14T02:30:00+01:00,NL,187.24,imbalance_long
2021-11-14T01:30:00+00:00,2021-11-14T02:30:00+01:00,NL,187.24,imbalance_short
2021-11-14T01:45:00+00:00,2021-11-14T02:45:00+01:00,DE-LU,44.43,imbalance_long
2021-11-14T01:45:00+00:00,2021-11-14T02:45:00+01:00,DE-LU,44.43,imbalance_short
2021-11-14T01:45:00+00:00,2021-11-14T02:45:00+01:00,NL,421.26,imbalance_long
2021-11-14T01:45:00+00:00,2021-11-14T02:45:00+01:00,NL,421.26,imbalance_short
2021-11-14T02:00:00+00:00,2021-11-14T03:00:00+01:00,DE-LU,57.44,imbalance_long
2021-11-14T02:00:00+00:00,2021-11-14T03:00:00+01:00,DE-LU,57.44,imbalance_short
2021-11-14T02:00:00+00:00,2021-11-14T03:00:00+01:00,FR,153.89,imbalance_long
2021-11-14T02:00:00+00:00,2021-11-14T03:00:00+01:00,FR,170.09,imbalance_short
2021-11-14T02:00:00+00:00,2021-11-14T03:00:00+01:00,NL,150.54,imbalance_long
2021-11-14T02:00:00+00:00,2021-11-14T03:00:00+01:00,NL,150.54,imbalance_short
2021-11-14T02:15:00+00:00,2021-11-14T03:15:00+01:00,DE-LU,84.44,imbalance_long
2021-11-14T02:15:00+00:00,2021-11-14T03:15:00+01:00,DE-LU,84.44,imbalance_short
2021-11-14T02:15:00+00:00,2021-11-14T03:15:00+01:00,NL,226.3,imbalance_long
2021-11-14T02:15:00+00:00,2021-11-14T03:15:00+01:00,NL,226.3,imbalance_short
2021-11-14T02:30:00+00:00,2021-11-14T03:30:00+01:00,DE-LU,101.71,imbalance_long
2021-11-14T02:30:00+00:00,2021-11-14T03:30:00+01:00,DE-LU,101.71,imbalance_short
2021-11-14T02:30:00+00:00,2021-11-14T03:30:00+01:00,FR,155.21,imbalance_long
2021-11-14T02:30:00+00:00,2021-11-14T03:30:00+01:00,FR,171.55,imbalance_short
2021-11-14T02:30:00+00:00,2021-11-14T03:30:00+01:00,NL,158.77,imbalance_long
2021-11-14T02:30:00+00:00,2021-11-14T03:30:00+01:00,NL,158.77,imbalance_short
2021-11-14T02:45:00+00:00,2021-11-14T03:45:00+01:00,DE-LU,-26.5,imbalance_long
2021-11-14T02:45:00+00:00,2021-11-14T03:45:00+01:00,DE-LU,-26.5,imbalance_short
2021-11-14T02:45:00+00:00,2021-11-14T03:45:00+01:00,NL,156.04,imbalance_long
2021-11-14T02:45:00+00:00,2021-11-14T03:45:00+01:00,NL,156.04,imbalance_short
2021-11-14T03:00:00+00:00,2021-11-14T04:00:00+01:00,DE-LU,307.96,imbalance_long
2021-11-14T03:00:00+00:00,2021-11-14T04:00:00+01:00,DE-LU,307.96,imbalance_short
2021-11-14T03:00:00+00:00,2021-11-14T04:00:00+01:00,FR,144.31,imbalance_long
2021-11-14T03:00:00+00:00,2021-11-14T04:00:00+01:00,FR,159.51,imbalance_short
2021-11-14T03:00:00+00:00,2021-11-14T04:00:00+01:00,NL,112.61,imbalance_long
2021-11-14T03:00:00+00:00,2021-11-14T04:00:00+01:00,NL,112.61,imbalance_short
2021-11-14T03:15:00+00:00,2021-11-14T04:15:00+01:00,DE-LU,293.55,imbalance_long
2021-11-14T03:15:00+00:00,2021-11-14T04:15:00+01:00,DE-LU,293.55,imbalance_short
2021-11-14T03:15:00+00:00,2021-11-14T04:15:00+01:00,NL,154.59,imbalance_long
2021-11-14T03:15:00+00:00,2021-11-14T04:15:00+01:00,NL,154.59,imbalance_short
2021-11-14T03:30:00+00:00,2021-11-14T04:30:00+01:00,DE-LU,281.9,imbalance_long
2021-11-14T03:30:00+00:00,2021-11-14T04:30:00+01:00,DE-LU,281.9,imbalance_short
2021-11-14T03:30:00+00:00,2021-11-14T04:30:00+01:00,FR,140.15,imbalance_long
2021-11-14T03:30:00+00:00,2021-11-14T04:30:00+01:00,FR,154.91,imbalance_short
2021-11-14T03:30:00+00:00,2021-11-14T04:30:00+01:00,NL,156.54,imbalance_long
2021-11-14T03:30:00+00:00,2021-11-14T04:30:00+01:00,NL,156.54,imbalance_short
2021-11-14T03:45:00+00:00,2021-11-14T04:45:00+01:00,DE-LU,290.95,imbalance_long
2021-11-14T03:45:00+00:00,2021-11-14T04:45:00+01:00,DE-LU,290.95,imbalance_short
2021-11-14T03:45:00+00:00,2021-11-14T04:45:00+01:00,NL,180.54,imbalance_long
2021-11-14T03:45:00+00:00,2021-11-14T04:45:00+01:00,NL,180.54,imbalance_short
2021-11-14T04:00:00+00:00,2021-11-14T05:00:00+01:00,DE-LU,280.05,imbalance_long
2021-11-14T04:00:00+00:00,2021-11-14T05:00:00+01:00,DE-LU,280.05,imbalance_short
2021-11-14T04:00:00+00:00,2021-11-14T05:00:00+01:00,FR,143.41,imbalance_long
2021-11-14T04:00:00+00:00,2021-11-14T05:00:00+01:00,FR,158.51,imbalance_short
2021-11-14T04:00:00+00:00,2021-11-14T05:00:00+01:00,NL,162.07,imbalance_long
2021-11-14T04:00:00+00:00,2021-11-14T05:00:00+01:00,NL,162.07,imbalance_short
2021-11-14T04:15:00+00:00,2021-11-14T05:15:00+01:00,DE-LU,269.34,imbalance_long
2021-11-14T04:15:00+00:00,2021-11-14T05:15:00+01:00,DE-LU,269.34,imbalance_short
2021-11-14T04:15:00+00:00,2021-11-14T05:15:00+01:00,NL,162.2,imbalance_long
2021-11-14T04:15:00+00:00,2021-11-14T05:15:00+01:00,NL,162.2,imbalance_short
2021-11-14T04:30:00+00:00,2021-11-14T05:30:00+01:00,DE-LU,246.6,imbalance_long
2021-11-14T04:30:00+00:00,2021-11-14T05:30:00+01:00,DE-LU,246.6,imbalance_short
2021-11-14T04:30:00+00:00,2021-11-14T05:30:00+01:00,FR,99.74,imbalance_long
2021-11-14T04:30:00+00:00,2021-11-14T05:30:00+01:00,FR,110.24,imbalance_short
2021-11-14T04:30:00+00:00,2021-11-14T05:30:00+01:00,NL,159.67,imbalance_long
2021-11-14T04:30:00+00:00,2021-11-14T05:30:00+01:00,NL,159.67,imbalance_short
2021-11-14T04:45:00+00:00,2021-11-14T05:45:00+01:00,DE-LU,276.91,imbalance_long
2021-11-14T04:45:00+00:00,2021-11-14T05:45:00+01:00,DE-LU,276.91,imbalance_short
2021-11-14T04:45:00+00:00,2021-11-14T05:45:00+01:00,NL,159.65,imbalance_long
2021-11-14T04:45:00+00:00,2021-11-14T05:45:00+01:00,NL,159.65,imbalance_short
2021-11-14T05:00:00+00:00,2021-11-14T06:00:00+01:00,DE-LU,73.26,imbalance_long
2021-11-14T05:00:00+00:00,2021-11-14T06:00:00+01:00,DE-LU,73.26,imbalance_short
2021-11-14T05:00:00+00:00,2021-11-14T06:00:00+01:00,FR,142.03,imbalance_long
2021-11-14T05:00:00+00:00,2021-11-14T06:00:00+01:00,FR,156.98,imbalance_short
2021-11-14T05:00:00+00:00,2021-11-14T06:00:00+01:00,NL,330.19,imbalance_long
2021-11-14T05:00:00+00:00,2021-11-14T06:00:00+01:00,NL,330.19,imbalance_short
2021-11-14T05:15:00+00:00,2021-11-14T06:15:00+01:00,DE-LU,80.8,imbalance_long
2021-11-14T05:15:00+00:00,2021-11-14T06:15:00+01:00,DE-LU,80.8,imbalance_short
2021-11-14T05:15:00+00:00,2021-11-14T06:15:00+01:00,NL,194.61,imbalance_long
2021-11-14T05:15:00+00:00,2021-11-14T06:15:00+01:00,NL,194.61,imbalance_short
2021-11-14T05:30:00+00:00,2021-11-14T06:30:00+01:00,DE-LU,78.81,imbalance_long
2021-11-14T05:30:00+00:00,2021-11-14T06:30:00+01:00,DE-LU,78.81,imbalance_short
2021-11-14T05:30:00+00:00,2021-11-14T06:30:00+01:00,FR,150.67,imbalance_long
2021-11-14T05:30:00+00:00,2021-11-14T06:30:00+01:00,FR,166.53,imbalance_short
2021-11-14T05:30:00+00:00,2021-11-14T06:30:00+01:00,NL,179.33,imbalance_long
2021-11-14T05:30:00+00:00,2021-11-14T06:30:00+01:00,NL,179.33,imbalance_short
2021-11-14T05:45:00+00:00,2021-11-14T06:45:00+01:00,DE-LU,270.15,imbalance_long
2021-11-14T05:45:00+00:00,2021-11-14T06:45:00+01:00,DE-LU,270.15,imbalance_short
2021-11-14T05:45:00+00:00,2021-11-14T06:45:00+01:00,NL,187.74,imbalance_long
2021-11-14T05:45:00+00:00,2021-11-14T06:45:00+01:00,NL,187.74,imbalance_short
2021-11-14T06:00:00+00:00,2021-11-14T07:00:00+01:00,DE-LU,215.47,imbalance_long
2021-11-14T06:00:00+00:00,2021-11-14T07:00:00+01:00,DE-LU,215.47,imbalance_short
2021-11-14T06:00:00+00:00,2021-11-14T07:00:00+01:00,FR,161.93,imbalance_long
2021-11-14T06:00:00+00:00,2021-11-14T07:00:00+01:00,FR,178.97,imbalance_short
2021-11-14T06:00:00+00:00,2021-11-14T07:00:00+01:00,NL,132.4,imbalance_long
2021-11-14T06:00:00+00:00,2021-11-14T07:00:00+01:00,NL,132.4,imbalance_short
2021-11-14T06:15:00+00:00,2021-11-14T07:15:00+01:00,DE-LU,190.92,imbalance_long
2021-11-14T06:15:00+00:00,2021-11-14T07:15:00+01:00,DE-LU,190.92,imbalance_short
2021-11-14T06:15:00+00:00,2021-11-14T07:15:00+01:00,NL,147.25,imbalance_long
2021-11-14T06:15:00+00:00,2021-11-14T07:15:00+01:00,NL,147.25,imbalance_short
2021-11-14T06:30:00+00:00,2021-11-14T07:30:00+01:00,DE-LU,195.84,imbalance_long
2021-11-14T06:30:00+00:00,2021-11-14T07:30:00+01:00,DE-LU,195.84,imbalance_short
2021-11-14T06:30:00+00:00,2021-11-14T07:30:00+01:00,FR,161.95,imbalance_long
2021-11-14T06:30:00+00:00,2021-11-14T07:30:00+01:00,FR,178.99,imbalance_short
2021-11-14T06:30:00+00:00,2021-11-14T07:30:00+01:00,NL,153.55,imbalance_long
2021-11-14T06:30:00+00:00,2021-11-14T07:30:00+01:00,NL,153.55,imbalance_short
2021-11-14T06:45:00+00:00,2021-11-14T07:45:00+01:00,DE-LU,287.32,imbalance_long
2021-11-14T06:45:00+00:00,2021-11-14T07:45:00+01:00,DE-LU,287.32,imbalance_short
2021-11-14T06:45:00+00:00,2021-11-14T07:45:00+01:00,NL,139.75,imbalance_long
2021-11-14T06:45:00+00:00,2021-11-14T07:45:00+01:00,NL,139.75,imbalance_short
2021-11-14T07:00:00+00:00,2021-11-14T08:00:00+01:00,DE-LU,-76.62,imbalance_long
2021-11-14T07:00:00+00:00,2021-11-14T08:00:00+01:00,DE-LU,-76.62,imbalance_short
2021-11-14T07:00:00+00:00,2021-11-14T08:00:00+01:00,FR,151.05,imbalance_long
2021-11-14T07:00:00+00:00,2021-11-14T08:00:00+01:00,FR,166.95,imbalance_short
2021-11-14T07:00:00+00:00,2021-11-14T08:00:00+01:00,NL,66.22,imbalance_long
2021-11-14T07:00:00+00:00,2021-11-14T08:00:00+01:00,NL,66.22,imbalance_short
2021-11-14T07:15:00+00:00,2021-11-14T08:15:00+01:00,DE-LU,222.01,imbalance_long
2021-11-14T07:15:00+00:00,2021-11-14T08:15:00+01:00,DE-LU,222.01,imbalance_short
2021-11-14T07:15:00+00:00,2021-11-14T08:15:00+01:00,NL,124.32,imbalance_long
2021-11-14T07:15:00+00:00,2021-11-14T08:15:00+01:00,NL,124.32,imbalance_short
2021-11-14T07:30:00+00:00,2021-11-14T08:30:00+01:00,DE-LU,234.54,imbalance_long
2021-11-14T07:30:00+00:00,2021-11-14T08:30:00+01:00,DE-LU,234.54,imbalance_short
2021-11-14T07:30:00+00:00,2021-11-14T08:30:00+01:00,FR,151.83,imbalance_long
2021-11-14T07:30:00+00:00,2021-11-14T08:30:00+01:00,FR,167.81,imbalance_short
2021-11-14T07:30:00+00:00,2021-11-14T08:30:00+01:00,NL,134.75,imbalance_long
2021-11-14T07:30:00+00:00,2021-11-14T08:30:00+01:00,NL,134.75,imbalance_short
2021-11-14T07:45:00+00:00,2021-11-14T08:45:00+01:00,DE-LU,269.01,imbalance_long
2021-11-14T07:45:00+00:00,2021-11-14T08:45:00+01:00,DE-LU,269.01,imbalance_short
2021-11-14T07:45:00+00:00,2021-11-14T08:45:00+01:00,NL,115.92,imbalance_long
2021-11-14T07:45:00+00:00,2021-11-14T08:45:00+01:00,NL,115.92,imbalance_short
2021-11-14T08:00:00+00:00,2021-11-14T09:00:00+01:00,DE-LU,320.69,imbalance_long
2021-11-14T08:00:00+00:00,2021-11-14T09:00:00+01:00,DE-LU,320.69,imbalance_short
2021-11-14T08:00:00+00:00,2021-11-14T09:00:00+01:00,FR,148.87,imbalance_long
2021-11-14T08:00:00+00:00,2021-11-14T09:00:00+01:00,FR,164.55,imbalance_short
2021-11-14T08:00:00+00:00,2021-11-14T09:00:00+01:00,NL,190.07,imbalance_long
2021-11-14T08:00:00+00:00,2021-11-14T09:00:00+01:00,NL,190.07,imbalance_short
2021-11-14T08:15:00+00:00,2021-11-14T09:15:00+01:00,DE-LU,312.65,imbalance_long
2021-11-14T08:15:00+00:00,2021-11-14T09:15:00+01:00,DE-LU,312.65,imbalance_short
2021-11-14T08:15:00+00:00,2021-11-14T09:15:00+01:00,NL,347.94,imbalance_long
2021-11-14T08:15:00+00:00,2021-11-14T09:15:00+01:00,NL,347.94,imbalance_short
2021-11-14T08:30:00+00:00,2021-11-14T09:30:00+01:00,DE-LU,280.18,imbalance_long
2021-11-14T08:30:00+00:00,2021-11-14T09:30:00+01:00,DE-LU,280.18,imbalance_short
2021-11-14T08:30:00+00:00,2021-11-14T09:30:00+01:00,FR,154.32,imbalance_long
2021-11-14T08:30:00+00:00,2021-11-14T09:30:00+01:00,FR,170.56,imbalance_short
2021-11-14T08:30:00+00:00,2021-11-14T09:30:00+01:00,NL,244.18,imbalance_long
2021-11-14T08:30:00+00:00,2021-11-14T09:30:00+01:00,NL,244.18,imbalance_short
2021-11-14T08:45:00+00:00,2021-11-14T09:45:00+01:00,DE-LU,302.76,imbalance_long
2021-11-14T08:45:00+00:00,2021-11-14T09:45:00+01:00,DE-LU,302.76,imbalance_short
2021-11-14T08:45:00+00:00,2021-11-14T09:45:00+01:00,NL,421.26,imbalance_long
2021-11-14T08:45:00+00:00,2021-11-14T09:45:00+01:00,NL,421.26,imbalance_short
2021-11-14T09:00:00+00:00,2021-11-14T10:00:00+01:00,DE-LU,327.23,imbalance_long
2021-11-14T09:00:00+00:00,2021-11-14T10:00:00+01:00,DE-LU,327.23,imbalance_short
2021-11-14T09:00:00+00:00,2021-11-14T10:00:00+01:00,FR,151.57,imbalance_long
2021-11-14T09:00:00+00:00,2021-11-14T10:00:00+01:00,FR,167.53,imbalance_short
2021-11-14T09:00:00+00:00,2021-11-14T10:00:00+01:00,NL,355.35,imbalance_long
2021-11-14T09:00:00+00:00,2021-11-14T10:00:00+01:00,NL,355.35,imbalance_short
2021-11-14T09:15:00+00:00,2021-11-14T10:15:00+01:00,DE-LU,103.22,imbalance_long
2021-11-14T09:15:00+00:00,2021-11-14T10:15:00+01:00,DE-LU,103.22,imbalance_short
2021-11-14T09:15:00+00:00,2021-11-14T10:15:00+01:00,NL,150.4,imbalance_long
2021-11-14T09:15:00+00:00,2021-11-14T10:15:00+01:00,NL,150.4,imbalance_short
2021-11-14T09:30:00+00:00,2021-11-14T10:30:00+01:00,DE-LU,118.24,imbalance_long
2021-11-14T09:30:00+00:00,2021-11-14T10:30:00+01:00,DE-LU,118.24,imbalance_short
2021-11-14T09:30:00+00:00,2021-11-14T10:30:00+01:00,FR,168.34,imbalance_long
2021-11-14T09:30:00+00:00,2021-11-14T10:30:00+01:00,FR,186.06,imbalance_short
2021-11-14T09:30:00+00:00,2021-11-14T10:30:00+01:00,NL,91.87,imbalance_long
2021-11-14T09:30:00+00:00,2021-11-14T10:30:00+01:00,NL,91.87,imbalance_short
2021-11-14T09:45:00+00:00,2021-11-14T10:45:00+01:00,DE-LU,116.97,imbalance_long
2021-11-14T09:45:00+00:00,2021-11-14T10:45:00+01:00,DE-LU,116.97,imbalance_short
2021-11-14T09:45:00+00:00,2021-11-14T10:45:00+01:00,NL,157.2,imbalance_long
2021-11-14T09:45:00+00:00,2021-11-14T10:45:00+01:00,NL,157.2,imbalance_short
2021-11-14T10:00:00+00:00,2021-11-14T11:00:00+01:00,DE-LU,-105.01,imbalance_long
2021-11-14T10:00:00+00:00,2021-11-14T11:00:00+01:00,DE-LU,-105.01,imbalance_short
2021-11-14T10:00:00+00:00,2021-11-14T11:00:00+01:00,FR,190.78,imbalance_long
2021-11-14T10:00:00+00:00,2021-11-14T11:00:00+01:00,FR,210.86,imbalance_short
2021-11-14T10:00:00+00:00,2021-11-14T11:00:00+01:00,NL,211.93,imbalance_long
2021-11-14T10:00:00+00:00,2021-11-14T11:00:00+01:00,NL,211.93,imbalance_short
2021-11-14T10:15:00+00:00,2021-11-14T11:15:00+01:00,DE-LU,378.02,imbalance_long
2021-11-14T10:15:00+00:00,2021-11-14T11:15:00+01:00,DE-LU,378.02,imbalance_short
2021-11-14T10:15:00+00:00,2021-11-14T11:15:00+01:00,NL,174.49,imbalance_long
2021-11-14T10:15:00+00:00,2021-11-14T11:15:00+01:00,NL,174.49,imbalance_short
2021-11-14T10:30:00+00:00,2021-11-14T11:30:00+01:00,DE-LU,323.42,imbalance_long
2021-11-14T10:30:00+00:00,2021-11-14T11:30:00+01:00,DE-LU,323.42,imbalance_short
2021-11-14T10:30:00+00:00,2021-11-14T11:30:00+01:00,FR,186.91,imbalance_long
2021-11-14T10:30:00+00:00,2021-11-14T11:30:00+01:00,FR,206.59,imbalance_short
2021-11-14T10:30:00+00:00,2021-11-14T11:30:00+01:00,NL,173.0,imbalance_long
2021-11-14T10:30:00+00:00,2021-11-14T11:30:00+01:00,NL,173.0,imbalance_short
2021-11-14T10:45:00+00:00,2021-11-14T11:45:00+01:00,DE-LU,-112.76,imbalance_long
2021-11-14T10:45:00+00:00,2021-11-14T11:45:00+01:00,DE-LU,-112.76,imbalance_short
2021-11-14T10:45:00+00:00,2021-11-14T11:45:00+01:00,NL,355.35,imbalance_long
2021-11-14T10:45:00+00:00,2021-11-14T11:45:00+01:00,NL,355.35,imbalance_short
2021-11-14T11:00:00+00:00,2021-11-14T12:00:00+01:00,DE-LU,338.42,imbalance_long
2021-11-14T11:00:00+00:00,2021-11-14T12:00:00+01:00,DE-LU,338.42,imbalance_short
2021-11-14T11:00:00+00:00,2021-11-14T12:00:00+01:00,FR,186.38,imbalance_long
2021-11-14T11:00:00+00:00,2021-11-14T12:00:00+01:00,FR,206.0,imbalance_short
2021-11-14T11:00:00+00:00,2021-11-14T12:00:00+01:00,NL,483.04,imbalance_long
2021-11-14T11:00:00+00:00,2021-11-14T12:00:00+01:00,NL,483.04,imbalance_short
2021-11-14T11:15:00+00:00,2021-11-14T12:15:00+01:00,DE-LU,308.94,imbalance_long
2021-11-14T11:15:00+00:00,2021-11-14T12:15:00+01:00,DE-LU,308.94,imbalance_short
2021-11-14T11:15:00+00:00,2021-11-14T12:15:00+01:00,NL,141.51,imbalance_long
2021-11-14T11:15:00+00:00,2021-11-14T12:15:00+01:00,NL,141.51,imbalance_short
2021-11-14T11:30:00+00:00,2021-11-14T12:30:00+01:00,DE-LU,287.53,imbalance_long
2021-11-14T11:30:00+00:00,2021-11-14T12:30:00+01:00,DE-LU,287.53,imbalance_short
2021-11-14T11:30:00+00:00,2021-11-14T12:30:00+01:00,FR,195.66,imbalance_long
2021-11-14T11:30:00+00:00,2021-11-14T12:30:00+01:00,FR,216.26,imbalance_short
2021-11-14T11:30:00+00:00,2021-11-14T12:30:00+01:00,NL,175.18,imbalance_long
2021-11-14T11:30:00+00:00,2021-11-14T12:30:00+01:00,NL,175.18,imbalance_short
2021-11-14T11:45:00+00:00,2021-11-14T12:45:00+01:00,DE-LU,261.92,imbalance_long
2021-11-14T11:45:00+00:00,2021-11-14T12:45:00+01:00,DE-LU,261.92,imbalance_short
2021-11-14T11:45:00+00:00,2021-11-14T12:45:00+01:00,NL,116.05,imbalance_long
2021-11-14T11:45:00+00:00,2021-11-14T12:45:00+01:00,NL,187.58,imbalance_short
2021-11-14T12:00:00+00:00,2021-11-14T13:00:00+01:00,DE-LU,304.51,imbalance_long
2021-11-14T12:00:00+00:00,2021-11-14T13:00:00+01:00,DE-LU,304.51,imbalance_short
2021-11-14T12:00:00+00:00,2021-11-14T13:00:00+01:00,FR,186.7,imbalance_long
2021-11-14T12:00:00+00:00,2021-11-14T13:00:00+01:00,FR,206.36,imbalance_short
2021-11-14T12:00:00+00:00,2021-11-14T13:00:00+01:00,NL,137.96,imbalance_long
2021-11-14T12:00:00+00:00,2021-11-14T13:00:00+01:00,NL,137.96,imbalance_short
2021-11-14T12:15:00+00:00,2021-11-14T13:15:00+01:00,DE-LU,295.61,imbalance_long
2021-11-14T12:15:00+00:00,2021-11-14T13:15:00+01:00,DE-LU,295.61,imbalance_short
2021-11-14T12:15:00+00:00,2021-11-14T13:15:00+01:00,NL,160.4,imbalance_long
2021-11-14T12:15:00+00:00,2021-11-14T13:15:00+01:00,NL,160.4,imbalance_short
2021-11-14T12:30:00+00:00,2021-11-14T13:30:00+01:00,DE-LU,308.96,imbalance_long
2021-11-14T12:30:00+00:00,2021-11-14T13:30:00+01:00,DE-LU,308.96,imbalance_short
2021-11-14T12:30:00+00:00,2021-11-14T13:30:00+01:00,FR,151.72,imbalance_long
2021-11-14T12:30:00+00:00,2021-11-14T13:30:00+01:00,FR,167.69,imbalance_short
2021-11-14T12:30:00+00:00,2021-11-14T13:30:00+01:00,NL,156.02,imbalance_long
2021-11-14T12:30:00+00:00,2021-11-14T13:30:00+01:00,NL,156.02,imbalance_short
2021-11-14T12:45:00+00:00,2021-11-14T13:45:00+01:00,DE-LU,284.78,imbalance_long
2021-11-14T12:45:00+00:00,2021-11-14T13:45:00+01:00,DE-LU,284.78,imbalance_short
2021-11-14T12:45:00+00:00,2021-11-14T13:45:00+01:00,NL,91.89,imbalance_long
2021-11-14T12:45:00+00:00,2021-11-14T13:45:00+01:00,NL,91.89,imbalance_short
2021-11-14T13:00:00+00:00,2021-11-14T14:00:00+01:00,DE-LU,298.83,imbalance_long
2021-11-14T13:00:00+00:00,2021-11-14T14:00:00+01:00,DE-LU,298.83,imbalance_short
2021-11-14T13:00:00+00:00,2021-11-14T14:00:00+01:00,FR,175.58,imbalance_long
2021-11-14T13:00:00+00:00,2021-11-14T14:00:00+01:00,FR,194.06,imbalance_short
2021-11-14T13:00:00+00:00,2021-11-14T14:00:00+01:00,NL,166.4,imbalance_long
2021-11-14T13:00:00+00:00,2021-11-14T14:00:00+01:00,NL,166.4,imbalance_short
2021-11-14T13:15:00+00:00,2021-11-14T14:15:00+01:00,DE-LU,296.68,imbalance_long
2021-11-14T13:15:00+00:00,2021-11-14T14:15:00+01:00,DE-LU,296.68,imbalance_short
2021-11-14T13:15:00+00:00,2021-11-14T14:15:00+01:00,NL,150.4,imbalance_long
2021-11-14T13:15:00+00:00,2021-11-14T14:15:00+01:00,NL,150.4,imbalance_short
2021-11-14T13:30:00+00:00,2021-11-14T14:30:00+01:00,DE-LU,308.91,imbalance_long
2021-11-14T13:30:00+00:00,2021-11-14T14:30:00+01:00,DE-LU,308.91,imbalance_short
2021-11-14T13:30:00+00:00,2021-11-14T14:30:00+01:00,FR,192.41,imbalance_long
2021-11-14T13:30:00+00:00,2021-11-14T14:30:00+01:00,FR,212.67,imbalance_short
2021-11-14T13:30:00+00:00,2021-11-14T14:30:00+01:00,NL,163.52,imbalance_long
2021-11-14T13:30:00+00:00,2021-11-14T14:30:00+01:00,NL,163.52,imbalance_short
2021-11-14T13:45:00+00:00,2021-11-14T14:45:00+01:00,DE-LU,287.74,imbalance_long
2021-11-14T13:45:00+00:00,2021-11-14T14:45:00+01:00,DE-LU,287.74,imbalance_short
2021-11-14T13:45:00+00:00,2021-11-14T14:45:00+01:00,NL,344.22,imbalance_long
2021-11-14T13:45:00+00:00,2021-11-14T14:45:00+01:00,NL,344.22,imbalance_short
2021-11-14T14:00:00+00:00,2021-11-14T15:00:00+01:00,DE-LU,266.87,imbalance_long
2021-11-14T14:00:00+00:00,2021-11-14T15:00:00+01:00,DE-LU,266.87,imbalance_short
2021-11-14T14:00:00+00:00,2021-11-14T15:00:00+01:00,FR,198.89,imbalance_long
2021-11-14T14:00:00+00:00,2021-11-14T15:00:00+01:00,FR,219.83,imbalance_short
2021-11-14T14:00:00+00:00,2021-11-14T15:00:00+01:00,NL,184.18,imbalance_long
2021-11-14T14:00:00+00:00,2021-11-14T15:00:00+01:00,NL,184.18,imbalance_short
2021-11-14T14:15:00+00:00,2021-11-14T15:15:00+01:00,DE-LU,230.68,imbalance_long
2021-11-14T14:15:00+00:00,2021-11-14T15:15:00+01:00,DE-LU,230.68,imbalance_short
2021-11-14T14:15:00+00:00,2021-11-14T15:15:00+01:00,NL,411.79,imbalance_long
2021-11-14T14:15:00+00:00,2021-11-14T15:15:00+01:00,NL,411.79,imbalance_short
2021-11-14T14:30:00+00:00,2021-11-14T15:30:00+01:00,DE-LU,270.77,imbalance_long
2021-11-14T14:30:00+00:00,2021-11-14T15:30:00+01:00,DE-LU,270.77,imbalance_short
2021-11-14T14:30:00+00:00,2021-11-14T15:30:00+01:00,FR,173.04,imbalance_long
2021-11-14T14:30:00+00:00,2021-11-14T15:30:00+01:00,FR,191.26,imbalance_short
2021-11-14T14:30:00+00:00,2021-11-14T15:30:00+01:00,NL,271.03,imbalance_long
2021-11-14T14:30:00+00:00,2021-11-14T15:30:00+01:00,NL,271.03,imbalance_short
2021-11-14T14:45:00+00:00,2021-11-14T15:45:00+01:00,DE-LU,312.22,imbalance_long
2021-11-14T14:45:00+00:00,2021-11-14T15:45:00+01:00,DE-LU,312.22,imbalance_short
2021-11-14T14:45:00+00:00,2021-11-14T15:45:00+01:00,NL,309.56,imbalance_long
2021-11-14T14:45:00+00:00,2021-11-14T15:45:00+01:00,NL,309.56,imbalance_short
2021-11-14T15:00:00+00:00,2021-11-14T16:00:00+01:00,DE-LU,104.84,imbalance_long
2021-11-14T15:00:00+00:00,2021-11-14T16:00:00+01:00,DE-LU,104.84,imbalance_short
2021-11-14T15:00:00+00:00,2021-11-14T16:00:00+01:00,FR,195.78,imbalance_long
2021-11-14T15:00:00+00:00,2021-11-14T16:00:00+01:00,FR,216.38,imbalance_short
2021-11-14T15:00:00+00:00,2021-11-14T16:00:00+01:00,NL,179.33,imbalance_long
2021-11-14T15:00:00+00:00,2021-11-14T16:00:00+01:00,NL,179.33,imbalance_short
2021-11-14T15:15:00+00:00,2021-11-14T16:15:00+01:00,DE-LU,233.89,imbalance_long
2021-11-14T15:15:00+00:00,2021-11-14T16:15:00+01:00,DE-LU,233.89,imbalance_short
2021-11-14T15:15:00+00:00,2021-11-14T16:15:00+01:00,NL,116.07,imbalance_long
2021-11-14T15:15:00+00:00,2021-11-14T16:15:00+01:00,NL,164.51,imbalance_short
2021-11-14T15:30:00+00:00,2021-11-14T16:30:00+01:00,DE-LU,300.67,imbalance_long
2021-11-14T15:30:00+00:00,2021-11-14T16:30:00+01:00,DE-LU,300.67,imbalance_short
2021-11-14T15:30:00+00:00,2021-11-14T16:30:00+01:00,FR,158.46,imbalance_long
2021-11-14T15:30:00+00:00,2021-11-14T16:30:00+01:00,FR,175.14,imbalance_short
2021-11-14T15:30:00+00:00,2021-11-14T16:30:00+01:00,NL,200.0,imbalance_long
2021-11-14T15:30:00+00:00,2021-11-14T16:30:00+01:00,NL,200.0,imbalance_short
2021-11-14T15:45:00+00:00,2021-11-14T16:45:00+01:00,DE-LU,307.01,imbalance_long
2021-11-14T15:45:00+00:00,2021-11-14T16:45:00+01:00,DE-LU,307.01,imbalance_short
2021-11-14T15:45:00+00:00,2021-11-14T16:45:00+01:00,NL,169.6,imbalance_long
2021-11-14T15:45:00+00:00,2021-11-14T16:45:00+01:00,NL,169.6,imbalance_short
2021-11-14T16:00:00+00:00,2021-11-14T17:00:00+01:00,DE-LU,266.04,imbalance_long
2021-11-14T16:00:00+00:00,2021-11-14T17:00:00+01:00,DE-LU,266.04,imbalance_short
2021-11-14T16:00:00+00:00,2021-11-14T17:00:00+01:00,FR,180.28,imbalance_long
2021-11-14T16:00:00+00:00,2021-11-14T17:00:00+01:00,FR,199.26,imbalance_short
2021-11-14T16:00:00+00:00,2021-11-14T17:00:00+01:00,NL,143.69,imbalance_long
2021-11-14T16:00:00+00:00,2021-11-14T17:00:00+01:00,NL,143.69,imbalance_short
2021-11-14T16:15:00+00:00,2021-11-14T17:15:00+01:00,DE-LU,288.77,imbalance_long
2021-11-14T16:15:00+00:00,2021-11-14T17:15:00+01:00,DE-LU,288.77,imbalance_short
2021-11-14T16:15:00+00:00,2021-11-14T17:15:00+01:00,NL,177.94,imbalance_long
2021-11-14T16:15:00+00:00,2021-11-14T17:15:00+01:00,NL,177.94,imbalance_short
2021-11-14T16:30:00+00:00,2021-11-14T17:30:00+01:00,DE-LU,305.94,imbalance_long
2021-11-14T16:30:00+00:00,2021-11-14T17:30:00+01:00,DE-LU,305.94,imbalance_short
2021-11-14T16:30:00+00:00,2021-11-14T17:30:00+01:00,FR,171.95,imbalance_long
2021-11-14T16:30:00+00:00,2021-11-14T17:30:00+01:00,FR,190.05,imbalance_short
2021-11-14T16:30:00+00:00,2021-11-14T17:30:00+01:00,NL,177.94,imbalance_long
2021-11-14T16:30:00+00:00,2021-11-14T17:30:00+01:00,NL,177.94,imbalance_short
2021-11-14T16:45:00+00:00,2021-11-14T17:45:00+01:00,DE-LU,307.72,imbalance_long
2021-11-14T16:45:00+00:00,2021-11-14T17:45:00+01:00,DE-LU,307.72,imbalance_short
2021-11-14T16:45:00+00:00,2021-11-14T17:45:00+01:00,NL,187.94,imbalance_long
2021-11-14T16:45:00+00:00,2021-11-14T17:45:00+01:00,NL,187.94,imbalance_short
2021-11-14T17:00:00+00:00,2021-11-14T18:00:00+01:00,DE-LU,307.55,imbalance_long
2021-11-14T17:00:00+00:00,2021-11-14T18:00:00+01:00,DE-LU,307.55,imbalance_short
2021-11-14T17:00:00+00:00,2021-11-14T18:00:00+01:00,FR,183.99,imbalance_long
2021-11-14T17:00:00+00:00,2021-11-14T18:00:00+01:00,FR,203.35,imbalance_short
2021-11-14T17:00:00+00:00,2021-11-14T18:00:00+01:00,NL,194.47,imbalance_long
2021-11-14T17:00:00+00:00,2021-11-14T18:00:00+01:00,NL,194.47,imbalance_short
2021-11-14T17:15:00+00:00,2021-11-14T18:15:00+01:00,DE-LU,267.8,imbalance_long
2021-11-14T17:15:00+00:00,2021-11-14T18:15:00+01:00,DE-LU,267.8,imbalance_short
2021-11-14T17:15:00+00:00,2021-11-14T18:15:00+01:00,NL,174.47,imbalance_long
2021-11-14T17:15:00+00:00,2021-11-14T18:15:00+01:00,NL,174.47,imbalance_short
2021-11-14T17:30:00+00:00,2021-11-14T18:30:00+01:00,DE-LU,306.39,imbalance_long
2021-11-14T17:30:00+00:00,2021-11-14T18:30:00+01:00,DE-LU,306.39,imbalance_short
2021-11-14T17:30:00+00:00,2021-11-14T18:30:00+01:00,FR,173.97,imbalance_long
2021-11-14T17:30:00+00:00,2021-11-14T18:30:00+01:00,FR,192.29,imbalance_short
2021-11-14T17:30:00+00:00,2021-11-14T18:30:00+01:00,NL,207.47,imbalance_long
2021-11-14T17:30:00+00:00,2021-11-14T18:30:00+01:00,NL,207.47,imbalance_short
2021-11-14T17:45:00+00:00,2021-11-14T18:45:00+01:00,DE-LU,301.16,imbalance_long
2021-11-14T17:45:00+00:00,2021-11-14T18:45:00+01:00,DE-LU,301.16,imbalance_short
2021-11-14T17:45:00+00:00,2021-11-14T18:45:00+01:00,NL,142.47,imbalance_long
2021-11-14T17:45:00+00:00,2021-11-14T18:45:00+01:00,NL,142.47,imbalance_short
2021-11-14T18:00:00+00:00,2021-11-14T19:00:00+01:00,DE-LU,324.32,imbalance_long
2021-11-14T18:00:00+00:00,2021-11-14T19:00:00+01:00,DE-LU,324.32,imbalance_short
2021-11-14T18:00:00+00:00,2021-11-14T19:00:00+01:00,FR,178.51,imbalance_long
2021-11-14T18:00:00+00:00,2021-11-14T19:00:00+01:00,FR,197.31,imbalance_short
2021-11-14T18:00:00+00:00,2021-11-14T19:00:00+01:00,NL,127.4,imbalance_long
2021-11-14T18:00:00+00:00,2021-11-14T19:00:00+01:00,NL,127.4,imbalance_short
2021-11-14T18:15:00+00:00,2021-11-14T19:15:00+01:00,DE-LU,70.15,imbalance_long
2021-11-14T18:15:00+00:00,2021-11-14T19:15:00+01:00,DE-LU,70.15,imbalance_short
2021-11-14T18:15:00+00:00,2021-11-14T19:15:00+01:00,NL,127.4,imbalance_long
2021-11-14T18:15:00+00:00,2021-11-14T19:15:00+01:00,NL,127.4,imbalance_short
2021-11-14T18:30:00+00:00,2021-11-14T19:30:00+01:00,DE-LU,83.58,imbalance_long
2021-11-14T18:30:00+00:00,2021-11-14T19:30:00+01:00,DE-LU,83.58,imbalance_short
2021-11-14T18:30:00+00:00,2021-11-14T19:30:00+01:00,FR,188.39,imbalance_long
2021-11-14T18:30:00+00:00,2021-11-14T19:30:00+01:00,FR,208.23,imbalance_short
2021-11-14T18:30:00+00:00,2021-11-14T19:30:00+01:00,NL,112.8,imbalance_long
2021-11-14T18:30:00+00:00,2021-11-14T19:30:00+01:00,NL,112.8,imbalance_short
2021-11-14T18:45:00+00:00,2021-11-14T19:45:00+01:00,DE-LU,208.45,imbalance_long
2021-11-14T18:45:00+00:00,2021-11-14T19:45:00+01:00,DE-LU,208.45,imbalance_short
2021-11-14T18:45:00+00:00,2021-11-14T19:45:00+01:00,NL,127.4,imbalance_long
2021-11-14T18:45:00+00:00,2021-11-14T19:45:00+01:00,NL,127.4,imbalance_short
2021-11-14T19:00:00+00:00,2021-11-14T20:00:00+01:00,DE-LU,326.22,imbalance_long
2021-11-14T19:00:00+00:00,2021-11-14T20:00:00+01:00,DE-LU,326.22,imbalance_short
2021-11-14T19:00:00+00:00,2021-11-14T20:00:00+01:00,FR,184.38,imbalance_long
2021-11-14T19:00:00+00:00,2021-11-14T20:00:00+01:00,FR,203.78,imbalance_short
2021-11-14T19:00:00+00:00,2021-11-14T20:00:00+01:00,NL,116.2,imbalance_long
2021-11-14T19:00:00+00:00,2021-11-14T20:00:00+01:00,NL,198.0,imbalance_short
2021-11-14T19:15:00+00:00,2021-11-14T20:15:00+01:00,DE-LU,372.16,imbalance_long
2021-11-14T19:15:00+00:00,2021-11-14T20:15:00+01:00,DE-LU,372.16,imbalance_short
2021-11-14T19:15:00+00:00,2021-11-14T20:15:00+01:00,NL,92.17,imbalance_long
2021-11-14T19:15:00+00:00,2021-11-14T20:15:00+01:00,NL,92.17,imbalance_short
2021-11-14T19:30:00+00:00,2021-11-14T20:30:00+01:00,DE-LU,326.45,imbalance_long
2021-11-14T19:30:00+00:00,2021-11-14T20:30:00+01:00,DE-LU,326.45,imbalance_short
2021-11-14T19:30:00+00:00,2021-11-14T20:30:00+01:00,FR,178.26,imbalance_long
2021-11-14T19:30:00+00:00,2021-11-14T20:30:00+01:00,FR,197.02,imbalance_short
2021-11-14T19:30:00+00:00,2021-11-14T20:30:00+01:00,NL,134.32,imbalance_long
2021-11-14T19:30:00+00:00,2021-11-14T20:30:00+01:00,NL,134.32,imbalance_short
2021-11-14T19:45:00+00:00,2021-11-14T20:45:00+01:00,DE-LU,-109.33,imbalance_long
2021-11-14T19:45:00+00:00,2021-11-14T20:45:00+01:00,DE-LU,-109.33,imbalance_short
2021-11-14T19:45:00+00:00,2021-11-14T20:45:00+01:00,NL,134.85,imbalance_long
2021-11-14T19:45:00+00:00,2021-11-14T20:45:00+01:00,NL,134.85,imbalance_short
2021-11-14T20:00:00+00:00,2021-11-14T21:00:00+01:00,DE-LU,127.01,imbalance_long
2021-11-14T20:00:00+00:00,2021-11-14T21:00:00+01:00,DE-LU,127.01,imbalance_short
2021-11-14T20:00:00+00:00,2021-11-14T21:00:00+01:00,FR,167.61,imbalance_long
2021-11-14T20:00:00+00:00,2021-11-14T21:00:00+01:00,FR,185.25,imbalance_short
2021-11-14T20:00:00+00:00,2021-11-14T21:00:00+01:00,NL,388.11,imbalance_long
2021-11-14T20:00:00+00:00,2021-11-14T21:00:00+01:00,NL,388.11,imbalance_short
2021-11-14T20:15:00+00:00,2021-11-14T21:15:00+01:00,DE-LU,320.94,imbalance_long
2021-11-14T20:15:00+00:00,2021-11-14T21:15:00+01:00,DE-LU,320.94,imbalance_short
2021-11-14T20:15:00+00:00,2021-11-14T21:15:00+01:00,NL,135.14,imbalance_long
2021-11-14T20:15:00+00:00,2021-11-14T21:15:00+01:00,NL,135.14,imbalance_short
2021-11-14T20:30:00+00:00,2021-11-14T21:30:00+01:00,DE-LU,-2.06,imbalance_long
2021-11-14T20:30:00+00:00,2021-11-14T21:30:00+01:00,DE-LU,-2.06,imbalance_short
2021-11-14T20:30:00+00:00,2021-11-14T21:30:00+01:00,FR,178.34,imbalance_long
2021-11-14T20:30:00+00:00,2021-11-14T21:30:00+01:00,FR,197.12,imbalance_short
2021-11-14T20:30:00+00:00,2021-11-14T21:30:00+01:00,NL,133.95,imbalance_long
2021-11-14T20:30:00+00:00,2021-11-14T21:30:00+01:00,NL,133.95,imbalance_short
2021-11-14T20:45:00+00:00,2021-11-14T21:45:00+01:00,DE-LU,235.78,imbalance_long
2021-11-14T20:45:00+00:00,2021-11-14T21:45:00+01:00,DE-LU,235.78,imbalance_short
2021-11-14T20:45:00+00:00,2021-11-14T21:45:00+01:00,NL,116.2,imbalance_long
2021-11-14T20:45:00+00:00,2021-11-14T21:45:00+01:00,NL,116.2,imbalance_short
2021-11-14T21:00:00+00:00,2021-11-14T22:00:00+01:00,DE-LU,316.58,imbalance_long
2021-11-14T21:00:00+00:00,2021-11-14T22:00:00+01:00,DE-LU,316.58,imbalance_short
2021-11-14T21:00:00+00:00,2021-11-14T22:00:00+01:00,FR,149.78,imbalance_long
2021-11-14T21:00:00+00:00,2021-11-14T22:00:00+01:00,FR,165.54,imbalance_short
2021-11-14T21:00:00+00:00,2021-11-14T22:00:00+01:00,NL,153.4,imbalance_long
2021-11-14T21:00:00+00:00,2021-11-14T22:00:00+01:00,NL,153.4,imbalance_short
2021-11-14T21:15:00+00:00,2021-11-14T22:15:00+01:00,DE-LU,305.26,imbalance_long
2021-11-14T21:15:00+00:00,2021-11-14T22:15:00+01:00,DE-LU,305.26,imbalance_short
2021-11-14T21:15:00+00:00,2021-11-14T22:15:00+01:00,NL,193.18,imbalance_long
2021-11-14T21:15:00+00:00,2021-11-14T22:15:00+01:00,NL,193.18,imbalance_short
2021-11-14T21:30:00+00:00,2021-11-14T22:30:00+01:00,DE-LU,355.61,imbalance_long
2021-11-14T21:30:00+00:00,2021-11-14T22:30:00+01:00,DE-LU,355.61,imbalance_short
2021-11-14T21:30:00+00:00,2021-11-14T22:30:00+01:00,FR,212.63,imbalance_long
2021-11-14T21:30:00+00:00,2021-11-14T22:30:00+01:00,FR,235.01,imbalance_short
2021-11-14T21:30:00+00:00,2021-11-14T22:30:00+01:00,NL,355.35,imbalance_long
2021-11-14T21:30:00+00:00,2021-11-14T22:30:00+01:00,NL,355.35,imbalance_short
2021-11-14T21:45:00+00:00,2021-11-14T22:45:00+01:00,DE-LU,323.57,imbalance_long
2021-11-14T21:45:00+00:00,2021-11-14T22:45:00+01:00,DE-LU,323.57,imbalance_short
2021-11-14T21:45:00+00:00,2021-11-14T22:45:00+01:00,NL,142.05,imbalance_long
2021-11-14T21:45:00+00:00,2021-11-14T22:45:00+01:00,NL,142.05,imbalance_short
2021-11-14T22:00:00+00:00,2021-11-14T23:00:00+01:00,DE-LU,330.77,imbalance_long
2021-11-14T22:00:00+00:00,2021-11-14T23:00:00+01:00,DE-LU,330.77,imbalance_short
2021-11-14T22:00:00+00:00,2021-11-14T23:00:00+01:00,FR,206.97,imbalance_long
2021-11-14T22:00:00+00:00,2021-11-14T23:00:00+01:00,FR,228.75,imbalance_short
2021-11-14T22:00:00+00:00,2021-11-14T23:00:00+01:00,NL,421.25,imbalance_long
2021-11-14T22:00:00+00:00,2021-11-14T23:00:00+01:00,NL,421.25,imbalance_short
2021-11-14T22:15:00+00:00,2021-11-14T23:15:00+01:00,DE-LU,294.07,imbalance_long
2021-11-14T22:15:00+00:00,2021-11-14T23:15:00+01:00,DE-LU,294.07,imbalance_short
2021-11-14T22:15:00+00:00,2021-11-14T23:15:00+01:00,NL,189.51,imbalance_long
2021-11-14T22:15:00+00:00,2021-11-14T23:15:00+01:00,NL,189.51,imbalance_short
2021-11-14T22:30:00+00:00,2021-11-14T23:30:00+01:00,DE-LU,290.42,imbalance_long
2021-11-14T22:30:00+00:00,2021-11-14T23:30:00+01:00,DE-LU,290.42,imbalance_short
2021-11-14T22:30:00+00:00,2021-11-14T23:30:00+01:00,FR,210.72,imbalance_long
2021-11-14T22:30:00+00:00,2021-11-14T23:30:00+01:00,FR,232.9,imbalance_short
2021-11-14T22:30:00+00:00,2021-11-14T23:30:00+01:00,NL,189.02,imbalance_long
2021-11-14T22:30:00+00:00,2021-11-14T23:30:00+01:00,NL,189.02,imbalance_short
2021-11-14T22:45:00+00:00,2021-11-14T23:45:00+01:00,DE-LU,202.56,imbalance_long
2021-11-14T22:45:00+00:00,2021-11-14T23:45:00+01:00,DE-LU,202.56,imbalance_short
2021-11-14T22:45:00+00:00,2021-11-14T23:45:00+01:00,NL,421.26,imbalance_long
2021-11-14T22:45:00+00:00,2021-11-14T23:45:00+01:00,NL,421.26,imbalance_short
