timestamp_utc,timestamp_local,bidding_zone,price_eur_mwh,load_actual_mw
2021-11-07T23:00:00+00:00,2021-11-08T00:00:00+01:00,AT,101.31,
2021-11-07T23:00:00+00:00,2021-11-08T00:00:00+01:00,BE,177.3,
2021-11-07T23:00:00+00:00,2021-11-08T00:00:00+01:00,CH,176.2,
2021-11-07T23:00:00+00:00,2021-11-08T00:00:00+01:00,DE-LU,55.39,49211.35
2021-11-07T23:00:00+00:00,2021-11-08T00:00:00+01:00,FR,172.86,53728
2021-11-07T23:00:00+00:00,2021-11-08T00:00:00+01:00,NL,200.1,10792.2
2021-11-07T23:15:00+00:00,2021-11-08T00:15:00+01:00,AT,101.31,
2021-11-07T23:15:00+00:00,2021-11-08T00:15:00+01:00,BE,177.3,
2021-11-07T23:15:00+00:00,2021-11-08T00:15:00+01:00,CH,176.2,
2021-11-07T23:15:00+00:00,2021-11-08T00:15:00+01:00,DE-LU,55.39,48650.62
2021-11-07T23:15:00+00:00,2021-11-08T00:15:00+01:00,FR,172.86,53728
2021-11-07T23:15:00+00:00,2021-11-08T00:15:00+01:00,NL,200.1,10735.58
2021-11-07T23:30:00+00:00,2021-11-08T00:30:00+01:00,AT,101.31,
2021-11-07T23:30:00+00:00,2021-11-08T00:30:00+01:00,BE,177.3,
2021-11-07T23:30:00+00:00,2021-11-08T00:30:00+01:00,CH,176.2,
2021-11-07T23:30:00+00:00,2021-11-08T00:30:00+01:00,DE-LU,55.39,48236.29
2021-11-07T23:30:00+00:00,2021-11-08T00:30:00+01:00,FR,172.86,53728
2021-11-07T23:30:00+00:00,2021-11-08T00:30:00+01:00,NL,200.1,10590.87
2021-11-07T23:45:00+00:00,2021-11-08T00:45:00+01:00,AT,101.31,
2021-11-07T23:45:00+00:00,2021-11-08T00:45:00+01:00,BE,177.3,
2021-11-07T23:45:00+00:00,2021-11-08T00:45:00+01:00,CH,176.2,
2021-11-07T23:45:00+00:00,2021-11-08T00:45:00+01:00,DE-LU,55.39,47731.83
2021-11-07T23:45:00+00:00,2021-11-08T00:45:00+01:00,FR,172.86,53728
2021-11-07T23:45:00+00:00,2021-11-08T00:45:00+01:00,NL,200.1,10478.21
2021-11-08T00:00:00+00:00,2021-11-08T01:00:00+01:00,AT,98.59,
2021-11-08T00:00:00+00:00,2021-11-08T01:00:00+01:00,BE,160.84,
2021-11-08T00:00:00+00:00,2021-11-08T01:00:00+01:00,CH,170.89,
2021-11-08T00:00:00+00:00,2021-11-08T01:00:00+01:00,DE-LU,57.94,47755.36
2021-11-08T00:00:00+00:00,2021-11-08T01:00:00+01:00,FR,165.68,52011
2021-11-08T00:00:00+00:00,2021-11-08T01:00:00+01:00,NL,189,10429.16
2021-11-08T00:15:00+00:00,2021-11-08T01:15:00+01:00,AT,98.59,
2021-11-08T00:15:00+00:00,2021-11-08T01:15:00+01:00,BE,160.84,
2021-11-08T00:15:00+00:00,2021-11-08T01:15:00+01:00,CH,170.89,
2021-11-08T00:15:00+00:00,2021-11-08T01:15:00+01:00,DE-LU,57.94,47334.22
2021-11-08T00:15:00+00:00,2021-11-08T01:15:00+01:00,FR,165.68,52011
2021-11-08T00:15:00+00:00,2021-11-08T01:15:00+01:00,NL,189,10381.79
2021-11-08T00:30:00+00:00,2021-11-08T01:30:00+01:00,AT,98.59,
2021-11-08T00:30:00+00:00,2021-11-08T01:30:00+01:00,BE,160.84,
2021-11-08T00:30:00+00:00,2021-11-08T01:30:00+01:00,CH,170.89,
2021-11-08T00:30:00+00:00,2021-11-08T01:30:00+01:00,DE-LU,57.94,47001.32
2021-11-08T00:30:00+00:00,2021-11-08T01:30:00+01:00,FR,165.68,52011
2021-11-08T00:30:00+00:00,2021-11-08T01:30:00+01:00,NL,189,10297.58
2021-11-08T00:45:00+00:00,2021-11-08T01:45:00+01:00,AT,98.59,
2021-11-08T00:45:00+00:00,2021-11-08T01:45:00+01:00,BE,160.84,
2021-11-08T00:45:00+00:00,2021-11-08T01:45:00+01:00,CH,170.89,
2021-11-08T00:45:00+00:00,2021-11-08T01:45:00+01:00,DE-LU,57.94,46941.25
2021-11-08T00:45:00+00:00,2021-11-08T01:45:00+01:00,FR,165.68,52011
2021-11-08T00:45:00+00:00,2021-11-08T01:45:00+01:00,NL,189,10273.57
2021-11-08T01:00:00+00:00,2021-11-08T02:00:00+01:00,AT,102.24,
2021-11-08T01:00:00+00:00,2021-11-08T02:00:00+01:00,BE,177.33,
2021-11-08T01:00:00+00:00,2021-11-08T02:00:00+01:00,CH,170.84,
2021-11-08T01:00:00+00:00,2021-11-08T02:00:00+01:00,DE-LU,62.95,46586.92
2021-11-08T01:00:00+00:00,2021-11-08T02:00:00+01:00,FR,155.75,51208
2021-11-08T01:00:00+00:00,2021-11-08T02:00:00+01:00,NL,180,10300.94
2021-11-08T01:15:00+00:00,2021-11-08T02:15:00+01:00,AT,102.24,
2021-11-08T01:15:00+00:00,2021-11-08T02:15:00+01:00,BE,177.33,
2021-11-08T01:15:00+00:00,2021-11-08T02:15:00+01:00,CH,170.84,
2021-11-08T01:15:00+00:00,2021-11-08T02:15:00+01:00,DE-LU,62.95,46600.98
2021-11-08T01:15:00+00:00,2021-11-08T02:15:00+01:00,FR,155.75,51208
2021-11-08T01:15:00+00:00,2021-11-08T02:15:00+01:00,NL,180,10286.31
2021-11-08T01:30:00+00:00,2021-11-08T02:30:00+01:00,AT,102.24,
2021-11-08T01:30:00+00:00,2021-11-08T02:30:00+01:00,BE,177.33,
2021-11-08T01:30:00+00:00,2021-11-08T02:30:00+01:00,CH,170.84,
2021-11-08T01:30:00+00:00,2021-11-08T02:30:00+01:00,DE-LU,62.95,46570.62
2021-11-08T01:30:00+00:00,2021-11-08T02:30:00+01:00,FR,155.75,51208
2021-11-08T01:30:00+00:00,2021-11-08T02:30:00+01:00,NL,180,10253.05
2021-11-08T01:45:00+00:00,2021-11-08T02:45:00+01:00,AT,102.24,
2021-11-08T01:45:00+00:00,2021-11-08T02:45:00+01:00,BE,177.33,
2021-11-08T01:45:00+00:00,2021-11-08T02:45:00+01:00,CH,170.84,
2021-11-08T01:45:00+00:00,2021-11-08T02:45:00+01:00,DE-LU,62.95,46896.87
2021-11-08T01:45:00+00:00,2021-11-08T02:45:00+01:00,FR,155.75,51208
2021-11-08T01:45:00+00:00,2021-11-08T02:45:00+01:00,NL,180,10244.81
2021-11-08T02:00:00+00:00,2021-11-08T03:00:00+01:00,AT,95.3,
2021-11-08T02:00:00+00:00,2021-11-08T03:00:00+01:00,BE,166.72,
2021-11-08T02:00:00+00:00,2021-11-08T03:00:00+01:00,CH,168.87,
2021-11-08T02:00:00+00:00,2021-11-08T03:00:00+01:00,DE-LU,60,47069.46
2021-11-08T02:00:00+00:00,2021-11-08T03:00:00+01:00,FR,139.41,49205
2021-11-08T02:00:00+00:00,2021-11-08T03:00:00+01:00,NL,148.19,10321.81
2021-11-08T02:15:00+00:00,2021-11-08T03:15:00+01:00,AT,95.3,
2021-11-08T02:15:00+00:00,2021-11-08T03:15:00+01:00,BE,166.72,
2021-11-08T02:15:00+00:00,2021-11-08T03:15:00+01:00,CH,168.87,
2021-11-08T02:15:00+00:00,2021-11-08T03:15:00+01:00,DE-LU,60,46638.1
2021-11-08T02:15:00+00:00,2021-11-08T03:15:00+01:00,FR,139.41,49205
2021-11-08T02:15:00+00:00,2021-11-08T03:15:00+01:00,NL,148.19,10207.28
2021-11-08T02:30:00+00:00,2021-11-08T03:30:00+01:00,AT,95.3,
2021-11-08T02:30:00+00:00,2021-11-08T03:30:00+01:00,BE,166.72,
2021-11-08T02:30:00+00:00,2021-11-08T03:30:00+01:00,CH,168.87,
2021-11-08T02:30:00+00:00,2021-11-08T03:30:00+01:00,DE-LU,60,46810.45
2021-11-08T02:30:00+00:00,2021-11-08T03:30:00+01:00,FR,139.41,49205
2021-11-08T02:30:00+00:00,2021-11-08T03:30:00+01:00,NL,148.19,10244.75
2021-11-08T02:45:00+00:00,2021-11-08T03:45:00+01:00,AT,95.3,
2021-11-08T02:45:00+00:00,2021-11-08T03:45:00+01:00,BE,166.72,
2021-11-08T02:45:00+00:00,2021-11-08T03:45:00+01:00,CH,168.87,
2021-11-08T02:45:00+00:00,2021-11-08T03:45:00+01:00,DE-LU,60,47109.86
2021-11-08T02:45:00+00:00,2021-11-08T03:45:00+01:00,FR,139.41,49205
2021-11-08T02:45:00+00:00,2021-11-08T03:45:00+01:00,NL,148.19,10276.43
2021-11-08T03:00:00+00:00,2021-11-08T04:00:00+01:00,AT,100.91,
2021-11-08T03:00:00+00:00,2021-11-08T04:00:00+01:00,BE,172.69,
2021-11-08T03:00:00+00:00,2021-11-08T04:00:00+01:00,CH,170.57,
2021-11-08T03:00:00+00:00,2021-11-08T04:00:00+01:00,DE-LU,60.92,47782.93
2021-11-08T03:00:00+00:00,2021-11-08T04:00:00+01:00,FR,139.36,49134
2021-11-08T03:00:00+00:00,2021-11-08T04:00:00+01:00,NL,154.1,10371.87
2021-11-08T03:15:00+00:00,2021-11-08T04:15:00+01:00,AT,100.91,
2021-11-08T03:15:00+00:00,2021-11-08T04:15:00+01:00,BE,172.69,
2021-11-08T03:15:00+00:00,2021-11-08T04:15:00+01:00,CH,170.57,
2021-11-08T03:15:00+00:00,2021-11-08T04:15:00+01:00,DE-LU,60.92,47987.15
2021-11-08T03:15:00+00:00,2021-11-08T04:15:00+01:00,FR,139.36,49134
2021-11-08T03:15:00+00:00,2021-11-08T04:15:00+01:00,NL,154.1,10400.17
2021-11-08T03:30:00+00:00,2021-11-08T04:30:00+01:00,AT,100.91,
2021-11-08T03:30:00+00:00,2021-11-08T04:30:00+01:00,BE,172.69,
2021-11-08T03:30:00+00:00,2021-11-08T04:30:00+01:00,CH,170.57,
2021-11-08T03:30:00+00:00,2021-11-08T04:30:00+01:00,DE-LU,60.92,49038.42
2021-11-08T03:30:00+00:00,2021-11-08T04:30:00+01:00,FR,139.36,49134
2021-11-08T03:30:00+00:00,2021-11-08T04:30:00+01:00,NL,154.1,10476.01
2021-11-08T03:45:00+00:00,2021-11-08T04:45:00+01:00,AT,100.91,
2021-11-08T03:45:00+00:00,2021-11-08T04:45:00+01:00,BE,172.69,
2021-11-08T03:45:00+00:00,2021-11-08T04:45:00+01:00,CH,170.57,
2021-11-08T03:45:00+00:00,2021-11-08T04:45:00+01:00,DE-LU,60.92,49745.12
2021-11-08T03:45:00+00:00,2021-11-08T04:45:00+01:00,FR,139.36,49134
2021-11-08T03:45:00+00:00,2021-11-08T04:45:00+01:00,NL,154.1,10499.51
2021-11-08T04:00:00+00:00,2021-11-08T05:00:00+01:00,AT,163.52,
2021-11-08T04:00:00+00:00,2021-11-08T05:00:00+01:00,BE,164.77,
2021-11-08T04:00:00+00:00,2021-11-08T05:00:00+01:00,CH,176.06,
2021-11-08T04:00:00+00:00,2021-11-08T05:00:00+01:00,DE-LU,74.97,50710.38
2021-11-08T04:00:00+00:00,2021-11-08T05:00:00+01:00,FR,152.55,52323
2021-11-08T04:00:00+00:00,2021-11-08T05:00:00+01:00,NL,134,10654.78
2021-11-08T04:15:00+00:00,2021-11-08T05:15:00+01:00,AT,163.52,
2021-11-08T04:15:00+00:00,2021-11-08T05:15:00+01:00,BE,164.77,
2021-11-08T04:15:00+00:00,2021-11-08T05:15:00+01:00,CH,176.06,
2021-11-08T04:15:00+00:00,2021-11-08T05:15:00+01:00,DE-LU,74.97,51561.35
2021-11-08T04:15:00+00:00,2021-11-08T05:15:00+01:00,FR,152.55,52323
2021-11-08T04:15:00+00:00,2021-11-08T05:15:00+01:00,NL,134,10913.55
2021-11-08T04:30:00+00:00,2021-11-08T05:30:00+01:00,AT,163.52,
2021-11-08T04:30:00+00:00,2021-11-08T05:30:00+01:00,BE,164.77,
2021-11-08T04:30:00+00:00,2021-11-08T05:30:00+01:00,CH,176.06,
2021-11-08T04:30:00+00:00,2021-11-08T05:30:00+01:00,DE-LU,74.97,53205.04
2021-11-08T04:30:00+00:00,2021-11-08T05:30:00+01:00,FR,152.55,52323
2021-11-08T04:30:00+00:00,2021-11-08T05:30:00+01:00,NL,134,11014.64
2021-11-08T04:45:00+00:00,2021-11-08T05:45:00+01:00,AT,163.52,
2021-11-08T04:45:00+00:00,2021-11-08T05:45:00+01:00,BE,164.77,
2021-11-08T04:45:00+00:00,2021-11-08T05:45:00+01:00,CH,176.06,
2021-11-08T04:45:00+00:00,2021-11-08T05:45:00+01:00,DE-LU,74.97,55298.06
2021-11-08T04:45:00+00:00,2021-11-08T05:45:00+01:00,FR,152.55,52323
2021-11-08T04:45:00+00:00,2021-11-08T05:45:00+01:00,NL,134,11224.14
2021-11-08T05:00:00+00:00,2021-11-08T06:00:00+01:00,AT,200.96,
2021-11-08T05:00:00+00:00,2021-11-08T06:00:00+01:00,BE,201.02,
2021-11-08T05:00:00+00:00,2021-11-08T06:00:00+01:00,CH,199.38,
2021-11-08T05:00:00+00:00,2021-11-08T06:00:00+01:00,DE-LU,173.9,58993.82
2021-11-08T05:00:00+00:00,2021-11-08T06:00:00+01:00,FR,207.17,58515
2021-11-08T05:00:00+00:00,2021-11-08T06:00:00+01:00,NL,178.99,11555.83
2021-11-08T05:15:00+00:00,2021-11-08T06:15:00+01:00,AT,200.96,
2021-11-08T05:15:00+00:00,2021-11-08T06:15:00+01:00,BE,201.02,
2021-11-08T05:15:00+00:00,2021-11-08T06:15:00+01:00,CH,199.38,
2021-11-08T05:15:00+00:00,2021-11-08T06:15:00+01:00,DE-LU,173.9,61491.65
2021-11-08T05:15:00+00:00,2021-11-08T06:15:00+01:00,FR,207.17,58515
2021-11-08T05:15:00+00:00,2021-11-08T06:15:00+01:00,NL,178.99,11943.07
2021-11-08T05:30:00+00:00,2021-11-08T06:30:00+01:00,AT,200.96,
2021-11-08T05:30:00+00:00,2021-11-08T06:30:00+01:00,BE,201.02,
2021-11-08T05:30:00+00:00,2021-11-08T06:30:00+01:00,CH,199.38,
2021-11-08T05:30:00+00:00,2021-11-08T06:30:00+01:00,DE-LU,173.9,63642.78
2021-11-08T05:30:00+00:00,2021-11-08T06:30:00+01:00,FR,207.17,58515
2021-11-08T05:30:00+00:00,2021-11-08T06:30:00+01:00,NL,178.99,12294.54
2021-11-08T05:45:00+00:00,2021-11-08T06:45:00+01:00,AT,200.96,
2021-11-08T05:45:00+00:00,2021-11-08T06:45:00+01:00,BE,201.02,
2021-11-08T05:45:00+00:00,2021-11-08T06:45:00+01:00,CH,199.38,
2021-11-08T05:45:00+00:00,2021-11-08T06:45:00+01:00,DE-LU,173.9,65326.29
2021-11-08T05:45:00+00:00,2021-11-08T06:45:00+01:00,FR,207.17,58515
2021-11-08T05:45:00+00:00,2021-11-08T06:45:00+01:00,NL,178.99,12545.63
2021-11-08T06:00:00+00:00,2021-11-08T07:00:00+01:00,AT,226.81,
2021-11-08T06:00:00+00:00,2021-11-08T07:00:00+01:00,BE,228.76,
2021-11-08T06:00:00+00:00,2021-11-08T07:00:00+01:00,CH,212.03,
2021-11-08T06:00:00+00:00,2021-11-08T07:00:00+01:00,DE-LU,221.15,67221.08
2021-11-08T06:00:00+00:00,2021-11-08T07:00:00+01:00,FR,229.02,64102
2021-11-08T06:00:00+00:00,2021-11-08T07:00:00+01:00,NL,224,13101.52
2021-11-08T06:15:00+00:00,2021-11-08T07:15:00+01:00,AT,226.81,
2021-11-08T06:15:00+00:00,2021-11-08T07:15:00+01:00,BE,228.76,
2021-11-08T06:15:00+00:00,2021-11-08T07:15:00+01:00,CH,212.03,
2021-11-08T06:15:00+00:00,2021-11-08T07:15:00+01:00,DE-LU,221.15,67743.18
2021-11-08T06:15:00+00:00,2021-11-08T07:15:00+01:00,FR,229.02,64102
2021-11-08T06:15:00+00:00,2021-11-08T07:15:00+01:00,NL,224,13654.4
2021-11-08T06:30:00+00:00,2021-11-08T07:30:00+01:00,AT,226.81,
2021-11-08T06:30:00+00:00,2021-11-08T07:30:00+01:00,BE,228.76,
2021-11-08T06:30:00+00:00,2021-11-08T07:30:00+01:00,CH,212.03,
2021-11-08T06:30:00+00:00,2021-11-08T07:30:00+01:00,DE-LU,221.15,68282.93
2021-11-08T06:30:00+00:00,2021-11-08T07:30:00+01:00,FR,229.02,64102
2021-11-08T06:30:00+00:00,2021-11-08T07:30:00+01:00,NL,224,14017.89
2021-11-08T06:45:00+00:00,2021-11-08T07:45:00+01:00,AT,226.81,
2021-11-08T06:45:00+00:00,2021-11-08T07:45:00+01:00,BE,228.76,
2021-11-08T06:45:00+00:00,2021-11-08T07:45:00+01:00,CH,212.03,
2021-11-08T06:45:00+00:00,2021-11-08T07:45:00+01:00,DE-LU,221.15,69003.7
2021-11-08T06:45:00+00:00,2021-11-08T07:45:00+01:00,FR,229.02,64102
2021-11-08T06:45:00+00:00,2021-11-08T07:45:00+01:00,NL,224,14262.49
2021-11-08T07:00:00+00:00,2021-11-08T08:00:00+01:00,AT,237.99,
2021-11-08T07:00:00+00:00,2021-11-08T08:00:00+01:00,BE,246.89,
2021-11-08T07:00:00+00:00,2021-11-08T08:00:00+01:00,CH,222.15,
2021-11-08T07:00:00+00:00,2021-11-08T08:00:00+01:00,DE-LU,214.08,69845.52
2021-11-08T07:00:00+00:00,2021-11-08T08:00:00+01:00,FR,248.05,65947
2021-11-08T07:00:00+00:00,2021-11-08T08:00:00+01:00,NL,225.02,14492.39
2021-11-08T07:15:00+00:00,2021-11-08T08:15:00+01:00,AT,237.99,
2021-11-08T07:15:00+00:00,2021-11-08T08:15:00+01:00,BE,246.89,
2021-11-08T07:15:00+00:00,2021-11-08T08:15:00+01:00,CH,222.15,
2021-11-08T07:15:00+00:00,2021-11-08T08:15:00+01:00,DE-LU,214.08,70258.25
2021-11-08T07:15:00+00:00,2021-11-08T08:15:00+01:00,FR,248.05,65947
2021-11-08T07:15:00+00:00,2021-11-08T08:15:00+01:00,NL,225.02,14656.85
2021-11-08T07:30:00+00:00,2021-11-08T08:30:00+01:00,AT,237.99,
2021-11-08T07:30:00+00:00,2021-11-08T08:30:00+01:00,BE,246.89,
2021-11-08T07:30:00+00:00,2021-11-08T08:30:00+01:00,CH,222.15,
2021-11-08T07:30:00+00:00,2021-11-08T08:30:00+01:00,DE-LU,214.08,70371.84
2021-11-08T07:30:00+00:00,2021-11-08T08:30:00+01:00,FR,248.05,65947
2021-11-08T07:30:00+00:00,2021-11-08T08:30:00+01:00,NL,225.02,14759.44
2021-11-08T07:45:00+00:00,2021-11-08T08:45:00+01:00,AT,237.99,
2021-11-08T07:45:00+00:00,2021-11-08T08:45:00+01:00,BE,246.89,
2021-11-08T07:45:00+00:00,2021-11-08T08:45:00+01:00,CH,222.15,
2021-11-08T07:45:00+00:00,2021-11-08T08:45:00+01:00,DE-LU,214.08,70783.91
2021-11-08T07:45:00+00:00,2021-11-08T08:45:00+01:00,FR,248.05,65947
2021-11-08T07:45:00+00:00,2021-11-08T08:45:00+01:00,NL,225.02,14849.31
2021-11-08T08:00:00+00:00,2021-11-08T09:00:00+01:00,AT,229.95,
2021-11-08T08:00:00+00:00,2021-11-08T09:00:00+01:00,BE,241.11,
2021-11-08T08:00:00+00:00,2021-11-08T09:00:00+01:00,CH,219.13,
2021-11-08T08:00:00+00:00,2021-11-08T09:00:00+01:00,DE-LU,199.95,71485.99
2021-11-08T08:00:00+00:00,2021-11-08T09:00:00+01:00,FR,242.55,66181
2021-11-08T08:00:00+00:00,2021-11-08T09:00:00+01:00,NL,213.68,14865.19
2021-11-08T08:15:00+00:00,2021-11-08T09:15:00+01:00,AT,229.95,
2021-11-08T08:15:00+00:00,2021-11-08T09:15:00+01:00,BE,241.11,
2021-11-08T08:15:00+00:00,2021-11-08T09:15:00+01:00,CH,219.13,
2021-11-08T08:15:00+00:00,2021-11-08T09:15:00+01:00,DE-LU,199.95,71714.11
2021-11-08T08:15:00+00:00,2021-11-08T09:15:00+01:00,FR,242.55,66181
2021-11-08T08:15:00+00:00,2021-11-08T09:15:00+01:00,NL,213.68,14879.75
2021-11-08T08:30:00+00:00,2021-11-08T09:30:00+01:00,AT,229.95,
2021-11-08T08:30:00+00:00,2021-11-08T09:30:00+01:00,BE,241.11,
2021-11-08T08:30:00+00:00,2021-11-08T09:30:00+01:00,CH,219.13,
2021-11-08T08:30:00+00:00,2021-11-08T09:30:00+01:00,DE-LU,199.95,71549.11
2021-11-08T08:30:00+00:00,2021-11-08T09:30:00+01:00,FR,242.55,66181
2021-11-08T08:30:00+00:00,2021-11-08T09:30:00+01:00,NL,213.68,14823.32
2021-11-08T08:45:00+00:00,2021-11-08T09:45:00+01:00,AT,229.95,
2021-11-08T08:45:00+00:00,2021-11-08T09:45:00+01:00,BE,241.11,
2021-11-08T08:45:00+00:00,2021-11-08T09:45:00+01:00,CH,219.13,
2021-11-08T08:45:00+00:00,2021-11-08T09:45:00+01:00,DE-LU,199.95,71944.7
2021-11-08T08:45:00+00:00,2021-11-08T09:45:00+01:00,FR,242.55,66181
2021-11-08T08:45:00+00:00,2021-11-08T09:45:00+01:00,NL,213.68,14703.73
2021-11-08T09:00:00+00:00,2021-11-08T10:00:00+01:00,AT,217.99,
2021-11-08T09:00:00+00:00,2021-11-08T10:00:00+01:00,BE,221.28,
2021-11-08T09:00:00+00:00,2021-11-08T10:00:00+01:00,CH,214.16,
2021-11-08T09:00:00+00:00,2021-11-08T10:00:00+01:00,DE-LU,190.17,71900.25
2021-11-08T09:00:00+00:00,2021-11-08T10:00:00+01:00,FR,225.69,65153
2021-11-08T09:00:00+00:00,2021-11-08T10:00:00+01:00,NL,197.13,14551.57
2021-11-08T09:15:00+00:00,2021-11-08T10:15:00+01:00,AT,217.99,
2021-11-08T09:15:00+00:00,2021-11-08T10:15:00+01:00,BE,221.28,
2021-11-08T09:15:00+00:00,2021-11-08T10:15:00+01:00,CH,214.16,
2021-11-08T09:15:00+00:00,2021-11-08T10:15:00+01:00,DE-LU,190.17,71750.28
2021-11-08T09:15:00+00:00,2021-11-08T10:15:00+01:00,FR,225.69,65153
2021-11-08T09:15:00+00:00,2021-11-08T10:15:00+01:00,NL,197.13,14247.23
2021-11-08T09:30:00+00:00,2021-11-08T10:30:00+01:00,AT,217.99,
2021-11-08T09:30:00+00:00,2021-11-08T10:30:00+01:00,BE,221.28,
2021-11-08T09:30:00+00:00,2021-11-08T10:30:00+01:00,CH,214.16,
2021-11-08T09:30:00+00:00,2021-11-08T10:30:00+01:00,DE-LU,190.17,71988.74
2021-11-08T09:30:00+00:00,2021-11-08T10:30:00+01:00,FR,225.69,65153
2021-11-08T09:30:00+00:00,2021-11-08T10:30:00+01:00,NL,197.13,14094.11
2021-11-08T09:45:00+00:00,2021-11-08T10:45:00+01:00,AT,217.99,
2021-11-08T09:45:00+00:00,2021-11-08T10:45:00+01:00,BE,221.28,
2021-11-08T09:45:00+00:00,2021-11-08T10:45:00+01:00,CH,214.16,
2021-11-08T09:45:00+00:00,2021-11-08T10:45:00+01:00,DE-LU,190.17,71934.76
2021-11-08T09:45:00+00:00,2021-11-08T10:45:00+01:00,FR,225.69,65153
2021-11-08T09:45:00+00:00,2021-11-08T10:45:00+01:00,NL,197.13,13967.68
2021-11-08T10:00:00+00:00,2021-11-08T11:00:00+01:00,AT,219.9,
2021-11-08T10:00:00+00:00,2021-11-08T11:00:00+01:00,BE,214.04,
2021-11-08T10:00:00+00:00,2021-11-08T11:00:00+01:00,CH,212.01,
2021-11-08T10:00:00+00:00,2021-11-08T11:00:00+01:00,DE-LU,188.59,72251.46
2021-11-08T10:00:00+00:00,2021-11-08T11:00:00+01:00,FR,223.13,64266
2021-11-08T10:00:00+00:00,2021-11-08T11:00:00+01:00,NL,188.59,13907.21
2021-11-08T10:15:00+00:00,2021-11-08T11:15:00+01:00,AT,219.9,
2021-11-08T10:15:00+00:00,2021-11-08T11:15:00+01:00,BE,214.04,
2021-11-08T10:15:00+00:00,2021-11-08T11:15:00+01:00,CH,212.01,
2021-11-08T10:15:00+00:00,2021-11-08T11:15:00+01:00,DE-LU,188.59,72026.54
2021-11-08T10:15:00+00:00,2021-11-08T11:15:00+01:00,FR,223.13,64266
2021-11-08T10:15:00+00:00,2021-11-08T11:15:00+01:00,NL,188.59,13782.95
2021-11-08T10:30:00+00:00,2021-11-08T11:30:00+01:00,AT,219.9,
2021-11-08T10:30:00+00:00,2021-11-08T11:30:00+01:00,BE,214.04,
2021-11-08T10:30:00+00:00,2021-11-08T11:30:00+01:00,CH,212.01,
2021-11-08T10:30:00+00:00,2021-11-08T11:30:00+01:00,DE-LU,188.59,72018.67
2021-11-08T10:30:00+00:00,2021-11-08T11:30:00+01:00,FR,223.13,64266
2021-11-08T10:30:00+00:00,2021-11-08T11:30:00+01:00,NL,188.59,13633.08
2021-11-08T10:45:00+00:00,2021-11-08T11:45:00+01:00,AT,219.9,
2021-11-08T10:45:00+00:00,2021-11-08T11:45:00+01:00,BE,214.04,
2021-11-08T10:45:00+00:00,2021-11-08T11:45:00+01:00,CH,212.01,
2021-11-08T10:45:00+00:00,2021-11-08T11:45:00+01:00,DE-LU,188.59,72108.49
2021-11-08T10:45:00+00:00,2021-11-08T11:45:00+01:00,FR,223.13,64266
2021-11-08T10:45:00+00:00,2021-11-08T11:45:00+01:00,NL,188.59,13484.43
2021-11-08T11:00:00+00:00,2021-11-08T12:00:00+01:00,AT,216.5,
2021-11-08T11:00:00+00:00,2021-11-08T12:00:00+01:00,BE,205.9,
2021-11-08T11:00:00+00:00,2021-11-08T12:00:00+01:00,CH,210.06,
2021-11-08T11:00:00+00:00,2021-11-08T12:00:00+01:00,DE-LU,202.33,71464.43
2021-11-08T11:00:00+00:00,2021-11-08T12:00:00+01:00,FR,213.43,64356
2021-11-08T11:00:00+00:00,2021-11-08T12:00:00+01:00,NL,195.87,13394.12
2021-11-08T11:15:00+00:00,2021-11-08T12:15:00+01:00,AT,216.5,
2021-11-08T11:15:00+00:00,2021-11-08T12:15:00+01:00,BE,205.9,
2021-11-08T11:15:00+00:00,2021-11-08T12:15:00+01:00,CH,210.06,
2021-11-08T11:15:00+00:00,2021-11-08T12:15:00+01:00,DE-LU,202.33,71204.16
2021-11-08T11:15:00+00:00,2021-11-08T12:15:00+01:00,FR,213.43,64356
2021-11-08T11:15:00+00:00,2021-11-08T12:15:00+01:00,NL,195.87,13294.05
2021-11-08T11:30:00+00:00,2021-11-08T12:30:00+01:00,AT,216.5,
2021-11-08T11:30:00+00:00,2021-11-08T12:30:00+01:00,BE,205.9,
2021-11-08T11:30:00+00:00,2021-11-08T12:30:00+01:00,CH,210.06,
2021-11-08T11:30:00+00:00,2021-11-08T12:30:00+01:00,DE-LU,202.33,71242.18
2021-11-08T11:30:00+00:00,2021-11-08T12:30:00+01:00,FR,213.43,64356
2021-11-08T11:30:00+00:00,2021-11-08T12:30:00+01:00,NL,195.87,13263.91
2021-11-08T11:45:00+00:00,2021-11-08T12:45:00+01:00,AT,216.5,
2021-11-08T11:45:00+00:00,2021-11-08T12:45:00+01:00,BE,205.9,
2021-11-08T11:45:00+00:00,2021-11-08T12:45:00+01:00,CH,210.06,
2021-11-08T11:45:00+00:00,2021-11-08T12:45:00+01:00,DE-LU,202.33,71477.65
2021-11-08T11:45:00+00:00,2021-11-08T12:45:00+01:00,FR,213.43,64356
2021-11-08T11:45:00+00:00,2021-11-08T12:45:00+01:00,NL,195.87,13338.85
2021-11-08T12:00:00+00:00,2021-11-08T13:00:00+01:00,AT,214.58,
2021-11-08T12:00:00+00:00,2021-11-08T13:00:00+01:00,BE,214.58,
2021-11-08T12:00:00+00:00,2021-11-08T13:00:00+01:00,CH,205.07,
2021-11-08T12:00:00+00:00,2021-11-08T13:00:00+01:00,DE-LU,214.58,71731.23
2021-11-08T12:00:00+00:00,2021-11-08T13:00:00+01:00,FR,214.58,62883
2021-11-08T12:00:00+00:00,2021-11-08T13:00:00+01:00,NL,214.58,13477.7
2021-11-08T12:15:00+00:00,2021-11-08T13:15:00+01:00,AT,214.58,
2021-11-08T12:15:00+00:00,2021-11-08T13:15:00+01:00,BE,214.58,
2021-11-08T12:15:00+00:00,2021-11-08T13:15:00+01:00,CH,205.07,
2021-11-08T12:15:00+00:00,2021-11-08T13:15:00+01:00,DE-LU,214.58,71651.26
2021-11-08T12:15:00+00:00,2021-11-08T13:15:00+01:00,FR,214.58,62883
2021-11-08T12:15:00+00:00,2021-11-08T13:15:00+01:00,NL,214.58,13657.98
2021-11-08T12:30:00+00:00,2021-11-08T13:30:00+01:00,AT,214.58,
2021-11-08T12:30:00+00:00,2021-11-08T13:30:00+01:00,BE,214.58,
2021-11-08T12:30:00+00:00,2021-11-08T13:30:00+01:00,CH,205.07,
2021-11-08T12:30:00+00:00,2021-11-08T13:30:00+01:00,DE-LU,214.58,71142.67
2021-11-08T12:30:00+00:00,2021-11-08T13:30:00+01:00,FR,214.58,62883
2021-11-08T12:30:00+00:00,2021-11-08T13:30:00+01:00,NL,214.58,13708.89
2021-11-08T12:45:00+00:00,2021-11-08T13:45:00+01:00,AT,214.58,
2021-11-08T12:45:00+00:00,2021-11-08T13:45:00+01:00,BE,214.58,
2021-11-08T12:45:00+00:00,2021-11-08T13:45:00+01:00,CH,205.07,
2021-11-08T12:45:00+00:00,2021-11-08T13:45:00+01:00,DE-LU,214.58,70438.49
2021-11-08T12:45:00+00:00,2021-11-08T13:45:00+01:00,FR,214.58,62883
2021-11-08T12:45:00+00:00,2021-11-08T13:45:00+01:00,NL,214.58,13718.16
2021-11-08T13:00:00+00:00,2021-11-08T14:00:00+01:00,AT,212.96,
2021-11-08T13:00:00+00:00,2021-11-08T14:00:00+01:00,BE,212.96,
2021-11-08T13:00:00+00:00,2021-11-08T14:00:00+01:00,CH,209.73,
2021-11-08T13:00:00+00:00,2021-11-08T14:00:00+01:00,DE-LU,212.96,70038.17
2021-11-08T13:00:00+00:00,2021-11-08T14:00:00+01:00,FR,212.96,60971
2021-11-08T13:00:00+00:00,2021-11-08T14:00:00+01:00,NL,212.96,13794.92
2021-11-08T13:15:00+00:00,2021-11-08T14:15:00+01:00,AT,212.96,
2021-11-08T13:15:00+00:00,2021-11-08T14:15:00+01:00,BE,212.96,
2021-11-08T13:15:00+00:00,2021-11-08T14:15:00+01:00,CH,209.73,
2021-11-08T13:15:00+00:00,2021-11-08T14:15:00+01:00,DE-LU,212.96,70092.47
2021-11-08T13:15:00+00:00,2021-11-08T14:15:00+01:00,FR,212.96,60971
2021-11-08T13:15:00+00:00,2021-11-08T14:15:00+01:00,NL,212.96,13998.01
2021-11-08T13:30:00+00:00,2021-11-08T14:30:00+01:00,AT,212.96,
2021-11-08T13:30:00+00:00,2021-11-08T14:30:00+01:00,BE,212.96,
2021-11-08T13:30:00+00:00,2021-11-08T14:30:00+01:00,CH,209.73,
2021-11-08T13:30:00+00:00,2021-11-08T14:30:00+01:00,DE-LU,212.96,69855.93
2021-11-08T13:30:00+00:00,2021-11-08T14:30:00+01:00,FR,212.96,60971
2021-11-08T13:30:00+00:00,2021-11-08T14:30:00+01:00,NL,212.96,14088.59
2021-11-08T13:45:00+00:00,2021-11-08T14:45:00+01:00,AT,212.96,
2021-11-08T13:45:00+00:00,2021-11-08T14:45:00+01:00,BE,212.96,
2021-11-08T13:45:00+00:00,2021-11-08T14:45:00+01:00,CH,209.73,
2021-11-08T13:45:00+00:00,2021-11-08T14:45:00+01:00,DE-LU,212.96,69743.85
2021-11-08T13:45:00+00:00,2021-11-08T14:45:00+01:00,FR,212.96,60971
2021-11-08T13:45:00+00:00,2021-11-08T14:45:00+01:00,NL,212.96,14200.96
2021-11-08T14:00:00+00:00,2021-11-08T15:00:00+01:00,AT,220.09,
2021-11-08T14:00:00+00:00,2021-11-08T15:00:00+01:00,BE,220.09,
2021-11-08T14:00:00+00:00,2021-11-08T15:00:00+01:00,CH,216.73,
2021-11-08T14:00:00+00:00,2021-11-08T15:00:00+01:00,DE-LU,220.09,69673.56
2021-11-08T14:00:00+00:00,2021-11-08T15:00:00+01:00,FR,220.09,59709
2021-11-08T14:00:00+00:00,2021-11-08T15:00:00+01:00,NL,220.09,14373.69
2021-11-08T14:15:00+00:00,2021-11-08T15:15:00+01:00,AT,220.09,
2021-11-08T14:15:00+00:00,2021-11-08T15:15:00+01:00,BE,220.09,
2021-11-08T14:15:00+00:00,2021-11-08T15:15:00+01:00,CH,216.73,
2021-11-08T14:15:00+00:00,2021-11-08T15:15:00+01:00,DE-LU,220.09,69309.88
2021-11-08T14:15:00+00:00,2021-11-08T15:15:00+01:00,FR,220.09,59709
2021-11-08T14:15:00+00:00,2021-11-08T15:15:00+01:00,NL,220.09,14589.39
2021-11-08T14:30:00+00:00,2021-11-08T15:30:00+01:00,AT,220.09,
2021-11-08T14:30:00+00:00,2021-11-08T15:30:00+01:00,BE,220.09,
2021-11-08T14:30:00+00:00,2021-11-08T15:30:00+01:00,CH,216.73,
2021-11-08T14:30:00+00:00,2021-11-08T15:30:00+01:00,DE-LU,220.09,68932.73
2021-11-08T14:30:00+00:00,2021-11-08T15:30:00+01:00,FR,220.09,59709
2021-11-08T14:30:00+00:00,2021-11-08T15:30:00+01:00,NL,220.09,14795.23
2021-11-08T14:45:00+00:00,2021-11-08T15:45:00+01:00,AT,220.09,
2021-11-08T14:45:00+00:00,2021-11-08T15:45:00+01:00,BE,220.09,
2021-11-08T14:45:00+00:00,2021-11-08T15:45:00+01:00,CH,216.73,
2021-11-08T14:45:00+00:00,2021-11-08T15:45:00+01:00,DE-LU,220.09,68713.17
2021-11-08T14:45:00+00:00,2021-11-08T15:45:00+01:00,FR,220.09,59709
2021-11-08T14:45:00+00:00,2021-11-08T15:45:00+01:00,NL,220.09,14985.53
2021-11-08T15:00:00+00:00,2021-11-08T16:00:00+01:00,AT,229.6,
2021-11-08T15:00:00+00:00,2021-11-08T16:00:00+01:00,BE,229.6,
2021-11-08T15:00:00+00:00,2021-11-08T16:00:00+01:00,CH,227.34,
2021-11-08T15:00:00+00:00,2021-11-08T16:00:00+01:00,DE-LU,229.6,68795.88
2021-11-08T15:00:00+00:00,2021-11-08T16:00:00+01:00,FR,229.6,59559
2021-11-08T15:00:00+00:00,2021-11-08T16:00:00+01:00,NL,229.6,15098.82
2021-11-08T15:15:00+00:00,2021-11-08T16:15:00+01:00,AT,229.6,
2021-11-08T15:15:00+00:00,2021-11-08T16:15:00+01:00,BE,229.6,
2021-11-08T15:15:00+00:00,2021-11-08T16:15:00+01:00,CH,227.34,
2021-11-08T15:15:00+00:00,2021-11-08T16:15:00+01:00,DE-LU,229.6,68911.32
2021-11-08T15:15:00+00:00,2021-11-08T16:15:00+01:00,FR,229.6,59559
2021-11-08T15:15:00+00:00,2021-11-08T16:15:00+01:00,NL,229.6,15289.69
2021-11-08T15:30:00+00:00,2021-11-08T16:30:00+01:00,AT,229.6,
2021-11-08T15:30:00+00:00,2021-11-08T16:30:00+01:00,BE,229.6,
2021-11-08T15:30:00+00:00,2021-11-08T16:30:00+01:00,CH,227.34,
2021-11-08T15:30:00+00:00,2021-11-08T16:30:00+01:00,DE-LU,229.6,69325.89
2021-11-08T15:30:00+00:00,2021-11-08T16:30:00+01:00,FR,229.6,59559
2021-11-08T15:30:00+00:00,2021-11-08T16:30:00+01:00,NL,229.6,15519.11
2021-11-08T15:45:00+00:00,2021-11-08T16:45:00+01:00,AT,229.6,
2021-11-08T15:45:00+00:00,2021-11-08T16:45:00+01:00,BE,229.6,
2021-11-08T15:45:00+00:00,2021-11-08T16:45:00+01:00,CH,227.34,
2021-11-08T15:45:00+00:00,2021-11-08T16:45:00+01:00,DE-LU,229.6,70030.92
2021-11-08T15:45:00+00:00,2021-11-08T16:45:00+01:00,FR,229.6,59559
2021-11-08T15:45:00+00:00,2021-11-08T16:45:00+01:00,NL,229.6,15830.01
2021-11-08T16:00:00+00:00,2021-11-08T17:00:00+01:00,AT,290.36,
2021-11-08T16:00:00+00:00,2021-11-08T17:00:00+01:00,BE,290.36,
2021-11-08T16:00:00+00:00,2021-11-08T17:00:00+01:00,CH,271.59,
2021-11-08T16:00:00+00:00,2021-11-08T17:00:00+01:00,DE-LU,290.36,71300.64
2021-11-08T16:00:00+00:00,2021-11-08T17:00:00+01:00,FR,290.36,62293
2021-11-08T16:00:00+00:00,2021-11-08T17:00:00+01:00,NL,290.36,16047.29
2021-11-08T16:15:00+00:00,2021-11-08T17:15:00+01:00,AT,290.36,
2021-11-08T16:15:00+00:00,2021-11-08T17:15:00+01:00,BE,290.36,
2021-11-08T16:15:00+00:00,2021-11-08T17:15:00+01:00,CH,271.59,
2021-11-08T16:15:00+00:00,2021-11-08T17:15:00+01:00,DE-LU,290.36,71987.46
2021-11-08T16:15:00+00:00,2021-11-08T17:15:00+01:00,FR,290.36,62293
2021-11-08T16:15:00+00:00,2021-11-08T17:15:00+01:00,NL,290.36,16434.75
2021-11-08T16:30:00+00:00,2021-11-08T17:30:00+01:00,AT,290.36,
2021-11-08T16:30:00+00:00,2021-11-08T17:30:00+01:00,BE,290.36,
2021-11-08T16:30:00+00:00,2021-11-08T17:30:00+01:00,CH,271.59,
2021-11-08T16:30:00+00:00,2021-11-08T17:30:00+01:00,DE-LU,290.36,72449.35
2021-11-08T16:30:00+00:00,2021-11-08T17:30:00+01:00,FR,290.36,62293
2021-11-08T16:30:00+00:00,2021-11-08T17:30:00+01:00,NL,290.36,16553.23
2021-11-08T16:45:00+00:00,2021-11-08T17:45:00+01:00,AT,290.36,
2021-11-08T16:45:00+00:00,2021-11-08T17:45:00+01:00,BE,290.36,
2021-11-08T16:45:00+00:00,2021-11-08T17:45:00+01:00,CH,271.59,
2021-11-08T16:45:00+00:00,2021-11-08T17:45:00+01:00,DE-LU,290.36,72700.89
2021-11-08T16:45:00+00:00,2021-11-08T17:45:00+01:00,FR,290.36,62293
2021-11-08T16:45:00+00:00,2021-11-08T17:45:00+01:00,NL,290.36,16566.22
2021-11-08T17:00:00+00:00,2021-11-08T18:00:00+01:00,AT,299.9,
2021-11-08T17:00:00+00:00,2021-11-08T18:00:00+01:00,BE,299.9,
2021-11-08T17:00:00+00:00,2021-11-08T18:00:00+01:00,CH,274.91,
2021-11-08T17:00:00+00:00,2021-11-08T18:00:00+01:00,DE-LU,299.9,72245.28
2021-11-08T17:00:00+00:00,2021-11-08T18:00:00+01:00,FR,299.9,67252
2021-11-08T17:00:00+00:00,2021-11-08T18:00:00+01:00,NL,299.9,16231.36
2021-11-08T17:15:00+00:00,2021-11-08T18:15:00+01:00,AT,299.9,
2021-11-08T17:15:00+00:00,2021-11-08T18:15:00+01:00,BE,299.9,
2021-11-08T17:15:00+00:00,2021-11-08T18:15:00+01:00,CH,274.91,
2021-11-08T17:15:00+00:00,2021-11-08T18:15:00+01:00,DE-LU,299.9,71952.28
2021-11-08T17:15:00+00:00,2021-11-08T18:15:00+01:00,FR,299.9,67252
2021-11-08T17:15:00+00:00,2021-11-08T18:15:00+01:00,NL,299.9,15963
2021-11-08T17:30:00+00:00,2021-11-08T18:30:00+01:00,AT,299.9,
2021-11-08T17:30:00+00:00,2021-11-08T18:30:00+01:00,BE,299.9,
2021-11-08T17:30:00+00:00,2021-11-08T18:30:00+01:00,CH,274.91,
2021-11-08T17:30:00+00:00,2021-11-08T18:30:00+01:00,DE-LU,299.9,71850.38
2021-11-08T17:30:00+00:00,2021-11-08T18:30:00+01:00,FR,299.9,67252
2021-11-08T17:30:00+00:00,2021-11-08T18:30:00+01:00,NL,299.9,15814.33
2021-11-08T17:45:00+00:00,2021-11-08T18:45:00+01:00,AT,299.9,
2021-11-08T17:45:00+00:00,2021-11-08T18:45:00+01:00,BE,299.9,
2021-11-08T17:45:00+00:00,2021-11-08T18:45:00+01:00,CH,274.91,
2021-11-08T17:45:00+00:00,2021-11-08T18:45:00+01:00,DE-LU,299.9,71321.31
2021-11-08T17:45:00+00:00,2021-11-08T18:45:00+01:00,FR,299.9,67252
2021-11-08T17:45:00+00:00,2021-11-08T18:45:00+01:00,NL,299.9,15702.04
2021-11-08T18:00:00+00:00,2021-11-08T19:00:00+01:00,AT,270,
2021-11-08T18:00:00+00:00,2021-11-08T19:00:00+01:00,BE,270,
2021-11-08T18:00:00+00:00,2021-11-08T19:00:00+01:00,CH,245.6,
2021-11-08T18:00:00+00:00,2021-11-08T19:00:00+01:00,DE-LU,270,70490.91
2021-11-08T18:00:00+00:00,2021-11-08T19:00:00+01:00,FR,270,67889
2021-11-08T18:00:00+00:00,2021-11-08T19:00:00+01:00,NL,270,15540.3
2021-11-08T18:15:00+00:00,2021-11-08T19:15:00+01:00,AT,270,
2021-11-08T18:15:00+00:00,2021-11-08T19:15:00+01:00,BE,270,
2021-11-08T18:15:00+00:00,2021-11-08T19:15:00+01:00,CH,245.6,
2021-11-08T18:15:00+00:00,2021-11-08T19:15:00+01:00,DE-LU,270,69881.35
2021-11-08T18:15:00+00:00,2021-11-08T19:15:00+01:00,FR,270,67889
2021-11-08T18:15:00+00:00,2021-11-08T19:15:00+01:00,NL,270,15362.67
2021-11-08T18:30:00+00:00,2021-11-08T19:30:00+01:00,AT,270,
2021-11-08T18:30:00+00:00,2021-11-08T19:30:00+01:00,BE,270,
2021-11-08T18:30:00+00:00,2021-11-08T19:30:00+01:00,CH,245.6,
2021-11-08T18:30:00+00:00,2021-11-08T19:30:00+01:00,DE-LU,270,69295.29
2021-11-08T18:30:00+00:00,2021-11-08T19:30:00+01:00,FR,270,67889
2021-11-08T18:30:00+00:00,2021-11-08T19:30:00+01:00,NL,270,15201.63
2021-11-08T18:45:00+00:00,2021-11-08T19:45:00+01:00,AT,270,
2021-11-08T18:45:00+00:00,2021-11-08T19:45:00+01:00,BE,270,
2021-11-08T18:45:00+00:00,2021-11-08T19:45:00+01:00,CH,245.6,
2021-11-08T18:45:00+00:00,2021-11-08T19:45:00+01:00,DE-LU,270,68739.18
2021-11-08T18:45:00+00:00,2021-11-08T19:45:00+01:00,FR,270,67889
2021-11-08T18:45:00+00:00,2021-11-08T19:45:00+01:00,NL,270,15075.91
2021-11-08T19:00:00+00:00,2021-11-08T20:00:00+01:00,AT,222.2,
2021-11-08T19:00:00+00:00,2021-11-08T20:00:00+01:00,BE,222.2,
2021-11-08T19:00:00+00:00,2021-11-08T20:00:00+01:00,CH,223.29,
2021-11-08T19:00:00+00:00,2021-11-08T20:00:00+01:00,DE-LU,222.2,67686.66
2021-11-08T19:00:00+00:00,2021-11-08T20:00:00+01:00,FR,222.2,64011
2021-11-08T19:00:00+00:00,2021-11-08T20:00:00+01:00,NL,222.2,14832.15
2021-11-08T19:15:00+00:00,2021-11-08T20:15:00+01:00,AT,222.2,
2021-11-08T19:15:00+00:00,2021-11-08T20:15:00+01:00,BE,222.2,
2021-11-08T19:15:00+00:00,2021-11-08T20:15:00+01:00,CH,223.29,
2021-11-08T19:15:00+00:00,2021-11-08T20:15:00+01:00,DE-LU,222.2,66611
2021-11-08T19:15:00+00:00,2021-11-08T20:15:00+01:00,FR,222.2,64011
2021-11-08T19:15:00+00:00,2021-11-08T20:15:00+01:00,NL,222.2,14639.39
2021-11-08T19:30:00+00:00,2021-11-08T20:30:00+01:00,AT,222.2,
2021-11-08T19:30:00+00:00,2021-11-08T20:30:00+01:00,BE,222.2,
2021-11-08T19:30:00+00:00,2021-11-08T20:30:00+01:00,CH,223.29,
2021-11-08T19:30:00+00:00,2021-11-08T20:30:00+01:00,DE-LU,222.2,65510.75
2021-11-08T19:30:00+00:00,2021-11-08T20:30:00+01:00,FR,222.2,64011
2021-11-08T19:30:00+00:00,2021-11-08T20:30:00+01:00,NL,222.2,14436.99
2021-11-08T19:45:00+00:00,2021-11-08T20:45:00+01:00,AT,222.2,
2021-11-08T19:45:00+00:00,2021-11-08T20:45:00+01:00,BE,222.2,
2021-11-08T19:45:00+00:00,2021-11-08T20:45:00+01:00,CH,223.29,
2021-11-08T19:45:00+00:00,2021-11-08T20:45:00+01:00,DE-LU,222.2,64404.56
2021-11-08T19:45:00+00:00,2021-11-08T20:45:00+01:00,FR,222.2,64011
2021-11-08T19:45:00+00:00,2021-11-08T20:45:00+01:00,NL,222.2,14244.78
2021-11-08T20:00:00+00:00,2021-11-08T21:00:00+01:00,AT,205,
2021-11-08T20:00:00+00:00,2021-11-08T21:00:00+01:00,BE,205,
2021-11-08T20:00:00+00:00,2021-11-08T21:00:00+01:00,CH,204.1,
2021-11-08T20:00:00+00:00,2021-11-08T21:00:00+01:00,DE-LU,205,63836.55
2021-11-08T20:00:00+00:00,2021-11-08T21:00:00+01:00,FR,205,60343
2021-11-08T20:00:00+00:00,2021-11-08T21:00:00+01:00,NL,205,13985.34
2021-11-08T20:15:00+00:00,2021-11-08T21:15:00+01:00,AT,205,
2021-11-08T20:15:00+00:00,2021-11-08T21:15:00+01:00,BE,205,
2021-11-08T20:15:00+00:00,2021-11-08T21:15:00+01:00,CH,204.1,
2021-11-08T20:15:00+00:00,2021-11-08T21:15:00+01:00,DE-LU,205,62772.97
2021-11-08T20:15:00+00:00,2021-11-08T21:15:00+01:00,FR,205,60343
2021-11-08T20:15:00+00:00,2021-11-08T21:15:00+01:00,NL,205,13829.05
2021-11-08T20:30:00+00:00,2021-11-08T21:30:00+01:00,AT,205,
2021-11-08T20:30:00+00:00,2021-11-08T21:30:00+01:00,BE,205,
2021-11-08T20:30:00+00:00,2021-11-08T21:30:00+01:00,CH,204.1,
2021-11-08T20:30:00+00:00,2021-11-08T21:30:00+01:00,DE-LU,205,61768.61
2021-11-08T20:30:00+00:00,2021-11-08T21:30:00+01:00,FR,205,60343
2021-11-08T20:30:00+00:00,2021-11-08T21:30:00+01:00,NL,205,13608.5
2021-11-08T20:45:00+00:00,2021-11-08T21:45:00+01:00,AT,205,
2021-11-08T20:45:00+00:00,2021-11-08T21:45:00+01:00,BE,205,
2021-11-08T20:45:00+00:00,2021-11-08T21:45:00+01:00,CH,204.1,
2021-11-08T20:45:00+00:00,2021-11-08T21:45:00+01:00,DE-LU,205,60759.79
2021-11-08T20:45:00+00:00,2021-11-08T21:45:00+01:00,FR,205,60343
2021-11-08T20:45:00+00:00,2021-11-08T21:45:00+01:00,NL,205,13392.91
2021-11-08T21:00:00+00:00,2021-11-08T22:00:00+01:00,AT,175.56,
2021-11-08T21:00:00+00:00,2021-11-08T22:00:00+01:00,BE,154.1,
2021-11-08T21:00:00+00:00,2021-11-08T22:00:00+01:00,CH,193.42,
2021-11-08T21:00:00+00:00,2021-11-08T22:00:00+01:00,DE-LU,173,60291.21
2021-11-08T21:00:00+00:00,2021-11-08T22:00:00+01:00,FR,188.11,60043
2021-11-08T21:00:00+00:00,2021-11-08T22:00:00+01:00,NL,165.04,13149.82
2021-11-08T21:15:00+00:00,2021-11-08T22:15:00+01:00,AT,175.56,
2021-11-08T21:15:00+00:00,2021-11-08T22:15:00+01:00,BE,154.1,
2021-11-08T21:15:00+00:00,2021-11-08T22:15:00+01:00,CH,193.42,
2021-11-08T21:15:00+00:00,2021-11-08T22:15:00+01:00,DE-LU,173,59513.93
2021-11-08T21:15:00+00:00,2021-11-08T22:15:00+01:00,FR,188.11,60043
2021-11-08T21:15:00+00:00,2021-11-08T22:15:00+01:00,NL,165.04,12945.73
2021-11-08T21:30:00+00:00,2021-11-08T22:30:00+01:00,AT,175.56,
2021-11-08T21:30:00+00:00,2021-11-08T22:30:00+01:00,BE,154.1,
2021-11-08T21:30:00+00:00,2021-11-08T22:30:00+01:00,CH,193.42,
2021-11-08T21:30:00+00:00,2021-11-08T22:30:00+01:00,DE-LU,173,58133.32
2021-11-08T21:30:00+00:00,2021-11-08T22:30:00+01:00,FR,188.11,60043
2021-11-08T21:30:00+00:00,2021-11-08T22:30:00+01:00,NL,165.04,12736.19
2021-11-08T21:45:00+00:00,2021-11-08T22:45:00+01:00,AT,175.56,
2021-11-08T21:45:00+00:00,2021-11-08T22:45:00+01:00,BE,154.1,
2021-11-08T21:45:00+00:00,2021-11-08T22:45:00+01:00,CH,193.42,
2021-11-08T21:45:00+00:00,2021-11-08T22:45:00+01:00,DE-LU,173,57180.38
2021-11-08T21:45:00+00:00,2021-11-08T22:45:00+01:00,FR,188.11,60043
2021-11-08T21:45:00+00:00,2021-11-08T22:45:00+01:00,NL,165.04,12519.65
2021-11-08T22:00:00+00:00,2021-11-08T23:00:00+01:00,AT,161.31,
2021-11-08T22:00:00+00:00,2021-11-08T23:00:00+01:00,BE,132.64,
2021-11-08T22:00:00+00:00,2021-11-08T23:00:00+01:00,CH,178.16,
2021-11-08T22:00:00+00:00,2021-11-08T23:00:00+01:00,DE-LU,157.89,56264.36
2021-11-08T22:00:00+00:00,2021-11-08T23:00:00+01:00,FR,178.15,60427
2021-11-08T22:00:00+00:00,2021-11-08T23:00:00+01:00,NL,146.9,12381.54
2021-11-08T22:15:00+00:00,2021-11-08T23:15:00+01:00,AT,161.31,
2021-11-08T22:15:00+00:00,2021-11-08T23:15:00+01:00,BE,132.64,
2021-11-08T22:15:00+00:00,2021-11-08T23:15:00+01:00,CH,178.16,
2021-11-08T22:15:00+00:00,2021-11-08T23:15:00+01:00,DE-LU,157.89,55238.57
2021-11-08T22:15:00+00:00,2021-11-08T23:15:00+01:00,FR,178.15,60427
2021-11-08T22:15:00+00:00,2021-11-08T23:15:00+01:00,NL,146.9,12183.75
2021-11-08T22:30:00+00:00,2021-11-08T23:30:00+01:00,AT,161.31,
2021-11-08T22:30:00+00:00,2021-11-08T23:30:00+01:00,BE,132.64,
2021-11-08T22:30:00+00:00,2021-11-08T23:30:00+01:00,CH,178.16,
2021-11-08T22:30:00+00:00,2021-11-08T23:30:00+01:00,DE-LU,157.89,54232.68
2021-11-08T22:30:00+00:00,2021-11-08T23:30:00+01:00,FR,178.15,60427
2021-11-08T22:30:00+00:00,2021-11-08T23:30:00+01:00,NL,146.9,12018.26
2021-11-08T22:45:00+00:00,2021-11-08T23:45:00+01:00,AT,161.31,
2021-11-08T22:45:00+00:00,2021-11-08T23:45:00+01:00,BE,132.64,
2021-11-08T22:45:00+00:00,2021-11-08T23:45:00+01:00,CH,178.16,
2021-11-08T22:45:00+00:00,2021-11-08T23:45:00+01:00,DE-LU,157.89,53394.34
2021-11-08T22:45:00+00:00,2021-11-08T23:45:00+01:00,FR,178.15,60427
2021-11-08T22:45:00+00:00,2021-11-08T23:45:00+01:00,NL,146.9,11827.75
2021-11-08T23:00:00+00:00,2021-11-09T00:00:00+01:00,AT,153.01,
2021-11-08T23:00:00+00:00,2021-11-09T00:00:00+01:00,BE,153.01,
2021-11-08T23:00:00+00:00,2021-11-09T00:00:00+01:00,CH,187.24,
2021-11-08T23:00:00+00:00,2021-11-09T00:00:00+01:00,DE-LU,153.01,52916.36
2021-11-08T23:00:00+00:00,2021-11-09T00:00:00+01:00,FR,153.01,60427
2021-11-08T23:00:00+00:00,2021-11-09T00:00:00+01:00,NL,153.01,11724.25
2021-11-08T23:15:00+00:00,2021-11-09T00:15:00+01:00,AT,153.01,
2021-11-08T23:15:00+00:00,2021-11-09T00:15:00+01:00,BE,153.01,
2021-11-08T23:15:00+00:00,2021-11-09T00:15:00+01:00,CH,187.24,
2021-11-08T23:15:00+00:00,2021-11-09T00:15:00+01:00,DE-LU,153.01,52310.96
2021-11-08T23:15:00+00:00,2021-11-09T00:15:00+01:00,FR,153.01,60427
2021-11-08T23:15:00+00:00,2021-11-09T00:15:00+01:00,NL,153.01,11642.29
2021-11-08T23:30:00+00:00,2021-11-09T00:30:00+01:00,AT,153.01,
2021-11-08T23:30:00+00:00,2021-11-09T00:30:00+01:00,BE,153.01,
2021-11-08T23:30:00+00:00,2021-11-09T00:30:00+01:00,CH,187.24,
2021-11-08T23:30:00+00:00,2021-11-09T00:30:00+01:00,DE-LU,153.01,51895.22
2021-11-08T23:30:00+00:00,2021-11-09T00:30:00+01:00,FR,153.01,60427
2021-11-08T23:30:00+00:00,2021-11-09T00:30:00+01:00,NL,153.01,11523.11
2021-11-08T23:45:00+00:00,2021-11-09T00:45:00+01:00,AT,153.01,
2021-11-08T23:45:00+00:00,2021-11-09T00:45:00+01:00,BE,153.01,
2021-11-08T23:45:00+00:00,2021-11-09T00:45:00+01:00,CH,187.24,
2021-11-08T23:45:00+00:00,2021-11-09T00:45:00+01:00,DE-LU,153.01,51207.7
2021-11-08T23:45:00+00:00,2021-11-09T00:45:00+01:00,FR,153.01,60427
2021-11-08T23:45:00+00:00,2021-11-09T00:45:00+01:00,NL,153.01,11354.44
2021-11-09T00:00:00+00:00,2021-11-09T01:00:00+01:00,AT,153.21,
2021-11-09T00:00:00+00:00,2021-11-09T01:00:00+01:00,BE,154,
2021-11-09T00:00:00+00:00,2021-11-09T01:00:00+01:00,CH,178.82,
2021-11-09T00:00:00+00:00,2021-11-09T01:00:00+01:00,DE-LU,152.85,50779.3
2021-11-09T00:00:00+00:00,2021-11-09T01:00:00+01:00,FR,154.53,55678
2021-11-09T00:00:00+00:00,2021-11-09T01:00:00+01:00,NL,151.23,11272.47
2021-11-09T00:15:00+00:00,2021-11-09T01:15:00+01:00,AT,153.21,
2021-11-09T00:15:00+00:00,2021-11-09T01:15:00+01:00,BE,154,
2021-11-09T00:15:00+00:00,2021-11-09T01:15:00+01:00,CH,178.82,
2021-11-09T00:15:00+00:00,2021-11-09T01:15:00+01:00,DE-LU,152.85,50735.37
2021-11-09T00:15:00+00:00,2021-11-09T01:15:00+01:00,FR,154.53,55678
2021-11-09T00:15:00+00:00,2021-11-09T01:15:00+01:00,NL,151.23,11177.89
2021-11-09T00:30:00+00:00,2021-11-09T01:30:00+01:00,AT,153.21,
2021-11-09T00:30:00+00:00,2021-11-09T01:30:00+01:00,BE,154,
2021-11-09T00:30:00+00:00,2021-11-09T01:30:00+01:00,CH,178.82,
2021-11-09T00:30:00+00:00,2021-11-09T01:30:00+01:00,DE-LU,152.85,50706.05
2021-11-09T00:30:00+00:00,2021-11-09T01:30:00+01:00,FR,154.53,55678
2021-11-09T00:30:00+00:00,2021-11-09T01:30:00+01:00,NL,151.23,11096.51
2021-11-09T00:45:00+00:00,2021-11-09T01:45:00+01:00,AT,153.21,
2021-11-09T00:45:00+00:00,2021-11-09T01:45:00+01:00,BE,154,
2021-11-09T00:45:00+00:00,2021-11-09T01:45:00+01:00,CH,178.82,
2021-11-09T00:45:00+00:00,2021-11-09T01:45:00+01:00,DE-LU,152.85,50696.11
2021-11-09T00:45:00+00:00,2021-11-09T01:45:00+01:00,FR,154.53,55678
2021-11-09T00:45:00+00:00,2021-11-09T01:45:00+01:00,NL,151.23,11009.68
2021-11-09T01:00:00+00:00,2021-11-09T02:00:00+01:00,AT,151.01,
2021-11-09T01:00:00+00:00,2021-11-09T02:00:00+01:00,BE,151.01,
2021-11-09T01:00:00+00:00,2021-11-09T02:00:00+01:00,CH,175.97,
2021-11-09T01:00:00+00:00,2021-11-09T02:00:00+01:00,DE-LU,151.01,50358.25
2021-11-09T01:00:00+00:00,2021-11-09T02:00:00+01:00,FR,151.01,54775
2021-11-09T01:00:00+00:00,2021-11-09T02:00:00+01:00,NL,151.01,10975.72
2021-11-09T01:15:00+00:00,2021-11-09T02:15:00+01:00,AT,151.01,
2021-11-09T01:15:00+00:00,2021-11-09T02:15:00+01:00,BE,151.01,
2021-11-09T01:15:00+00:00,2021-11-09T02:15:00+01:00,CH,175.97,
2021-11-09T01:15:00+00:00,2021-11-09T02:15:00+01:00,DE-LU,151.01,50499.16
2021-11-09T01:15:00+00:00,2021-11-09T02:15:00+01:00,FR,151.01,54775
2021-11-09T01:15:00+00:00,2021-11-09T02:15:00+01:00,NL,151.01,10759.37
2021-11-09T01:30:00+00:00,2021-11-09T02:30:00+01:00,AT,151.01,
2021-11-09T01:30:00+00:00,2021-11-09T02:30:00+01:00,BE,151.01,
2021-11-09T01:30:00+00:00,2021-11-09T02:30:00+01:00,CH,175.97,
2021-11-09T01:30:00+00:00,2021-11-09T02:30:00+01:00,DE-LU,151.01,50333.78
2021-11-09T01:30:00+00:00,2021-11-09T02:30:00+01:00,FR,151.01,54775
2021-11-09T01:30:00+00:00,2021-11-09T02:30:00+01:00,NL,151.01,10638.03
2021-11-09T01:45:00+00:00,2021-11-09T02:45:00+01:00,AT,151.01,
2021-11-09T01:45:00+00:00,2021-11-09T02:45:00+01:00,BE,151.01,
2021-11-09T01:45:00+00:00,2021-11-09T02:45:00+01:00,CH,175.97,
2021-11-09T01:45:00+00:00,2021-11-09T02:45:00+01:00,DE-LU,151.01,50213.49
2021-11-09T01:45:00+00:00,2021-11-09T02:45:00+01:00,FR,151.01,54775
2021-11-09T01:45:00+00:00,2021-11-09T02:45:00+01:00,NL,151.01,10679.61
2021-11-09T02:00:00+00:00,2021-11-09T03:00:00+01:00,AT,145.36,
2021-11-09T02:00:00+00:00,2021-11-09T03:00:00+01:00,BE,145.36,
2021-11-09T02:00:00+00:00,2021-11-09T03:00:00+01:00,CH,173.59,
2021-11-09T02:00:00+00:00,2021-11-09T03:00:00+01:00,DE-LU,145.36,49930.27
2021-11-09T02:00:00+00:00,2021-11-09T03:00:00+01:00,FR,145.36,52975
2021-11-09T02:00:00+00:00,2021-11-09T03:00:00+01:00,NL,145.36,10722.49
2021-11-09T02:15:00+00:00,2021-11-09T03:15:00+01:00,AT,145.36,
2021-11-09T02:15:00+00:00,2021-11-09T03:15:00+01:00,BE,145.36,
2021-11-09T02:15:00+00:00,2021-11-09T03:15:00+01:00,CH,173.59,
2021-11-09T02:15:00+00:00,2021-11-09T03:15:00+01:00,DE-LU,145.36,50271.31
2021-11-09T02:15:00+00:00,2021-11-09T03:15:00+01:00,FR,145.36,52975
2021-11-09T02:15:00+00:00,2021-11-09T03:15:00+01:00,NL,145.36,10736.31
2021-11-09T02:30:00+00:00,2021-11-09T03:30:00+01:00,AT,145.36,
2021-11-09T02:30:00+00:00,2021-11-09T03:30:00+01:00,BE,145.36,
2021-11-09T02:30:00+00:00,2021-11-09T03:30:00+01:00,CH,173.59,
2021-11-09T02:30:00+00:00,2021-11-09T03:30:00+01:00,DE-LU,145.36,50615.34
2021-11-09T02:30:00+00:00,2021-11-09T03:30:00+01:00,FR,145.36,52975
2021-11-09T02:30:00+00:00,2021-11-09T03:30:00+01:00,NL,145.36,10709.07
2021-11-09T02:45:00+00:00,2021-11-09T03:45:00+01:00,AT,145.36,
2021-11-09T02:45:00+00:00,2021-11-09T03:45:00+01:00,BE,145.36,
2021-11-09T02:45:00+00:00,2021-11-09T03:45:00+01:00,CH,173.59,
2021-11-09T02:45:00+00:00,2021-11-09T03:45:00+01:00,DE-LU,145.36,51034.52
2021-11-09T02:45:00+00:00,2021-11-09T03:45:00+01:00,FR,145.36,52975
2021-11-09T02:45:00+00:00,2021-11-09T03:45:00+01:00,NL,145.36,10704.97
2021-11-09T03:00:00+00:00,2021-11-09T04:00:00+01:00,AT,145.5,
2021-11-09T03:00:00+00:00,2021-11-09T04:00:00+01:00,BE,145.5,
2021-11-09T03:00:00+00:00,2021-11-09T04:00:00+01:00,CH,173.59,
2021-11-09T03:00:00+00:00,2021-11-09T04:00:00+01:00,DE-LU,145.5,51746.89
2021-11-09T03:00:00+00:00,2021-11-09T04:00:00+01:00,FR,145.5,52864
2021-11-09T03:00:00+00:00,2021-11-09T04:00:00+01:00,NL,145.5,10703.17
2021-11-09T03:15:00+00:00,2021-11-09T04:15:00+01:00,AT,145.5,
2021-11-09T03:15:00+00:00,2021-11-09T04:15:00+01:00,BE,145.5,
2021-11-09T03:15:00+00:00,2021-11-09T04:15:00+01:00,CH,173.59,
2021-11-09T03:15:00+00:00,2021-11-09T04:15:00+01:00,DE-LU,145.5,52203.13
2021-11-09T03:15:00+00:00,2021-11-09T04:15:00+01:00,FR,145.5,52864
2021-11-09T03:15:00+00:00,2021-11-09T04:15:00+01:00,NL,145.5,10759.42
2021-11-09T03:30:00+00:00,2021-11-09T04:30:00+01:00,AT,145.5,
2021-11-09T03:30:00+00:00,2021-11-09T04:30:00+01:00,BE,145.5,
2021-11-09T03:30:00+00:00,2021-11-09T04:30:00+01:00,CH,173.59,
2021-11-09T03:30:00+00:00,2021-11-09T04:30:00+01:00,DE-LU,145.5,52654
2021-11-09T03:30:00+00:00,2021-11-09T04:30:00+01:00,FR,145.5,52864
2021-11-09T03:30:00+00:00,2021-11-09T04:30:00+01:00,NL,145.5,10813.09
2021-11-09T03:45:00+00:00,2021-11-09T04:45:00+01:00,AT,145.5,
2021-11-09T03:45:00+00:00,2021-11-09T04:45:00+01:00,BE,145.5,
2021-11-09T03:45:00+00:00,2021-11-09T04:45:00+01:00,CH,173.59,
2021-11-09T03:45:00+00:00,2021-11-09T04:45:00+01:00,DE-LU,145.5,53322.23
2021-11-09T03:45:00+00:00,2021-11-09T04:45:00+01:00,FR,145.5,52864
2021-11-09T03:45:00+00:00,2021-11-09T04:45:00+01:00,NL,145.5,10832.62
2021-11-09T04:00:00+00:00,2021-11-09T05:00:00+01:00,AT,153.69,
2021-11-09T04:00:00+00:00,2021-11-09T05:00:00+01:00,BE,155.54,
2021-11-09T04:00:00+00:00,2021-11-09T05:00:00+01:00,CH,188.03,
2021-11-09T04:00:00+00:00,2021-11-09T05:00:00+01:00,DE-LU,152.87,54979.41
2021-11-09T04:00:00+00:00,2021-11-09T05:00:00+01:00,FR,156.79,55680
2021-11-09T04:00:00+00:00,2021-11-09T05:00:00+01:00,NL,148.05,10976.73
2021-11-09T04:15:00+00:00,2021-11-09T05:15:00+01:00,AT,153.69,
2021-11-09T04:15:00+00:00,2021-11-09T05:15:00+01:00,BE,155.54,
2021-11-09T04:15:00+00:00,2021-11-09T05:15:00+01:00,CH,188.03,
2021-11-09T04:15:00+00:00,2021-11-09T05:15:00+01:00,DE-LU,152.87,55765.39
2021-11-09T04:15:00+00:00,2021-11-09T05:15:00+01:00,FR,156.79,55680
2021-11-09T04:15:00+00:00,2021-11-09T05:15:00+01:00,NL,148.05,11122.08
2021-11-09T04:30:00+00:00,2021-11-09T05:30:00+01:00,AT,153.69,
2021-11-09T04:30:00+00:00,2021-11-09T05:30:00+01:00,BE,155.54,
2021-11-09T04:30:00+00:00,2021-11-09T05:30:00+01:00,CH,188.03,
2021-11-09T04:30:00+00:00,2021-11-09T05:30:00+01:00,DE-LU,152.87,56443.08
2021-11-09T04:30:00+00:00,2021-11-09T05:30:00+01:00,FR,156.79,55680
2021-11-09T04:30:00+00:00,2021-11-09T05:30:00+01:00,NL,148.05,11334.66
2021-11-09T04:45:00+00:00,2021-11-09T05:45:00+01:00,AT,153.69,
2021-11-09T04:45:00+00:00,2021-11-09T05:45:00+01:00,BE,155.54,
2021-11-09T04:45:00+00:00,2021-11-09T05:45:00+01:00,CH,188.03,
2021-11-09T04:45:00+00:00,2021-11-09T05:45:00+01:00,DE-LU,152.87,57905.47
2021-11-09T04:45:00+00:00,2021-11-09T05:45:00+01:00,FR,156.79,55680
2021-11-09T04:45:00+00:00,2021-11-09T05:45:00+01:00,NL,148.05,11554.59
2021-11-09T05:00:00+00:00,2021-11-09T06:00:00+01:00,AT,190,
2021-11-09T05:00:00+00:00,2021-11-09T06:00:00+01:00,BE,190,
2021-11-09T05:00:00+00:00,2021-11-09T06:00:00+01:00,CH,210.78,
2021-11-09T05:00:00+00:00,2021-11-09T06:00:00+01:00,DE-LU,190,60855.4
2021-11-09T05:00:00+00:00,2021-11-09T06:00:00+01:00,FR,190,61649
2021-11-09T05:00:00+00:00,2021-11-09T06:00:00+01:00,NL,190,11896.64
2021-11-09T05:15:00+00:00,2021-11-09T06:15:00+01:00,AT,190,
2021-11-09T05:15:00+00:00,2021-11-09T06:15:00+01:00,BE,190,
2021-11-09T05:15:00+00:00,2021-11-09T06:15:00+01:00,CH,210.78,
2021-11-09T05:15:00+00:00,2021-11-09T06:15:00+01:00,DE-LU,190,62862.08
2021-11-09T05:15:00+00:00,2021-11-09T06:15:00+01:00,FR,190,61649
2021-11-09T05:15:00+00:00,2021-11-09T06:15:00+01:00,NL,190,12230.68
2021-11-09T05:30:00+00:00,2021-11-09T06:30:00+01:00,AT,190,
2021-11-09T05:30:00+00:00,2021-11-09T06:30:00+01:00,BE,190,
2021-11-09T05:30:00+00:00,2021-11-09T06:30:00+01:00,CH,210.78,
2021-11-09T05:30:00+00:00,2021-11-09T06:30:00+01:00,DE-LU,190,64835.22
2021-11-09T05:30:00+00:00,2021-11-09T06:30:00+01:00,FR,190,61649
2021-11-09T05:30:00+00:00,2021-11-09T06:30:00+01:00,NL,190,12579.05
2021-11-09T05:45:00+00:00,2021-11-09T06:45:00+01:00,AT,190,
2021-11-09T05:45:00+00:00,2021-11-09T06:45:00+01:00,BE,190,
2021-11-09T05:45:00+00:00,2021-11-09T06:45:00+01:00,CH,210.78,
2021-11-09T05:45:00+00:00,2021-11-09T06:45:00+01:00,DE-LU,190,66378.39
2021-11-09T05:45:00+00:00,2021-11-09T06:45:00+01:00,FR,190,61649
2021-11-09T05:45:00+00:00,2021-11-09T06:45:00+01:00,NL,190,12867.86
2021-11-09T06:00:00+00:00,2021-11-09T07:00:00+01:00,AT,225.14,
2021-11-09T06:00:00+00:00,2021-11-09T07:00:00+01:00,BE,219.4,
2021-11-09T06:00:00+00:00,2021-11-09T07:00:00+01:00,CH,232.33,
2021-11-09T06:00:00+00:00,2021-11-09T07:00:00+01:00,DE-LU,223.88,68200.72
2021-11-09T06:00:00+00:00,2021-11-09T07:00:00+01:00,FR,230.08,67229
2021-11-09T06:00:00+00:00,2021-11-09T07:00:00+01:00,NL,219.15,13385.67
2021-11-09T06:15:00+00:00,2021-11-09T07:15:00+01:00,AT,225.14,
2021-11-09T06:15:00+00:00,2021-11-09T07:15:00+01:00,BE,219.4,
2021-11-09T06:15:00+00:00,2021-11-09T07:15:00+01:00,CH,232.33,
2021-11-09T06:15:00+00:00,2021-11-09T07:15:00+01:00,DE-LU,223.88,68793.85
2021-11-09T06:15:00+00:00,2021-11-09T07:15:00+01:00,FR,230.08,67229
2021-11-09T06:15:00+00:00,2021-11-09T07:15:00+01:00,NL,219.15,13945.4
2021-11-09T06:30:00+00:00,2021-11-09T07:30:00+01:00,AT,225.14,
2021-11-09T06:30:00+00:00,2021-11-09T07:30:00+01:00,BE,219.4,
2021-11-09T06:30:00+00:00,2021-11-09T07:30:00+01:00,CH,232.33,
2021-11-09T06:30:00+00:00,2021-11-09T07:30:00+01:00,DE-LU,223.88,69623.26
2021-11-09T06:30:00+00:00,2021-11-09T07:30:00+01:00,FR,230.08,67229
2021-11-09T06:30:00+00:00,2021-11-09T07:30:00+01:00,NL,219.15,14299.63
2021-11-09T06:45:00+00:00,2021-11-09T07:45:00+01:00,AT,225.14,
2021-11-09T06:45:00+00:00,2021-11-09T07:45:00+01:00,BE,219.4,
2021-11-09T06:45:00+00:00,2021-11-09T07:45:00+01:00,CH,232.33,
2021-11-09T06:45:00+00:00,2021-11-09T07:45:00+01:00,DE-LU,223.88,70168.1
2021-11-09T06:45:00+00:00,2021-11-09T07:45:00+01:00,FR,230.08,67229
2021-11-09T06:45:00+00:00,2021-11-09T07:45:00+01:00,NL,219.15,14566.91
2021-11-09T07:00:00+00:00,2021-11-09T08:00:00+01:00,AT,252.24,
2021-11-09T07:00:00+00:00,2021-11-09T08:00:00+01:00,BE,231.73,
2021-11-09T07:00:00+00:00,2021-11-09T08:00:00+01:00,CH,237.09,
2021-11-09T07:00:00+00:00,2021-11-09T08:00:00+01:00,DE-LU,215.58,71107.97
2021-11-09T07:00:00+00:00,2021-11-09T08:00:00+01:00,FR,239.03,68636
2021-11-09T07:00:00+00:00,2021-11-09T08:00:00+01:00,NL,188.11,14821.28
2021-11-09T07:15:00+00:00,2021-11-09T08:15:00+01:00,AT,252.24,
2021-11-09T07:15:00+00:00,2021-11-09T08:15:00+01:00,BE,231.73,
2021-11-09T07:15:00+00:00,2021-11-09T08:15:00+01:00,CH,237.09,
2021-11-09T07:15:00+00:00,2021-11-09T08:15:00+01:00,DE-LU,215.58,71658.17
2021-11-09T07:15:00+00:00,2021-11-09T08:15:00+01:00,FR,239.03,68636
2021-11-09T07:15:00+00:00,2021-11-09T08:15:00+01:00,NL,188.11,14887.75
2021-11-09T07:30:00+00:00,2021-11-09T08:30:00+01:00,AT,252.24,
2021-11-09T07:30:00+00:00,2021-11-09T08:30:00+01:00,BE,231.73,
2021-11-09T07:30:00+00:00,2021-11-09T08:30:00+01:00,CH,237.09,
2021-11-09T07:30:00+00:00,2021-11-09T08:30:00+01:00,DE-LU,215.58,71727.35
2021-11-09T07:30:00+00:00,2021-11-09T08:30:00+01:00,FR,239.03,68636
2021-11-09T07:30:00+00:00,2021-11-09T08:30:00+01:00,NL,188.11,14897.5
2021-11-09T07:45:00+00:00,2021-11-09T08:45:00+01:00,AT,252.24,
2021-11-09T07:45:00+00:00,2021-11-09T08:45:00+01:00,BE,231.73,
2021-11-09T07:45:00+00:00,2021-11-09T08:45:00+01:00,CH,237.09,
2021-11-09T07:45:00+00:00,2021-11-09T08:45:00+01:00,DE-LU,215.58,71730.44
2021-11-09T07:45:00+00:00,2021-11-09T08:45:00+01:00,FR,239.03,68636
2021-11-09T07:45:00+00:00,2021-11-09T08:45:00+01:00,NL,188.11,14854.2
2021-11-09T08:00:00+00:00,2021-11-09T09:00:00+01:00,AT,242.65,
2021-11-09T08:00:00+00:00,2021-11-09T09:00:00+01:00,BE,206.58,
2021-11-09T08:00:00+00:00,2021-11-09T09:00:00+01:00,CH,234.09,
2021-11-09T08:00:00+00:00,2021-11-09T09:00:00+01:00,DE-LU,190.09,71595.32
2021-11-09T08:00:00+00:00,2021-11-09T09:00:00+01:00,FR,215.03,68616
2021-11-09T08:00:00+00:00,2021-11-09T09:00:00+01:00,NL,161.06,14736.44
2021-11-09T08:15:00+00:00,2021-11-09T09:15:00+01:00,AT,242.65,
2021-11-09T08:15:00+00:00,2021-11-09T09:15:00+01:00,BE,206.58,
2021-11-09T08:15:00+00:00,2021-11-09T09:15:00+01:00,CH,234.09,
2021-11-09T08:15:00+00:00,2021-11-09T09:15:00+01:00,DE-LU,190.09,71869.6
2021-11-09T08:15:00+00:00,2021-11-09T09:15:00+01:00,FR,215.03,68616
2021-11-09T08:15:00+00:00,2021-11-09T09:15:00+01:00,NL,161.06,14547.73
2021-11-09T08:30:00+00:00,2021-11-09T09:30:00+01:00,AT,242.65,
2021-11-09T08:30:00+00:00,2021-11-09T09:30:00+01:00,BE,206.58,
2021-11-09T08:30:00+00:00,2021-11-09T09:30:00+01:00,CH,234.09,
2021-11-09T08:30:00+00:00,2021-11-09T09:30:00+01:00,DE-LU,190.09,72072.98
2021-11-09T08:30:00+00:00,2021-11-09T09:30:00+01:00,FR,215.03,68616
2021-11-09T08:30:00+00:00,2021-11-09T09:30:00+01:00,NL,161.06,14392.54
2021-11-09T08:45:00+00:00,2021-11-09T09:45:00+01:00,AT,242.65,
2021-11-09T08:45:00+00:00,2021-11-09T09:45:00+01:00,BE,206.58,
2021-11-09T08:45:00+00:00,2021-11-09T09:45:00+01:00,CH,234.09,
2021-11-09T08:45:00+00:00,2021-11-09T09:45:00+01:00,DE-LU,190.09,72529.66
2021-11-09T08:45:00+00:00,2021-11-09T09:45:00+01:00,FR,215.03,68616
2021-11-09T08:45:00+00:00,2021-11-09T09:45:00+01:00,NL,161.06,14250.89
2021-11-09T09:00:00+00:00,2021-11-09T10:00:00+01:00,AT,223.13,
2021-11-09T09:00:00+00:00,2021-11-09T10:00:00+01:00,BE,150,
2021-11-09T09:00:00+00:00,2021-11-09T10:00:00+01:00,CH,222.87,
2021-11-09T09:00:00+00:00,2021-11-09T10:00:00+01:00,DE-LU,151.87,72883.35
2021-11-09T09:00:00+00:00,2021-11-09T10:00:00+01:00,FR,180.98,67218
2021-11-09T09:00:00+00:00,2021-11-09T10:00:00+01:00,NL,146.6,14097.66
2021-11-09T09:15:00+00:00,2021-11-09T10:15:00+01:00,AT,223.13,
2021-11-09T09:15:00+00:00,2021-11-09T10:15:00+01:00,BE,150,
2021-11-09T09:15:00+00:00,2021-11-09T10:15:00+01:00,CH,222.87,
2021-11-09T09:15:00+00:00,2021-11-09T10:15:00+01:00,DE-LU,151.87,72774.94
2021-11-09T09:15:00+00:00,2021-11-09T10:15:00+01:00,FR,180.98,67218
2021-11-09T09:15:00+00:00,2021-11-09T10:15:00+01:00,NL,146.6,13931.23
2021-11-09T09:30:00+00:00,2021-11-09T10:30:00+01:00,AT,223.13,
2021-11-09T09:30:00+00:00,2021-11-09T10:30:00+01:00,BE,150,
2021-11-09T09:30:00+00:00,2021-11-09T10:30:00+01:00,CH,222.87,
2021-11-09T09:30:00+00:00,2021-11-09T10:30:00+01:00,DE-LU,151.87,72370.59
2021-11-09T09:30:00+00:00,2021-11-09T10:30:00+01:00,FR,180.98,67218
2021-11-09T09:30:00+00:00,2021-11-09T10:30:00+01:00,NL,146.6,13826.85
2021-11-09T09:45:00+00:00,2021-11-09T10:45:00+01:00,AT,223.13,
2021-11-09T09:45:00+00:00,2021-11-09T10:45:00+01:00,BE,150,
2021-11-09T09:45:00+00:00,2021-11-09T10:45:00+01:00,CH,222.87,
2021-11-09T09:45:00+00:00,2021-11-09T10:45:00+01:00,DE-LU,151.87,72543.21
2021-11-09T09:45:00+00:00,2021-11-09T10:45:00+01:00,FR,180.98,67218
2021-11-09T09:45:00+00:00,2021-11-09T10:45:00+01:00,NL,146.6,13702.67
2021-11-09T10:00:00+00:00,2021-11-09T11:00:00+01:00,AT,219.99,
2021-11-09T10:00:00+00:00,2021-11-09T11:00:00+01:00,BE,150,
2021-11-09T10:00:00+00:00,2021-11-09T11:00:00+01:00,CH,219.93,
2021-11-09T10:00:00+00:00,2021-11-09T11:00:00+01:00,DE-LU,135.03,72833.44
2021-11-09T10:00:00+00:00,2021-11-09T11:00:00+01:00,FR,170.01,66485
2021-11-09T10:00:00+00:00,2021-11-09T11:00:00+01:00,NL,145.76,13631.15
2021-11-09T10:15:00+00:00,2021-11-09T11:15:00+01:00,AT,219.99,
2021-11-09T10:15:00+00:00,2021-11-09T11:15:00+01:00,BE,150,
2021-11-09T10:15:00+00:00,2021-11-09T11:15:00+01:00,CH,219.93,
2021-11-09T10:15:00+00:00,2021-11-09T11:15:00+01:00,DE-LU,135.03,73108.82
2021-11-09T10:15:00+00:00,2021-11-09T11:15:00+01:00,FR,170.01,66485
2021-11-09T10:15:00+00:00,2021-11-09T11:15:00+01:00,NL,145.76,13511.01
2021-11-09T10:30:00+00:00,2021-11-09T11:30:00+01:00,AT,219.99,
2021-11-09T10:30:00+00:00,2021-11-09T11:30:00+01:00,BE,150,
2021-11-09T10:30:00+00:00,2021-11-09T11:30:00+01:00,CH,219.93,
2021-11-09T10:30:00+00:00,2021-11-09T11:30:00+01:00,DE-LU,135.03,73114.32
2021-11-09T10:30:00+00:00,2021-11-09T11:30:00+01:00,FR,170.01,66485
2021-11-09T10:30:00+00:00,2021-11-09T11:30:00+01:00,NL,145.76,13541.97
2021-11-09T10:45:00+00:00,2021-11-09T11:45:00+01:00,AT,219.99,
2021-11-09T10:45:00+00:00,2021-11-09T11:45:00+01:00,BE,150,
2021-11-09T10:45:00+00:00,2021-11-09T11:45:00+01:00,CH,219.93,
2021-11-09T10:45:00+00:00,2021-11-09T11:45:00+01:00,DE-LU,135.03,72902.88
2021-11-09T10:45:00+00:00,2021-11-09T11:45:00+01:00,FR,170.01,66485
2021-11-09T10:45:00+00:00,2021-11-09T11:45:00+01:00,NL,145.76,13550.57
2021-11-09T11:00:00+00:00,2021-11-09T12:00:00+01:00,AT,216,
2021-11-09T11:00:00+00:00,2021-11-09T12:00:00+01:00,BE,155.2,
2021-11-09T11:00:00+00:00,2021-11-09T12:00:00+01:00,CH,215.52,
2021-11-09T11:00:00+00:00,2021-11-09T12:00:00+01:00,DE-LU,120.08,72845.48
2021-11-09T11:00:00+00:00,2021-11-09T12:00:00+01:00,FR,169.46,66149
2021-11-09T11:00:00+00:00,2021-11-09T12:00:00+01:00,NL,148.2,13597.05
2021-11-09T11:15:00+00:00,2021-11-09T12:15:00+01:00,AT,216,
2021-11-09T11:15:00+00:00,2021-11-09T12:15:00+01:00,BE,155.2,
2021-11-09T11:15:00+00:00,2021-11-09T12:15:00+01:00,CH,215.52,
2021-11-09T11:15:00+00:00,2021-11-09T12:15:00+01:00,DE-LU,120.08,72247.77
2021-11-09T11:15:00+00:00,2021-11-09T12:15:00+01:00,FR,169.46,66149
2021-11-09T11:15:00+00:00,2021-11-09T12:15:00+01:00,NL,148.2,13607.58
2021-11-09T11:30:00+00:00,2021-11-09T12:30:00+01:00,AT,216,
2021-11-09T11:30:00+00:00,2021-11-09T12:30:00+01:00,BE,155.2,
2021-11-09T11:30:00+00:00,2021-11-09T12:30:00+01:00,CH,215.52,
2021-11-09T11:30:00+00:00,2021-11-09T12:30:00+01:00,DE-LU,120.08,71826.35
2021-11-09T11:30:00+00:00,2021-11-09T12:30:00+01:00,FR,169.46,66149
2021-11-09T11:30:00+00:00,2021-11-09T12:30:00+01:00,NL,148.2,13592.41
2021-11-09T11:45:00+00:00,2021-11-09T12:45:00+01:00,AT,216,
2021-11-09T11:45:00+00:00,2021-11-09T12:45:00+01:00,BE,155.2,
2021-11-09T11:45:00+00:00,2021-11-09T12:45:00+01:00,CH,215.52,
2021-11-09T11:45:00+00:00,2021-11-09T12:45:00+01:00,DE-LU,120.08,71632.41
2021-11-09T11:45:00+00:00,2021-11-09T12:45:00+01:00,FR,169.46,66149
2021-11-09T11:45:00+00:00,2021-11-09T12:45:00+01:00,NL,148.2,13586.23
2021-11-09T12:00:00+00:00,2021-11-09T13:00:00+01:00,AT,218.2,
2021-11-09T12:00:00+00:00,2021-11-09T13:00:00+01:00,BE,158.65,
2021-11-09T12:00:00+00:00,2021-11-09T13:00:00+01:00,CH,212.27,
2021-11-09T12:00:00+00:00,2021-11-09T13:00:00+01:00,DE-LU,127.46,71558.17
2021-11-09T12:00:00+00:00,2021-11-09T13:00:00+01:00,FR,171.46,63850
2021-11-09T12:00:00+00:00,2021-11-09T13:00:00+01:00,NL,151.1,13640.22
2021-11-09T12:15:00+00:00,2021-11-09T13:15:00+01:00,AT,218.2,
2021-11-09T12:15:00+00:00,2021-11-09T13:15:00+01:00,BE,158.65,
2021-11-09T12:15:00+00:00,2021-11-09T13:15:00+01:00,CH,212.27,
2021-11-09T12:15:00+00:00,2021-11-09T13:15:00+01:00,DE-LU,127.46,71107.6
2021-11-09T12:15:00+00:00,2021-11-09T13:15:00+01:00,FR,171.46,63850
2021-11-09T12:15:00+00:00,2021-11-09T13:15:00+01:00,NL,151.1,13766.07
2021-11-09T12:30:00+00:00,2021-11-09T13:30:00+01:00,AT,218.2,
2021-11-09T12:30:00+00:00,2021-11-09T13:30:00+01:00,BE,158.65,
2021-11-09T12:30:00+00:00,2021-11-09T13:30:00+01:00,CH,212.27,
2021-11-09T12:30:00+00:00,2021-11-09T13:30:00+01:00,DE-LU,127.46,70708.42
2021-11-09T12:30:00+00:00,2021-11-09T13:30:00+01:00,FR,171.46,63850
2021-11-09T12:30:00+00:00,2021-11-09T13:30:00+01:00,NL,151.1,13842.31
2021-11-09T12:45:00+00:00,2021-11-09T13:45:00+01:00,AT,218.2,
2021-11-09T12:45:00+00:00,2021-11-09T13:45:00+01:00,BE,158.65,
2021-11-09T12:45:00+00:00,2021-11-09T13:45:00+01:00,CH,212.27,
2021-11-09T12:45:00+00:00,2021-11-09T13:45:00+01:00,DE-LU,127.46,70156.78
2021-11-09T12:45:00+00:00,2021-11-09T13:45:00+01:00,FR,171.46,63850
2021-11-09T12:45:00+00:00,2021-11-09T13:45:00+01:00,NL,151.1,13914.67
2021-11-09T13:00:00+00:00,2021-11-09T14:00:00+01:00,AT,219.91,
2021-11-09T13:00:00+00:00,2021-11-09T14:00:00+01:00,BE,165.29,
2021-11-09T13:00:00+00:00,2021-11-09T14:00:00+01:00,CH,219.91,
2021-11-09T13:00:00+00:00,2021-11-09T14:00:00+01:00,DE-LU,147.01,69424.09
2021-11-09T13:00:00+00:00,2021-11-09T14:00:00+01:00,FR,175.52,61754
2021-11-09T13:00:00+00:00,2021-11-09T14:00:00+01:00,NL,152.95,13961.94
2021-11-09T13:15:00+00:00,2021-11-09T14:15:00+01:00,AT,219.91,
2021-11-09T13:15:00+00:00,2021-11-09T14:15:00+01:00,BE,165.29,
2021-11-09T13:15:00+00:00,2021-11-09T14:15:00+01:00,CH,219.91,
2021-11-09T13:15:00+00:00,2021-11-09T14:15:00+01:00,DE-LU,147.01,69462.92
2021-11-09T13:15:00+00:00,2021-11-09T14:15:00+01:00,FR,175.52,61754
2021-11-09T13:15:00+00:00,2021-11-09T14:15:00+01:00,NL,152.95,14104.53
2021-11-09T13:30:00+00:00,2021-11-09T14:30:00+01:00,AT,219.91,
2021-11-09T13:30:00+00:00,2021-11-09T14:30:00+01:00,BE,165.29,
2021-11-09T13:30:00+00:00,2021-11-09T14:30:00+01:00,CH,219.91,
2021-11-09T13:30:00+00:00,2021-11-09T14:30:00+01:00,DE-LU,147.01,69581.18
2021-11-09T13:30:00+00:00,2021-11-09T14:30:00+01:00,FR,175.52,61754
2021-11-09T13:30:00+00:00,2021-11-09T14:30:00+01:00,NL,152.95,14276.47
2021-11-09T13:45:00+00:00,2021-11-09T14:45:00+01:00,AT,219.91,
2021-11-09T13:45:00+00:00,2021-11-09T14:45:00+01:00,BE,165.29,
2021-11-09T13:45:00+00:00,2021-11-09T14:45:00+01:00,CH,219.91,
2021-11-09T13:45:00+00:00,2021-11-09T14:45:00+01:00,DE-LU,147.01,69237.13
2021-11-09T13:45:00+00:00,2021-11-09T14:45:00+01:00,FR,175.52,61754
2021-11-09T13:45:00+00:00,2021-11-09T14:45:00+01:00,NL,152.95,14435.3
2021-11-09T14:00:00+00:00,2021-11-09T15:00:00+01:00,AT,214.93,
2021-11-09T14:00:00+00:00,2021-11-09T15:00:00+01:00,BE,184.54,
2021-11-09T14:00:00+00:00,2021-11-09T15:00:00+01:00,CH,227.61,
2021-11-09T14:00:00+00:00,2021-11-09T15:00:00+01:00,DE-LU,170,69425.01
2021-11-09T14:00:00+00:00,2021-11-09T15:00:00+01:00,FR,191.89,60129
2021-11-09T14:00:00+00:00,2021-11-09T15:00:00+01:00,NL,170,14515.35
2021-11-09T14:15:00+00:00,2021-11-09T15:15:00+01:00,AT,214.93,
2021-11-09T14:15:00+00:00,2021-11-09T15:15:00+01:00,BE,184.54,
2021-11-09T14:15:00+00:00,2021-11-09T15:15:00+01:00,CH,227.61,
2021-11-09T14:15:00+00:00,2021-11-09T15:15:00+01:00,DE-LU,170,69371.76
2021-11-09T14:15:00+00:00,2021-11-09T15:15:00+01:00,FR,191.89,60129
2021-11-09T14:15:00+00:00,2021-11-09T15:15:00+01:00,NL,170,14731.9
2021-11-09T14:30:00+00:00,2021-11-09T15:30:00+01:00,AT,214.93,
2021-11-09T14:30:00+00:00,2021-11-09T15:30:00+01:00,BE,184.54,
2021-11-09T14:30:00+00:00,2021-11-09T15:30:00+01:00,CH,227.61,
2021-11-09T14:30:00+00:00,2021-11-09T15:30:00+01:00,DE-LU,170,69368.56
2021-11-09T14:30:00+00:00,2021-11-09T15:30:00+01:00,FR,191.89,60129
2021-11-09T14:30:00+00:00,2021-11-09T15:30:00+01:00,NL,170,14953.03
2021-11-09T14:45:00+00:00,2021-11-09T15:45:00+01:00,AT,214.93,
2021-11-09T14:45:00+00:00,2021-11-09T15:45:00+01:00,BE,184.54,
2021-11-09T14:45:00+00:00,2021-11-09T15:45:00+01:00,CH,227.61,
2021-11-09T14:45:00+00:00,2021-11-09T15:45:00+01:00,DE-LU,170,69261.86
2021-11-09T14:45:00+00:00,2021-11-09T15:45:00+01:00,FR,191.89,60129
2021-11-09T14:45:00+00:00,2021-11-09T15:45:00+01:00,NL,170,15126.43
2021-11-09T15:00:00+00:00,2021-11-09T16:00:00+01:00,AT,219.97,
2021-11-09T15:00:00+00:00,2021-11-09T16:00:00+01:00,BE,203.9,
2021-11-09T15:00:00+00:00,2021-11-09T16:00:00+01:00,CH,227.62,
2021-11-09T15:00:00+00:00,2021-11-09T16:00:00+01:00,DE-LU,203.9,69320.5
2021-11-09T15:00:00+00:00,2021-11-09T16:00:00+01:00,FR,212.41,59828
2021-11-09T15:00:00+00:00,2021-11-09T16:00:00+01:00,NL,203.9,15225.07
2021-11-09T15:15:00+00:00,2021-11-09T16:15:00+01:00,AT,219.97,
2021-11-09T15:15:00+00:00,2021-11-09T16:15:00+01:00,BE,203.9,
2021-11-09T15:15:00+00:00,2021-11-09T16:15:00+01:00,CH,227.62,
2021-11-09T15:15:00+00:00,2021-11-09T16:15:00+01:00,DE-LU,203.9,69723.98
2021-11-09T15:15:00+00:00,2021-11-09T16:15:00+01:00,FR,212.41,59828
2021-11-09T15:15:00+00:00,2021-11-09T16:15:00+01:00,NL,203.9,15356.26
2021-11-09T15:30:00+00:00,2021-11-09T16:30:00+01:00,AT,219.97,
2021-11-09T15:30:00+00:00,2021-11-09T16:30:00+01:00,BE,203.9,
2021-11-09T15:30:00+00:00,2021-11-09T16:30:00+01:00,CH,227.62,
2021-11-09T15:30:00+00:00,2021-11-09T16:30:00+01:00,DE-LU,203.9,70007.17
2021-11-09T15:30:00+00:00,2021-11-09T16:30:00+01:00,FR,212.41,59828
2021-11-09T15:30:00+00:00,2021-11-09T16:30:00+01:00,NL,203.9,15487.73
2021-11-09T15:45:00+00:00,2021-11-09T16:45:00+01:00,AT,219.97,
2021-11-09T15:45:00+00:00,2021-11-09T16:45:00+01:00,BE,203.9,
2021-11-09T15:45:00+00:00,2021-11-09T16:45:00+01:00,CH,227.62,
2021-11-09T15:45:00+00:00,2021-11-09T16:45:00+01:00,DE-LU,203.9,71133.57
2021-11-09T15:45:00+00:00,2021-11-09T16:45:00+01:00,FR,212.41,59828
2021-11-09T15:45:00+00:00,2021-11-09T16:45:00+01:00,NL,203.9,15747.6
2021-11-09T16:00:00+00:00,2021-11-09T17:00:00+01:00,AT,223.67,
2021-11-09T16:00:00+00:00,2021-11-09T17:00:00+01:00,BE,223.67,
2021-11-09T16:00:00+00:00,2021-11-09T17:00:00+01:00,CH,248.01,
2021-11-09T16:00:00+00:00,2021-11-09T17:00:00+01:00,DE-LU,223.67,72846.06
2021-11-09T16:00:00+00:00,2021-11-09T17:00:00+01:00,FR,223.67,63135
2021-11-09T16:00:00+00:00,2021-11-09T17:00:00+01:00,NL,223.67,16025.61
2021-11-09T16:15:00+00:00,2021-11-09T17:15:00+01:00,AT,223.67,
2021-11-09T16:15:00+00:00,2021-11-09T17:15:00+01:00,BE,223.67,
2021-11-09T16:15:00+00:00,2021-11-09T17:15:00+01:00,CH,248.01,
2021-11-09T16:15:00+00:00,2021-11-09T17:15:00+01:00,DE-LU,223.67,74002.04
2021-11-09T16:15:00+00:00,2021-11-09T17:15:00+01:00,FR,223.67,63135
2021-11-09T16:15:00+00:00,2021-11-09T17:15:00+01:00,NL,223.67,16446.71
2021-11-09T16:30:00+00:00,2021-11-09T17:30:00+01:00,AT,223.67,
2021-11-09T16:30:00+00:00,2021-11-09T17:30:00+01:00,BE,223.67,
2021-11-09T16:30:00+00:00,2021-11-09T17:30:00+01:00,CH,248.01,
2021-11-09T16:30:00+00:00,2021-11-09T17:30:00+01:00,DE-LU,223.67,74620.43
2021-11-09T16:30:00+00:00,2021-11-09T17:30:00+01:00,FR,223.67,63135
2021-11-09T16:30:00+00:00,2021-11-09T17:30:00+01:00,NL,223.67,16586.88
2021-11-09T16:45:00+00:00,2021-11-09T17:45:00+01:00,AT,223.67,
2021-11-09T16:45:00+00:00,2021-11-09T17:45:00+01:00,BE,223.67,
2021-11-09T16:45:00+00:00,2021-11-09T17:45:00+01:00,CH,248.01,
2021-11-09T16:45:00+00:00,2021-11-09T17:45:00+01:00,DE-LU,223.67,75158.63
2021-11-09T16:45:00+00:00,2021-11-09T17:45:00+01:00,FR,223.67,63135
2021-11-09T16:45:00+00:00,2021-11-09T17:45:00+01:00,NL,223.67,16514.08
2021-11-09T17:00:00+00:00,2021-11-09T18:00:00+01:00,AT,219.98,
2021-11-09T17:00:00+00:00,2021-11-09T18:00:00+01:00,BE,235.85,
2021-11-09T17:00:00+00:00,2021-11-09T18:00:00+01:00,CH,270.03,
2021-11-09T17:00:00+00:00,2021-11-09T18:00:00+01:00,DE-LU,190,74862.57
2021-11-09T17:00:00+00:00,2021-11-09T18:00:00+01:00,FR,255,68276
2021-11-09T17:00:00+00:00,2021-11-09T18:00:00+01:00,NL,215,16192.81
2021-11-09T17:15:00+00:00,2021-11-09T18:15:00+01:00,AT,219.98,
2021-11-09T17:15:00+00:00,2021-11-09T18:15:00+01:00,BE,235.85,
2021-11-09T17:15:00+00:00,2021-11-09T18:15:00+01:00,CH,270.03,
2021-11-09T17:15:00+00:00,2021-11-09T18:15:00+01:00,DE-LU,190,74639.18
2021-11-09T17:15:00+00:00,2021-11-09T18:15:00+01:00,FR,255,68276
2021-11-09T17:15:00+00:00,2021-11-09T18:15:00+01:00,NL,215,15920.85
2021-11-09T17:30:00+00:00,2021-11-09T18:30:00+01:00,AT,219.98,
2021-11-09T17:30:00+00:00,2021-11-09T18:30:00+01:00,BE,235.85,
2021-11-09T17:30:00+00:00,2021-11-09T18:30:00+01:00,CH,270.03,
2021-11-09T17:30:00+00:00,2021-11-09T18:30:00+01:00,DE-LU,190,74732.3
2021-11-09T17:30:00+00:00,2021-11-09T18:30:00+01:00,FR,255,68276
2021-11-09T17:30:00+00:00,2021-11-09T18:30:00+01:00,NL,215,15794.89
2021-11-09T17:45:00+00:00,2021-11-09T18:45:00+01:00,AT,219.98,
2021-11-09T17:45:00+00:00,2021-11-09T18:45:00+01:00,BE,235.85,
2021-11-09T17:45:00+00:00,2021-11-09T18:45:00+01:00,CH,270.03,
2021-11-09T17:45:00+00:00,2021-11-09T18:45:00+01:00,DE-LU,190,74599.16
2021-11-09T17:45:00+00:00,2021-11-09T18:45:00+01:00,FR,255,68276
2021-11-09T17:45:00+00:00,2021-11-09T18:45:00+01:00,NL,215,15697.96
2021-11-09T18:00:00+00:00,2021-11-09T19:00:00+01:00,AT,214.93,
2021-11-09T18:00:00+00:00,2021-11-09T19:00:00+01:00,BE,223.05,
2021-11-09T18:00:00+00:00,2021-11-09T19:00:00+01:00,CH,250.04,
2021-11-09T18:00:00+00:00,2021-11-09T19:00:00+01:00,DE-LU,184.56,74417.48
2021-11-09T18:00:00+00:00,2021-11-09T19:00:00+01:00,FR,239.44,69064
2021-11-09T18:00:00+00:00,2021-11-09T19:00:00+01:00,NL,181,15553.18
2021-11-09T18:15:00+00:00,2021-11-09T19:15:00+01:00,AT,214.93,
2021-11-09T18:15:00+00:00,2021-11-09T19:15:00+01:00,BE,223.05,
2021-11-09T18:15:00+00:00,2021-11-09T19:15:00+01:00,CH,250.04,
2021-11-09T18:15:00+00:00,2021-11-09T19:15:00+01:00,DE-LU,184.56,73769.49
2021-11-09T18:15:00+00:00,2021-11-09T19:15:00+01:00,FR,239.44,69064
2021-11-09T18:15:00+00:00,2021-11-09T19:15:00+01:00,NL,181,15403.08
2021-11-09T18:30:00+00:00,2021-11-09T19:30:00+01:00,AT,214.93,
2021-11-09T18:30:00+00:00,2021-11-09T19:30:00+01:00,BE,223.05,
2021-11-09T18:30:00+00:00,2021-11-09T19:30:00+01:00,CH,250.04,
2021-11-09T18:30:00+00:00,2021-11-09T19:30:00+01:00,DE-LU,184.56,72952.82
2021-11-09T18:30:00+00:00,2021-11-09T19:30:00+01:00,FR,239.44,69064
2021-11-09T18:30:00+00:00,2021-11-09T19:30:00+01:00,NL,181,15249.46
2021-11-09T18:45:00+00:00,2021-11-09T19:45:00+01:00,AT,214.93,
2021-11-09T18:45:00+00:00,2021-11-09T19:45:00+01:00,BE,223.05,
2021-11-09T18:45:00+00:00,2021-11-09T19:45:00+01:00,CH,250.04,
2021-11-09T18:45:00+00:00,2021-11-09T19:45:00+01:00,DE-LU,184.56,72437.58
2021-11-09T18:45:00+00:00,2021-11-09T19:45:00+01:00,FR,239.44,69064
2021-11-09T18:45:00+00:00,2021-11-09T19:45:00+01:00,NL,181,15118.13
2021-11-09T19:00:00+00:00,2021-11-09T20:00:00+01:00,AT,187.08,
2021-11-09T19:00:00+00:00,2021-11-09T20:00:00+01:00,BE,194.87,
2021-11-09T19:00:00+00:00,2021-11-09T20:00:00+01:00,CH,230.01,
2021-11-09T19:00:00+00:00,2021-11-09T20:00:00+01:00,DE-LU,141.62,71430.44
2021-11-09T19:00:00+00:00,2021-11-09T20:00:00+01:00,FR,218.4,65246
2021-11-09T19:00:00+00:00,2021-11-09T20:00:00+01:00,NL,152.3,14937.21
2021-11-09T19:15:00+00:00,2021-11-09T20:15:00+01:00,AT,187.08,
2021-11-09T19:15:00+00:00,2021-11-09T20:15:00+01:00,BE,194.87,
2021-11-09T19:15:00+00:00,2021-11-09T20:15:00+01:00,CH,230.01,
2021-11-09T19:15:00+00:00,2021-11-09T20:15:00+01:00,DE-LU,141.62,70103.84
2021-11-09T19:15:00+00:00,2021-11-09T20:15:00+01:00,FR,218.4,65246
2021-11-09T19:15:00+00:00,2021-11-09T20:15:00+01:00,NL,152.3,14756.09
2021-11-09T19:30:00+00:00,2021-11-09T20:30:00+01:00,AT,187.08,
2021-11-09T19:30:00+00:00,2021-11-09T20:30:00+01:00,BE,194.87,
2021-11-09T19:30:00+00:00,2021-11-09T20:30:00+01:00,CH,230.01,
2021-11-09T19:30:00+00:00,2021-11-09T20:30:00+01:00,DE-LU,141.62,68960.32
2021-11-09T19:30:00+00:00,2021-11-09T20:30:00+01:00,FR,218.4,65246
2021-11-09T19:30:00+00:00,2021-11-09T20:30:00+01:00,NL,152.3,14584.46
2021-11-09T19:45:00+00:00,2021-11-09T20:45:00+01:00,AT,187.08,
2021-11-09T19:45:00+00:00,2021-11-09T20:45:00+01:00,BE,194.87,
2021-11-09T19:45:00+00:00,2021-11-09T20:45:00+01:00,CH,230.01,
2021-11-09T19:45:00+00:00,2021-11-09T20:45:00+01:00,DE-LU,141.62,67904.73
2021-11-09T19:45:00+00:00,2021-11-09T20:45:00+01:00,FR,218.4,65246
2021-11-09T19:45:00+00:00,2021-11-09T20:45:00+01:00,NL,152.3,14458.89
2021-11-09T20:00:00+00:00,2021-11-09T21:00:00+01:00,AT,157.6,
2021-11-09T20:00:00+00:00,2021-11-09T21:00:00+01:00,BE,181.12,
2021-11-09T20:00:00+00:00,2021-11-09T21:00:00+01:00,CH,212.23,
2021-11-09T20:00:00+00:00,2021-11-09T21:00:00+01:00,DE-LU,141.72,66986.68
2021-11-09T20:00:00+00:00,2021-11-09T21:00:00+01:00,FR,197.52,62174
2021-11-09T20:00:00+00:00,2021-11-09T21:00:00+01:00,NL,152.1,14179.31
2021-11-09T20:15:00+00:00,2021-11-09T21:15:00+01:00,AT,157.6,
2021-11-09T20:15:00+00:00,2021-11-09T21:15:00+01:00,BE,181.12,
2021-11-09T20:15:00+00:00,2021-11-09T21:15:00+01:00,CH,212.23,
2021-11-09T20:15:00+00:00,2021-11-09T21:15:00+01:00,DE-LU,141.72,66123.28
2021-11-09T20:15:00+00:00,2021-11-09T21:15:00+01:00,FR,197.52,62174
2021-11-09T20:15:00+00:00,2021-11-09T21:15:00+01:00,NL,152.1,14004.52
2021-11-09T20:30:00+00:00,2021-11-09T21:30:00+01:00,AT,157.6,
2021-11-09T20:30:00+00:00,2021-11-09T21:30:00+01:00,BE,181.12,
2021-11-09T20:30:00+00:00,2021-11-09T21:30:00+01:00,CH,212.23,
2021-11-09T20:30:00+00:00,2021-11-09T21:30:00+01:00,DE-LU,141.72,64994.56
2021-11-09T20:30:00+00:00,2021-11-09T21:30:00+01:00,FR,197.52,62174
2021-11-09T20:30:00+00:00,2021-11-09T21:30:00+01:00,NL,152.1,13749.02
2021-11-09T20:45:00+00:00,2021-11-09T21:45:00+01:00,AT,157.6,
2021-11-09T20:45:00+00:00,2021-11-09T21:45:00+01:00,BE,181.12,
2021-11-09T20:45:00+00:00,2021-11-09T21:45:00+01:00,CH,212.23,
2021-11-09T20:45:00+00:00,2021-11-09T21:45:00+01:00,DE-LU,141.72,64003.22
2021-11-09T20:45:00+00:00,2021-11-09T21:45:00+01:00,FR,197.52,62174
2021-11-09T20:45:00+00:00,2021-11-09T21:45:00+01:00,NL,152.1,13531.43
2021-11-09T21:00:00+00:00,2021-11-09T22:00:00+01:00,AT,152.04,
2021-11-09T21:00:00+00:00,2021-11-09T22:00:00+01:00,BE,174.95,
2021-11-09T21:00:00+00:00,2021-11-09T22:00:00+01:00,CH,204.86,
2021-11-09T21:00:00+00:00,2021-11-09T22:00:00+01:00,DE-LU,138.14,63378.58
2021-11-09T21:00:00+00:00,2021-11-09T22:00:00+01:00,FR,191,61845
2021-11-09T21:00:00+00:00,2021-11-09T22:00:00+01:00,NL,152.2,13235.6
2021-11-09T21:15:00+00:00,2021-11-09T22:15:00+01:00,AT,152.04,
2021-11-09T21:15:00+00:00,2021-11-09T22:15:00+01:00,BE,174.95,
2021-11-09T21:15:00+00:00,2021-11-09T22:15:00+01:00,CH,204.86,
2021-11-09T21:15:00+00:00,2021-11-09T22:15:00+01:00,DE-LU,138.14,62587.51
2021-11-09T21:15:00+00:00,2021-11-09T22:15:00+01:00,FR,191,61845
2021-11-09T21:15:00+00:00,2021-11-09T22:15:00+01:00,NL,152.2,13013.38
2021-11-09T21:30:00+00:00,2021-11-09T22:30:00+01:00,AT,152.04,
2021-11-09T21:30:00+00:00,2021-11-09T22:30:00+01:00,BE,174.95,
2021-11-09T21:30:00+00:00,2021-11-09T22:30:00+01:00,CH,204.86,
2021-11-09T21:30:00+00:00,2021-11-09T22:30:00+01:00,DE-LU,138.14,61719.82
2021-11-09T21:30:00+00:00,2021-11-09T22:30:00+01:00,FR,191,61845
2021-11-09T21:30:00+00:00,2021-11-09T22:30:00+01:00,NL,152.2,12762.09
2021-11-09T21:45:00+00:00,2021-11-09T22:45:00+01:00,AT,152.04,
2021-11-09T21:45:00+00:00,2021-11-09T22:45:00+01:00,BE,174.95,
2021-11-09T21:45:00+00:00,2021-11-09T22:45:00+01:00,CH,204.86,
2021-11-09T21:45:00+00:00,2021-11-09T22:45:00+01:00,DE-LU,138.14,60650.44
2021-11-09T21:45:00+00:00,2021-11-09T22:45:00+01:00,FR,191,61845
2021-11-09T21:45:00+00:00,2021-11-09T22:45:00+01:00,NL,152.2,12596.55
2021-11-09T22:00:00+00:00,2021-11-09T23:00:00+01:00,AT,135.07,
2021-11-09T22:00:00+00:00,2021-11-09T23:00:00+01:00,BE,175,
2021-11-09T22:00:00+00:00,2021-11-09T23:00:00+01:00,CH,197.42,
2021-11-09T22:00:00+00:00,2021-11-09T23:00:00+01:00,DE-LU,120.06,59911.97
2021-11-09T22:00:00+00:00,2021-11-09T23:00:00+01:00,FR,188.19,62247
2021-11-09T22:00:00+00:00,2021-11-09T23:00:00+01:00,NL,152.3,12406.44
2021-11-09T22:15:00+00:00,2021-11-09T23:15:00+01:00,AT,135.07,
2021-11-09T22:15:00+00:00,2021-11-09T23:15:00+01:00,BE,175,
2021-11-09T22:15:00+00:00,2021-11-09T23:15:00+01:00,CH,197.42,
2021-11-09T22:15:00+00:00,2021-11-09T23:15:00+01:00,DE-LU,120.06,58670.06
2021-11-09T22:15:00+00:00,2021-11-09T23:15:00+01:00,FR,188.19,62247
2021-11-09T22:15:00+00:00,2021-11-09T23:15:00+01:00,NL,152.3,12217.47
2021-11-09T22:30:00+00:00,2021-11-09T23:30:00+01:00,AT,135.07,
2021-11-09T22:30:00+00:00,2021-11-09T23:30:00+01:00,BE,175,
2021-11-09T22:30:00+00:00,2021-11-09T23:30:00+01:00,CH,197.42,
2021-11-09T22:30:00+00:00,2021-11-09T23:30:00+01:00,DE-LU,120.06,57856.32
2021-11-09T22:30:00+00:00,2021-11-09T23:30:00+01:00,FR,188.19,62247
2021-11-09T22:30:00+00:00,2021-11-09T23:30:00+01:00,NL,152.3,11955.42
2021-11-09T22:45:00+00:00,2021-11-09T23:45:00+01:00,AT,135.07,
2021-11-09T22:45:00+00:00,2021-11-09T23:45:00+01:00,BE,175,
2021-11-09T22:45:00+00:00,2021-11-09T23:45:00+01:00,CH,197.42,
2021-11-09T22:45:00+00:00,2021-11-09T23:45:00+01:00,DE-LU,120.06,56928.8
2021-11-09T22:45:00+00:00,2021-11-09T23:45:00+01:00,FR,188.19,62247
2021-11-09T22:45:00+00:00,2021-11-09T23:45:00+01:00,NL,152.3,11783.67
2021-11-09T23:00:00+00:00,2021-11-10T00:00:00+01:00,AT,93.74,
2021-11-09T23:00:00+00:00,2021-11-10T00:00:00+01:00,BE,187.01,
2021-11-09T23:00:00+00:00,2021-11-10T00:00:00+01:00,CH,177.14,
2021-11-09T23:00:00+00:00,2021-11-10T00:00:00+01:00,DE-LU,93.74,56001.35
2021-11-09T23:00:00+00:00,2021-11-10T00:00:00+01:00,FR,187.01,59546
2021-11-09T23:00:00+00:00,2021-11-10T00:00:00+01:00,NL,93.74,11702.39
2021-11-09T23:15:00+00:00,2021-11-10T00:15:00+01:00,AT,93.74,
2021-11-09T23:15:00+00:00,2021-11-10T00:15:00+01:00,BE,187.01,
2021-11-09T23:15:00+00:00,2021-11-10T00:15:00+01:00,CH,177.14,
2021-11-09T23:15:00+00:00,2021-11-10T00:15:00+01:00,DE-LU,93.74,55287.71
2021-11-09T23:15:00+00:00,2021-11-10T00:15:00+01:00,FR,187.01,59546
2021-11-09T23:15:00+00:00,2021-11-10T00:15:00+01:00,NL,93.74,11639.4
2021-11-09T23:30:00+00:00,2021-11-10T00:30:00+01:00,AT,93.74,
2021-11-09T23:30:00+00:00,2021-11-10T00:30:00+01:00,BE,187.01,
2021-11-09T23:30:00+00:00,2021-11-10T00:30:00+01:00,CH,177.14,
2021-11-09T23:30:00+00:00,2021-11-10T00:30:00+01:00,DE-LU,93.74,54980.72
2021-11-09T23:30:00+00:00,2021-11-10T00:30:00+01:00,FR,187.01,59546
2021-11-09T23:30:00+00:00,2021-11-10T00:30:00+01:00,NL,93.74,11587.12
2021-11-09T23:45:00+00:00,2021-11-10T00:45:00+01:00,AT,93.74,
2021-11-09T23:45:00+00:00,2021-11-10T00:45:00+01:00,BE,187.01,
2021-11-09T23:45:00+00:00,2021-11-10T00:45:00+01:00,CH,177.14,
2021-11-09T23:45:00+00:00,2021-11-10T00:45:00+01:00,DE-LU,93.74,54393
2021-11-09T23:45:00+00:00,2021-11-10T00:45:00+01:00,FR,187.01,59546
2021-11-09T23:45:00+00:00,2021-11-10T00:45:00+01:00,NL,93.74,11451.47
2021-11-10T00:00:00+00:00,2021-11-10T01:00:00+01:00,AT,94.95,
2021-11-10T00:00:00+00:00,2021-11-10T01:00:00+01:00,BE,175.9,
2021-11-10T00:00:00+00:00,2021-11-10T01:00:00+01:00,CH,173.5,
2021-11-10T00:00:00+00:00,2021-11-10T01:00:00+01:00,DE-LU,94.95,53803.13
2021-11-10T00:00:00+00:00,2021-11-10T01:00:00+01:00,FR,180.91,57669
2021-11-10T00:00:00+00:00,2021-11-10T01:00:00+01:00,NL,99.9,11374.76
2021-11-10T00:15:00+00:00,2021-11-10T01:15:00+01:00,AT,94.95,
2021-11-10T00:15:00+00:00,2021-11-10T01:15:00+01:00,BE,175.9,
2021-11-10T00:15:00+00:00,2021-11-10T01:15:00+01:00,CH,173.5,
2021-11-10T00:15:00+00:00,2021-11-10T01:15:00+01:00,DE-LU,94.95,53525.51
2021-11-10T00:15:00+00:00,2021-11-10T01:15:00+01:00,FR,180.91,57669
2021-11-10T00:15:00+00:00,2021-11-10T01:15:00+01:00,NL,99.9,11322.74
2021-11-10T00:30:00+00:00,2021-11-10T01:30:00+01:00,AT,94.95,
2021-11-10T00:30:00+00:00,2021-11-10T01:30:00+01:00,BE,175.9,
2021-11-10T00:30:00+00:00,2021-11-10T01:30:00+01:00,CH,173.5,
2021-11-10T00:30:00+00:00,2021-11-10T01:30:00+01:00,DE-LU,94.95,53280.8
2021-11-10T00:30:00+00:00,2021-11-10T01:30:00+01:00,FR,180.91,57669
2021-11-10T00:30:00+00:00,2021-11-10T01:30:00+01:00,NL,99.9,11224.61
2021-11-10T00:45:00+00:00,2021-11-10T01:45:00+01:00,AT,94.95,
2021-11-10T00:45:00+00:00,2021-11-10T01:45:00+01:00,BE,175.9,
2021-11-10T00:45:00+00:00,2021-11-10T01:45:00+01:00,CH,173.5,
2021-11-10T00:45:00+00:00,2021-11-10T01:45:00+01:00,DE-LU,94.95,53055.87
2021-11-10T00:45:00+00:00,2021-11-10T01:45:00+01:00,FR,180.91,57669
2021-11-10T00:45:00+00:00,2021-11-10T01:45:00+01:00,NL,99.9,11158.95
2021-11-10T01:00:00+00:00,2021-11-10T02:00:00+01:00,AT,94.86,
2021-11-10T01:00:00+00:00,2021-11-10T02:00:00+01:00,BE,172,
2021-11-10T01:00:00+00:00,2021-11-10T02:00:00+01:00,CH,171.94,
2021-11-10T01:00:00+00:00,2021-11-10T02:00:00+01:00,DE-LU,94.86,52914.04
2021-11-10T01:00:00+00:00,2021-11-10T02:00:00+01:00,FR,179.5,56607
2021-11-10T01:00:00+00:00,2021-11-10T02:00:00+01:00,NL,94.86,11116
2021-11-10T01:15:00+00:00,2021-11-10T02:15:00+01:00,AT,94.86,
2021-11-10T01:15:00+00:00,2021-11-10T02:15:00+01:00,BE,172,
2021-11-10T01:15:00+00:00,2021-11-10T02:15:00+01:00,CH,171.94,
2021-11-10T01:15:00+00:00,2021-11-10T02:15:00+01:00,DE-LU,94.86,52720.53
2021-11-10T01:15:00+00:00,2021-11-10T02:15:00+01:00,FR,179.5,56607
2021-11-10T01:15:00+00:00,2021-11-10T02:15:00+01:00,NL,94.86,11084.55
2021-11-10T01:30:00+00:00,2021-11-10T02:30:00+01:00,AT,94.86,
2021-11-10T01:30:00+00:00,2021-11-10T02:30:00+01:00,BE,172,
2021-11-10T01:30:00+00:00,2021-11-10T02:30:00+01:00,CH,171.94,
2021-11-10T01:30:00+00:00,2021-11-10T02:30:00+01:00,DE-LU,94.86,52786.36
2021-11-10T01:30:00+00:00,2021-11-10T02:30:00+01:00,FR,179.5,56607
2021-11-10T01:30:00+00:00,2021-11-10T02:30:00+01:00,NL,94.86,11044.07
2021-11-10T01:45:00+00:00,2021-11-10T02:45:00+01:00,AT,94.86,
2021-11-10T01:45:00+00:00,2021-11-10T02:45:00+01:00,BE,172,
2021-11-10T01:45:00+00:00,2021-11-10T02:45:00+01:00,CH,171.94,
2021-11-10T01:45:00+00:00,2021-11-10T02:45:00+01:00,DE-LU,94.86,52744.73
2021-11-10T01:45:00+00:00,2021-11-10T02:45:00+01:00,FR,179.5,56607
2021-11-10T01:45:00+00:00,2021-11-10T02:45:00+01:00,NL,94.86,11010.02
2021-11-10T02:00:00+00:00,2021-11-10T03:00:00+01:00,AT,95.95,
2021-11-10T02:00:00+00:00,2021-11-10T03:00:00+01:00,BE,167.6,
2021-11-10T02:00:00+00:00,2021-11-10T03:00:00+01:00,CH,166.43,
2021-11-10T02:00:00+00:00,2021-11-10T03:00:00+01:00,DE-LU,95.95,52898.99
2021-11-10T02:00:00+00:00,2021-11-10T03:00:00+01:00,FR,171.81,54712
2021-11-10T02:00:00+00:00,2021-11-10T03:00:00+01:00,NL,95.95,10976.01
2021-11-10T02:15:00+00:00,2021-11-10T03:15:00+01:00,AT,95.95,
2021-11-10T02:15:00+00:00,2021-11-10T03:15:00+01:00,BE,167.6,
2021-11-10T02:15:00+00:00,2021-11-10T03:15:00+01:00,CH,166.43,
2021-11-10T02:15:00+00:00,2021-11-10T03:15:00+01:00,DE-LU,95.95,52765.79
2021-11-10T02:15:00+00:00,2021-11-10T03:15:00+01:00,FR,171.81,54712
2021-11-10T02:15:00+00:00,2021-11-10T03:15:00+01:00,NL,95.95,10951.15
2021-11-10T02:30:00+00:00,2021-11-10T03:30:00+01:00,AT,95.95,
2021-11-10T02:30:00+00:00,2021-11-10T03:30:00+01:00,BE,167.6,
2021-11-10T02:30:00+00:00,2021-11-10T03:30:00+01:00,CH,166.43,
2021-11-10T02:30:00+00:00,2021-11-10T03:30:00+01:00,DE-LU,95.95,52954.83
2021-11-10T02:30:00+00:00,2021-11-10T03:30:00+01:00,FR,171.81,54712
2021-11-10T02:30:00+00:00,2021-11-10T03:30:00+01:00,NL,95.95,10940.8
2021-11-10T02:45:00+00:00,2021-11-10T03:45:00+01:00,AT,95.95,
2021-11-10T02:45:00+00:00,2021-11-10T03:45:00+01:00,BE,167.6,
2021-11-10T02:45:00+00:00,2021-11-10T03:45:00+01:00,CH,166.43,
2021-11-10T02:45:00+00:00,2021-11-10T03:45:00+01:00,DE-LU,95.95,52872.41
2021-11-10T02:45:00+00:00,2021-11-10T03:45:00+01:00,FR,171.81,54712
2021-11-10T02:45:00+00:00,2021-11-10T03:45:00+01:00,NL,95.95,10863.98
2021-11-10T03:00:00+00:00,2021-11-10T04:00:00+01:00,AT,115.5,
2021-11-10T03:00:00+00:00,2021-11-10T04:00:00+01:00,BE,171,
2021-11-10T03:00:00+00:00,2021-11-10T04:00:00+01:00,CH,165.51,
2021-11-10T03:00:00+00:00,2021-11-10T04:00:00+01:00,DE-LU,115.5,53549.45
2021-11-10T03:00:00+00:00,2021-11-10T04:00:00+01:00,FR,173.25,54435
2021-11-10T03:00:00+00:00,2021-11-10T04:00:00+01:00,NL,115.5,10907.52
2021-11-10T03:15:00+00:00,2021-11-10T04:15:00+01:00,AT,115.5,
2021-11-10T03:15:00+00:00,2021-11-10T04:15:00+01:00,BE,171,
2021-11-10T03:15:00+00:00,2021-11-10T04:15:00+01:00,CH,165.51,
2021-11-10T03:15:00+00:00,2021-11-10T04:15:00+01:00,DE-LU,115.5,53721.54
2021-11-10T03:15:00+00:00,2021-11-10T04:15:00+01:00,FR,173.25,54435
2021-11-10T03:15:00+00:00,2021-11-10T04:15:00+01:00,NL,115.5,10867.51
2021-11-10T03:30:00+00:00,2021-11-10T04:30:00+01:00,AT,115.5,
2021-11-10T03:30:00+00:00,2021-11-10T04:30:00+01:00,BE,171,
2021-11-10T03:30:00+00:00,2021-11-10T04:30:00+01:00,CH,165.51,
2021-11-10T03:30:00+00:00,2021-11-10T04:30:00+01:00,DE-LU,115.5,54294.84
2021-11-10T03:30:00+00:00,2021-11-10T04:30:00+01:00,FR,173.25,54435
2021-11-10T03:30:00+00:00,2021-11-10T04:30:00+01:00,NL,115.5,10877.91
2021-11-10T03:45:00+00:00,2021-11-10T04:45:00+01:00,AT,115.5,
2021-11-10T03:45:00+00:00,2021-11-10T04:45:00+01:00,BE,171,
2021-11-10T03:45:00+00:00,2021-11-10T04:45:00+01:00,CH,165.51,
2021-11-10T03:45:00+00:00,2021-11-10T04:45:00+01:00,DE-LU,115.5,54893.71
2021-11-10T03:45:00+00:00,2021-11-10T04:45:00+01:00,FR,173.25,54435
2021-11-10T03:45:00+00:00,2021-11-10T04:45:00+01:00,NL,115.5,10937.27
2021-11-10T04:00:00+00:00,2021-11-10T05:00:00+01:00,AT,140.05,
2021-11-10T04:00:00+00:00,2021-11-10T05:00:00+01:00,BE,182.6,
2021-11-10T04:00:00+00:00,2021-11-10T05:00:00+01:00,CH,176.12,
2021-11-10T04:00:00+00:00,2021-11-10T05:00:00+01:00,DE-LU,140.05,56669.05
2021-11-10T04:00:00+00:00,2021-11-10T05:00:00+01:00,FR,182.6,57287
2021-11-10T04:00:00+00:00,2021-11-10T05:00:00+01:00,NL,140.05,11004.82
2021-11-10T04:15:00+00:00,2021-11-10T05:15:00+01:00,AT,140.05,
2021-11-10T04:15:00+00:00,2021-11-10T05:15:00+01:00,BE,182.6,
2021-11-10T04:15:00+00:00,2021-11-10T05:15:00+01:00,CH,176.12,
2021-11-10T04:15:00+00:00,2021-11-10T05:15:00+01:00,DE-LU,140.05,57158.76
2021-11-10T04:15:00+00:00,2021-11-10T05:15:00+01:00,FR,182.6,57287
2021-11-10T04:15:00+00:00,2021-11-10T05:15:00+01:00,NL,140.05,11173.21
2021-11-10T04:30:00+00:00,2021-11-10T05:30:00+01:00,AT,140.05,
2021-11-10T04:30:00+00:00,2021-11-10T05:30:00+01:00,BE,182.6,
2021-11-10T04:30:00+00:00,2021-11-10T05:30:00+01:00,CH,176.12,
2021-11-10T04:30:00+00:00,2021-11-10T05:30:00+01:00,DE-LU,140.05,58251.87
2021-11-10T04:30:00+00:00,2021-11-10T05:30:00+01:00,FR,182.6,57287
2021-11-10T04:30:00+00:00,2021-11-10T05:30:00+01:00,NL,140.05,11365.39
2021-11-10T04:45:00+00:00,2021-11-10T05:45:00+01:00,AT,140.05,
2021-11-10T04:45:00+00:00,2021-11-10T05:45:00+01:00,BE,182.6,
2021-11-10T04:45:00+00:00,2021-11-10T05:45:00+01:00,CH,176.12,
2021-11-10T04:45:00+00:00,2021-11-10T05:45:00+01:00,DE-LU,140.05,59920.41
2021-11-10T04:45:00+00:00,2021-11-10T05:45:00+01:00,FR,182.6,57287
2021-11-10T04:45:00+00:00,2021-11-10T05:45:00+01:00,NL,140.05,11549.83
2021-11-10T05:00:00+00:00,2021-11-10T06:00:00+01:00,AT,175,
2021-11-10T05:00:00+00:00,2021-11-10T06:00:00+01:00,BE,181,
2021-11-10T05:00:00+00:00,2021-11-10T06:00:00+01:00,CH,199.95,
2021-11-10T05:00:00+00:00,2021-11-10T06:00:00+01:00,DE-LU,175,62539.4
2021-11-10T05:00:00+00:00,2021-11-10T06:00:00+01:00,FR,221.33,62768
2021-11-10T05:00:00+00:00,2021-11-10T06:00:00+01:00,NL,175,11887.83
2021-11-10T05:15:00+00:00,2021-11-10T06:15:00+01:00,AT,175,
2021-11-10T05:15:00+00:00,2021-11-10T06:15:00+01:00,BE,181,
2021-11-10T05:15:00+00:00,2021-11-10T06:15:00+01:00,CH,199.95,
2021-11-10T05:15:00+00:00,2021-11-10T06:15:00+01:00,DE-LU,175,64598.74
2021-11-10T05:15:00+00:00,2021-11-10T06:15:00+01:00,FR,221.33,62768
2021-11-10T05:15:00+00:00,2021-11-10T06:15:00+01:00,NL,175,12060.51
2021-11-10T05:30:00+00:00,2021-11-10T06:30:00+01:00,AT,175,
2021-11-10T05:30:00+00:00,2021-11-10T06:30:00+01:00,BE,181,
2021-11-10T05:30:00+00:00,2021-11-10T06:30:00+01:00,CH,199.95,
2021-11-10T05:30:00+00:00,2021-11-10T06:30:00+01:00,DE-LU,175,66275.28
2021-11-10T05:30:00+00:00,2021-11-10T06:30:00+01:00,FR,221.33,62768
2021-11-10T05:30:00+00:00,2021-11-10T06:30:00+01:00,NL,175,12351.29
2021-11-10T05:45:00+00:00,2021-11-10T06:45:00+01:00,AT,175,
2021-11-10T05:45:00+00:00,2021-11-10T06:45:00+01:00,BE,181,
2021-11-10T05:45:00+00:00,2021-11-10T06:45:00+01:00,CH,199.95,
2021-11-10T05:45:00+00:00,2021-11-10T06:45:00+01:00,DE-LU,175,67855.45
2021-11-10T05:45:00+00:00,2021-11-10T06:45:00+01:00,FR,221.33,62768
2021-11-10T05:45:00+00:00,2021-11-10T06:45:00+01:00,NL,175,12746.97
2021-11-10T06:00:00+00:00,2021-11-10T07:00:00+01:00,AT,204.98,
2021-11-10T06:00:00+00:00,2021-11-10T07:00:00+01:00,BE,204.98,
2021-11-10T06:00:00+00:00,2021-11-10T07:00:00+01:00,CH,233.13,
2021-11-10T06:00:00+00:00,2021-11-10T07:00:00+01:00,DE-LU,204.98,69652.46
2021-11-10T06:00:00+00:00,2021-11-10T07:00:00+01:00,FR,245.97,67482
2021-11-10T06:00:00+00:00,2021-11-10T07:00:00+01:00,NL,204.98,13259.36
2021-11-10T06:15:00+00:00,2021-11-10T07:15:00+01:00,AT,204.98,
2021-11-10T06:15:00+00:00,2021-11-10T07:15:00+01:00,BE,204.98,
2021-11-10T06:15:00+00:00,2021-11-10T07:15:00+01:00,CH,233.13,
2021-11-10T06:15:00+00:00,2021-11-10T07:15:00+01:00,DE-LU,204.98,70264.69
2021-11-10T06:15:00+00:00,2021-11-10T07:15:00+01:00,FR,245.97,67482
2021-11-10T06:15:00+00:00,2021-11-10T07:15:00+01:00,NL,204.98,13746.91
2021-11-10T06:30:00+00:00,2021-11-10T07:30:00+01:00,AT,204.98,
2021-11-10T06:30:00+00:00,2021-11-10T07:30:00+01:00,BE,204.98,
2021-11-10T06:30:00+00:00,2021-11-10T07:30:00+01:00,CH,233.13,
2021-11-10T06:30:00+00:00,2021-11-10T07:30:00+01:00,DE-LU,204.98,70755.42
2021-11-10T06:30:00+00:00,2021-11-10T07:30:00+01:00,FR,245.97,67482
2021-11-10T06:30:00+00:00,2021-11-10T07:30:00+01:00,NL,204.98,14209.04
2021-11-10T06:45:00+00:00,2021-11-10T07:45:00+01:00,AT,204.98,
2021-11-10T06:45:00+00:00,2021-11-10T07:45:00+01:00,BE,204.98,
2021-11-10T06:45:00+00:00,2021-11-10T07:45:00+01:00,CH,233.13,
2021-11-10T06:45:00+00:00,2021-11-10T07:45:00+01:00,DE-LU,204.98,71574.4
2021-11-10T06:45:00+00:00,2021-11-10T07:45:00+01:00,FR,245.97,67482
2021-11-10T06:45:00+00:00,2021-11-10T07:45:00+01:00,NL,204.98,14467.1
2021-11-10T07:00:00+00:00,2021-11-10T08:00:00+01:00,AT,200.1,
2021-11-10T07:00:00+00:00,2021-11-10T08:00:00+01:00,BE,212.8,
2021-11-10T07:00:00+00:00,2021-11-10T08:00:00+01:00,CH,247.38,
2021-11-10T07:00:00+00:00,2021-11-10T08:00:00+01:00,DE-LU,200.1,72334.76
2021-11-10T07:00:00+00:00,2021-11-10T08:00:00+01:00,FR,269.68,69558
2021-11-10T07:00:00+00:00,2021-11-10T08:00:00+01:00,NL,200.1,14708.96
2021-11-10T07:15:00+00:00,2021-11-10T08:15:00+01:00,AT,200.1,
2021-11-10T07:15:00+00:00,2021-11-10T08:15:00+01:00,BE,212.8,
2021-11-10T07:15:00+00:00,2021-11-10T08:15:00+01:00,CH,247.38,
2021-11-10T07:15:00+00:00,2021-11-10T08:15:00+01:00,DE-LU,200.1,73200.59
2021-11-10T07:15:00+00:00,2021-11-10T08:15:00+01:00,FR,269.68,69558
2021-11-10T07:15:00+00:00,2021-11-10T08:15:00+01:00,NL,200.1,14908.25
2021-11-10T07:30:00+00:00,2021-11-10T08:30:00+01:00,AT,200.1,
2021-11-10T07:30:00+00:00,2021-11-10T08:30:00+01:00,BE,212.8,
2021-11-10T07:30:00+00:00,2021-11-10T08:30:00+01:00,CH,247.38,
2021-11-10T07:30:00+00:00,2021-11-10T08:30:00+01:00,DE-LU,200.1,73305.7
2021-11-10T07:30:00+00:00,2021-11-10T08:30:00+01:00,FR,269.68,69558
2021-11-10T07:30:00+00:00,2021-11-10T08:30:00+01:00,NL,200.1,14917.34
2021-11-10T07:45:00+00:00,2021-11-10T08:45:00+01:00,AT,200.1,
2021-11-10T07:45:00+00:00,2021-11-10T08:45:00+01:00,BE,212.8,
2021-11-10T07:45:00+00:00,2021-11-10T08:45:00+01:00,CH,247.38,
2021-11-10T07:45:00+00:00,2021-11-10T08:45:00+01:00,DE-LU,200.1,73365.47
2021-11-10T07:45:00+00:00,2021-11-10T08:45:00+01:00,FR,269.68,69558
2021-11-10T07:45:00+00:00,2021-11-10T08:45:00+01:00,NL,200.1,14987.95
2021-11-10T08:00:00+00:00,2021-11-10T09:00:00+01:00,AT,156.06,
2021-11-10T08:00:00+00:00,2021-11-10T09:00:00+01:00,BE,248.8,
2021-11-10T08:00:00+00:00,2021-11-10T09:00:00+01:00,CH,234.11,
2021-11-10T08:00:00+00:00,2021-11-10T09:00:00+01:00,DE-LU,156.06,72678.21
2021-11-10T08:00:00+00:00,2021-11-10T09:00:00+01:00,FR,274.05,70092
2021-11-10T08:00:00+00:00,2021-11-10T09:00:00+01:00,NL,156.06,15078.75
2021-11-10T08:15:00+00:00,2021-11-10T09:15:00+01:00,AT,156.06,
2021-11-10T08:15:00+00:00,2021-11-10T09:15:00+01:00,BE,248.8,
2021-11-10T08:15:00+00:00,2021-11-10T09:15:00+01:00,CH,234.11,
2021-11-10T08:15:00+00:00,2021-11-10T09:15:00+01:00,DE-LU,156.06,72922.07
2021-11-10T08:15:00+00:00,2021-11-10T09:15:00+01:00,FR,274.05,70092
2021-11-10T08:15:00+00:00,2021-11-10T09:15:00+01:00,NL,156.06,14967.29
2021-11-10T08:30:00+00:00,2021-11-10T09:30:00+01:00,AT,156.06,
2021-11-10T08:30:00+00:00,2021-11-10T09:30:00+01:00,BE,248.8,
2021-11-10T08:30:00+00:00,2021-11-10T09:30:00+01:00,CH,234.11,
2021-11-10T08:30:00+00:00,2021-11-10T09:30:00+01:00,DE-LU,156.06,72786.34
2021-11-10T08:30:00+00:00,2021-11-10T09:30:00+01:00,FR,274.05,70092
2021-11-10T08:30:00+00:00,2021-11-10T09:30:00+01:00,NL,156.06,14806.24
2021-11-10T08:45:00+00:00,2021-11-10T09:45:00+01:00,AT,156.06,
2021-11-10T08:45:00+00:00,2021-11-10T09:45:00+01:00,BE,248.8,
2021-11-10T08:45:00+00:00,2021-11-10T09:45:00+01:00,CH,234.11,
2021-11-10T08:45:00+00:00,2021-11-10T09:45:00+01:00,DE-LU,156.06,72655.98
2021-11-10T08:45:00+00:00,2021-11-10T09:45:00+01:00,FR,274.05,70092
2021-11-10T08:45:00+00:00,2021-11-10T09:45:00+01:00,NL,156.06,14816.88
2021-11-10T09:00:00+00:00,2021-11-10T10:00:00+01:00,AT,151.07,
2021-11-10T09:00:00+00:00,2021-11-10T10:00:00+01:00,BE,227.9,
2021-11-10T09:00:00+00:00,2021-11-10T10:00:00+01:00,CH,221.53,
2021-11-10T09:00:00+00:00,2021-11-10T10:00:00+01:00,DE-LU,148.14,73289.29
2021-11-10T09:00:00+00:00,2021-11-10T10:00:00+01:00,FR,263,69275
2021-11-10T09:00:00+00:00,2021-11-10T10:00:00+01:00,NL,148.14,14728.01
2021-11-10T09:15:00+00:00,2021-11-10T10:15:00+01:00,AT,151.07,
2021-11-10T09:15:00+00:00,2021-11-10T10:15:00+01:00,BE,227.9,
2021-11-10T09:15:00+00:00,2021-11-10T10:15:00+01:00,CH,221.53,
2021-11-10T09:15:00+00:00,2021-11-10T10:15:00+01:00,DE-LU,148.14,73220.1
2021-11-10T09:15:00+00:00,2021-11-10T10:15:00+01:00,FR,263,69275
2021-11-10T09:15:00+00:00,2021-11-10T10:15:00+01:00,NL,148.14,14564.71
2021-11-10T09:30:00+00:00,2021-11-10T10:30:00+01:00,AT,151.07,
2021-11-10T09:30:00+00:00,2021-11-10T10:30:00+01:00,BE,227.9,
2021-11-10T09:30:00+00:00,2021-11-10T10:30:00+01:00,CH,221.53,
2021-11-10T09:30:00+00:00,2021-11-10T10:30:00+01:00,DE-LU,148.14,73191.81
2021-11-10T09:30:00+00:00,2021-11-10T10:30:00+01:00,FR,263,69275
2021-11-10T09:30:00+00:00,2021-11-10T10:30:00+01:00,NL,148.14,14541.79
2021-11-10T09:45:00+00:00,2021-11-10T10:45:00+01:00,AT,151.07,
2021-11-10T09:45:00+00:00,2021-11-10T10:45:00+01:00,BE,227.9,
2021-11-10T09:45:00+00:00,2021-11-10T10:45:00+01:00,CH,221.53,
2021-11-10T09:45:00+00:00,2021-11-10T10:45:00+01:00,DE-LU,148.14,73572.67
2021-11-10T09:45:00+00:00,2021-11-10T10:45:00+01:00,FR,263,69275
2021-11-10T09:45:00+00:00,2021-11-10T10:45:00+01:00,NL,148.14,14474.83
2021-11-10T10:00:00+00:00,2021-11-10T11:00:00+01:00,AT,151.1,
2021-11-10T10:00:00+00:00,2021-11-10T11:00:00+01:00,BE,203.1,
2021-11-10T10:00:00+00:00,2021-11-10T11:00:00+01:00,CH,221.45,
2021-11-10T10:00:00+00:00,2021-11-10T11:00:00+01:00,DE-LU,150.2,74280.41
2021-11-10T10:00:00+00:00,2021-11-10T11:00:00+01:00,FR,265.51,68624
2021-11-10T10:00:00+00:00,2021-11-10T11:00:00+01:00,NL,150.2,14379.21
2021-11-10T10:15:00+00:00,2021-11-10T11:15:00+01:00,AT,151.1,
2021-11-10T10:15:00+00:00,2021-11-10T11:15:00+01:00,BE,203.1,
2021-11-10T10:15:00+00:00,2021-11-10T11:15:00+01:00,CH,221.45,
2021-11-10T10:15:00+00:00,2021-11-10T11:15:00+01:00,DE-LU,150.2,74180.56
2021-11-10T10:15:00+00:00,2021-11-10T11:15:00+01:00,FR,265.51,68624
2021-11-10T10:15:00+00:00,2021-11-10T11:15:00+01:00,NL,150.2,14314.47
2021-11-10T10:30:00+00:00,2021-11-10T11:30:00+01:00,AT,151.1,
2021-11-10T10:30:00+00:00,2021-11-10T11:30:00+01:00,BE,203.1,
2021-11-10T10:30:00+00:00,2021-11-10T11:30:00+01:00,CH,221.45,
2021-11-10T10:30:00+00:00,2021-11-10T11:30:00+01:00,DE-LU,150.2,74291.17
2021-11-10T10:30:00+00:00,2021-11-10T11:30:00+01:00,FR,265.51,68624
2021-11-10T10:30:00+00:00,2021-11-10T11:30:00+01:00,NL,150.2,14304.31
2021-11-10T10:45:00+00:00,2021-11-10T11:45:00+01:00,AT,151.1,
2021-11-10T10:45:00+00:00,2021-11-10T11:45:00+01:00,BE,203.1,
2021-11-10T10:45:00+00:00,2021-11-10T11:45:00+01:00,CH,221.45,
2021-11-10T10:45:00+00:00,2021-11-10T11:45:00+01:00,DE-LU,150.2,74241.82
2021-11-10T10:45:00+00:00,2021-11-10T11:45:00+01:00,FR,265.51,68624
2021-11-10T10:45:00+00:00,2021-11-10T11:45:00+01:00,NL,150.2,14406.26
2021-11-10T11:00:00+00:00,2021-11-10T12:00:00+01:00,AT,154.21,
2021-11-10T11:00:00+00:00,2021-11-10T12:00:00+01:00,BE,195.3,
2021-11-10T11:00:00+00:00,2021-11-10T12:00:00+01:00,CH,214.73,
2021-11-10T11:00:00+00:00,2021-11-10T12:00:00+01:00,DE-LU,154.21,73766.29
2021-11-10T11:00:00+00:00,2021-11-10T12:00:00+01:00,FR,252.24,68839
2021-11-10T11:00:00+00:00,2021-11-10T12:00:00+01:00,NL,154.21,14432.77
2021-11-10T11:15:00+00:00,2021-11-10T12:15:00+01:00,AT,154.21,
2021-11-10T11:15:00+00:00,2021-11-10T12:15:00+01:00,BE,195.3,
2021-11-10T11:15:00+00:00,2021-11-10T12:15:00+01:00,CH,214.73,
2021-11-10T11:15:00+00:00,2021-11-10T12:15:00+01:00,DE-LU,154.21,73271.02
2021-11-10T11:15:00+00:00,2021-11-10T12:15:00+01:00,FR,252.24,68839
2021-11-10T11:15:00+00:00,2021-11-10T12:15:00+01:00,NL,154.21,14463.39
2021-11-10T11:30:00+00:00,2021-11-10T12:30:00+01:00,AT,154.21,
2021-11-10T11:30:00+00:00,2021-11-10T12:30:00+01:00,BE,195.3,
2021-11-10T11:30:00+00:00,2021-11-10T12:30:00+01:00,CH,214.73,
2021-11-10T11:30:00+00:00,2021-11-10T12:30:00+01:00,DE-LU,154.21,72988.62
2021-11-10T11:30:00+00:00,2021-11-10T12:30:00+01:00,FR,252.24,68839
2021-11-10T11:30:00+00:00,2021-11-10T12:30:00+01:00,NL,154.21,14432.18
2021-11-10T11:45:00+00:00,2021-11-10T12:45:00+01:00,AT,154.21,
2021-11-10T11:45:00+00:00,2021-11-10T12:45:00+01:00,BE,195.3,
2021-11-10T11:45:00+00:00,2021-11-10T12:45:00+01:00,CH,214.73,
2021-11-10T11:45:00+00:00,2021-11-10T12:45:00+01:00,DE-LU,154.21,72952.62
2021-11-10T11:45:00+00:00,2021-11-10T12:45:00+01:00,FR,252.24,68839
2021-11-10T11:45:00+00:00,2021-11-10T12:45:00+01:00,NL,154.21,14396.23
2021-11-10T12:00:00+00:00,2021-11-10T13:00:00+01:00,AT,168.83,
2021-11-10T12:00:00+00:00,2021-11-10T13:00:00+01:00,BE,192.5,
2021-11-10T12:00:00+00:00,2021-11-10T13:00:00+01:00,CH,219.02,
2021-11-10T12:00:00+00:00,2021-11-10T13:00:00+01:00,DE-LU,168.83,72621.38
2021-11-10T12:00:00+00:00,2021-11-10T13:00:00+01:00,FR,240,66942
2021-11-10T12:00:00+00:00,2021-11-10T13:00:00+01:00,NL,168.83,14428.4
2021-11-10T12:15:00+00:00,2021-11-10T13:15:00+01:00,AT,168.83,
2021-11-10T12:15:00+00:00,2021-11-10T13:15:00+01:00,BE,192.5,
2021-11-10T12:15:00+00:00,2021-11-10T13:15:00+01:00,CH,219.02,
2021-11-10T12:15:00+00:00,2021-11-10T13:15:00+01:00,DE-LU,168.83,72123.98
2021-11-10T12:15:00+00:00,2021-11-10T13:15:00+01:00,FR,240,66942
2021-11-10T12:15:00+00:00,2021-11-10T13:15:00+01:00,NL,168.83,14567.75
2021-11-10T12:30:00+00:00,2021-11-10T13:30:00+01:00,AT,168.83,
2021-11-10T12:30:00+00:00,2021-11-10T13:30:00+01:00,BE,192.5,
2021-11-10T12:30:00+00:00,2021-11-10T13:30:00+01:00,CH,219.02,
2021-11-10T12:30:00+00:00,2021-11-10T13:30:00+01:00,DE-LU,168.83,71925.07
2021-11-10T12:30:00+00:00,2021-11-10T13:30:00+01:00,FR,240,66942
2021-11-10T12:30:00+00:00,2021-11-10T13:30:00+01:00,NL,168.83,14665.54
2021-11-10T12:45:00+00:00,2021-11-10T13:45:00+01:00,AT,168.83,
2021-11-10T12:45:00+00:00,2021-11-10T13:45:00+01:00,BE,192.5,
2021-11-10T12:45:00+00:00,2021-11-10T13:45:00+01:00,CH,219.02,
2021-11-10T12:45:00+00:00,2021-11-10T13:45:00+01:00,DE-LU,168.83,71268.46
2021-11-10T12:45:00+00:00,2021-11-10T13:45:00+01:00,FR,240,66942
2021-11-10T12:45:00+00:00,2021-11-10T13:45:00+01:00,NL,168.83,14800.97
2021-11-10T13:00:00+00:00,2021-11-10T14:00:00+01:00,AT,211.93,
2021-11-10T13:00:00+00:00,2021-11-10T14:00:00+01:00,BE,245.52,
2021-11-10T13:00:00+00:00,2021-11-10T14:00:00+01:00,CH,215.34,
2021-11-10T13:00:00+00:00,2021-11-10T14:00:00+01:00,DE-LU,211.93,71166.93
2021-11-10T13:00:00+00:00,2021-11-10T14:00:00+01:00,FR,245.52,64719
2021-11-10T13:00:00+00:00,2021-11-10T14:00:00+01:00,NL,211.93,14774.61
2021-11-10T13:15:00+00:00,2021-11-10T14:15:00+01:00,AT,211.93,
2021-11-10T13:15:00+00:00,2021-11-10T14:15:00+01:00,BE,245.52,
2021-11-10T13:15:00+00:00,2021-11-10T14:15:00+01:00,CH,215.34,
2021-11-10T13:15:00+00:00,2021-11-10T14:15:00+01:00,DE-LU,211.93,70777.01
2021-11-10T13:15:00+00:00,2021-11-10T14:15:00+01:00,FR,245.52,64719
2021-11-10T13:15:00+00:00,2021-11-10T14:15:00+01:00,NL,211.93,14829.63
2021-11-10T13:30:00+00:00,2021-11-10T14:30:00+01:00,AT,211.93,
2021-11-10T13:30:00+00:00,2021-11-10T14:30:00+01:00,BE,245.52,
2021-11-10T13:30:00+00:00,2021-11-10T14:30:00+01:00,CH,215.34,
2021-11-10T13:30:00+00:00,2021-11-10T14:30:00+01:00,DE-LU,211.93,70829.11
2021-11-10T13:30:00+00:00,2021-11-10T14:30:00+01:00,FR,245.52,64719
2021-11-10T13:30:00+00:00,2021-11-10T14:30:00+01:00,NL,211.93,14796.39
2021-11-10T13:45:00+00:00,2021-11-10T14:45:00+01:00,AT,211.93,
2021-11-10T13:45:00+00:00,2021-11-10T14:45:00+01:00,BE,245.52,
2021-11-10T13:45:00+00:00,2021-11-10T14:45:00+01:00,CH,215.34,
2021-11-10T13:45:00+00:00,2021-11-10T14:45:00+01:00,DE-LU,211.93,70725.76
2021-11-10T13:45:00+00:00,2021-11-10T14:45:00+01:00,FR,245.52,64719
2021-11-10T13:45:00+00:00,2021-11-10T14:45:00+01:00,NL,211.93,14845.16
2021-11-10T14:00:00+00:00,2021-11-10T15:00:00+01:00,AT,236.62,
2021-11-10T14:00:00+00:00,2021-11-10T15:00:00+01:00,BE,240.6,
2021-11-10T14:00:00+00:00,2021-11-10T15:00:00+01:00,CH,228.61,
2021-11-10T14:00:00+00:00,2021-11-10T15:00:00+01:00,DE-LU,236.62,70746.04
2021-11-10T14:00:00+00:00,2021-11-10T15:00:00+01:00,FR,240.6,62701
2021-11-10T14:00:00+00:00,2021-11-10T15:00:00+01:00,NL,236.62,14877.69
2021-11-10T14:15:00+00:00,2021-11-10T15:15:00+01:00,AT,236.62,
2021-11-10T14:15:00+00:00,2021-11-10T15:15:00+01:00,BE,240.6,
2021-11-10T14:15:00+00:00,2021-11-10T15:15:00+01:00,CH,228.61,
2021-11-10T14:15:00+00:00,2021-11-10T15:15:00+01:00,DE-LU,236.62,70364.9
2021-11-10T14:15:00+00:00,2021-11-10T15:15:00+01:00,FR,240.6,62701
2021-11-10T14:15:00+00:00,2021-11-10T15:15:00+01:00,NL,236.62,14913.47
2021-11-10T14:30:00+00:00,2021-11-10T15:30:00+01:00,AT,236.62,
2021-11-10T14:30:00+00:00,2021-11-10T15:30:00+01:00,BE,240.6,
2021-11-10T14:30:00+00:00,2021-11-10T15:30:00+01:00,CH,228.61,
2021-11-10T14:30:00+00:00,2021-11-10T15:30:00+01:00,DE-LU,236.62,70152.95
2021-11-10T14:30:00+00:00,2021-11-10T15:30:00+01:00,FR,240.6,62701
2021-11-10T14:30:00+00:00,2021-11-10T15:30:00+01:00,NL,236.62,15061.98
2021-11-10T14:45:00+00:00,2021-11-10T15:45:00+01:00,AT,236.62,
2021-11-10T14:45:00+00:00,2021-11-10T15:45:00+01:00,BE,240.6,
2021-11-10T14:45:00+00:00,2021-11-10T15:45:00+01:00,CH,228.61,
2021-11-10T14:45:00+00:00,2021-11-10T15:45:00+01:00,DE-LU,236.62,69931.05
2021-11-10T14:45:00+00:00,2021-11-10T15:45:00+01:00,FR,240.6,62701
2021-11-10T14:45:00+00:00,2021-11-10T15:45:00+01:00,NL,236.62,15236.59
2021-11-10T15:00:00+00:00,2021-11-10T16:00:00+01:00,AT,250.06,
2021-11-10T15:00:00+00:00,2021-11-10T16:00:00+01:00,BE,250.06,
2021-11-10T15:00:00+00:00,2021-11-10T16:00:00+01:00,CH,249.48,
2021-11-10T15:00:00+00:00,2021-11-10T16:00:00+01:00,DE-LU,250.06,70263.38
2021-11-10T15:00:00+00:00,2021-11-10T16:00:00+01:00,FR,250.06,61857
2021-11-10T15:00:00+00:00,2021-11-10T16:00:00+01:00,NL,250.06,15374.43
2021-11-10T15:15:00+00:00,2021-11-10T16:15:00+01:00,AT,250.06,
2021-11-10T15:15:00+00:00,2021-11-10T16:15:00+01:00,BE,250.06,
2021-11-10T15:15:00+00:00,2021-11-10T16:15:00+01:00,CH,249.48,
2021-11-10T15:15:00+00:00,2021-11-10T16:15:00+01:00,DE-LU,250.06,70412.26
2021-11-10T15:15:00+00:00,2021-11-10T16:15:00+01:00,FR,250.06,61857
2021-11-10T15:15:00+00:00,2021-11-10T16:15:00+01:00,NL,250.06,15581.28
2021-11-10T15:30:00+00:00,2021-11-10T16:30:00+01:00,AT,250.06,
2021-11-10T15:30:00+00:00,2021-11-10T16:30:00+01:00,BE,250.06,
2021-11-10T15:30:00+00:00,2021-11-10T16:30:00+01:00,CH,249.48,
2021-11-10T15:30:00+00:00,2021-11-10T16:30:00+01:00,DE-LU,250.06,70901.72
2021-11-10T15:30:00+00:00,2021-11-10T16:30:00+01:00,FR,250.06,61857
2021-11-10T15:30:00+00:00,2021-11-10T16:30:00+01:00,NL,250.06,15795.65
2021-11-10T15:45:00+00:00,2021-11-10T16:45:00+01:00,AT,250.06,
2021-11-10T15:45:00+00:00,2021-11-10T16:45:00+01:00,BE,250.06,
2021-11-10T15:45:00+00:00,2021-11-10T16:45:00+01:00,CH,249.48,
2021-11-10T15:45:00+00:00,2021-11-10T16:45:00+01:00,DE-LU,250.06,71736.35
2021-11-10T15:45:00+00:00,2021-11-10T16:45:00+01:00,FR,250.06,61857
2021-11-10T15:45:00+00:00,2021-11-10T16:45:00+01:00,NL,250.06,16068.37
2021-11-10T16:00:00+00:00,2021-11-10T17:00:00+01:00,AT,295,
2021-11-10T16:00:00+00:00,2021-11-10T17:00:00+01:00,BE,295,
2021-11-10T16:00:00+00:00,2021-11-10T17:00:00+01:00,CH,288.62,
2021-11-10T16:00:00+00:00,2021-11-10T17:00:00+01:00,DE-LU,295,72870.88
2021-11-10T16:00:00+00:00,2021-11-10T17:00:00+01:00,FR,295,64302
2021-11-10T16:00:00+00:00,2021-11-10T17:00:00+01:00,NL,295,16280.85
2021-11-10T16:15:00+00:00,2021-11-10T17:15:00+01:00,AT,295,
2021-11-10T16:15:00+00:00,2021-11-10T17:15:00+01:00,BE,295,
2021-11-10T16:15:00+00:00,2021-11-10T17:15:00+01:00,CH,288.62,
2021-11-10T16:15:00+00:00,2021-11-10T17:15:00+01:00,DE-LU,295,73753.16
2021-11-10T16:15:00+00:00,2021-11-10T17:15:00+01:00,FR,295,64302
2021-11-10T16:15:00+00:00,2021-11-10T17:15:00+01:00,NL,295,16588.55
2021-11-10T16:30:00+00:00,2021-11-10T17:30:00+01:00,AT,295,
2021-11-10T16:30:00+00:00,2021-11-10T17:30:00+01:00,BE,295,
2021-11-10T16:30:00+00:00,2021-11-10T17:30:00+01:00,CH,288.62,
2021-11-10T16:30:00+00:00,2021-11-10T17:30:00+01:00,DE-LU,295,74116.8
2021-11-10T16:30:00+00:00,2021-11-10T17:30:00+01:00,FR,295,64302
2021-11-10T16:30:00+00:00,2021-11-10T17:30:00+01:00,NL,295,16683.89
2021-11-10T16:45:00+00:00,2021-11-10T17:45:00+01:00,AT,295,
2021-11-10T16:45:00+00:00,2021-11-10T17:45:00+01:00,BE,295,
2021-11-10T16:45:00+00:00,2021-11-10T17:45:00+01:00,CH,288.62,
2021-11-10T16:45:00+00:00,2021-11-10T17:45:00+01:00,DE-LU,295,74294.48
2021-11-10T16:45:00+00:00,2021-11-10T17:45:00+01:00,FR,295,64302
2021-11-10T16:45:00+00:00,2021-11-10T17:45:00+01:00,NL,295,16582.97
2021-11-10T17:00:00+00:00,2021-11-10T18:00:00+01:00,AT,275.05,
2021-11-10T17:00:00+00:00,2021-11-10T18:00:00+01:00,BE,302.8,
2021-11-10T17:00:00+00:00,2021-11-10T18:00:00+01:00,CH,301.89,
2021-11-10T17:00:00+00:00,2021-11-10T18:00:00+01:00,DE-LU,275.05,73756.77
2021-11-10T17:00:00+00:00,2021-11-10T18:00:00+01:00,FR,302.8,68232
2021-11-10T17:00:00+00:00,2021-11-10T18:00:00+01:00,NL,275.05,16246.66
2021-11-10T17:15:00+00:00,2021-11-10T18:15:00+01:00,AT,275.05,
2021-11-10T17:15:00+00:00,2021-11-10T18:15:00+01:00,BE,302.8,
2021-11-10T17:15:00+00:00,2021-11-10T18:15:00+01:00,CH,301.89,
2021-11-10T17:15:00+00:00,2021-11-10T18:15:00+01:00,DE-LU,275.05,73433.58
2021-11-10T17:15:00+00:00,2021-11-10T18:15:00+01:00,FR,302.8,68232
2021-11-10T17:15:00+00:00,2021-11-10T18:15:00+01:00,NL,275.05,16020.26
2021-11-10T17:30:00+00:00,2021-11-10T18:30:00+01:00,AT,275.05,
2021-11-10T17:30:00+00:00,2021-11-10T18:30:00+01:00,BE,302.8,
2021-11-10T17:30:00+00:00,2021-11-10T18:30:00+01:00,CH,301.89,
2021-11-10T17:30:00+00:00,2021-11-10T18:30:00+01:00,DE-LU,275.05,73180.7
2021-11-10T17:30:00+00:00,2021-11-10T18:30:00+01:00,FR,302.8,68232
2021-11-10T17:30:00+00:00,2021-11-10T18:30:00+01:00,NL,275.05,15834.36
2021-11-10T17:45:00+00:00,2021-11-10T18:45:00+01:00,AT,275.05,
2021-11-10T17:45:00+00:00,2021-11-10T18:45:00+01:00,BE,302.8,
2021-11-10T17:45:00+00:00,2021-11-10T18:45:00+01:00,CH,301.89,
2021-11-10T17:45:00+00:00,2021-11-10T18:45:00+01:00,DE-LU,275.05,72841.08
2021-11-10T17:45:00+00:00,2021-11-10T18:45:00+01:00,FR,302.8,68232
2021-11-10T17:45:00+00:00,2021-11-10T18:45:00+01:00,NL,275.05,15743.95
2021-11-10T18:00:00+00:00,2021-11-10T19:00:00+01:00,AT,230,
2021-11-10T18:00:00+00:00,2021-11-10T19:00:00+01:00,BE,282.5,
2021-11-10T18:00:00+00:00,2021-11-10T19:00:00+01:00,CH,276.88,
2021-11-10T18:00:00+00:00,2021-11-10T19:00:00+01:00,DE-LU,230,72140.23
2021-11-10T18:00:00+00:00,2021-11-10T19:00:00+01:00,FR,282.5,68259
2021-11-10T18:00:00+00:00,2021-11-10T19:00:00+01:00,NL,230,15591.64
2021-11-10T18:15:00+00:00,2021-11-10T19:15:00+01:00,AT,230,
2021-11-10T18:15:00+00:00,2021-11-10T19:15:00+01:00,BE,282.5,
2021-11-10T18:15:00+00:00,2021-11-10T19:15:00+01:00,CH,276.88,
2021-11-10T18:15:00+00:00,2021-11-10T19:15:00+01:00,DE-LU,230,71729.74
2021-11-10T18:15:00+00:00,2021-11-10T19:15:00+01:00,FR,282.5,68259
2021-11-10T18:15:00+00:00,2021-11-10T19:15:00+01:00,NL,230,15453.42
2021-11-10T18:30:00+00:00,2021-11-10T19:30:00+01:00,AT,230,
2021-11-10T18:30:00+00:00,2021-11-10T19:30:00+01:00,BE,282.5,
2021-11-10T18:30:00+00:00,2021-11-10T19:30:00+01:00,CH,276.88,
2021-11-10T18:30:00+00:00,2021-11-10T19:30:00+01:00,DE-LU,230,71114
2021-11-10T18:30:00+00:00,2021-11-10T19:30:00+01:00,FR,282.5,68259
2021-11-10T18:30:00+00:00,2021-11-10T19:30:00+01:00,NL,230,15240.88
2021-11-10T18:45:00+00:00,2021-11-10T19:45:00+01:00,AT,230,
2021-11-10T18:45:00+00:00,2021-11-10T19:45:00+01:00,BE,282.5,
2021-11-10T18:45:00+00:00,2021-11-10T19:45:00+01:00,CH,276.88,
2021-11-10T18:45:00+00:00,2021-11-10T19:45:00+01:00,DE-LU,230,70511.67
2021-11-10T18:45:00+00:00,2021-11-10T19:45:00+01:00,FR,282.5,68259
2021-11-10T18:45:00+00:00,2021-11-10T19:45:00+01:00,NL,230,15168.56
2021-11-10T19:00:00+00:00,2021-11-10T20:00:00+01:00,AT,219.93,
2021-11-10T19:00:00+00:00,2021-11-10T20:00:00+01:00,BE,243.77,
2021-11-10T19:00:00+00:00,2021-11-10T20:00:00+01:00,CH,227.64,
2021-11-10T19:00:00+00:00,2021-11-10T20:00:00+01:00,DE-LU,219.93,69350.12
2021-11-10T19:00:00+00:00,2021-11-10T20:00:00+01:00,FR,243.77,64594
2021-11-10T19:00:00+00:00,2021-11-10T20:00:00+01:00,NL,219.93,14901.09
2021-11-10T19:15:00+00:00,2021-11-10T20:15:00+01:00,AT,219.93,
2021-11-10T19:15:00+00:00,2021-11-10T20:15:00+01:00,BE,243.77,
2021-11-10T19:15:00+00:00,2021-11-10T20:15:00+01:00,CH,227.64,
2021-11-10T19:15:00+00:00,2021-11-10T20:15:00+01:00,DE-LU,219.93,67965.58
2021-11-10T19:15:00+00:00,2021-11-10T20:15:00+01:00,FR,243.77,64594
2021-11-10T19:15:00+00:00,2021-11-10T20:15:00+01:00,NL,219.93,14710.78
2021-11-10T19:30:00+00:00,2021-11-10T20:30:00+01:00,AT,219.93,
2021-11-10T19:30:00+00:00,2021-11-10T20:30:00+01:00,BE,243.77,
2021-11-10T19:30:00+00:00,2021-11-10T20:30:00+01:00,CH,227.64,
2021-11-10T19:30:00+00:00,2021-11-10T20:30:00+01:00,DE-LU,219.93,66835.83
2021-11-10T19:30:00+00:00,2021-11-10T20:30:00+01:00,FR,243.77,64594
2021-11-10T19:30:00+00:00,2021-11-10T20:30:00+01:00,NL,219.93,14504.45
2021-11-10T19:45:00+00:00,2021-11-10T20:45:00+01:00,AT,219.93,
2021-11-10T19:45:00+00:00,2021-11-10T20:45:00+01:00,BE,243.77,
2021-11-10T19:45:00+00:00,2021-11-10T20:45:00+01:00,CH,227.64,
2021-11-10T19:45:00+00:00,2021-11-10T20:45:00+01:00,DE-LU,219.93,65985.99
2021-11-10T19:45:00+00:00,2021-11-10T20:45:00+01:00,FR,243.77,64594
2021-11-10T19:45:00+00:00,2021-11-10T20:45:00+01:00,NL,219.93,14316.21
2021-11-10T20:00:00+00:00,2021-11-10T21:00:00+01:00,AT,193.67,
2021-11-10T20:00:00+00:00,2021-11-10T21:00:00+01:00,BE,201.5,
2021-11-10T20:00:00+00:00,2021-11-10T21:00:00+01:00,CH,203.13,
2021-11-10T20:00:00+00:00,2021-11-10T21:00:00+01:00,DE-LU,193.67,64959.8
2021-11-10T20:00:00+00:00,2021-11-10T21:00:00+01:00,FR,221.41,61277
2021-11-10T20:00:00+00:00,2021-11-10T21:00:00+01:00,NL,193.67,14177.27
2021-11-10T20:15:00+00:00,2021-11-10T21:15:00+01:00,AT,193.67,
2021-11-10T20:15:00+00:00,2021-11-10T21:15:00+01:00,BE,201.5,
2021-11-10T20:15:00+00:00,2021-11-10T21:15:00+01:00,CH,203.13,
2021-11-10T20:15:00+00:00,2021-11-10T21:15:00+01:00,DE-LU,193.67,64125.46
2021-11-10T20:15:00+00:00,2021-11-10T21:15:00+01:00,FR,221.41,61277
2021-11-10T20:15:00+00:00,2021-11-10T21:15:00+01:00,NL,193.67,14022.16
2021-11-10T20:30:00+00:00,2021-11-10T21:30:00+01:00,AT,193.67,
2021-11-10T20:30:00+00:00,2021-11-10T21:30:00+01:00,BE,201.5,
2021-11-10T20:30:00+00:00,2021-11-10T21:30:00+01:00,CH,203.13,
2021-11-10T20:30:00+00:00,2021-11-10T21:30:00+01:00,DE-LU,193.67,63154.1
2021-11-10T20:30:00+00:00,2021-11-10T21:30:00+01:00,FR,221.41,61277
2021-11-10T20:30:00+00:00,2021-11-10T21:30:00+01:00,NL,193.67,13813.92
2021-11-10T20:45:00+00:00,2021-11-10T21:45:00+01:00,AT,193.67,
2021-11-10T20:45:00+00:00,2021-11-10T21:45:00+01:00,BE,201.5,
2021-11-10T20:45:00+00:00,2021-11-10T21:45:00+01:00,CH,203.13,
2021-11-10T20:45:00+00:00,2021-11-10T21:45:00+01:00,DE-LU,193.67,62446.28
2021-11-10T20:45:00+00:00,2021-11-10T21:45:00+01:00,FR,221.41,61277
2021-11-10T20:45:00+00:00,2021-11-10T21:45:00+01:00,NL,193.67,13565.91
2021-11-10T21:00:00+00:00,2021-11-10T22:00:00+01:00,AT,169.9,
2021-11-10T21:00:00+00:00,2021-11-10T22:00:00+01:00,BE,200,
2021-11-10T21:00:00+00:00,2021-11-10T22:00:00+01:00,CH,188.89,
2021-11-10T21:00:00+00:00,2021-11-10T22:00:00+01:00,DE-LU,169.9,61781.15
2021-11-10T21:00:00+00:00,2021-11-10T22:00:00+01:00,FR,202,60957
2021-11-10T21:00:00+00:00,2021-11-10T22:00:00+01:00,NL,169.9,13328.11
2021-11-10T21:15:00+00:00,2021-11-10T22:15:00+01:00,AT,169.9,
2021-11-10T21:15:00+00:00,2021-11-10T22:15:00+01:00,BE,200,
2021-11-10T21:15:00+00:00,2021-11-10T22:15:00+01:00,CH,188.89,
2021-11-10T21:15:00+00:00,2021-11-10T22:15:00+01:00,DE-LU,169.9,60926.98
2021-11-10T21:15:00+00:00,2021-11-10T22:15:00+01:00,FR,202,60957
2021-11-10T21:15:00+00:00,2021-11-10T22:15:00+01:00,NL,169.9,13169.34
2021-11-10T21:30:00+00:00,2021-11-10T22:30:00+01:00,AT,169.9,
2021-11-10T21:30:00+00:00,2021-11-10T22:30:00+01:00,BE,200,
2021-11-10T21:30:00+00:00,2021-11-10T22:30:00+01:00,CH,188.89,
2021-11-10T21:30:00+00:00,2021-11-10T22:30:00+01:00,DE-LU,169.9,60023.84
2021-11-10T21:30:00+00:00,2021-11-10T22:30:00+01:00,FR,202,60957
2021-11-10T21:30:00+00:00,2021-11-10T22:30:00+01:00,NL,169.9,12965.01
2021-11-10T21:45:00+00:00,2021-11-10T22:45:00+01:00,AT,169.9,
2021-11-10T21:45:00+00:00,2021-11-10T22:45:00+01:00,BE,200,
2021-11-10T21:45:00+00:00,2021-11-10T22:45:00+01:00,CH,188.89,
2021-11-10T21:45:00+00:00,2021-11-10T22:45:00+01:00,DE-LU,169.9,58864.77
2021-11-10T21:45:00+00:00,2021-11-10T22:45:00+01:00,FR,202,60957
2021-11-10T21:45:00+00:00,2021-11-10T22:45:00+01:00,NL,169.9,12750.51
2021-11-10T22:00:00+00:00,2021-11-10T23:00:00+01:00,AT,155.5,
2021-11-10T22:00:00+00:00,2021-11-10T23:00:00+01:00,BE,186.97,
2021-11-10T22:00:00+00:00,2021-11-10T23:00:00+01:00,CH,181.47,
2021-11-10T22:00:00+00:00,2021-11-10T23:00:00+01:00,DE-LU,155.5,57562.02
2021-11-10T22:00:00+00:00,2021-11-10T23:00:00+01:00,FR,186.97,61422
2021-11-10T22:00:00+00:00,2021-11-10T23:00:00+01:00,NL,155.5,12614.81
2021-11-10T22:15:00+00:00,2021-11-10T23:15:00+01:00,AT,155.5,
2021-11-10T22:15:00+00:00,2021-11-10T23:15:00+01:00,BE,186.97,
2021-11-10T22:15:00+00:00,2021-11-10T23:15:00+01:00,CH,181.47,
2021-11-10T22:15:00+00:00,2021-11-10T23:15:00+01:00,DE-LU,155.5,56475.3
2021-11-10T22:15:00+00:00,2021-11-10T23:15:00+01:00,FR,186.97,61422
2021-11-10T22:15:00+00:00,2021-11-10T23:15:00+01:00,NL,155.5,12427.29
2021-11-10T22:30:00+00:00,2021-11-10T23:30:00+01:00,AT,155.5,
2021-11-10T22:30:00+00:00,2021-11-10T23:30:00+01:00,BE,186.97,
2021-11-10T22:30:00+00:00,2021-11-10T23:30:00+01:00,CH,181.47,
2021-11-10T22:30:00+00:00,2021-11-10T23:30:00+01:00,DE-LU,155.5,55791.29
2021-11-10T22:30:00+00:00,2021-11-10T23:30:00+01:00,FR,186.97,61422
2021-11-10T22:30:00+00:00,2021-11-10T23:30:00+01:00,NL,155.5,12175.74
2021-11-10T22:45:00+00:00,2021-11-10T23:45:00+01:00,AT,155.5,
2021-11-10T22:45:00+00:00,2021-11-10T23:45:00+01:00,BE,186.97,
2021-11-10T22:45:00+00:00,2021-11-10T23:45:00+01:00,CH,181.47,
2021-11-10T22:45:00+00:00,2021-11-10T23:45:00+01:00,DE-LU,155.5,54823.68
2021-11-10T22:45:00+00:00,2021-11-10T23:45:00+01:00,FR,186.97,61422
2021-11-10T22:45:00+00:00,2021-11-10T23:45:00+01:00,NL,155.5,11972.49
2021-11-10T23:00:00+00:00,2021-11-11T00:00:00+01:00,AT,168.03,
2021-11-10T23:00:00+00:00,2021-11-11T00:00:00+01:00,BE,168.03,
2021-11-10T23:00:00+00:00,2021-11-11T00:00:00+01:00,CH,167.84,
2021-11-10T23:00:00+00:00,2021-11-11T00:00:00+01:00,DE-LU,168.03,52488.59
2021-11-10T23:00:00+00:00,2021-11-11T00:00:00+01:00,FR,168.03,58564
2021-11-10T23:00:00+00:00,2021-11-11T00:00:00+01:00,NL,168.03,11843.64
2021-11-10T23:15:00+00:00,2021-11-11T00:15:00+01:00,AT,168.03,
2021-11-10T23:15:00+00:00,2021-11-11T00:15:00+01:00,BE,168.03,
2021-11-10T23:15:00+00:00,2021-11-11T00:15:00+01:00,CH,167.84,
2021-11-10T23:15:00+00:00,2021-11-11T00:15:00+01:00,DE-LU,168.03,51836.34
2021-11-10T23:15:00+00:00,2021-11-11T00:15:00+01:00,FR,168.03,58564
2021-11-10T23:15:00+00:00,2021-11-11T00:15:00+01:00,NL,168.03,11661.59
2021-11-10T23:30:00+00:00,2021-11-11T00:30:00+01:00,AT,168.03,
2021-11-10T23:30:00+00:00,2021-11-11T00:30:00+01:00,BE,168.03,
2021-11-10T23:30:00+00:00,2021-11-11T00:30:00+01:00,CH,167.84,
2021-11-10T23:30:00+00:00,2021-11-11T00:30:00+01:00,DE-LU,168.03,51484.03
2021-11-10T23:30:00+00:00,2021-11-11T00:30:00+01:00,FR,168.03,58564
2021-11-10T23:30:00+00:00,2021-11-11T00:30:00+01:00,NL,168.03,11508
2021-11-10T23:45:00+00:00,2021-11-11T00:45:00+01:00,AT,168.03,
2021-11-10T23:45:00+00:00,2021-11-11T00:45:00+01:00,BE,168.03,
2021-11-10T23:45:00+00:00,2021-11-11T00:45:00+01:00,CH,167.84,
2021-11-10T23:45:00+00:00,2021-11-11T00:45:00+01:00,DE-LU,168.03,50640.98
2021-11-10T23:45:00+00:00,2021-11-11T00:45:00+01:00,FR,168.03,58564
2021-11-10T23:45:00+00:00,2021-11-11T00:45:00+01:00,NL,168.03,11378.16
2021-11-11T00:00:00+00:00,2021-11-11T01:00:00+01:00,AT,161.36,
2021-11-11T00:00:00+00:00,2021-11-11T01:00:00+01:00,BE,161.36,
2021-11-11T00:00:00+00:00,2021-11-11T01:00:00+01:00,CH,163.41,
2021-11-11T00:00:00+00:00,2021-11-11T01:00:00+01:00,DE-LU,161.36,50223.52
2021-11-11T00:00:00+00:00,2021-11-11T01:00:00+01:00,FR,161.36,56484
2021-11-11T00:00:00+00:00,2021-11-11T01:00:00+01:00,NL,161.36,11296.55
2021-11-11T00:15:00+00:00,2021-11-11T01:15:00+01:00,AT,161.36,
2021-11-11T00:15:00+00:00,2021-11-11T01:15:00+01:00,BE,161.36,
2021-11-11T00:15:00+00:00,2021-11-11T01:15:00+01:00,CH,163.41,
2021-11-11T00:15:00+00:00,2021-11-11T01:15:00+01:00,DE-LU,161.36,49897.19
2021-11-11T00:15:00+00:00,2021-11-11T01:15:00+01:00,FR,161.36,56484
2021-11-11T00:15:00+00:00,2021-11-11T01:15:00+01:00,NL,161.36,11232.91
2021-11-11T00:30:00+00:00,2021-11-11T01:30:00+01:00,AT,161.36,
2021-11-11T00:30:00+00:00,2021-11-11T01:30:00+01:00,BE,161.36,
2021-11-11T00:30:00+00:00,2021-11-11T01:30:00+01:00,CH,163.41,
2021-11-11T00:30:00+00:00,2021-11-11T01:30:00+01:00,DE-LU,161.36,49869.08
2021-11-11T00:30:00+00:00,2021-11-11T01:30:00+01:00,FR,161.36,56484
2021-11-11T00:30:00+00:00,2021-11-11T01:30:00+01:00,NL,161.36,11148.69
2021-11-11T00:45:00+00:00,2021-11-11T01:45:00+01:00,AT,161.36,
2021-11-11T00:45:00+00:00,2021-11-11T01:45:00+01:00,BE,161.36,
2021-11-11T00:45:00+00:00,2021-11-11T01:45:00+01:00,CH,163.41,
2021-11-11T00:45:00+00:00,2021-11-11T01:45:00+01:00,DE-LU,161.36,49529.88
2021-11-11T00:45:00+00:00,2021-11-11T01:45:00+01:00,FR,161.36,56484
2021-11-11T00:45:00+00:00,2021-11-11T01:45:00+01:00,NL,161.36,11102.73
2021-11-11T01:00:00+00:00,2021-11-11T02:00:00+01:00,AT,160,
2021-11-11T01:00:00+00:00,2021-11-11T02:00:00+01:00,BE,160,
2021-11-11T01:00:00+00:00,2021-11-11T02:00:00+01:00,CH,158.44,
2021-11-11T01:00:00+00:00,2021-11-11T02:00:00+01:00,DE-LU,160,49024.14
2021-11-11T01:00:00+00:00,2021-11-11T02:00:00+01:00,FR,160,54940
2021-11-11T01:00:00+00:00,2021-11-11T02:00:00+01:00,NL,160,11094.78
2021-11-11T01:15:00+00:00,2021-11-11T02:15:00+01:00,AT,160,
2021-11-11T01:15:00+00:00,2021-11-11T02:15:00+01:00,BE,160,
2021-11-11T01:15:00+00:00,2021-11-11T02:15:00+01:00,CH,158.44,
2021-11-11T01:15:00+00:00,2021-11-11T02:15:00+01:00,DE-LU,160,48929.28
2021-11-11T01:15:00+00:00,2021-11-11T02:15:00+01:00,FR,160,54940
2021-11-11T01:15:00+00:00,2021-11-11T02:15:00+01:00,NL,160,11071.67
2021-11-11T01:30:00+00:00,2021-11-11T02:30:00+01:00,AT,160,
2021-11-11T01:30:00+00:00,2021-11-11T02:30:00+01:00,BE,160,
2021-11-11T01:30:00+00:00,2021-11-11T02:30:00+01:00,CH,158.44,
2021-11-11T01:30:00+00:00,2021-11-11T02:30:00+01:00,DE-LU,160,48962.27
2021-11-11T01:30:00+00:00,2021-11-11T02:30:00+01:00,FR,160,54940
2021-11-11T01:30:00+00:00,2021-11-11T02:30:00+01:00,NL,160,11012.97
2021-11-11T01:45:00+00:00,2021-11-11T02:45:00+01:00,AT,160,
2021-11-11T01:45:00+00:00,2021-11-11T02:45:00+01:00,BE,160,
2021-11-11T01:45:00+00:00,2021-11-11T02:45:00+01:00,CH,158.44,
2021-11-11T01:45:00+00:00,2021-11-11T02:45:00+01:00,DE-LU,160,49074.62
2021-11-11T01:45:00+00:00,2021-11-11T02:45:00+01:00,FR,160,54940
2021-11-11T01:45:00+00:00,2021-11-11T02:45:00+01:00,NL,160,10957.63
2021-11-11T02:00:00+00:00,2021-11-11T03:00:00+01:00,AT,152.5,
2021-11-11T02:00:00+00:00,2021-11-11T03:00:00+01:00,BE,152.5,
2021-11-11T02:00:00+00:00,2021-11-11T03:00:00+01:00,CH,153.24,
2021-11-11T02:00:00+00:00,2021-11-11T03:00:00+01:00,DE-LU,152.5,49554.47
2021-11-11T02:00:00+00:00,2021-11-11T03:00:00+01:00,FR,152.5,52503
2021-11-11T02:00:00+00:00,2021-11-11T03:00:00+01:00,NL,152.5,10944.21
2021-11-11T02:15:00+00:00,2021-11-11T03:15:00+01:00,AT,152.5,
2021-11-11T02:15:00+00:00,2021-11-11T03:15:00+01:00,BE,152.5,
2021-11-11T02:15:00+00:00,2021-11-11T03:15:00+01:00,CH,153.24,
2021-11-11T02:15:00+00:00,2021-11-11T03:15:00+01:00,DE-LU,152.5,49739.7
2021-11-11T02:15:00+00:00,2021-11-11T03:15:00+01:00,FR,152.5,52503
2021-11-11T02:15:00+00:00,2021-11-11T03:15:00+01:00,NL,152.5,10800.33
2021-11-11T02:30:00+00:00,2021-11-11T03:30:00+01:00,AT,152.5,
2021-11-11T02:30:00+00:00,2021-11-11T03:30:00+01:00,BE,152.5,
2021-11-11T02:30:00+00:00,2021-11-11T03:30:00+01:00,CH,153.24,
2021-11-11T02:30:00+00:00,2021-11-11T03:30:00+01:00,DE-LU,152.5,49838.69
2021-11-11T02:30:00+00:00,2021-11-11T03:30:00+01:00,FR,152.5,52503
2021-11-11T02:30:00+00:00,2021-11-11T03:30:00+01:00,NL,152.5,10797.15
2021-11-11T02:45:00+00:00,2021-11-11T03:45:00+01:00,AT,152.5,
2021-11-11T02:45:00+00:00,2021-11-11T03:45:00+01:00,BE,152.5,
2021-11-11T02:45:00+00:00,2021-11-11T03:45:00+01:00,CH,153.24,
2021-11-11T02:45:00+00:00,2021-11-11T03:45:00+01:00,DE-LU,152.5,50096.14
2021-11-11T02:45:00+00:00,2021-11-11T03:45:00+01:00,FR,152.5,52503
2021-11-11T02:45:00+00:00,2021-11-11T03:45:00+01:00,NL,152.5,10861.65
2021-11-11T03:00:00+00:00,2021-11-11T04:00:00+01:00,AT,155,
2021-11-11T03:00:00+00:00,2021-11-11T04:00:00+01:00,BE,155,
2021-11-11T03:00:00+00:00,2021-11-11T04:00:00+01:00,CH,152.08,
2021-11-11T03:00:00+00:00,2021-11-11T04:00:00+01:00,DE-LU,155,50121.66
2021-11-11T03:00:00+00:00,2021-11-11T04:00:00+01:00,FR,155,51263
2021-11-11T03:00:00+00:00,2021-11-11T04:00:00+01:00,NL,155,10887.57
2021-11-11T03:15:00+00:00,2021-11-11T04:15:00+01:00,AT,155,
2021-11-11T03:15:00+00:00,2021-11-11T04:15:00+01:00,BE,155,
2021-11-11T03:15:00+00:00,2021-11-11T04:15:00+01:00,CH,152.08,
2021-11-11T03:15:00+00:00,2021-11-11T04:15:00+01:00,DE-LU,155,50666.96
2021-11-11T03:15:00+00:00,2021-11-11T04:15:00+01:00,FR,155,51263
2021-11-11T03:15:00+00:00,2021-11-11T04:15:00+01:00,NL,155,10944.01
2021-11-11T03:30:00+00:00,2021-11-11T04:30:00+01:00,AT,155,
2021-11-11T03:30:00+00:00,2021-11-11T04:30:00+01:00,BE,155,
2021-11-11T03:30:00+00:00,2021-11-11T04:30:00+01:00,CH,152.08,
2021-11-11T03:30:00+00:00,2021-11-11T04:30:00+01:00,DE-LU,155,51467.19
2021-11-11T03:30:00+00:00,2021-11-11T04:30:00+01:00,FR,155,51263
2021-11-11T03:30:00+00:00,2021-11-11T04:30:00+01:00,NL,155,10970.32
2021-11-11T03:45:00+00:00,2021-11-11T04:45:00+01:00,AT,155,
2021-11-11T03:45:00+00:00,2021-11-11T04:45:00+01:00,BE,155,
2021-11-11T03:45:00+00:00,2021-11-11T04:45:00+01:00,CH,152.08,
2021-11-11T03:45:00+00:00,2021-11-11T04:45:00+01:00,DE-LU,155,52079.15
2021-11-11T03:45:00+00:00,2021-11-11T04:45:00+01:00,FR,155,51263
2021-11-11T03:45:00+00:00,2021-11-11T04:45:00+01:00,NL,155,11043.02
2021-11-11T04:00:00+00:00,2021-11-11T05:00:00+01:00,AT,160.09,
2021-11-11T04:00:00+00:00,2021-11-11T05:00:00+01:00,BE,160.09,
2021-11-11T04:00:00+00:00,2021-11-11T05:00:00+01:00,CH,160.26,
2021-11-11T04:00:00+00:00,2021-11-11T05:00:00+01:00,DE-LU,160.09,53002.89
2021-11-11T04:00:00+00:00,2021-11-11T05:00:00+01:00,FR,160.09,51980
2021-11-11T04:00:00+00:00,2021-11-11T05:00:00+01:00,NL,160.09,11203.37
2021-11-11T04:15:00+00:00,2021-11-11T05:15:00+01:00,AT,160.09,
2021-11-11T04:15:00+00:00,2021-11-11T05:15:00+01:00,BE,160.09,
2021-11-11T04:15:00+00:00,2021-11-11T05:15:00+01:00,CH,160.26,
2021-11-11T04:15:00+00:00,2021-11-11T05:15:00+01:00,DE-LU,160.09,53558.14
2021-11-11T04:15:00+00:00,2021-11-11T05:15:00+01:00,FR,160.09,51980
2021-11-11T04:15:00+00:00,2021-11-11T05:15:00+01:00,NL,160.09,11343.99
2021-11-11T04:30:00+00:00,2021-11-11T05:30:00+01:00,AT,160.09,
2021-11-11T04:30:00+00:00,2021-11-11T05:30:00+01:00,BE,160.09,
2021-11-11T04:30:00+00:00,2021-11-11T05:30:00+01:00,CH,160.26,
2021-11-11T04:30:00+00:00,2021-11-11T05:30:00+01:00,DE-LU,160.09,54534.7
2021-11-11T04:30:00+00:00,2021-11-11T05:30:00+01:00,FR,160.09,51980
2021-11-11T04:30:00+00:00,2021-11-11T05:30:00+01:00,NL,160.09,11510.66
2021-11-11T04:45:00+00:00,2021-11-11T05:45:00+01:00,AT,160.09,
2021-11-11T04:45:00+00:00,2021-11-11T05:45:00+01:00,BE,160.09,
2021-11-11T04:45:00+00:00,2021-11-11T05:45:00+01:00,CH,160.26,
2021-11-11T04:45:00+00:00,2021-11-11T05:45:00+01:00,DE-LU,160.09,56271.24
2021-11-11T04:45:00+00:00,2021-11-11T05:45:00+01:00,FR,160.09,51980
2021-11-11T04:45:00+00:00,2021-11-11T05:45:00+01:00,NL,160.09,11656.45
2021-11-11T05:00:00+00:00,2021-11-11T06:00:00+01:00,AT,183.87,
2021-11-11T05:00:00+00:00,2021-11-11T06:00:00+01:00,BE,164.05,
2021-11-11T05:00:00+00:00,2021-11-11T06:00:00+01:00,CH,182.2,
2021-11-11T05:00:00+00:00,2021-11-11T06:00:00+01:00,DE-LU,183.87,59270.61
2021-11-11T05:00:00+00:00,2021-11-11T06:00:00+01:00,FR,170.96,53997
2021-11-11T05:00:00+00:00,2021-11-11T06:00:00+01:00,NL,140.1,11972.71
2021-11-11T05:15:00+00:00,2021-11-11T06:15:00+01:00,AT,183.87,
2021-11-11T05:15:00+00:00,2021-11-11T06:15:00+01:00,BE,164.05,
2021-11-11T05:15:00+00:00,2021-11-11T06:15:00+01:00,CH,182.2,
2021-11-11T05:15:00+00:00,2021-11-11T06:15:00+01:00,DE-LU,183.87,61355.43
2021-11-11T05:15:00+00:00,2021-11-11T06:15:00+01:00,FR,170.96,53997
2021-11-11T05:15:00+00:00,2021-11-11T06:15:00+01:00,NL,140.1,12408.87
2021-11-11T05:30:00+00:00,2021-11-11T06:30:00+01:00,AT,183.87,
2021-11-11T05:30:00+00:00,2021-11-11T06:30:00+01:00,BE,164.05,
2021-11-11T05:30:00+00:00,2021-11-11T06:30:00+01:00,CH,182.2,
2021-11-11T05:30:00+00:00,2021-11-11T06:30:00+01:00,DE-LU,183.87,63098.34
2021-11-11T05:30:00+00:00,2021-11-11T06:30:00+01:00,FR,170.96,53997
2021-11-11T05:30:00+00:00,2021-11-11T06:30:00+01:00,NL,140.1,12763.06
2021-11-11T05:45:00+00:00,2021-11-11T06:45:00+01:00,AT,183.87,
2021-11-11T05:45:00+00:00,2021-11-11T06:45:00+01:00,BE,164.05,
2021-11-11T05:45:00+00:00,2021-11-11T06:45:00+01:00,CH,182.2,
2021-11-11T05:45:00+00:00,2021-11-11T06:45:00+01:00,DE-LU,183.87,64784.01
2021-11-11T05:45:00+00:00,2021-11-11T06:45:00+01:00,FR,170.96,53997
2021-11-11T05:45:00+00:00,2021-11-11T06:45:00+01:00,NL,140.1,13142.35
2021-11-11T06:00:00+00:00,2021-11-11T07:00:00+01:00,AT,214,
2021-11-11T06:00:00+00:00,2021-11-11T07:00:00+01:00,BE,193.49,
2021-11-11T06:00:00+00:00,2021-11-11T07:00:00+01:00,CH,206.84,
2021-11-11T06:00:00+00:00,2021-11-11T07:00:00+01:00,DE-LU,214,66770.34
2021-11-11T06:00:00+00:00,2021-11-11T07:00:00+01:00,FR,200.6,55952
2021-11-11T06:00:00+00:00,2021-11-11T07:00:00+01:00,NL,163,13636.58
2021-11-11T06:15:00+00:00,2021-11-11T07:15:00+01:00,AT,214,
2021-11-11T06:15:00+00:00,2021-11-11T07:15:00+01:00,BE,193.49,
2021-11-11T06:15:00+00:00,2021-11-11T07:15:00+01:00,CH,206.84,
2021-11-11T06:15:00+00:00,2021-11-11T07:15:00+01:00,DE-LU,214,67344.24
2021-11-11T06:15:00+00:00,2021-11-11T07:15:00+01:00,FR,200.6,55952
2021-11-11T06:15:00+00:00,2021-11-11T07:15:00+01:00,NL,163,14213.7
2021-11-11T06:30:00+00:00,2021-11-11T07:30:00+01:00,AT,214,
2021-11-11T06:30:00+00:00,2021-11-11T07:30:00+01:00,BE,193.49,
2021-11-11T06:30:00+00:00,2021-11-11T07:30:00+01:00,CH,206.84,
2021-11-11T06:30:00+00:00,2021-11-11T07:30:00+01:00,DE-LU,214,68081.95
2021-11-11T06:30:00+00:00,2021-11-11T07:30:00+01:00,FR,200.6,55952
2021-11-11T06:30:00+00:00,2021-11-11T07:30:00+01:00,NL,163,14604.95
2021-11-11T06:45:00+00:00,2021-11-11T07:45:00+01:00,AT,214,
2021-11-11T06:45:00+00:00,2021-11-11T07:45:00+01:00,BE,193.49,
2021-11-11T06:45:00+00:00,2021-11-11T07:45:00+01:00,CH,206.84,
2021-11-11T06:45:00+00:00,2021-11-11T07:45:00+01:00,DE-LU,214,68793.07
2021-11-11T06:45:00+00:00,2021-11-11T07:45:00+01:00,FR,200.6,55952
2021-11-11T06:45:00+00:00,2021-11-11T07:45:00+01:00,NL,163,14804.09
2021-11-11T07:00:00+00:00,2021-11-11T08:00:00+01:00,AT,219.94,
2021-11-11T07:00:00+00:00,2021-11-11T08:00:00+01:00,BE,219.94,
2021-11-11T07:00:00+00:00,2021-11-11T08:00:00+01:00,CH,207.14,
2021-11-11T07:00:00+00:00,2021-11-11T08:00:00+01:00,DE-LU,219.94,69768.63
2021-11-11T07:00:00+00:00,2021-11-11T08:00:00+01:00,FR,219.94,57247
2021-11-11T07:00:00+00:00,2021-11-11T08:00:00+01:00,NL,219.94,14927.13
2021-11-11T07:15:00+00:00,2021-11-11T08:15:00+01:00,AT,219.94,
2021-11-11T07:15:00+00:00,2021-11-11T08:15:00+01:00,BE,219.94,
2021-11-11T07:15:00+00:00,2021-11-11T08:15:00+01:00,CH,207.14,
2021-11-11T07:15:00+00:00,2021-11-11T08:15:00+01:00,DE-LU,219.94,70049.42
2021-11-11T07:15:00+00:00,2021-11-11T08:15:00+01:00,FR,219.94,57247
2021-11-11T07:15:00+00:00,2021-11-11T08:15:00+01:00,NL,219.94,15048.92
2021-11-11T07:30:00+00:00,2021-11-11T08:30:00+01:00,AT,219.94,
2021-11-11T07:30:00+00:00,2021-11-11T08:30:00+01:00,BE,219.94,
2021-11-11T07:30:00+00:00,2021-11-11T08:30:00+01:00,CH,207.14,
2021-11-11T07:30:00+00:00,2021-11-11T08:30:00+01:00,DE-LU,219.94,70318.83
2021-11-11T07:30:00+00:00,2021-11-11T08:30:00+01:00,FR,219.94,57247
2021-11-11T07:30:00+00:00,2021-11-11T08:30:00+01:00,NL,219.94,15216.19
2021-11-11T07:45:00+00:00,2021-11-11T08:45:00+01:00,AT,219.94,
2021-11-11T07:45:00+00:00,2021-11-11T08:45:00+01:00,BE,219.94,
2021-11-11T07:45:00+00:00,2021-11-11T08:45:00+01:00,CH,207.14,
2021-11-11T07:45:00+00:00,2021-11-11T08:45:00+01:00,DE-LU,219.94,70367.14
2021-11-11T07:45:00+00:00,2021-11-11T08:45:00+01:00,FR,219.94,57247
2021-11-11T07:45:00+00:00,2021-11-11T08:45:00+01:00,NL,219.94,15354.12
2021-11-11T08:00:00+00:00,2021-11-11T09:00:00+01:00,AT,215.95,
2021-11-11T08:00:00+00:00,2021-11-11T09:00:00+01:00,BE,215.95,
2021-11-11T08:00:00+00:00,2021-11-11T09:00:00+01:00,CH,202.73,
2021-11-11T08:00:00+00:00,2021-11-11T09:00:00+01:00,DE-LU,215.95,69791.39
2021-11-11T08:00:00+00:00,2021-11-11T09:00:00+01:00,FR,215.95,58797
2021-11-11T08:00:00+00:00,2021-11-11T09:00:00+01:00,NL,215.95,15426.25
2021-11-11T08:15:00+00:00,2021-11-11T09:15:00+01:00,AT,215.95,
2021-11-11T08:15:00+00:00,2021-11-11T09:15:00+01:00,BE,215.95,
2021-11-11T08:15:00+00:00,2021-11-11T09:15:00+01:00,CH,202.73,
2021-11-11T08:15:00+00:00,2021-11-11T09:15:00+01:00,DE-LU,215.95,70075.26
2021-11-11T08:15:00+00:00,2021-11-11T09:15:00+01:00,FR,215.95,58797
2021-11-11T08:15:00+00:00,2021-11-11T09:15:00+01:00,NL,215.95,15396.6
2021-11-11T08:30:00+00:00,2021-11-11T09:30:00+01:00,AT,215.95,
2021-11-11T08:30:00+00:00,2021-11-11T09:30:00+01:00,BE,215.95,
2021-11-11T08:30:00+00:00,2021-11-11T09:30:00+01:00,CH,202.73,
2021-11-11T08:30:00+00:00,2021-11-11T09:30:00+01:00,DE-LU,215.95,70117.33
2021-11-11T08:30:00+00:00,2021-11-11T09:30:00+01:00,FR,215.95,58797
2021-11-11T08:30:00+00:00,2021-11-11T09:30:00+01:00,NL,215.95,15325.81
2021-11-11T08:45:00+00:00,2021-11-11T09:45:00+01:00,AT,215.95,
2021-11-11T08:45:00+00:00,2021-11-11T09:45:00+01:00,BE,215.95,
2021-11-11T08:45:00+00:00,2021-11-11T09:45:00+01:00,CH,202.73,
2021-11-11T08:45:00+00:00,2021-11-11T09:45:00+01:00,DE-LU,215.95,70222.68
2021-11-11T08:45:00+00:00,2021-11-11T09:45:00+01:00,FR,215.95,58797
2021-11-11T08:45:00+00:00,2021-11-11T09:45:00+01:00,NL,215.95,15319.81
2021-11-11T09:00:00+00:00,2021-11-11T10:00:00+01:00,AT,199.2,
2021-11-11T09:00:00+00:00,2021-11-11T10:00:00+01:00,BE,199.2,
2021-11-11T09:00:00+00:00,2021-11-11T10:00:00+01:00,CH,197.56,
2021-11-11T09:00:00+00:00,2021-11-11T10:00:00+01:00,DE-LU,199.2,70391.51
2021-11-11T09:00:00+00:00,2021-11-11T10:00:00+01:00,FR,199.2,59353
2021-11-11T09:00:00+00:00,2021-11-11T10:00:00+01:00,NL,199.2,15320.07
2021-11-11T09:15:00+00:00,2021-11-11T10:15:00+01:00,AT,199.2,
2021-11-11T09:15:00+00:00,2021-11-11T10:15:00+01:00,BE,199.2,
2021-11-11T09:15:00+00:00,2021-11-11T10:15:00+01:00,CH,197.56,
2021-11-11T09:15:00+00:00,2021-11-11T10:15:00+01:00,DE-LU,199.2,70674.07
2021-11-11T09:15:00+00:00,2021-11-11T10:15:00+01:00,FR,199.2,59353
2021-11-11T09:15:00+00:00,2021-11-11T10:15:00+01:00,NL,199.2,15303.5
2021-11-11T09:30:00+00:00,2021-11-11T10:30:00+01:00,AT,199.2,
2021-11-11T09:30:00+00:00,2021-11-11T10:30:00+01:00,BE,199.2,
2021-11-11T09:30:00+00:00,2021-11-11T10:30:00+01:00,CH,197.56,
2021-11-11T09:30:00+00:00,2021-11-11T10:30:00+01:00,DE-LU,199.2,70860.51
2021-11-11T09:30:00+00:00,2021-11-11T10:30:00+01:00,FR,199.2,59353
2021-11-11T09:30:00+00:00,2021-11-11T10:30:00+01:00,NL,199.2,15270.56
2021-11-11T09:45:00+00:00,2021-11-11T10:45:00+01:00,AT,199.2,
2021-11-11T09:45:00+00:00,2021-11-11T10:45:00+01:00,BE,199.2,
2021-11-11T09:45:00+00:00,2021-11-11T10:45:00+01:00,CH,197.56,
2021-11-11T09:45:00+00:00,2021-11-11T10:45:00+01:00,DE-LU,199.2,71011.93
2021-11-11T09:45:00+00:00,2021-11-11T10:45:00+01:00,FR,199.2,59353
2021-11-11T09:45:00+00:00,2021-11-11T10:45:00+01:00,NL,199.2,15253.98
2021-11-11T10:00:00+00:00,2021-11-11T11:00:00+01:00,AT,191.6,
2021-11-11T10:00:00+00:00,2021-11-11T11:00:00+01:00,BE,160,
2021-11-11T10:00:00+00:00,2021-11-11T11:00:00+01:00,CH,195.08,
2021-11-11T10:00:00+00:00,2021-11-11T11:00:00+01:00,DE-LU,168.8,71189.84
2021-11-11T10:00:00+00:00,2021-11-11T11:00:00+01:00,FR,181.3,59511
2021-11-11T10:00:00+00:00,2021-11-11T11:00:00+01:00,NL,161.5,15279.07
2021-11-11T10:15:00+00:00,2021-11-11T11:15:00+01:00,AT,191.6,
2021-11-11T10:15:00+00:00,2021-11-11T11:15:00+01:00,BE,160,
2021-11-11T10:15:00+00:00,2021-11-11T11:15:00+01:00,CH,195.08,
2021-11-11T10:15:00+00:00,2021-11-11T11:15:00+01:00,DE-LU,168.8,71625.35
2021-11-11T10:15:00+00:00,2021-11-11T11:15:00+01:00,FR,181.3,59511
2021-11-11T10:15:00+00:00,2021-11-11T11:15:00+01:00,NL,161.5,15274.97
2021-11-11T10:30:00+00:00,2021-11-11T11:30:00+01:00,AT,191.6,
2021-11-11T10:30:00+00:00,2021-11-11T11:30:00+01:00,BE,160,
2021-11-11T10:30:00+00:00,2021-11-11T11:30:00+01:00,CH,195.08,
2021-11-11T10:30:00+00:00,2021-11-11T11:30:00+01:00,DE-LU,168.8,71655.99
2021-11-11T10:30:00+00:00,2021-11-11T11:30:00+01:00,FR,181.3,59511
2021-11-11T10:30:00+00:00,2021-11-11T11:30:00+01:00,NL,161.5,15238.1
2021-11-11T10:45:00+00:00,2021-11-11T11:45:00+01:00,AT,191.6,
2021-11-11T10:45:00+00:00,2021-11-11T11:45:00+01:00,BE,160,
2021-11-11T10:45:00+00:00,2021-11-11T11:45:00+01:00,CH,195.08,
2021-11-11T10:45:00+00:00,2021-11-11T11:45:00+01:00,DE-LU,168.8,71445.15
2021-11-11T10:45:00+00:00,2021-11-11T11:45:00+01:00,FR,181.3,59511
2021-11-11T10:45:00+00:00,2021-11-11T11:45:00+01:00,NL,161.5,15202.42
2021-11-11T11:00:00+00:00,2021-11-11T12:00:00+01:00,AT,187.86,
2021-11-11T11:00:00+00:00,2021-11-11T12:00:00+01:00,BE,147.85,
2021-11-11T11:00:00+00:00,2021-11-11T12:00:00+01:00,CH,189.08,
2021-11-11T11:00:00+00:00,2021-11-11T12:00:00+01:00,DE-LU,159.58,71122.12
2021-11-11T11:00:00+00:00,2021-11-11T12:00:00+01:00,FR,176.26,60993
2021-11-11T11:00:00+00:00,2021-11-11T12:00:00+01:00,NL,149.88,15184.26
2021-11-11T11:15:00+00:00,2021-11-11T12:15:00+01:00,AT,187.86,
2021-11-11T11:15:00+00:00,2021-11-11T12:15:00+01:00,BE,147.85,
2021-11-11T11:15:00+00:00,2021-11-11T12:15:00+01:00,CH,189.08,
2021-11-11T11:15:00+00:00,2021-11-11T12:15:00+01:00,DE-LU,159.58,71030.67
2021-11-11T11:15:00+00:00,2021-11-11T12:15:00+01:00,FR,176.26,60993
2021-11-11T11:15:00+00:00,2021-11-11T12:15:00+01:00,NL,149.88,15027.48
2021-11-11T11:30:00+00:00,2021-11-11T12:30:00+01:00,AT,187.86,
2021-11-11T11:30:00+00:00,2021-11-11T12:30:00+01:00,BE,147.85,
2021-11-11T11:30:00+00:00,2021-11-11T12:30:00+01:00,CH,189.08,
2021-11-11T11:30:00+00:00,2021-11-11T12:30:00+01:00,DE-LU,159.58,70790.75
2021-11-11T11:30:00+00:00,2021-11-11T12:30:00+01:00,FR,176.26,60993
2021-11-11T11:30:00+00:00,2021-11-11T12:30:00+01:00,NL,149.88,14968.61
2021-11-11T11:45:00+00:00,2021-11-11T12:45:00+01:00,AT,187.86,
2021-11-11T11:45:00+00:00,2021-11-11T12:45:00+01:00,BE,147.85,
2021-11-11T11:45:00+00:00,2021-11-11T12:45:00+01:00,CH,189.08,
2021-11-11T11:45:00+00:00,2021-11-11T12:45:00+01:00,DE-LU,159.58,70748.97
2021-11-11T11:45:00+00:00,2021-11-11T12:45:00+01:00,FR,176.26,60993
2021-11-11T11:45:00+00:00,2021-11-11T12:45:00+01:00,NL,149.88,14968.94
2021-11-11T12:00:00+00:00,2021-11-11T13:00:00+01:00,AT,186.26,
2021-11-11T12:00:00+00:00,2021-11-11T13:00:00+01:00,BE,158.38,
2021-11-11T12:00:00+00:00,2021-11-11T13:00:00+01:00,CH,190.65,
2021-11-11T12:00:00+00:00,2021-11-11T13:00:00+01:00,DE-LU,167.04,70699.74
2021-11-11T12:00:00+00:00,2021-11-11T13:00:00+01:00,FR,176.97,58514
2021-11-11T12:00:00+00:00,2021-11-11T13:00:00+01:00,NL,158.38,15034.88
2021-11-11T12:15:00+00:00,2021-11-11T13:15:00+01:00,AT,186.26,
2021-11-11T12:15:00+00:00,2021-11-11T13:15:00+01:00,BE,158.38,
2021-11-11T12:15:00+00:00,2021-11-11T13:15:00+01:00,CH,190.65,
2021-11-11T12:15:00+00:00,2021-11-11T13:15:00+01:00,DE-LU,167.04,70343.78
2021-11-11T12:15:00+00:00,2021-11-11T13:15:00+01:00,FR,176.97,58514
2021-11-11T12:15:00+00:00,2021-11-11T13:15:00+01:00,NL,158.38,14965.19
2021-11-11T12:30:00+00:00,2021-11-11T13:30:00+01:00,AT,186.26,
2021-11-11T12:30:00+00:00,2021-11-11T13:30:00+01:00,BE,158.38,
2021-11-11T12:30:00+00:00,2021-11-11T13:30:00+01:00,CH,190.65,
2021-11-11T12:30:00+00:00,2021-11-11T13:30:00+01:00,DE-LU,167.04,69999.25
2021-11-11T12:30:00+00:00,2021-11-11T13:30:00+01:00,FR,176.97,58514
2021-11-11T12:30:00+00:00,2021-11-11T13:30:00+01:00,NL,158.38,14940.9
2021-11-11T12:45:00+00:00,2021-11-11T13:45:00+01:00,AT,186.26,
2021-11-11T12:45:00+00:00,2021-11-11T13:45:00+01:00,BE,158.38,
2021-11-11T12:45:00+00:00,2021-11-11T13:45:00+01:00,CH,190.65,
2021-11-11T12:45:00+00:00,2021-11-11T13:45:00+01:00,DE-LU,167.04,69573.99
2021-11-11T12:45:00+00:00,2021-11-11T13:45:00+01:00,FR,176.97,58514
2021-11-11T12:45:00+00:00,2021-11-11T13:45:00+01:00,NL,158.38,14989.42
2021-11-11T13:00:00+00:00,2021-11-11T14:00:00+01:00,AT,208.5,
2021-11-11T13:00:00+00:00,2021-11-11T14:00:00+01:00,BE,163.78,
2021-11-11T13:00:00+00:00,2021-11-11T14:00:00+01:00,CH,196.2,
2021-11-11T13:00:00+00:00,2021-11-11T14:00:00+01:00,DE-LU,184.54,69394.15
2021-11-11T13:00:00+00:00,2021-11-11T14:00:00+01:00,FR,173.57,55215
2021-11-11T13:00:00+00:00,2021-11-11T14:00:00+01:00,NL,163.78,15019.26
2021-11-11T13:15:00+00:00,2021-11-11T14:15:00+01:00,AT,208.5,
2021-11-11T13:15:00+00:00,2021-11-11T14:15:00+01:00,BE,163.78,
2021-11-11T13:15:00+00:00,2021-11-11T14:15:00+01:00,CH,196.2,
2021-11-11T13:15:00+00:00,2021-11-11T14:15:00+01:00,DE-LU,184.54,69112.8
2021-11-11T13:15:00+00:00,2021-11-11T14:15:00+01:00,FR,173.57,55215
2021-11-11T13:15:00+00:00,2021-11-11T14:15:00+01:00,NL,163.78,15079.34
2021-11-11T13:30:00+00:00,2021-11-11T14:30:00+01:00,AT,208.5,
2021-11-11T13:30:00+00:00,2021-11-11T14:30:00+01:00,BE,163.78,
2021-11-11T13:30:00+00:00,2021-11-11T14:30:00+01:00,CH,196.2,
2021-11-11T13:30:00+00:00,2021-11-11T14:30:00+01:00,DE-LU,184.54,68751.6
2021-11-11T13:30:00+00:00,2021-11-11T14:30:00+01:00,FR,173.57,55215
2021-11-11T13:30:00+00:00,2021-11-11T14:30:00+01:00,NL,163.78,15155.37
2021-11-11T13:45:00+00:00,2021-11-11T14:45:00+01:00,AT,208.5,
2021-11-11T13:45:00+00:00,2021-11-11T14:45:00+01:00,BE,163.78,
2021-11-11T13:45:00+00:00,2021-11-11T14:45:00+01:00,CH,196.2,
2021-11-11T13:45:00+00:00,2021-11-11T14:45:00+01:00,DE-LU,184.54,68713.12
2021-11-11T13:45:00+00:00,2021-11-11T14:45:00+01:00,FR,173.57,55215
2021-11-11T13:45:00+00:00,2021-11-11T14:45:00+01:00,NL,163.78,15246.55
2021-11-11T14:00:00+00:00,2021-11-11T15:00:00+01:00,AT,224.92,
2021-11-11T14:00:00+00:00,2021-11-11T15:00:00+01:00,BE,173.57,
2021-11-11T14:00:00+00:00,2021-11-11T15:00:00+01:00,CH,201.16,
2021-11-11T14:00:00+00:00,2021-11-11T15:00:00+01:00,DE-LU,201.37,68780.46
2021-11-11T14:00:00+00:00,2021-11-11T15:00:00+01:00,FR,174.6,53372
2021-11-11T14:00:00+00:00,2021-11-11T15:00:00+01:00,NL,160,15276.17
2021-11-11T14:15:00+00:00,2021-11-11T15:15:00+01:00,AT,224.92,
2021-11-11T14:15:00+00:00,2021-11-11T15:15:00+01:00,BE,173.57,
2021-11-11T14:15:00+00:00,2021-11-11T15:15:00+01:00,CH,201.16,
2021-11-11T14:15:00+00:00,2021-11-11T15:15:00+01:00,DE-LU,201.37,68475.8
2021-11-11T14:15:00+00:00,2021-11-11T15:15:00+01:00,FR,174.6,53372
2021-11-11T14:15:00+00:00,2021-11-11T15:15:00+01:00,NL,160,15386.24
2021-11-11T14:30:00+00:00,2021-11-11T15:30:00+01:00,AT,224.92,
2021-11-11T14:30:00+00:00,2021-11-11T15:30:00+01:00,BE,173.57,
2021-11-11T14:30:00+00:00,2021-11-11T15:30:00+01:00,CH,201.16,
2021-11-11T14:30:00+00:00,2021-11-11T15:30:00+01:00,DE-LU,201.37,68182.58
2021-11-11T14:30:00+00:00,2021-11-11T15:30:00+01:00,FR,174.6,53372
2021-11-11T14:30:00+00:00,2021-11-11T15:30:00+01:00,NL,160,15511.83
2021-11-11T14:45:00+00:00,2021-11-11T15:45:00+01:00,AT,224.92,
2021-11-11T14:45:00+00:00,2021-11-11T15:45:00+01:00,BE,173.57,
2021-11-11T14:45:00+00:00,2021-11-11T15:45:00+01:00,CH,201.16,
2021-11-11T14:45:00+00:00,2021-11-11T15:45:00+01:00,DE-LU,201.37,68150.47
2021-11-11T14:45:00+00:00,2021-11-11T15:45:00+01:00,FR,174.6,53372
2021-11-11T14:45:00+00:00,2021-11-11T15:45:00+01:00,NL,160,15611.9
2021-11-11T15:00:00+00:00,2021-11-11T16:00:00+01:00,AT,235.61,
2021-11-11T15:00:00+00:00,2021-11-11T16:00:00+01:00,BE,200.65,
2021-11-11T15:00:00+00:00,2021-11-11T16:00:00+01:00,CH,209.9,
2021-11-11T15:00:00+00:00,2021-11-11T16:00:00+01:00,DE-LU,219.59,68249.95
2021-11-11T15:00:00+00:00,2021-11-11T16:00:00+01:00,FR,188.99,52911
2021-11-11T15:00:00+00:00,2021-11-11T16:00:00+01:00,NL,216.03,15533.84
2021-11-11T15:15:00+00:00,2021-11-11T16:15:00+01:00,AT,235.61,
2021-11-11T15:15:00+00:00,2021-11-11T16:15:00+01:00,BE,200.65,
2021-11-11T15:15:00+00:00,2021-11-11T16:15:00+01:00,CH,209.9,
2021-11-11T15:15:00+00:00,2021-11-11T16:15:00+01:00,DE-LU,219.59,68297.11
2021-11-11T15:15:00+00:00,2021-11-11T16:15:00+01:00,FR,188.99,52911
2021-11-11T15:15:00+00:00,2021-11-11T16:15:00+01:00,NL,216.03,15518.84
2021-11-11T15:30:00+00:00,2021-11-11T16:30:00+01:00,AT,235.61,
2021-11-11T15:30:00+00:00,2021-11-11T16:30:00+01:00,BE,200.65,
2021-11-11T15:30:00+00:00,2021-11-11T16:30:00+01:00,CH,209.9,
2021-11-11T15:30:00+00:00,2021-11-11T16:30:00+01:00,DE-LU,219.59,68873.37
2021-11-11T15:30:00+00:00,2021-11-11T16:30:00+01:00,FR,188.99,52911
2021-11-11T15:30:00+00:00,2021-11-11T16:30:00+01:00,NL,216.03,15735.85
2021-11-11T15:45:00+00:00,2021-11-11T16:45:00+01:00,AT,235.61,
2021-11-11T15:45:00+00:00,2021-11-11T16:45:00+01:00,BE,200.65,
2021-11-11T15:45:00+00:00,2021-11-11T16:45:00+01:00,CH,209.9,
2021-11-11T15:45:00+00:00,2021-11-11T16:45:00+01:00,DE-LU,219.59,69460.32
2021-11-11T15:45:00+00:00,2021-11-11T16:45:00+01:00,FR,188.99,52911
2021-11-11T15:45:00+00:00,2021-11-11T16:45:00+01:00,NL,216.03,16012.38
2021-11-11T16:00:00+00:00,2021-11-11T17:00:00+01:00,AT,241.1,
2021-11-11T16:00:00+00:00,2021-11-11T17:00:00+01:00,BE,231.4,
2021-11-11T16:00:00+00:00,2021-11-11T17:00:00+01:00,CH,240.03,
2021-11-11T16:00:00+00:00,2021-11-11T17:00:00+01:00,DE-LU,240.02,70553.78
2021-11-11T16:00:00+00:00,2021-11-11T17:00:00+01:00,FR,226.03,56308
2021-11-11T16:00:00+00:00,2021-11-11T17:00:00+01:00,NL,238.37,16228
2021-11-11T16:15:00+00:00,2021-11-11T17:15:00+01:00,AT,241.1,
2021-11-11T16:15:00+00:00,2021-11-11T17:15:00+01:00,BE,231.4,
2021-11-11T16:15:00+00:00,2021-11-11T17:15:00+01:00,CH,240.03,
2021-11-11T16:15:00+00:00,2021-11-11T17:15:00+01:00,DE-LU,240.02,71109.59
2021-11-11T16:15:00+00:00,2021-11-11T17:15:00+01:00,FR,226.03,56308
2021-11-11T16:15:00+00:00,2021-11-11T17:15:00+01:00,NL,238.37,16500.07
2021-11-11T16:30:00+00:00,2021-11-11T17:30:00+01:00,AT,241.1,
2021-11-11T16:30:00+00:00,2021-11-11T17:30:00+01:00,BE,231.4,
2021-11-11T16:30:00+00:00,2021-11-11T17:30:00+01:00,CH,240.03,
2021-11-11T16:30:00+00:00,2021-11-11T17:30:00+01:00,DE-LU,240.02,71380.04
2021-11-11T16:30:00+00:00,2021-11-11T17:30:00+01:00,FR,226.03,56308
2021-11-11T16:30:00+00:00,2021-11-11T17:30:00+01:00,NL,238.37,16545.52
2021-11-11T16:45:00+00:00,2021-11-11T17:45:00+01:00,AT,241.1,
2021-11-11T16:45:00+00:00,2021-11-11T17:45:00+01:00,BE,231.4,
2021-11-11T16:45:00+00:00,2021-11-11T17:45:00+01:00,CH,240.03,
2021-11-11T16:45:00+00:00,2021-11-11T17:45:00+01:00,DE-LU,240.02,71327.57
2021-11-11T16:45:00+00:00,2021-11-11T17:45:00+01:00,FR,226.03,56308
2021-11-11T16:45:00+00:00,2021-11-11T17:45:00+01:00,NL,238.37,16487.28
2021-11-11T17:00:00+00:00,2021-11-11T18:00:00+01:00,AT,252.12,
2021-11-11T17:00:00+00:00,2021-11-11T18:00:00+01:00,BE,252.12,
2021-11-11T17:00:00+00:00,2021-11-11T18:00:00+01:00,CH,252.39,
2021-11-11T17:00:00+00:00,2021-11-11T18:00:00+01:00,DE-LU,252.12,71085.73
2021-11-11T17:00:00+00:00,2021-11-11T18:00:00+01:00,FR,252.12,61400
2021-11-11T17:00:00+00:00,2021-11-11T18:00:00+01:00,NL,252.12,16181.41
2021-11-11T17:15:00+00:00,2021-11-11T18:15:00+01:00,AT,252.12,
2021-11-11T17:15:00+00:00,2021-11-11T18:15:00+01:00,BE,252.12,
2021-11-11T17:15:00+00:00,2021-11-11T18:15:00+01:00,CH,252.39,
2021-11-11T17:15:00+00:00,2021-11-11T18:15:00+01:00,DE-LU,252.12,70710.08
2021-11-11T17:15:00+00:00,2021-11-11T18:15:00+01:00,FR,252.12,61400
2021-11-11T17:15:00+00:00,2021-11-11T18:15:00+01:00,NL,252.12,15953.17
2021-11-11T17:30:00+00:00,2021-11-11T18:30:00+01:00,AT,252.12,
2021-11-11T17:30:00+00:00,2021-11-11T18:30:00+01:00,BE,252.12,
2021-11-11T17:30:00+00:00,2021-11-11T18:30:00+01:00,CH,252.39,
2021-11-11T17:30:00+00:00,2021-11-11T18:30:00+01:00,DE-LU,252.12,70680.25
2021-11-11T17:30:00+00:00,2021-11-11T18:30:00+01:00,FR,252.12,61400
2021-11-11T17:30:00+00:00,2021-11-11T18:30:00+01:00,NL,252.12,15801.89
2021-11-11T17:45:00+00:00,2021-11-11T18:45:00+01:00,AT,252.12,
2021-11-11T17:45:00+00:00,2021-11-11T18:45:00+01:00,BE,252.12,
2021-11-11T17:45:00+00:00,2021-11-11T18:45:00+01:00,CH,252.39,
2021-11-11T17:45:00+00:00,2021-11-11T18:45:00+01:00,DE-LU,252.12,70450.92
2021-11-11T17:45:00+00:00,2021-11-11T18:45:00+01:00,FR,252.12,61400
2021-11-11T17:45:00+00:00,2021-11-11T18:45:00+01:00,NL,252.12,15659.08
2021-11-11T18:00:00+00:00,2021-11-11T19:00:00+01:00,AT,232.09,
2021-11-11T18:00:00+00:00,2021-11-11T19:00:00+01:00,BE,232.09,
2021-11-11T18:00:00+00:00,2021-11-11T19:00:00+01:00,CH,232.75,
2021-11-11T18:00:00+00:00,2021-11-11T19:00:00+01:00,DE-LU,232.09,69839.5
2021-11-11T18:00:00+00:00,2021-11-11T19:00:00+01:00,FR,232.09,62322
2021-11-11T18:00:00+00:00,2021-11-11T19:00:00+01:00,NL,232.09,15503.55
2021-11-11T18:15:00+00:00,2021-11-11T19:15:00+01:00,AT,232.09,
2021-11-11T18:15:00+00:00,2021-11-11T19:15:00+01:00,BE,232.09,
2021-11-11T18:15:00+00:00,2021-11-11T19:15:00+01:00,CH,232.75,
2021-11-11T18:15:00+00:00,2021-11-11T19:15:00+01:00,DE-LU,232.09,69191.86
2021-11-11T18:15:00+00:00,2021-11-11T19:15:00+01:00,FR,232.09,62322
2021-11-11T18:15:00+00:00,2021-11-11T19:15:00+01:00,NL,232.09,15358.12
2021-11-11T18:30:00+00:00,2021-11-11T19:30:00+01:00,AT,232.09,
2021-11-11T18:30:00+00:00,2021-11-11T19:30:00+01:00,BE,232.09,
2021-11-11T18:30:00+00:00,2021-11-11T19:30:00+01:00,CH,232.75,
2021-11-11T18:30:00+00:00,2021-11-11T19:30:00+01:00,DE-LU,232.09,68801.4
2021-11-11T18:30:00+00:00,2021-11-11T19:30:00+01:00,FR,232.09,62322
2021-11-11T18:30:00+00:00,2021-11-11T19:30:00+01:00,NL,232.09,15237.87
2021-11-11T18:45:00+00:00,2021-11-11T19:45:00+01:00,AT,232.09,
2021-11-11T18:45:00+00:00,2021-11-11T19:45:00+01:00,BE,232.09,
2021-11-11T18:45:00+00:00,2021-11-11T19:45:00+01:00,CH,232.75,
2021-11-11T18:45:00+00:00,2021-11-11T19:45:00+01:00,DE-LU,232.09,68161.41
2021-11-11T18:45:00+00:00,2021-11-11T19:45:00+01:00,FR,232.09,62322
2021-11-11T18:45:00+00:00,2021-11-11T19:45:00+01:00,NL,232.09,15124.95
2021-11-11T19:00:00+00:00,2021-11-11T20:00:00+01:00,AT,218,
2021-11-11T19:00:00+00:00,2021-11-11T20:00:00+01:00,BE,218,
2021-11-11T19:00:00+00:00,2021-11-11T20:00:00+01:00,CH,206.96,
2021-11-11T19:00:00+00:00,2021-11-11T20:00:00+01:00,DE-LU,218,67147.9
2021-11-11T19:00:00+00:00,2021-11-11T20:00:00+01:00,FR,218,59663
2021-11-11T19:00:00+00:00,2021-11-11T20:00:00+01:00,NL,218,14926.34
2021-11-11T19:15:00+00:00,2021-11-11T20:15:00+01:00,AT,218,
2021-11-11T19:15:00+00:00,2021-11-11T20:15:00+01:00,BE,218,
2021-11-11T19:15:00+00:00,2021-11-11T20:15:00+01:00,CH,206.96,
2021-11-11T19:15:00+00:00,2021-11-11T20:15:00+01:00,DE-LU,218,66100.44
2021-11-11T19:15:00+00:00,2021-11-11T20:15:00+01:00,FR,218,59663
2021-11-11T19:15:00+00:00,2021-11-11T20:15:00+01:00,NL,218,14738.67
2021-11-11T19:30:00+00:00,2021-11-11T20:30:00+01:00,AT,218,
2021-11-11T19:30:00+00:00,2021-11-11T20:30:00+01:00,BE,218,
2021-11-11T19:30:00+00:00,2021-11-11T20:30:00+01:00,CH,206.96,
2021-11-11T19:30:00+00:00,2021-11-11T20:30:00+01:00,DE-LU,218,65084.48
2021-11-11T19:30:00+00:00,2021-11-11T20:30:00+01:00,FR,218,59663
2021-11-11T19:30:00+00:00,2021-11-11T20:30:00+01:00,NL,218,14583.07
2021-11-11T19:45:00+00:00,2021-11-11T20:45:00+01:00,AT,218,
2021-11-11T19:45:00+00:00,2021-11-11T20:45:00+01:00,BE,218,
2021-11-11T19:45:00+00:00,2021-11-11T20:45:00+01:00,CH,206.96,
2021-11-11T19:45:00+00:00,2021-11-11T20:45:00+01:00,DE-LU,218,63737.86
2021-11-11T19:45:00+00:00,2021-11-11T20:45:00+01:00,FR,218,59663
2021-11-11T19:45:00+00:00,2021-11-11T20:45:00+01:00,NL,218,14405.89
2021-11-11T20:00:00+00:00,2021-11-11T21:00:00+01:00,AT,201,
2021-11-11T20:00:00+00:00,2021-11-11T21:00:00+01:00,BE,201,
2021-11-11T20:00:00+00:00,2021-11-11T21:00:00+01:00,CH,188.26,
2021-11-11T20:00:00+00:00,2021-11-11T21:00:00+01:00,DE-LU,201,63077.87
2021-11-11T20:00:00+00:00,2021-11-11T21:00:00+01:00,FR,201,57568
2021-11-11T20:00:00+00:00,2021-11-11T21:00:00+01:00,NL,201,14213.52
2021-11-11T20:15:00+00:00,2021-11-11T21:15:00+01:00,AT,201,
2021-11-11T20:15:00+00:00,2021-11-11T21:15:00+01:00,BE,201,
2021-11-11T20:15:00+00:00,2021-11-11T21:15:00+01:00,CH,188.26,
2021-11-11T20:15:00+00:00,2021-11-11T21:15:00+01:00,DE-LU,201,62224.19
2021-11-11T20:15:00+00:00,2021-11-11T21:15:00+01:00,FR,201,57568
2021-11-11T20:15:00+00:00,2021-11-11T21:15:00+01:00,NL,201,13942.68
2021-11-11T20:30:00+00:00,2021-11-11T21:30:00+01:00,AT,201,
2021-11-11T20:30:00+00:00,2021-11-11T21:30:00+01:00,BE,201,
2021-11-11T20:30:00+00:00,2021-11-11T21:30:00+01:00,CH,188.26,
2021-11-11T20:30:00+00:00,2021-11-11T21:30:00+01:00,DE-LU,201,60876.43
2021-11-11T20:30:00+00:00,2021-11-11T21:30:00+01:00,FR,201,57568
2021-11-11T20:30:00+00:00,2021-11-11T21:30:00+01:00,NL,201,13673.08
2021-11-11T20:45:00+00:00,2021-11-11T21:45:00+01:00,AT,201,
2021-11-11T20:45:00+00:00,2021-11-11T21:45:00+01:00,BE,201,
2021-11-11T20:45:00+00:00,2021-11-11T21:45:00+01:00,CH,188.26,
2021-11-11T20:45:00+00:00,2021-11-11T21:45:00+01:00,DE-LU,201,59917.06
2021-11-11T20:45:00+00:00,2021-11-11T21:45:00+01:00,FR,201,57568
2021-11-11T20:45:00+00:00,2021-11-11T21:45:00+01:00,NL,201,13527.86
2021-11-11T21:00:00+00:00,2021-11-11T22:00:00+01:00,AT,180.01,
2021-11-11T21:00:00+00:00,2021-11-11T22:00:00+01:00,BE,180.01,
2021-11-11T21:00:00+00:00,2021-11-11T22:00:00+01:00,CH,180.42,
2021-11-11T21:00:00+00:00,2021-11-11T22:00:00+01:00,DE-LU,180.01,59342.47
2021-11-11T21:00:00+00:00,2021-11-11T22:00:00+01:00,FR,180.01,57878
2021-11-11T21:00:00+00:00,2021-11-11T22:00:00+01:00,NL,180.01,13290.96
2021-11-11T21:15:00+00:00,2021-11-11T22:15:00+01:00,AT,180.01,
2021-11-11T21:15:00+00:00,2021-11-11T22:15:00+01:00,BE,180.01,
2021-11-11T21:15:00+00:00,2021-11-11T22:15:00+01:00,CH,180.42,
2021-11-11T21:15:00+00:00,2021-11-11T22:15:00+01:00,DE-LU,180.01,58584.07
2021-11-11T21:15:00+00:00,2021-11-11T22:15:00+01:00,FR,180.01,57878
2021-11-11T21:15:00+00:00,2021-11-11T22:15:00+01:00,NL,180.01,13125.94
2021-11-11T21:30:00+00:00,2021-11-11T22:30:00+01:00,AT,180.01,
2021-11-11T21:30:00+00:00,2021-11-11T22:30:00+01:00,BE,180.01,
2021-11-11T21:30:00+00:00,2021-11-11T22:30:00+01:00,CH,180.42,
2021-11-11T21:30:00+00:00,2021-11-11T22:30:00+01:00,DE-LU,180.01,57531.57
2021-11-11T21:30:00+00:00,2021-11-11T22:30:00+01:00,FR,180.01,57878
2021-11-11T21:30:00+00:00,2021-11-11T22:30:00+01:00,NL,180.01,12946.29
2021-11-11T21:45:00+00:00,2021-11-11T22:45:00+01:00,AT,180.01,
2021-11-11T21:45:00+00:00,2021-11-11T22:45:00+01:00,BE,180.01,
2021-11-11T21:45:00+00:00,2021-11-11T22:45:00+01:00,CH,180.42,
2021-11-11T21:45:00+00:00,2021-11-11T22:45:00+01:00,DE-LU,180.01,56062.04
2021-11-11T21:45:00+00:00,2021-11-11T22:45:00+01:00,FR,180.01,57878
2021-11-11T21:45:00+00:00,2021-11-11T22:45:00+01:00,NL,180.01,12730.11
2021-11-11T22:00:00+00:00,2021-11-11T23:00:00+01:00,AT,164.79,
2021-11-11T22:00:00+00:00,2021-11-11T23:00:00+01:00,BE,149.41,
2021-11-11T22:00:00+00:00,2021-11-11T23:00:00+01:00,CH,168.74,
2021-11-11T22:00:00+00:00,2021-11-11T23:00:00+01:00,DE-LU,156.14,55274.76
2021-11-11T22:00:00+00:00,2021-11-11T23:00:00+01:00,FR,164.79,58748
2021-11-11T22:00:00+00:00,2021-11-11T23:00:00+01:00,NL,150.86,12594.21
2021-11-11T22:15:00+00:00,2021-11-11T23:15:00+01:00,AT,164.79,
2021-11-11T22:15:00+00:00,2021-11-11T23:15:00+01:00,BE,149.41,
2021-11-11T22:15:00+00:00,2021-11-11T23:15:00+01:00,CH,168.74,
2021-11-11T22:15:00+00:00,2021-11-11T23:15:00+01:00,DE-LU,156.14,54389.15
2021-11-11T22:15:00+00:00,2021-11-11T23:15:00+01:00,FR,164.79,58748
2021-11-11T22:15:00+00:00,2021-11-11T23:15:00+01:00,NL,150.86,12459.99
2021-11-11T22:30:00+00:00,2021-11-11T23:30:00+01:00,AT,164.79,
2021-11-11T22:30:00+00:00,2021-11-11T23:30:00+01:00,BE,149.41,
2021-11-11T22:30:00+00:00,2021-11-11T23:30:00+01:00,CH,168.74,
2021-11-11T22:30:00+00:00,2021-11-11T23:30:00+01:00,DE-LU,156.14,53716.18
2021-11-11T22:30:00+00:00,2021-11-11T23:30:00+01:00,FR,164.79,58748
2021-11-11T22:30:00+00:00,2021-11-11T23:30:00+01:00,NL,150.86,12238.39
2021-11-11T22:45:00+00:00,2021-11-11T23:45:00+01:00,AT,164.79,
2021-11-11T22:45:00+00:00,2021-11-11T23:45:00+01:00,BE,149.41,
2021-11-11T22:45:00+00:00,2021-11-11T23:45:00+01:00,CH,168.74,
2021-11-11T22:45:00+00:00,2021-11-11T23:45:00+01:00,DE-LU,156.14,52728.84
2021-11-11T22:45:00+00:00,2021-11-11T23:45:00+01:00,FR,164.79,58748
2021-11-11T22:45:00+00:00,2021-11-11T23:45:00+01:00,NL,150.86,12000.12
2021-11-11T23:00:00+00:00,2021-11-12T00:00:00+01:00,AT,167.72,
2021-11-11T23:00:00+00:00,2021-11-12T00:00:00+01:00,BE,167.72,
2021-11-11T23:00:00+00:00,2021-11-12T00:00:00+01:00,CH,162.38,
2021-11-11T23:00:00+00:00,2021-11-12T00:00:00+01:00,DE-LU,167.72,51649.53
2021-11-11T23:00:00+00:00,2021-11-12T00:00:00+01:00,FR,167.72,56703
2021-11-11T23:00:00+00:00,2021-11-12T00:00:00+01:00,NL,167.72,11954
2021-11-11T23:15:00+00:00,2021-11-12T00:15:00+01:00,AT,167.72,
2021-11-11T23:15:00+00:00,2021-11-12T00:15:00+01:00,BE,167.72,
2021-11-11T23:15:00+00:00,2021-11-12T00:15:00+01:00,CH,162.38,
2021-11-11T23:15:00+00:00,2021-11-12T00:15:00+01:00,DE-LU,167.72,51038.64
2021-11-11T23:15:00+00:00,2021-11-12T00:15:00+01:00,FR,167.72,56703
2021-11-11T23:15:00+00:00,2021-11-12T00:15:00+01:00,NL,167.72,11857.21
2021-11-11T23:30:00+00:00,2021-11-12T00:30:00+01:00,AT,167.72,
2021-11-11T23:30:00+00:00,2021-11-12T00:30:00+01:00,BE,167.72,
2021-11-11T23:30:00+00:00,2021-11-12T00:30:00+01:00,CH,162.38,
2021-11-11T23:30:00+00:00,2021-11-12T00:30:00+01:00,DE-LU,167.72,50625.16
2021-11-11T23:30:00+00:00,2021-11-12T00:30:00+01:00,FR,167.72,56703
2021-11-11T23:30:00+00:00,2021-11-12T00:30:00+01:00,NL,167.72,11727.12
2021-11-11T23:45:00+00:00,2021-11-12T00:45:00+01:00,AT,167.72,
2021-11-11T23:45:00+00:00,2021-11-12T00:45:00+01:00,BE,167.72,
2021-11-11T23:45:00+00:00,2021-11-12T00:45:00+01:00,CH,162.38,
2021-11-11T23:45:00+00:00,2021-11-12T00:45:00+01:00,DE-LU,167.72,50043.54
2021-11-11T23:45:00+00:00,2021-11-12T00:45:00+01:00,FR,167.72,56703
2021-11-11T23:45:00+00:00,2021-11-12T00:45:00+01:00,NL,167.72,11537.31
2021-11-12T00:00:00+00:00,2021-11-12T01:00:00+01:00,AT,164.25,
2021-11-12T00:00:00+00:00,2021-11-12T01:00:00+01:00,BE,164.25,
2021-11-12T00:00:00+00:00,2021-11-12T01:00:00+01:00,CH,157.56,
2021-11-12T00:00:00+00:00,2021-11-12T01:00:00+01:00,DE-LU,164.25,49237.06
2021-11-12T00:00:00+00:00,2021-11-12T01:00:00+01:00,FR,164.25,55100
2021-11-12T00:00:00+00:00,2021-11-12T01:00:00+01:00,NL,164.25,11437.36
2021-11-12T00:15:00+00:00,2021-11-12T01:15:00+01:00,AT,164.25,
2021-11-12T00:15:00+00:00,2021-11-12T01:15:00+01:00,BE,164.25,
2021-11-12T00:15:00+00:00,2021-11-12T01:15:00+01:00,CH,157.56,
2021-11-12T00:15:00+00:00,2021-11-12T01:15:00+01:00,DE-LU,164.25,48834.79
2021-11-12T00:15:00+00:00,2021-11-12T01:15:00+01:00,FR,164.25,55100
2021-11-12T00:15:00+00:00,2021-11-12T01:15:00+01:00,NL,164.25,11398.84
2021-11-12T00:30:00+00:00,2021-11-12T01:30:00+01:00,AT,164.25,
2021-11-12T00:30:00+00:00,2021-11-12T01:30:00+01:00,BE,164.25,
2021-11-12T00:30:00+00:00,2021-11-12T01:30:00+01:00,CH,157.56,
2021-11-12T00:30:00+00:00,2021-11-12T01:30:00+01:00,DE-LU,164.25,48561.06
2021-11-12T00:30:00+00:00,2021-11-12T01:30:00+01:00,FR,164.25,55100
2021-11-12T00:30:00+00:00,2021-11-12T01:30:00+01:00,NL,164.25,11293.11
2021-11-12T00:45:00+00:00,2021-11-12T01:45:00+01:00,AT,164.25,
2021-11-12T00:45:00+00:00,2021-11-12T01:45:00+01:00,BE,164.25,
2021-11-12T00:45:00+00:00,2021-11-12T01:45:00+01:00,CH,157.56,
2021-11-12T00:45:00+00:00,2021-11-12T01:45:00+01:00,DE-LU,164.25,48364.11
2021-11-12T00:45:00+00:00,2021-11-12T01:45:00+01:00,FR,164.25,55100
2021-11-12T00:45:00+00:00,2021-11-12T01:45:00+01:00,NL,164.25,11189.8
2021-11-12T01:00:00+00:00,2021-11-12T02:00:00+01:00,AT,162.16,
2021-11-12T01:00:00+00:00,2021-11-12T02:00:00+01:00,BE,162.16,
2021-11-12T01:00:00+00:00,2021-11-12T02:00:00+01:00,CH,160.16,
2021-11-12T01:00:00+00:00,2021-11-12T02:00:00+01:00,DE-LU,162.16,48223.62
2021-11-12T01:00:00+00:00,2021-11-12T02:00:00+01:00,FR,162.16,54151
2021-11-12T01:00:00+00:00,2021-11-12T02:00:00+01:00,NL,162.16,11166.01
2021-11-12T01:15:00+00:00,2021-11-12T02:15:00+01:00,AT,162.16,
2021-11-12T01:15:00+00:00,2021-11-12T02:15:00+01:00,BE,162.16,
2021-11-12T01:15:00+00:00,2021-11-12T02:15:00+01:00,CH,160.16,
2021-11-12T01:15:00+00:00,2021-11-12T02:15:00+01:00,DE-LU,162.16,48072.86
2021-11-12T01:15:00+00:00,2021-11-12T02:15:00+01:00,FR,162.16,54151
2021-11-12T01:15:00+00:00,2021-11-12T02:15:00+01:00,NL,162.16,11060.18
2021-11-12T01:30:00+00:00,2021-11-12T02:30:00+01:00,AT,162.16,
2021-11-12T01:30:00+00:00,2021-11-12T02:30:00+01:00,BE,162.16,
2021-11-12T01:30:00+00:00,2021-11-12T02:30:00+01:00,CH,160.16,
2021-11-12T01:30:00+00:00,2021-11-12T02:30:00+01:00,DE-LU,162.16,47951.64
2021-11-12T01:30:00+00:00,2021-11-12T02:30:00+01:00,FR,162.16,54151
2021-11-12T01:30:00+00:00,2021-11-12T02:30:00+01:00,NL,162.16,10987.17
2021-11-12T01:45:00+00:00,2021-11-12T02:45:00+01:00,AT,162.16,
2021-11-12T01:45:00+00:00,2021-11-12T02:45:00+01:00,BE,162.16,
2021-11-12T01:45:00+00:00,2021-11-12T02:45:00+01:00,CH,160.16,
2021-11-12T01:45:00+00:00,2021-11-12T02:45:00+01:00,DE-LU,162.16,48008.13
2021-11-12T01:45:00+00:00,2021-11-12T02:45:00+01:00,FR,162.16,54151
2021-11-12T01:45:00+00:00,2021-11-12T02:45:00+01:00,NL,162.16,10968.25
2021-11-12T02:00:00+00:00,2021-11-12T03:00:00+01:00,AT,153,
2021-11-12T02:00:00+00:00,2021-11-12T03:00:00+01:00,BE,153,
2021-11-12T02:00:00+00:00,2021-11-12T03:00:00+01:00,CH,155.87,
2021-11-12T02:00:00+00:00,2021-11-12T03:00:00+01:00,DE-LU,153,47959.93
2021-11-12T02:00:00+00:00,2021-11-12T03:00:00+01:00,FR,153,52058
2021-11-12T02:00:00+00:00,2021-11-12T03:00:00+01:00,NL,153,10893.05
2021-11-12T02:15:00+00:00,2021-11-12T03:15:00+01:00,AT,153,
2021-11-12T02:15:00+00:00,2021-11-12T03:15:00+01:00,BE,153,
2021-11-12T02:15:00+00:00,2021-11-12T03:15:00+01:00,CH,155.87,
2021-11-12T02:15:00+00:00,2021-11-12T03:15:00+01:00,DE-LU,153,48081.49
2021-11-12T02:15:00+00:00,2021-11-12T03:15:00+01:00,FR,153,52058
2021-11-12T02:15:00+00:00,2021-11-12T03:15:00+01:00,NL,153,10936.21
2021-11-12T02:30:00+00:00,2021-11-12T03:30:00+01:00,AT,153,
2021-11-12T02:30:00+00:00,2021-11-12T03:30:00+01:00,BE,153,
2021-11-12T02:30:00+00:00,2021-11-12T03:30:00+01:00,CH,155.87,
2021-11-12T02:30:00+00:00,2021-11-12T03:30:00+01:00,DE-LU,153,48306.57
2021-11-12T02:30:00+00:00,2021-11-12T03:30:00+01:00,FR,153,52058
2021-11-12T02:30:00+00:00,2021-11-12T03:30:00+01:00,NL,153,10884.48
2021-11-12T02:45:00+00:00,2021-11-12T03:45:00+01:00,AT,153,
2021-11-12T02:45:00+00:00,2021-11-12T03:45:00+01:00,BE,153,
2021-11-12T02:45:00+00:00,2021-11-12T03:45:00+01:00,CH,155.87,
2021-11-12T02:45:00+00:00,2021-11-12T03:45:00+01:00,DE-LU,153,48689.47
2021-11-12T02:45:00+00:00,2021-11-12T03:45:00+01:00,FR,153,52058
2021-11-12T02:45:00+00:00,2021-11-12T03:45:00+01:00,NL,153,10863.33
2021-11-12T03:00:00+00:00,2021-11-12T04:00:00+01:00,AT,160.57,
2021-11-12T03:00:00+00:00,2021-11-12T04:00:00+01:00,BE,147.66,
2021-11-12T03:00:00+00:00,2021-11-12T04:00:00+01:00,CH,159.13,
2021-11-12T03:00:00+00:00,2021-11-12T04:00:00+01:00,DE-LU,155.02,49403.57
2021-11-12T03:00:00+00:00,2021-11-12T04:00:00+01:00,FR,159.87,51600
2021-11-12T03:00:00+00:00,2021-11-12T04:00:00+01:00,NL,145.28,10847.91
2021-11-12T03:15:00+00:00,2021-11-12T04:15:00+01:00,AT,160.57,
2021-11-12T03:15:00+00:00,2021-11-12T04:15:00+01:00,BE,147.66,
2021-11-12T03:15:00+00:00,2021-11-12T04:15:00+01:00,CH,159.13,
2021-11-12T03:15:00+00:00,2021-11-12T04:15:00+01:00,DE-LU,155.02,49673.62
2021-11-12T03:15:00+00:00,2021-11-12T04:15:00+01:00,FR,159.87,51600
2021-11-12T03:15:00+00:00,2021-11-12T04:15:00+01:00,NL,145.28,10926.3
2021-11-12T03:30:00+00:00,2021-11-12T04:30:00+01:00,AT,160.57,
2021-11-12T03:30:00+00:00,2021-11-12T04:30:00+01:00,BE,147.66,
2021-11-12T03:30:00+00:00,2021-11-12T04:30:00+01:00,CH,159.13,
2021-11-12T03:30:00+00:00,2021-11-12T04:30:00+01:00,DE-LU,155.02,50188.27
2021-11-12T03:30:00+00:00,2021-11-12T04:30:00+01:00,FR,159.87,51600
2021-11-12T03:30:00+00:00,2021-11-12T04:30:00+01:00,NL,145.28,10939.05
2021-11-12T03:45:00+00:00,2021-11-12T04:45:00+01:00,AT,160.57,
2021-11-12T03:45:00+00:00,2021-11-12T04:45:00+01:00,BE,147.66,
2021-11-12T03:45:00+00:00,2021-11-12T04:45:00+01:00,CH,159.13,
2021-11-12T03:45:00+00:00,2021-11-12T04:45:00+01:00,DE-LU,155.02,50772.8
2021-11-12T03:45:00+00:00,2021-11-12T04:45:00+01:00,FR,159.87,51600
2021-11-12T03:45:00+00:00,2021-11-12T04:45:00+01:00,NL,145.28,10986.8
2021-11-12T04:00:00+00:00,2021-11-12T05:00:00+01:00,AT,166.92,
2021-11-12T04:00:00+00:00,2021-11-12T05:00:00+01:00,BE,141.48,
2021-11-12T04:00:00+00:00,2021-11-12T05:00:00+01:00,CH,165.35,
2021-11-12T04:00:00+00:00,2021-11-12T05:00:00+01:00,DE-LU,155.99,52068.49
2021-11-12T04:00:00+00:00,2021-11-12T05:00:00+01:00,FR,165.5,53816
2021-11-12T04:00:00+00:00,2021-11-12T05:00:00+01:00,NL,136.68,11067.47
2021-11-12T04:15:00+00:00,2021-11-12T05:15:00+01:00,AT,166.92,
2021-11-12T04:15:00+00:00,2021-11-12T05:15:00+01:00,BE,141.48,
2021-11-12T04:15:00+00:00,2021-11-12T05:15:00+01:00,CH,165.35,
2021-11-12T04:15:00+00:00,2021-11-12T05:15:00+01:00,DE-LU,155.99,52577.73
2021-11-12T04:15:00+00:00,2021-11-12T05:15:00+01:00,FR,165.5,53816
2021-11-12T04:15:00+00:00,2021-11-12T05:15:00+01:00,NL,136.68,11251.1
2021-11-12T04:30:00+00:00,2021-11-12T05:30:00+01:00,AT,166.92,
2021-11-12T04:30:00+00:00,2021-11-12T05:30:00+01:00,BE,141.48,
2021-11-12T04:30:00+00:00,2021-11-12T05:30:00+01:00,CH,165.35,
2021-11-12T04:30:00+00:00,2021-11-12T05:30:00+01:00,DE-LU,155.99,53515.93
2021-11-12T04:30:00+00:00,2021-11-12T05:30:00+01:00,FR,165.5,53816
2021-11-12T04:30:00+00:00,2021-11-12T05:30:00+01:00,NL,136.68,11435.3
2021-11-12T04:45:00+00:00,2021-11-12T05:45:00+01:00,AT,166.92,
2021-11-12T04:45:00+00:00,2021-11-12T05:45:00+01:00,BE,141.48,
2021-11-12T04:45:00+00:00,2021-11-12T05:45:00+01:00,CH,165.35,
2021-11-12T04:45:00+00:00,2021-11-12T05:45:00+01:00,DE-LU,155.99,55193.3
2021-11-12T04:45:00+00:00,2021-11-12T05:45:00+01:00,FR,165.5,53816
2021-11-12T04:45:00+00:00,2021-11-12T05:45:00+01:00,NL,136.68,11636.89
2021-11-12T05:00:00+00:00,2021-11-12T06:00:00+01:00,AT,207.09,
2021-11-12T05:00:00+00:00,2021-11-12T06:00:00+01:00,BE,174,
2021-11-12T05:00:00+00:00,2021-11-12T06:00:00+01:00,CH,191.59,
2021-11-12T05:00:00+00:00,2021-11-12T06:00:00+01:00,DE-LU,180.59,57786.88
2021-11-12T05:00:00+00:00,2021-11-12T06:00:00+01:00,FR,185.36,58133
2021-11-12T05:00:00+00:00,2021-11-12T06:00:00+01:00,NL,174,12042.65
2021-11-12T05:15:00+00:00,2021-11-12T06:15:00+01:00,AT,207.09,
2021-11-12T05:15:00+00:00,2021-11-12T06:15:00+01:00,BE,174,
2021-11-12T05:15:00+00:00,2021-11-12T06:15:00+01:00,CH,191.59,
2021-11-12T05:15:00+00:00,2021-11-12T06:15:00+01:00,DE-LU,180.59,60267.02
2021-11-12T05:15:00+00:00,2021-11-12T06:15:00+01:00,FR,185.36,58133
2021-11-12T05:15:00+00:00,2021-11-12T06:15:00+01:00,NL,174,12373.99
2021-11-12T05:30:00+00:00,2021-11-12T06:30:00+01:00,AT,207.09,
2021-11-12T05:30:00+00:00,2021-11-12T06:30:00+01:00,BE,174,
2021-11-12T05:30:00+00:00,2021-11-12T06:30:00+01:00,CH,191.59,
2021-11-12T05:30:00+00:00,2021-11-12T06:30:00+01:00,DE-LU,180.59,61983.12
2021-11-12T05:30:00+00:00,2021-11-12T06:30:00+01:00,FR,185.36,58133
2021-11-12T05:30:00+00:00,2021-11-12T06:30:00+01:00,NL,174,12694.63
2021-11-12T05:45:00+00:00,2021-11-12T06:45:00+01:00,AT,207.09,
2021-11-12T05:45:00+00:00,2021-11-12T06:45:00+01:00,BE,174,
2021-11-12T05:45:00+00:00,2021-11-12T06:45:00+01:00,CH,191.59,
2021-11-12T05:45:00+00:00,2021-11-12T06:45:00+01:00,DE-LU,180.59,63664.55
2021-11-12T05:45:00+00:00,2021-11-12T06:45:00+01:00,FR,185.36,58133
2021-11-12T05:45:00+00:00,2021-11-12T06:45:00+01:00,NL,174,13100.72
2021-11-12T06:00:00+00:00,2021-11-12T07:00:00+01:00,AT,216.11,
2021-11-12T06:00:00+00:00,2021-11-12T07:00:00+01:00,BE,214.21,
2021-11-12T06:00:00+00:00,2021-11-12T07:00:00+01:00,CH,212.53,
2021-11-12T06:00:00+00:00,2021-11-12T07:00:00+01:00,DE-LU,212.86,65384.48
2021-11-12T06:00:00+00:00,2021-11-12T07:00:00+01:00,FR,214.19,62501
2021-11-12T06:00:00+00:00,2021-11-12T07:00:00+01:00,NL,208,13477.47
2021-11-12T06:15:00+00:00,2021-11-12T07:15:00+01:00,AT,216.11,
2021-11-12T06:15:00+00:00,2021-11-12T07:15:00+01:00,BE,214.21,
2021-11-12T06:15:00+00:00,2021-11-12T07:15:00+01:00,CH,212.53,
2021-11-12T06:15:00+00:00,2021-11-12T07:15:00+01:00,DE-LU,212.86,66254.82
2021-11-12T06:15:00+00:00,2021-11-12T07:15:00+01:00,FR,214.19,62501
2021-11-12T06:15:00+00:00,2021-11-12T07:15:00+01:00,NL,208,13941.59
2021-11-12T06:30:00+00:00,2021-11-12T07:30:00+01:00,AT,216.11,
2021-11-12T06:30:00+00:00,2021-11-12T07:30:00+01:00,BE,214.21,
2021-11-12T06:30:00+00:00,2021-11-12T07:30:00+01:00,CH,212.53,
2021-11-12T06:30:00+00:00,2021-11-12T07:30:00+01:00,DE-LU,212.86,66823.01
2021-11-12T06:30:00+00:00,2021-11-12T07:30:00+01:00,FR,214.19,62501
2021-11-12T06:30:00+00:00,2021-11-12T07:30:00+01:00,NL,208,14415.6
2021-11-12T06:45:00+00:00,2021-11-12T07:45:00+01:00,AT,216.11,
2021-11-12T06:45:00+00:00,2021-11-12T07:45:00+01:00,BE,214.21,
2021-11-12T06:45:00+00:00,2021-11-12T07:45:00+01:00,CH,212.53,
2021-11-12T06:45:00+00:00,2021-11-12T07:45:00+01:00,DE-LU,212.86,67603.74
2021-11-12T06:45:00+00:00,2021-11-12T07:45:00+01:00,FR,214.19,62501
2021-11-12T06:45:00+00:00,2021-11-12T07:45:00+01:00,NL,208,14678.06
2021-11-12T07:00:00+00:00,2021-11-12T08:00:00+01:00,AT,236.83,
2021-11-12T07:00:00+00:00,2021-11-12T08:00:00+01:00,BE,207.28,
2021-11-12T07:00:00+00:00,2021-11-12T08:00:00+01:00,CH,219.45,
2021-11-12T07:00:00+00:00,2021-11-12T08:00:00+01:00,DE-LU,214.77,68644.16
2021-11-12T07:00:00+00:00,2021-11-12T08:00:00+01:00,FR,224.31,63934
2021-11-12T07:00:00+00:00,2021-11-12T08:00:00+01:00,NL,206.76,14889.33
2021-11-12T07:15:00+00:00,2021-11-12T08:15:00+01:00,AT,236.83,
2021-11-12T07:15:00+00:00,2021-11-12T08:15:00+01:00,BE,207.28,
2021-11-12T07:15:00+00:00,2021-11-12T08:15:00+01:00,CH,219.45,
2021-11-12T07:15:00+00:00,2021-11-12T08:15:00+01:00,DE-LU,214.77,69271.11
2021-11-12T07:15:00+00:00,2021-11-12T08:15:00+01:00,FR,224.31,63934
2021-11-12T07:15:00+00:00,2021-11-12T08:15:00+01:00,NL,206.76,15010.79
2021-11-12T07:30:00+00:00,2021-11-12T08:30:00+01:00,AT,236.83,
2021-11-12T07:30:00+00:00,2021-11-12T08:30:00+01:00,BE,207.28,
2021-11-12T07:30:00+00:00,2021-11-12T08:30:00+01:00,CH,219.45,
2021-11-12T07:30:00+00:00,2021-11-12T08:30:00+01:00,DE-LU,214.77,69600.69
2021-11-12T07:30:00+00:00,2021-11-12T08:30:00+01:00,FR,224.31,63934
2021-11-12T07:30:00+00:00,2021-11-12T08:30:00+01:00,NL,206.76,15063.77
2021-11-12T07:45:00+00:00,2021-11-12T08:45:00+01:00,AT,236.83,
2021-11-12T07:45:00+00:00,2021-11-12T08:45:00+01:00,BE,207.28,
2021-11-12T07:45:00+00:00,2021-11-12T08:45:00+01:00,CH,219.45,
2021-11-12T07:45:00+00:00,2021-11-12T08:45:00+01:00,DE-LU,214.77,69556.58
2021-11-12T07:45:00+00:00,2021-11-12T08:45:00+01:00,FR,224.31,63934
2021-11-12T07:45:00+00:00,2021-11-12T08:45:00+01:00,NL,206.76,15017.92
2021-11-12T08:00:00+00:00,2021-11-12T09:00:00+01:00,AT,224.94,
2021-11-12T08:00:00+00:00,2021-11-12T09:00:00+01:00,BE,200.6,
2021-11-12T08:00:00+00:00,2021-11-12T09:00:00+01:00,CH,210.97,
2021-11-12T08:00:00+00:00,2021-11-12T09:00:00+01:00,DE-LU,207.67,69578.84
2021-11-12T08:00:00+00:00,2021-11-12T09:00:00+01:00,FR,216.12,64713
2021-11-12T08:00:00+00:00,2021-11-12T09:00:00+01:00,NL,200.6,14962.8
2021-11-12T08:15:00+00:00,2021-11-12T09:15:00+01:00,AT,224.94,
2021-11-12T08:15:00+00:00,2021-11-12T09:15:00+01:00,BE,200.6,
2021-11-12T08:15:00+00:00,2021-11-12T09:15:00+01:00,CH,210.97,
2021-11-12T08:15:00+00:00,2021-11-12T09:15:00+01:00,DE-LU,207.67,69700.59
2021-11-12T08:15:00+00:00,2021-11-12T09:15:00+01:00,FR,216.12,64713
2021-11-12T08:15:00+00:00,2021-11-12T09:15:00+01:00,NL,200.6,14865.1
2021-11-12T08:30:00+00:00,2021-11-12T09:30:00+01:00,AT,224.94,
2021-11-12T08:30:00+00:00,2021-11-12T09:30:00+01:00,BE,200.6,
2021-11-12T08:30:00+00:00,2021-11-12T09:30:00+01:00,CH,210.97,
2021-11-12T08:30:00+00:00,2021-11-12T09:30:00+01:00,DE-LU,207.67,70027.22
2021-11-12T08:30:00+00:00,2021-11-12T09:30:00+01:00,FR,216.12,64713
2021-11-12T08:30:00+00:00,2021-11-12T09:30:00+01:00,NL,200.6,14685.69
2021-11-12T08:45:00+00:00,2021-11-12T09:45:00+01:00,AT,224.94,
2021-11-12T08:45:00+00:00,2021-11-12T09:45:00+01:00,BE,200.6,
2021-11-12T08:45:00+00:00,2021-11-12T09:45:00+01:00,CH,210.97,
2021-11-12T08:45:00+00:00,2021-11-12T09:45:00+01:00,DE-LU,207.67,70201.85
2021-11-12T08:45:00+00:00,2021-11-12T09:45:00+01:00,FR,216.12,64713
2021-11-12T08:45:00+00:00,2021-11-12T09:45:00+01:00,NL,200.6,14490.36
2021-11-12T09:00:00+00:00,2021-11-12T10:00:00+01:00,AT,214.97,
2021-11-12T09:00:00+00:00,2021-11-12T10:00:00+01:00,BE,182,
2021-11-12T09:00:00+00:00,2021-11-12T10:00:00+01:00,CH,198.93,
2021-11-12T09:00:00+00:00,2021-11-12T10:00:00+01:00,DE-LU,191.61,70380.08
2021-11-12T09:00:00+00:00,2021-11-12T10:00:00+01:00,FR,204.61,63901
2021-11-12T09:00:00+00:00,2021-11-12T10:00:00+01:00,NL,182,14305.22
2021-11-12T09:15:00+00:00,2021-11-12T10:15:00+01:00,AT,214.97,
2021-11-12T09:15:00+00:00,2021-11-12T10:15:00+01:00,BE,182,
2021-11-12T09:15:00+00:00,2021-11-12T10:15:00+01:00,CH,198.93,
2021-11-12T09:15:00+00:00,2021-11-12T10:15:00+01:00,DE-LU,191.61,70386.99
2021-11-12T09:15:00+00:00,2021-11-12T10:15:00+01:00,FR,204.61,63901
2021-11-12T09:15:00+00:00,2021-11-12T10:15:00+01:00,NL,182,14128.85
2021-11-12T09:30:00+00:00,2021-11-12T10:30:00+01:00,AT,214.97,
2021-11-12T09:30:00+00:00,2021-11-12T10:30:00+01:00,BE,182,
2021-11-12T09:30:00+00:00,2021-11-12T10:30:00+01:00,CH,198.93,
2021-11-12T09:30:00+00:00,2021-11-12T10:30:00+01:00,DE-LU,191.61,70531.73
2021-11-12T09:30:00+00:00,2021-11-12T10:30:00+01:00,FR,204.61,63901
2021-11-12T09:30:00+00:00,2021-11-12T10:30:00+01:00,NL,182,13925.58
2021-11-12T09:45:00+00:00,2021-11-12T10:45:00+01:00,AT,214.97,
2021-11-12T09:45:00+00:00,2021-11-12T10:45:00+01:00,BE,182,
2021-11-12T09:45:00+00:00,2021-11-12T10:45:00+01:00,CH,198.93,
2021-11-12T09:45:00+00:00,2021-11-12T10:45:00+01:00,DE-LU,191.61,70660.09
2021-11-12T09:45:00+00:00,2021-11-12T10:45:00+01:00,FR,204.61,63901
2021-11-12T09:45:00+00:00,2021-11-12T10:45:00+01:00,NL,182,13779.97
2021-11-12T10:00:00+00:00,2021-11-12T11:00:00+01:00,AT,211.97,
2021-11-12T10:00:00+00:00,2021-11-12T11:00:00+01:00,BE,166.72,
2021-11-12T10:00:00+00:00,2021-11-12T11:00:00+01:00,CH,194.66,
2021-11-12T10:00:00+00:00,2021-11-12T11:00:00+01:00,DE-LU,179.94,70904.13
2021-11-12T10:00:00+00:00,2021-11-12T11:00:00+01:00,FR,196.54,63416
2021-11-12T10:00:00+00:00,2021-11-12T11:00:00+01:00,NL,165.61,13557.41
2021-11-12T10:15:00+00:00,2021-11-12T11:15:00+01:00,AT,211.97,
2021-11-12T10:15:00+00:00,2021-11-12T11:15:00+01:00,BE,166.72,
2021-11-12T10:15:00+00:00,2021-11-12T11:15:00+01:00,CH,194.66,
2021-11-12T10:15:00+00:00,2021-11-12T11:15:00+01:00,DE-LU,179.94,70911.65
2021-11-12T10:15:00+00:00,2021-11-12T11:15:00+01:00,FR,196.54,63416
2021-11-12T10:15:00+00:00,2021-11-12T11:15:00+01:00,NL,165.61,13312.53
2021-11-12T10:30:00+00:00,2021-11-12T11:30:00+01:00,AT,211.97,
2021-11-12T10:30:00+00:00,2021-11-12T11:30:00+01:00,BE,166.72,
2021-11-12T10:30:00+00:00,2021-11-12T11:30:00+01:00,CH,194.66,
2021-11-12T10:30:00+00:00,2021-11-12T11:30:00+01:00,DE-LU,179.94,70830.64
2021-11-12T10:30:00+00:00,2021-11-12T11:30:00+01:00,FR,196.54,63416
2021-11-12T10:30:00+00:00,2021-11-12T11:30:00+01:00,NL,165.61,13133.17
2021-11-12T10:45:00+00:00,2021-11-12T11:45:00+01:00,AT,211.97,
2021-11-12T10:45:00+00:00,2021-11-12T11:45:00+01:00,BE,166.72,
2021-11-12T10:45:00+00:00,2021-11-12T11:45:00+01:00,CH,194.66,
2021-11-12T10:45:00+00:00,2021-11-12T11:45:00+01:00,DE-LU,179.94,70794.49
2021-11-12T10:45:00+00:00,2021-11-12T11:45:00+01:00,FR,196.54,63416
2021-11-12T10:45:00+00:00,2021-11-12T11:45:00+01:00,NL,165.61,13102.99
2021-11-12T11:00:00+00:00,2021-11-12T12:00:00+01:00,AT,208.97,
2021-11-12T11:00:00+00:00,2021-11-12T12:00:00+01:00,BE,155.43,
2021-11-12T11:00:00+00:00,2021-11-12T12:00:00+01:00,CH,193.3,
2021-11-12T11:00:00+00:00,2021-11-12T12:00:00+01:00,DE-LU,164.69,70240.03
2021-11-12T11:00:00+00:00,2021-11-12T12:00:00+01:00,FR,191.54,64184
2021-11-12T11:00:00+00:00,2021-11-12T12:00:00+01:00,NL,155.43,13124.37
2021-11-12T11:15:00+00:00,2021-11-12T12:15:00+01:00,AT,208.97,
2021-11-12T11:15:00+00:00,2021-11-12T12:15:00+01:00,BE,155.43,
2021-11-12T11:15:00+00:00,2021-11-12T12:15:00+01:00,CH,193.3,
2021-11-12T11:15:00+00:00,2021-11-12T12:15:00+01:00,DE-LU,164.69,69885.74
2021-11-12T11:15:00+00:00,2021-11-12T12:15:00+01:00,FR,191.54,64184
2021-11-12T11:15:00+00:00,2021-11-12T12:15:00+01:00,NL,155.43,13206.33
2021-11-12T11:30:00+00:00,2021-11-12T12:30:00+01:00,AT,208.97,
2021-11-12T11:30:00+00:00,2021-11-12T12:30:00+01:00,BE,155.43,
2021-11-12T11:30:00+00:00,2021-11-12T12:30:00+01:00,CH,193.3,
2021-11-12T11:30:00+00:00,2021-11-12T12:30:00+01:00,DE-LU,164.69,69466.16
2021-11-12T11:30:00+00:00,2021-11-12T12:30:00+01:00,FR,191.54,64184
2021-11-12T11:30:00+00:00,2021-11-12T12:30:00+01:00,NL,155.43,13293.35
2021-11-12T11:45:00+00:00,2021-11-12T12:45:00+01:00,AT,208.97,
2021-11-12T11:45:00+00:00,2021-11-12T12:45:00+01:00,BE,155.43,
2021-11-12T11:45:00+00:00,2021-11-12T12:45:00+01:00,CH,193.3,
2021-11-12T11:45:00+00:00,2021-11-12T12:45:00+01:00,DE-LU,164.69,69518.71
2021-11-12T11:45:00+00:00,2021-11-12T12:45:00+01:00,FR,191.54,64184
2021-11-12T11:45:00+00:00,2021-11-12T12:45:00+01:00,NL,155.43,13527.11
2021-11-12T12:00:00+00:00,2021-11-12T13:00:00+01:00,AT,202,
2021-11-12T12:00:00+00:00,2021-11-12T13:00:00+01:00,BE,146.86,
2021-11-12T12:00:00+00:00,2021-11-12T13:00:00+01:00,CH,194.16,
2021-11-12T12:00:00+00:00,2021-11-12T13:00:00+01:00,DE-LU,156.81,69541.59
2021-11-12T12:00:00+00:00,2021-11-12T13:00:00+01:00,FR,185.53,61804
2021-11-12T12:00:00+00:00,2021-11-12T13:00:00+01:00,NL,146.86,13792.89
2021-11-12T12:15:00+00:00,2021-11-12T13:15:00+01:00,AT,202,
2021-11-12T12:15:00+00:00,2021-11-12T13:15:00+01:00,BE,146.86,
2021-11-12T12:15:00+00:00,2021-11-12T13:15:00+01:00,CH,194.16,
2021-11-12T12:15:00+00:00,2021-11-12T13:15:00+01:00,DE-LU,156.81,69122.18
2021-11-12T12:15:00+00:00,2021-11-12T13:15:00+01:00,FR,185.53,61804
2021-11-12T12:15:00+00:00,2021-11-12T13:15:00+01:00,NL,146.86,14040.49
2021-11-12T12:30:00+00:00,2021-11-12T13:30:00+01:00,AT,202,
2021-11-12T12:30:00+00:00,2021-11-12T13:30:00+01:00,BE,146.86,
2021-11-12T12:30:00+00:00,2021-11-12T13:30:00+01:00,CH,194.16,
2021-11-12T12:30:00+00:00,2021-11-12T13:30:00+01:00,DE-LU,156.81,68854.77
2021-11-12T12:30:00+00:00,2021-11-12T13:30:00+01:00,FR,185.53,61804
2021-11-12T12:30:00+00:00,2021-11-12T13:30:00+01:00,NL,146.86,14190.89
2021-11-12T12:45:00+00:00,2021-11-12T13:45:00+01:00,AT,202,
2021-11-12T12:45:00+00:00,2021-11-12T13:45:00+01:00,BE,146.86,
2021-11-12T12:45:00+00:00,2021-11-12T13:45:00+01:00,CH,194.16,
2021-11-12T12:45:00+00:00,2021-11-12T13:45:00+01:00,DE-LU,156.81,68208.94
2021-11-12T12:45:00+00:00,2021-11-12T13:45:00+01:00,FR,185.53,61804
2021-11-12T12:45:00+00:00,2021-11-12T13:45:00+01:00,NL,146.86,14325.81
2021-11-12T13:00:00+00:00,2021-11-12T14:00:00+01:00,AT,208.2,
2021-11-12T13:00:00+00:00,2021-11-12T14:00:00+01:00,BE,142,
2021-11-12T13:00:00+00:00,2021-11-12T14:00:00+01:00,CH,208.05,
2021-11-12T13:00:00+00:00,2021-11-12T14:00:00+01:00,DE-LU,156.55,67954.43
2021-11-12T13:00:00+00:00,2021-11-12T14:00:00+01:00,FR,184.86,59212
2021-11-12T13:00:00+00:00,2021-11-12T14:00:00+01:00,NL,142,14456.79
2021-11-12T13:15:00+00:00,2021-11-12T14:15:00+01:00,AT,208.2,
2021-11-12T13:15:00+00:00,2021-11-12T14:15:00+01:00,BE,142,
2021-11-12T13:15:00+00:00,2021-11-12T14:15:00+01:00,CH,208.05,
2021-11-12T13:15:00+00:00,2021-11-12T14:15:00+01:00,DE-LU,156.55,67670.17
2021-11-12T13:15:00+00:00,2021-11-12T14:15:00+01:00,FR,184.86,59212
2021-11-12T13:15:00+00:00,2021-11-12T14:15:00+01:00,NL,142,14579.29
2021-11-12T13:30:00+00:00,2021-11-12T14:30:00+01:00,AT,208.2,
2021-11-12T13:30:00+00:00,2021-11-12T14:30:00+01:00,BE,142,
2021-11-12T13:30:00+00:00,2021-11-12T14:30:00+01:00,CH,208.05,
2021-11-12T13:30:00+00:00,2021-11-12T14:30:00+01:00,DE-LU,156.55,67474.33
2021-11-12T13:30:00+00:00,2021-11-12T14:30:00+01:00,FR,184.86,59212
2021-11-12T13:30:00+00:00,2021-11-12T14:30:00+01:00,NL,142,14710.15
2021-11-12T13:45:00+00:00,2021-11-12T14:45:00+01:00,AT,208.2,
2021-11-12T13:45:00+00:00,2021-11-12T14:45:00+01:00,BE,142,
2021-11-12T13:45:00+00:00,2021-11-12T14:45:00+01:00,CH,208.05,
2021-11-12T13:45:00+00:00,2021-11-12T14:45:00+01:00,DE-LU,156.55,67263.12
2021-11-12T13:45:00+00:00,2021-11-12T14:45:00+01:00,FR,184.86,59212
2021-11-12T13:45:00+00:00,2021-11-12T14:45:00+01:00,NL,142,14799.63
2021-11-12T14:00:00+00:00,2021-11-12T15:00:00+01:00,AT,211.91,
2021-11-12T14:00:00+00:00,2021-11-12T15:00:00+01:00,BE,160.35,
2021-11-12T14:00:00+00:00,2021-11-12T15:00:00+01:00,CH,208.27,
2021-11-12T14:00:00+00:00,2021-11-12T15:00:00+01:00,DE-LU,179.99,67378.97
2021-11-12T14:00:00+00:00,2021-11-12T15:00:00+01:00,FR,181.39,57343
2021-11-12T14:00:00+00:00,2021-11-12T15:00:00+01:00,NL,160.35,14900.28
2021-11-12T14:15:00+00:00,2021-11-12T15:15:00+01:00,AT,211.91,
2021-11-12T14:15:00+00:00,2021-11-12T15:15:00+01:00,BE,160.35,
2021-11-12T14:15:00+00:00,2021-11-12T15:15:00+01:00,CH,208.27,
2021-11-12T14:15:00+00:00,2021-11-12T15:15:00+01:00,DE-LU,179.99,67247.96
2021-11-12T14:15:00+00:00,2021-11-12T15:15:00+01:00,FR,181.39,57343
2021-11-12T14:15:00+00:00,2021-11-12T15:15:00+01:00,NL,160.35,14941.45
2021-11-12T14:30:00+00:00,2021-11-12T15:30:00+01:00,AT,211.91,
2021-11-12T14:30:00+00:00,2021-11-12T15:30:00+01:00,BE,160.35,
2021-11-12T14:30:00+00:00,2021-11-12T15:30:00+01:00,CH,208.27,
2021-11-12T14:30:00+00:00,2021-11-12T15:30:00+01:00,DE-LU,179.99,67153.19
2021-11-12T14:30:00+00:00,2021-11-12T15:30:00+01:00,FR,181.39,57343
2021-11-12T14:30:00+00:00,2021-11-12T15:30:00+01:00,NL,160.35,14950.79
2021-11-12T14:45:00+00:00,2021-11-12T15:45:00+01:00,AT,211.91,
2021-11-12T14:45:00+00:00,2021-11-12T15:45:00+01:00,BE,160.35,
2021-11-12T14:45:00+00:00,2021-11-12T15:45:00+01:00,CH,208.27,
2021-11-12T14:45:00+00:00,2021-11-12T15:45:00+01:00,DE-LU,179.99,67283.85
2021-11-12T14:45:00+00:00,2021-11-12T15:45:00+01:00,FR,181.39,57343
2021-11-12T14:45:00+00:00,2021-11-12T15:45:00+01:00,NL,160.35,15028.08
2021-11-12T15:00:00+00:00,2021-11-12T16:00:00+01:00,AT,211.91,
2021-11-12T15:00:00+00:00,2021-11-12T16:00:00+01:00,BE,166.45,
2021-11-12T15:00:00+00:00,2021-11-12T16:00:00+01:00,CH,212.39,
2021-11-12T15:00:00+00:00,2021-11-12T16:00:00+01:00,DE-LU,185.09,67634.06
2021-11-12T15:00:00+00:00,2021-11-12T16:00:00+01:00,FR,185.09,56722
2021-11-12T15:00:00+00:00,2021-11-12T16:00:00+01:00,NL,166.45,15139.81
2021-11-12T15:15:00+00:00,2021-11-12T16:15:00+01:00,AT,211.91,
2021-11-12T15:15:00+00:00,2021-11-12T16:15:00+01:00,BE,166.45,
2021-11-12T15:15:00+00:00,2021-11-12T16:15:00+01:00,CH,212.39,
2021-11-12T15:15:00+00:00,2021-11-12T16:15:00+01:00,DE-LU,185.09,67858.07
2021-11-12T15:15:00+00:00,2021-11-12T16:15:00+01:00,FR,185.09,56722
2021-11-12T15:15:00+00:00,2021-11-12T16:15:00+01:00,NL,166.45,15281.7
2021-11-12T15:30:00+00:00,2021-11-12T16:30:00+01:00,AT,211.91,
2021-11-12T15:30:00+00:00,2021-11-12T16:30:00+01:00,BE,166.45,
2021-11-12T15:30:00+00:00,2021-11-12T16:30:00+01:00,CH,212.39,
2021-11-12T15:30:00+00:00,2021-11-12T16:30:00+01:00,DE-LU,185.09,68268.85
2021-11-12T15:30:00+00:00,2021-11-12T16:30:00+01:00,FR,185.09,56722
2021-11-12T15:30:00+00:00,2021-11-12T16:30:00+01:00,NL,166.45,15423.56
2021-11-12T15:45:00+00:00,2021-11-12T16:45:00+01:00,AT,211.91,
2021-11-12T15:45:00+00:00,2021-11-12T16:45:00+01:00,BE,166.45,
2021-11-12T15:45:00+00:00,2021-11-12T16:45:00+01:00,CH,212.39,
2021-11-12T15:45:00+00:00,2021-11-12T16:45:00+01:00,DE-LU,185.09,69316.59
2021-11-12T15:45:00+00:00,2021-11-12T16:45:00+01:00,FR,185.09,56722
2021-11-12T15:45:00+00:00,2021-11-12T16:45:00+01:00,NL,166.45,15692.43
2021-11-12T16:00:00+00:00,2021-11-12T17:00:00+01:00,AT,211.2,
2021-11-12T16:00:00+00:00,2021-11-12T17:00:00+01:00,BE,211.2,
2021-11-12T16:00:00+00:00,2021-11-12T17:00:00+01:00,CH,213.85,
2021-11-12T16:00:00+00:00,2021-11-12T17:00:00+01:00,DE-LU,211.2,69949.12
2021-11-12T16:00:00+00:00,2021-11-12T17:00:00+01:00,FR,211.2,59933
2021-11-12T16:00:00+00:00,2021-11-12T17:00:00+01:00,NL,211.2,15927.09
2021-11-12T16:15:00+00:00,2021-11-12T17:15:00+01:00,AT,211.2,
2021-11-12T16:15:00+00:00,2021-11-12T17:15:00+01:00,BE,211.2,
2021-11-12T16:15:00+00:00,2021-11-12T17:15:00+01:00,CH,213.85,
2021-11-12T16:15:00+00:00,2021-11-12T17:15:00+01:00,DE-LU,211.2,70370.46
2021-11-12T16:15:00+00:00,2021-11-12T17:15:00+01:00,FR,211.2,59933
2021-11-12T16:15:00+00:00,2021-11-12T17:15:00+01:00,NL,211.2,16241.47
2021-11-12T16:30:00+00:00,2021-11-12T17:30:00+01:00,AT,211.2,
2021-11-12T16:30:00+00:00,2021-11-12T17:30:00+01:00,BE,211.2,
2021-11-12T16:30:00+00:00,2021-11-12T17:30:00+01:00,CH,213.85,
2021-11-12T16:30:00+00:00,2021-11-12T17:30:00+01:00,DE-LU,211.2,70605.58
2021-11-12T16:30:00+00:00,2021-11-12T17:30:00+01:00,FR,211.2,59933
2021-11-12T16:30:00+00:00,2021-11-12T17:30:00+01:00,NL,211.2,16321.06
2021-11-12T16:45:00+00:00,2021-11-12T17:45:00+01:00,AT,211.2,
2021-11-12T16:45:00+00:00,2021-11-12T17:45:00+01:00,BE,211.2,
2021-11-12T16:45:00+00:00,2021-11-12T17:45:00+01:00,CH,213.85,
2021-11-12T16:45:00+00:00,2021-11-12T17:45:00+01:00,DE-LU,211.2,70662.42
2021-11-12T16:45:00+00:00,2021-11-12T17:45:00+01:00,FR,211.2,59933
2021-11-12T16:45:00+00:00,2021-11-12T17:45:00+01:00,NL,211.2,16279.38
2021-11-12T17:00:00+00:00,2021-11-12T18:00:00+01:00,AT,215,
2021-11-12T17:00:00+00:00,2021-11-12T18:00:00+01:00,BE,207.95,
2021-11-12T17:00:00+00:00,2021-11-12T18:00:00+01:00,CH,214.08,
2021-11-12T17:00:00+00:00,2021-11-12T18:00:00+01:00,DE-LU,193.23,70506.49
2021-11-12T17:00:00+00:00,2021-11-12T18:00:00+01:00,FR,215.1,63651
2021-11-12T17:00:00+00:00,2021-11-12T18:00:00+01:00,NL,157.9,16013.19
2021-11-12T17:15:00+00:00,2021-11-12T18:15:00+01:00,AT,215,
2021-11-12T17:15:00+00:00,2021-11-12T18:15:00+01:00,BE,207.95,
2021-11-12T17:15:00+00:00,2021-11-12T18:15:00+01:00,CH,214.08,
2021-11-12T17:15:00+00:00,2021-11-12T18:15:00+01:00,DE-LU,193.23,70395.83
2021-11-12T17:15:00+00:00,2021-11-12T18:15:00+01:00,FR,215.1,63651
2021-11-12T17:15:00+00:00,2021-11-12T18:15:00+01:00,NL,157.9,15786.09
2021-11-12T17:30:00+00:00,2021-11-12T18:30:00+01:00,AT,215,
2021-11-12T17:30:00+00:00,2021-11-12T18:30:00+01:00,BE,207.95,
2021-11-12T17:30:00+00:00,2021-11-12T18:30:00+01:00,CH,214.08,
2021-11-12T17:30:00+00:00,2021-11-12T18:30:00+01:00,DE-LU,193.23,70292.94
2021-11-12T17:30:00+00:00,2021-11-12T18:30:00+01:00,FR,215.1,63651
2021-11-12T17:30:00+00:00,2021-11-12T18:30:00+01:00,NL,157.9,15574.21
2021-11-12T17:45:00+00:00,2021-11-12T18:45:00+01:00,AT,215,
2021-11-12T17:45:00+00:00,2021-11-12T18:45:00+01:00,BE,207.95,
2021-11-12T17:45:00+00:00,2021-11-12T18:45:00+01:00,CH,214.08,
2021-11-12T17:45:00+00:00,2021-11-12T18:45:00+01:00,DE-LU,193.23,70171.98
2021-11-12T17:45:00+00:00,2021-11-12T18:45:00+01:00,FR,215.1,63651
2021-11-12T17:45:00+00:00,2021-11-12T18:45:00+01:00,NL,157.9,15489.77
2021-11-12T18:00:00+00:00,2021-11-12T19:00:00+01:00,AT,230.06,
2021-11-12T18:00:00+00:00,2021-11-12T19:00:00+01:00,BE,145.19,
2021-11-12T18:00:00+00:00,2021-11-12T19:00:00+01:00,CH,208.06,
2021-11-12T18:00:00+00:00,2021-11-12T19:00:00+01:00,DE-LU,145.19,69720.86
2021-11-12T18:00:00+00:00,2021-11-12T19:00:00+01:00,FR,205,63573
2021-11-12T18:00:00+00:00,2021-11-12T19:00:00+01:00,NL,111.07,15127.35
2021-11-12T18:15:00+00:00,2021-11-12T19:15:00+01:00,AT,230.06,
2021-11-12T18:15:00+00:00,2021-11-12T19:15:00+01:00,BE,145.19,
2021-11-12T18:15:00+00:00,2021-11-12T19:15:00+01:00,CH,208.06,
2021-11-12T18:15:00+00:00,2021-11-12T19:15:00+01:00,DE-LU,145.19,69380.82
2021-11-12T18:15:00+00:00,2021-11-12T19:15:00+01:00,FR,205,63573
2021-11-12T18:15:00+00:00,2021-11-12T19:15:00+01:00,NL,111.07,14910.38
2021-11-12T18:30:00+00:00,2021-11-12T19:30:00+01:00,AT,230.06,
2021-11-12T18:30:00+00:00,2021-11-12T19:30:00+01:00,BE,145.19,
2021-11-12T18:30:00+00:00,2021-11-12T19:30:00+01:00,CH,208.06,
2021-11-12T18:30:00+00:00,2021-11-12T19:30:00+01:00,DE-LU,145.19,69346.06
2021-11-12T18:30:00+00:00,2021-11-12T19:30:00+01:00,FR,205,63573
2021-11-12T18:30:00+00:00,2021-11-12T19:30:00+01:00,NL,111.07,14842.07
2021-11-12T18:45:00+00:00,2021-11-12T19:45:00+01:00,AT,230.06,
2021-11-12T18:45:00+00:00,2021-11-12T19:45:00+01:00,BE,145.19,
2021-11-12T18:45:00+00:00,2021-11-12T19:45:00+01:00,CH,208.06,
2021-11-12T18:45:00+00:00,2021-11-12T19:45:00+01:00,DE-LU,145.19,68403.5
2021-11-12T18:45:00+00:00,2021-11-12T19:45:00+01:00,FR,205,63573
2021-11-12T18:45:00+00:00,2021-11-12T19:45:00+01:00,NL,111.07,14799.52
2021-11-12T19:00:00+00:00,2021-11-12T20:00:00+01:00,AT,211.93,
2021-11-12T19:00:00+00:00,2021-11-12T20:00:00+01:00,BE,150,
2021-11-12T19:00:00+00:00,2021-11-12T20:00:00+01:00,CH,205.01,
2021-11-12T19:00:00+00:00,2021-11-12T20:00:00+01:00,DE-LU,157.11,67062.01
2021-11-12T19:00:00+00:00,2021-11-12T20:00:00+01:00,FR,185.68,60203
2021-11-12T19:00:00+00:00,2021-11-12T20:00:00+01:00,NL,180.06,14584.37
2021-11-12T19:15:00+00:00,2021-11-12T20:15:00+01:00,AT,211.93,
2021-11-12T19:15:00+00:00,2021-11-12T20:15:00+01:00,BE,150,
2021-11-12T19:15:00+00:00,2021-11-12T20:15:00+01:00,CH,205.01,
2021-11-12T19:15:00+00:00,2021-11-12T20:15:00+01:00,DE-LU,157.11,65901.26
2021-11-12T19:15:00+00:00,2021-11-12T20:15:00+01:00,FR,185.68,60203
2021-11-12T19:15:00+00:00,2021-11-12T20:15:00+01:00,NL,180.06,14401.57
2021-11-12T19:30:00+00:00,2021-11-12T20:30:00+01:00,AT,211.93,
2021-11-12T19:30:00+00:00,2021-11-12T20:30:00+01:00,BE,150,
2021-11-12T19:30:00+00:00,2021-11-12T20:30:00+01:00,CH,205.01,
2021-11-12T19:30:00+00:00,2021-11-12T20:30:00+01:00,DE-LU,157.11,64491.52
2021-11-12T19:30:00+00:00,2021-11-12T20:30:00+01:00,FR,185.68,60203
2021-11-12T19:30:00+00:00,2021-11-12T20:30:00+01:00,NL,180.06,14189.35
2021-11-12T19:45:00+00:00,2021-11-12T20:45:00+01:00,AT,211.93,
2021-11-12T19:45:00+00:00,2021-11-12T20:45:00+01:00,BE,150,
2021-11-12T19:45:00+00:00,2021-11-12T20:45:00+01:00,CH,205.01,
2021-11-12T19:45:00+00:00,2021-11-12T20:45:00+01:00,DE-LU,157.11,63486.66
2021-11-12T19:45:00+00:00,2021-11-12T20:45:00+01:00,FR,185.68,60203
2021-11-12T19:45:00+00:00,2021-11-12T20:45:00+01:00,NL,180.06,13909.57
2021-11-12T20:00:00+00:00,2021-11-12T21:00:00+01:00,AT,204.57,
2021-11-12T20:00:00+00:00,2021-11-12T21:00:00+01:00,BE,168.98,
2021-11-12T20:00:00+00:00,2021-11-12T21:00:00+01:00,CH,195.07,
2021-11-12T20:00:00+00:00,2021-11-12T21:00:00+01:00,DE-LU,109.11,62631.05
2021-11-12T20:00:00+00:00,2021-11-12T21:00:00+01:00,FR,179.64,57407
2021-11-12T20:00:00+00:00,2021-11-12T21:00:00+01:00,NL,148.6,13677.55
2021-11-12T20:15:00+00:00,2021-11-12T21:15:00+01:00,AT,204.57,
2021-11-12T20:15:00+00:00,2021-11-12T21:15:00+01:00,BE,168.98,
2021-11-12T20:15:00+00:00,2021-11-12T21:15:00+01:00,CH,195.07,
2021-11-12T20:15:00+00:00,2021-11-12T21:15:00+01:00,DE-LU,109.11,61933.85
2021-11-12T20:15:00+00:00,2021-11-12T21:15:00+01:00,FR,179.64,57407
2021-11-12T20:15:00+00:00,2021-11-12T21:15:00+01:00,NL,148.6,13527.65
2021-11-12T20:30:00+00:00,2021-11-12T21:30:00+01:00,AT,204.57,
2021-11-12T20:30:00+00:00,2021-11-12T21:30:00+01:00,BE,168.98,
2021-11-12T20:30:00+00:00,2021-11-12T21:30:00+01:00,CH,195.07,
2021-11-12T20:30:00+00:00,2021-11-12T21:30:00+01:00,DE-LU,109.11,60974.92
2021-11-12T20:30:00+00:00,2021-11-12T21:30:00+01:00,FR,179.64,57407
2021-11-12T20:30:00+00:00,2021-11-12T21:30:00+01:00,NL,148.6,13298.13
2021-11-12T20:45:00+00:00,2021-11-12T21:45:00+01:00,AT,204.57,
2021-11-12T20:45:00+00:00,2021-11-12T21:45:00+01:00,BE,168.98,
2021-11-12T20:45:00+00:00,2021-11-12T21:45:00+01:00,CH,195.07,
2021-11-12T20:45:00+00:00,2021-11-12T21:45:00+01:00,DE-LU,109.11,59995.25
2021-11-12T20:45:00+00:00,2021-11-12T21:45:00+01:00,FR,179.64,57407
2021-11-12T20:45:00+00:00,2021-11-12T21:45:00+01:00,NL,148.6,13103.68
2021-11-12T21:00:00+00:00,2021-11-12T22:00:00+01:00,AT,176.15,
2021-11-12T21:00:00+00:00,2021-11-12T22:00:00+01:00,BE,159.59,
2021-11-12T21:00:00+00:00,2021-11-12T22:00:00+01:00,CH,180.88,
2021-11-12T21:00:00+00:00,2021-11-12T22:00:00+01:00,DE-LU,109.54,59564.77
2021-11-12T21:00:00+00:00,2021-11-12T22:00:00+01:00,FR,169.12,57316
2021-11-12T21:00:00+00:00,2021-11-12T22:00:00+01:00,NL,140.05,12895.55
2021-11-12T21:15:00+00:00,2021-11-12T22:15:00+01:00,AT,176.15,
2021-11-12T21:15:00+00:00,2021-11-12T22:15:00+01:00,BE,159.59,
2021-11-12T21:15:00+00:00,2021-11-12T22:15:00+01:00,CH,180.88,
2021-11-12T21:15:00+00:00,2021-11-12T22:15:00+01:00,DE-LU,109.54,58452.23
2021-11-12T21:15:00+00:00,2021-11-12T22:15:00+01:00,FR,169.12,57316
2021-11-12T21:15:00+00:00,2021-11-12T22:15:00+01:00,NL,140.05,12703.13
2021-11-12T21:30:00+00:00,2021-11-12T22:30:00+01:00,AT,176.15,
2021-11-12T21:30:00+00:00,2021-11-12T22:30:00+01:00,BE,159.59,
2021-11-12T21:30:00+00:00,2021-11-12T22:30:00+01:00,CH,180.88,
2021-11-12T21:30:00+00:00,2021-11-12T22:30:00+01:00,DE-LU,109.54,57308.77
2021-11-12T21:30:00+00:00,2021-11-12T22:30:00+01:00,FR,169.12,57316
2021-11-12T21:30:00+00:00,2021-11-12T22:30:00+01:00,NL,140.05,12506.85
2021-11-12T21:45:00+00:00,2021-11-12T22:45:00+01:00,AT,176.15,
2021-11-12T21:45:00+00:00,2021-11-12T22:45:00+01:00,BE,159.59,
2021-11-12T21:45:00+00:00,2021-11-12T22:45:00+01:00,CH,180.88,
2021-11-12T21:45:00+00:00,2021-11-12T22:45:00+01:00,DE-LU,109.54,56477.51
2021-11-12T21:45:00+00:00,2021-11-12T22:45:00+01:00,FR,169.12,57316
2021-11-12T21:45:00+00:00,2021-11-12T22:45:00+01:00,NL,140.05,12326.95
2021-11-12T22:00:00+00:00,2021-11-12T23:00:00+01:00,AT,152.09,
2021-11-12T22:00:00+00:00,2021-11-12T23:00:00+01:00,BE,134.29,
2021-11-12T22:00:00+00:00,2021-11-12T23:00:00+01:00,CH,167.9,
2021-11-12T22:00:00+00:00,2021-11-12T23:00:00+01:00,DE-LU,91.42,55156.68
2021-11-12T22:00:00+00:00,2021-11-12T23:00:00+01:00,FR,165,57689
2021-11-12T22:00:00+00:00,2021-11-12T23:00:00+01:00,NL,100,12288.89
2021-11-12T22:15:00+00:00,2021-11-12T23:15:00+01:00,AT,152.09,
2021-11-12T22:15:00+00:00,2021-11-12T23:15:00+01:00,BE,134.29,
2021-11-12T22:15:00+00:00,2021-11-12T23:15:00+01:00,CH,167.9,
2021-11-12T22:15:00+00:00,2021-11-12T23:15:00+01:00,DE-LU,91.42,53852.54
2021-11-12T22:15:00+00:00,2021-11-12T23:15:00+01:00,FR,165,57689
2021-11-12T22:15:00+00:00,2021-11-12T23:15:00+01:00,NL,100,12159.72
2021-11-12T22:30:00+00:00,2021-11-12T23:30:00+01:00,AT,152.09,
2021-11-12T22:30:00+00:00,2021-11-12T23:30:00+01:00,BE,134.29,
2021-11-12T22:30:00+00:00,2021-11-12T23:30:00+01:00,CH,167.9,
2021-11-12T22:30:00+00:00,2021-11-12T23:30:00+01:00,DE-LU,91.42,53192.91
2021-11-12T22:30:00+00:00,2021-11-12T23:30:00+01:00,FR,165,57689
2021-11-12T22:30:00+00:00,2021-11-12T23:30:00+01:00,NL,100,11994.01
2021-11-12T22:45:00+00:00,2021-11-12T23:45:00+01:00,AT,152.09,
2021-11-12T22:45:00+00:00,2021-11-12T23:45:00+01:00,BE,134.29,
2021-11-12T22:45:00+00:00,2021-11-12T23:45:00+01:00,CH,167.9,
2021-11-12T22:45:00+00:00,2021-11-12T23:45:00+01:00,DE-LU,91.42,52609.39
2021-11-12T22:45:00+00:00,2021-11-12T23:45:00+01:00,FR,165,57689
2021-11-12T22:45:00+00:00,2021-11-12T23:45:00+01:00,NL,100,11801.26
2021-11-12T23:00:00+00:00,2021-11-13T00:00:00+01:00,AT,148.07,
2021-11-12T23:00:00+00:00,2021-11-13T00:00:00+01:00,BE,182,
2021-11-12T23:00:00+00:00,2021-11-13T00:00:00+01:00,CH,193.87,
2021-11-12T23:00:00+00:00,2021-11-13T00:00:00+01:00,DE-LU,99,52944.2
2021-11-12T23:00:00+00:00,2021-11-13T00:00:00+01:00,FR,187.93,54604
2021-11-12T23:00:00+00:00,2021-11-13T00:00:00+01:00,NL,84.5,11718.8
2021-11-12T23:15:00+00:00,2021-11-13T00:15:00+01:00,AT,148.07,
2021-11-12T23:15:00+00:00,2021-11-13T00:15:00+01:00,BE,182,
2021-11-12T23:15:00+00:00,2021-11-13T00:15:00+01:00,CH,193.87,
2021-11-12T23:15:00+00:00,2021-11-13T00:15:00+01:00,DE-LU,99,51935.96
2021-11-12T23:15:00+00:00,2021-11-13T00:15:00+01:00,FR,187.93,54604
2021-11-12T23:15:00+00:00,2021-11-13T00:15:00+01:00,NL,84.5,11655.19
2021-11-12T23:30:00+00:00,2021-11-13T00:30:00+01:00,AT,148.07,
2021-11-12T23:30:00+00:00,2021-11-13T00:30:00+01:00,BE,182,
2021-11-12T23:30:00+00:00,2021-11-13T00:30:00+01:00,CH,193.87,
2021-11-12T23:30:00+00:00,2021-11-13T00:30:00+01:00,DE-LU,99,51197.97
2021-11-12T23:30:00+00:00,2021-11-13T00:30:00+01:00,FR,187.93,54604
2021-11-12T23:30:00+00:00,2021-11-13T00:30:00+01:00,NL,84.5,11470.11
2021-11-12T23:45:00+00:00,2021-11-13T00:45:00+01:00,AT,148.07,
2021-11-12T23:45:00+00:00,2021-11-13T00:45:00+01:00,BE,182,
2021-11-12T23:45:00+00:00,2021-11-13T00:45:00+01:00,CH,193.87,
2021-11-12T23:45:00+00:00,2021-11-13T00:45:00+01:00,DE-LU,99,50972.4
2021-11-12T23:45:00+00:00,2021-11-13T00:45:00+01:00,FR,187.93,54604
2021-11-12T23:45:00+00:00,2021-11-13T00:45:00+01:00,NL,84.5,11334.33
2021-11-13T00:00:00+00:00,2021-11-13T01:00:00+01:00,AT,148.08,
2021-11-13T00:00:00+00:00,2021-11-13T01:00:00+01:00,BE,178.1,
2021-11-13T00:00:00+00:00,2021-11-13T01:00:00+01:00,CH,184.67,
2021-11-13T00:00:00+00:00,2021-11-13T01:00:00+01:00,DE-LU,92.65,50621.75
2021-11-13T00:00:00+00:00,2021-11-13T01:00:00+01:00,FR,181.14,52242
2021-11-13T00:00:00+00:00,2021-11-13T01:00:00+01:00,NL,84.25,11204.28
2021-11-13T00:15:00+00:00,2021-11-13T01:15:00+01:00,AT,148.08,
2021-11-13T00:15:00+00:00,2021-11-13T01:15:00+01:00,BE,178.1,
2021-11-13T00:15:00+00:00,2021-11-13T01:15:00+01:00,CH,184.67,
2021-11-13T00:15:00+00:00,2021-11-13T01:15:00+01:00,DE-LU,92.65,50122.69
2021-11-13T00:15:00+00:00,2021-11-13T01:15:00+01:00,FR,181.14,52242
2021-11-13T00:15:00+00:00,2021-11-13T01:15:00+01:00,NL,84.25,11070.41
2021-11-13T00:30:00+00:00,2021-11-13T01:30:00+01:00,AT,148.08,
2021-11-13T00:30:00+00:00,2021-11-13T01:30:00+01:00,BE,178.1,
2021-11-13T00:30:00+00:00,2021-11-13T01:30:00+01:00,CH,184.67,
2021-11-13T00:30:00+00:00,2021-11-13T01:30:00+01:00,DE-LU,92.65,49529.71
2021-11-13T00:30:00+00:00,2021-11-13T01:30:00+01:00,FR,181.14,52242
2021-11-13T00:30:00+00:00,2021-11-13T01:30:00+01:00,NL,84.25,10964.46
2021-11-13T00:45:00+00:00,2021-11-13T01:45:00+01:00,AT,148.08,
2021-11-13T00:45:00+00:00,2021-11-13T01:45:00+01:00,BE,178.1,
2021-11-13T00:45:00+00:00,2021-11-13T01:45:00+01:00,CH,184.67,
2021-11-13T00:45:00+00:00,2021-11-13T01:45:00+01:00,DE-LU,92.65,49229.81
2021-11-13T00:45:00+00:00,2021-11-13T01:45:00+01:00,FR,181.14,52242
2021-11-13T00:45:00+00:00,2021-11-13T01:45:00+01:00,NL,84.25,10836.3
2021-11-13T01:00:00+00:00,2021-11-13T02:00:00+01:00,AT,151.01,
2021-11-13T01:00:00+00:00,2021-11-13T02:00:00+01:00,BE,125.35,
2021-11-13T01:00:00+00:00,2021-11-13T02:00:00+01:00,CH,183.33,
2021-11-13T01:00:00+00:00,2021-11-13T02:00:00+01:00,DE-LU,97,49126.95
2021-11-13T01:00:00+00:00,2021-11-13T02:00:00+01:00,FR,173.46,50762
2021-11-13T01:00:00+00:00,2021-11-13T02:00:00+01:00,NL,84.07,10774.14
2021-11-13T01:15:00+00:00,2021-11-13T02:15:00+01:00,AT,151.01,
2021-11-13T01:15:00+00:00,2021-11-13T02:15:00+01:00,BE,125.35,
2021-11-13T01:15:00+00:00,2021-11-13T02:15:00+01:00,CH,183.33,
2021-11-13T01:15:00+00:00,2021-11-13T02:15:00+01:00,DE-LU,97,48783.82
2021-11-13T01:15:00+00:00,2021-11-13T02:15:00+01:00,FR,173.46,50762
2021-11-13T01:15:00+00:00,2021-11-13T02:15:00+01:00,NL,84.07,10715.86
2021-11-13T01:30:00+00:00,2021-11-13T02:30:00+01:00,AT,151.01,
2021-11-13T01:30:00+00:00,2021-11-13T02:30:00+01:00,BE,125.35,
2021-11-13T01:30:00+00:00,2021-11-13T02:30:00+01:00,CH,183.33,
2021-11-13T01:30:00+00:00,2021-11-13T02:30:00+01:00,DE-LU,97,48673.62
2021-11-13T01:30:00+00:00,2021-11-13T02:30:00+01:00,FR,173.46,50762
2021-11-13T01:30:00+00:00,2021-11-13T02:30:00+01:00,NL,84.07,10637.46
2021-11-13T01:45:00+00:00,2021-11-13T02:45:00+01:00,AT,151.01,
2021-11-13T01:45:00+00:00,2021-11-13T02:45:00+01:00,BE,125.35,
2021-11-13T01:45:00+00:00,2021-11-13T02:45:00+01:00,CH,183.33,
2021-11-13T01:45:00+00:00,2021-11-13T02:45:00+01:00,DE-LU,97,48325.8
2021-11-13T01:45:00+00:00,2021-11-13T02:45:00+01:00,FR,173.46,50762
2021-11-13T01:45:00+00:00,2021-11-13T02:45:00+01:00,NL,84.07,10567.4
2021-11-13T02:00:00+00:00,2021-11-13T03:00:00+01:00,AT,151,
2021-11-13T02:00:00+00:00,2021-11-13T03:00:00+01:00,BE,115.53,
2021-11-13T02:00:00+00:00,2021-11-13T03:00:00+01:00,CH,182.13,
2021-11-13T02:00:00+00:00,2021-11-13T03:00:00+01:00,DE-LU,107.02,48506.38
2021-11-13T02:00:00+00:00,2021-11-13T03:00:00+01:00,FR,127.62,48109
2021-11-13T02:00:00+00:00,2021-11-13T03:00:00+01:00,NL,84.16,10573.06
2021-11-13T02:15:00+00:00,2021-11-13T03:15:00+01:00,AT,151,
2021-11-13T02:15:00+00:00,2021-11-13T03:15:00+01:00,BE,115.53,
2021-11-13T02:15:00+00:00,2021-11-13T03:15:00+01:00,CH,182.13,
2021-11-13T02:15:00+00:00,2021-11-13T03:15:00+01:00,DE-LU,107.02,48377.46
2021-11-13T02:15:00+00:00,2021-11-13T03:15:00+01:00,FR,127.62,48109
2021-11-13T02:15:00+00:00,2021-11-13T03:15:00+01:00,NL,84.16,10608.37
2021-11-13T02:30:00+00:00,2021-11-13T03:30:00+01:00,AT,151,
2021-11-13T02:30:00+00:00,2021-11-13T03:30:00+01:00,BE,115.53,
2021-11-13T02:30:00+00:00,2021-11-13T03:30:00+01:00,CH,182.13,
2021-11-13T02:30:00+00:00,2021-11-13T03:30:00+01:00,DE-LU,107.02,48262.61
2021-11-13T02:30:00+00:00,2021-11-13T03:30:00+01:00,FR,127.62,48109
2021-11-13T02:30:00+00:00,2021-11-13T03:30:00+01:00,NL,84.16,10567.12
2021-11-13T02:45:00+00:00,2021-11-13T03:45:00+01:00,AT,151,
2021-11-13T02:45:00+00:00,2021-11-13T03:45:00+01:00,BE,115.53,
2021-11-13T02:45:00+00:00,2021-11-13T03:45:00+01:00,CH,182.13,
2021-11-13T02:45:00+00:00,2021-11-13T03:45:00+01:00,DE-LU,107.02,48050.13
2021-11-13T02:45:00+00:00,2021-11-13T03:45:00+01:00,FR,127.62,48109
2021-11-13T02:45:00+00:00,2021-11-13T03:45:00+01:00,NL,84.16,10518.59
2021-11-13T03:00:00+00:00,2021-11-13T04:00:00+01:00,AT,148.83,
2021-11-13T03:00:00+00:00,2021-11-13T04:00:00+01:00,BE,113.31,
2021-11-13T03:00:00+00:00,2021-11-13T04:00:00+01:00,CH,179.08,
2021-11-13T03:00:00+00:00,2021-11-13T04:00:00+01:00,DE-LU,111.6,48361.03
2021-11-13T03:00:00+00:00,2021-11-13T04:00:00+01:00,FR,113.37,46997
2021-11-13T03:00:00+00:00,2021-11-13T04:00:00+01:00,NL,113.4,10576.35
2021-11-13T03:15:00+00:00,2021-11-13T04:15:00+01:00,AT,148.83,
2021-11-13T03:15:00+00:00,2021-11-13T04:15:00+01:00,BE,113.31,
2021-11-13T03:15:00+00:00,2021-11-13T04:15:00+01:00,CH,179.08,
2021-11-13T03:15:00+00:00,2021-11-13T04:15:00+01:00,DE-LU,111.6,48364.53
2021-11-13T03:15:00+00:00,2021-11-13T04:15:00+01:00,FR,113.37,46997
2021-11-13T03:15:00+00:00,2021-11-13T04:15:00+01:00,NL,113.4,10569.56
2021-11-13T03:30:00+00:00,2021-11-13T04:30:00+01:00,AT,148.83,
2021-11-13T03:30:00+00:00,2021-11-13T04:30:00+01:00,BE,113.31,
2021-11-13T03:30:00+00:00,2021-11-13T04:30:00+01:00,CH,179.08,
2021-11-13T03:30:00+00:00,2021-11-13T04:30:00+01:00,DE-LU,111.6,49003.18
2021-11-13T03:30:00+00:00,2021-11-13T04:30:00+01:00,FR,113.37,46997
2021-11-13T03:30:00+00:00,2021-11-13T04:30:00+01:00,NL,113.4,10585.31
2021-11-13T03:45:00+00:00,2021-11-13T04:45:00+01:00,AT,148.83,
2021-11-13T03:45:00+00:00,2021-11-13T04:45:00+01:00,BE,113.31,
2021-11-13T03:45:00+00:00,2021-11-13T04:45:00+01:00,CH,179.08,
2021-11-13T03:45:00+00:00,2021-11-13T04:45:00+01:00,DE-LU,111.6,48800.06
2021-11-13T03:45:00+00:00,2021-11-13T04:45:00+01:00,FR,113.37,46997
2021-11-13T03:45:00+00:00,2021-11-13T04:45:00+01:00,NL,113.4,10596
2021-11-13T04:00:00+00:00,2021-11-13T05:00:00+01:00,AT,151.07,
2021-11-13T04:00:00+00:00,2021-11-13T05:00:00+01:00,BE,101.79,
2021-11-13T04:00:00+00:00,2021-11-13T05:00:00+01:00,CH,180.89,
2021-11-13T04:00:00+00:00,2021-11-13T05:00:00+01:00,DE-LU,99.36,49320.63
2021-11-13T04:00:00+00:00,2021-11-13T05:00:00+01:00,FR,101.97,47726
2021-11-13T04:00:00+00:00,2021-11-13T05:00:00+01:00,NL,102,10638.01
2021-11-13T04:15:00+00:00,2021-11-13T05:15:00+01:00,AT,151.07,
2021-11-13T04:15:00+00:00,2021-11-13T05:15:00+01:00,BE,101.79,
2021-11-13T04:15:00+00:00,2021-11-13T05:15:00+01:00,CH,180.89,
2021-11-13T04:15:00+00:00,2021-11-13T05:15:00+01:00,DE-LU,99.36,49139.21
2021-11-13T04:15:00+00:00,2021-11-13T05:15:00+01:00,FR,101.97,47726
2021-11-13T04:15:00+00:00,2021-11-13T05:15:00+01:00,NL,102,10760.47
2021-11-13T04:30:00+00:00,2021-11-13T05:30:00+01:00,AT,151.07,
2021-11-13T04:30:00+00:00,2021-11-13T05:30:00+01:00,BE,101.79,
2021-11-13T04:30:00+00:00,2021-11-13T05:30:00+01:00,CH,180.89,
2021-11-13T04:30:00+00:00,2021-11-13T05:30:00+01:00,DE-LU,99.36,49191.68
2021-11-13T04:30:00+00:00,2021-11-13T05:30:00+01:00,FR,101.97,47726
2021-11-13T04:30:00+00:00,2021-11-13T05:30:00+01:00,NL,102,10811.35
2021-11-13T04:45:00+00:00,2021-11-13T05:45:00+01:00,AT,151.07,
2021-11-13T04:45:00+00:00,2021-11-13T05:45:00+01:00,BE,101.79,
2021-11-13T04:45:00+00:00,2021-11-13T05:45:00+01:00,CH,180.89,
2021-11-13T04:45:00+00:00,2021-11-13T05:45:00+01:00,DE-LU,99.36,49607.28
2021-11-13T04:45:00+00:00,2021-11-13T05:45:00+01:00,FR,101.97,47726
2021-11-13T04:45:00+00:00,2021-11-13T05:45:00+01:00,NL,102,10891.82
2021-11-13T05:00:00+00:00,2021-11-13T06:00:00+01:00,AT,149.67,
2021-11-13T05:00:00+00:00,2021-11-13T06:00:00+01:00,BE,136.45,
2021-11-13T05:00:00+00:00,2021-11-13T06:00:00+01:00,CH,189.89,
2021-11-13T05:00:00+00:00,2021-11-13T06:00:00+01:00,DE-LU,123.64,50092.38
2021-11-13T05:00:00+00:00,2021-11-13T06:00:00+01:00,FR,140.08,49490
2021-11-13T05:00:00+00:00,2021-11-13T06:00:00+01:00,NL,131.91,11034.79
2021-11-13T05:15:00+00:00,2021-11-13T06:15:00+01:00,AT,149.67,
2021-11-13T05:15:00+00:00,2021-11-13T06:15:00+01:00,BE,136.45,
2021-11-13T05:15:00+00:00,2021-11-13T06:15:00+01:00,CH,189.89,
2021-11-13T05:15:00+00:00,2021-11-13T06:15:00+01:00,DE-LU,123.64,50613.75
2021-11-13T05:15:00+00:00,2021-11-13T06:15:00+01:00,FR,140.08,49490
2021-11-13T05:15:00+00:00,2021-11-13T06:15:00+01:00,NL,131.91,11161.94
2021-11-13T05:30:00+00:00,2021-11-13T06:30:00+01:00,AT,149.67,
2021-11-13T05:30:00+00:00,2021-11-13T06:30:00+01:00,BE,136.45,
2021-11-13T05:30:00+00:00,2021-11-13T06:30:00+01:00,CH,189.89,
2021-11-13T05:30:00+00:00,2021-11-13T06:30:00+01:00,DE-LU,123.64,51028.49
2021-11-13T05:30:00+00:00,2021-11-13T06:30:00+01:00,FR,140.08,49490
2021-11-13T05:30:00+00:00,2021-11-13T06:30:00+01:00,NL,131.91,11305.39
2021-11-13T05:45:00+00:00,2021-11-13T06:45:00+01:00,AT,149.67,
2021-11-13T05:45:00+00:00,2021-11-13T06:45:00+01:00,BE,136.45,
2021-11-13T05:45:00+00:00,2021-11-13T06:45:00+01:00,CH,189.89,
2021-11-13T05:45:00+00:00,2021-11-13T06:45:00+01:00,DE-LU,123.64,51916.34
2021-11-13T05:45:00+00:00,2021-11-13T06:45:00+01:00,FR,140.08,49490
2021-11-13T05:45:00+00:00,2021-11-13T06:45:00+01:00,NL,131.91,11472.05
2021-11-13T06:00:00+00:00,2021-11-13T07:00:00+01:00,AT,155.31,
2021-11-13T06:00:00+00:00,2021-11-13T07:00:00+01:00,BE,155.31,
2021-11-13T06:00:00+00:00,2021-11-13T07:00:00+01:00,CH,193.64,
2021-11-13T06:00:00+00:00,2021-11-13T07:00:00+01:00,DE-LU,155.31,52908.73
2021-11-13T06:00:00+00:00,2021-11-13T07:00:00+01:00,FR,155.31,51009
2021-11-13T06:00:00+00:00,2021-11-13T07:00:00+01:00,NL,155.31,11648.93
2021-11-13T06:15:00+00:00,2021-11-13T07:15:00+01:00,AT,155.31,
2021-11-13T06:15:00+00:00,2021-11-13T07:15:00+01:00,BE,155.31,
2021-11-13T06:15:00+00:00,2021-11-13T07:15:00+01:00,CH,193.64,
2021-11-13T06:15:00+00:00,2021-11-13T07:15:00+01:00,DE-LU,155.31,53638.18
2021-11-13T06:15:00+00:00,2021-11-13T07:15:00+01:00,FR,155.31,51009
2021-11-13T06:15:00+00:00,2021-11-13T07:15:00+01:00,NL,155.31,11779.95
2021-11-13T06:30:00+00:00,2021-11-13T07:30:00+01:00,AT,155.31,
2021-11-13T06:30:00+00:00,2021-11-13T07:30:00+01:00,BE,155.31,
2021-11-13T06:30:00+00:00,2021-11-13T07:30:00+01:00,CH,193.64,
2021-11-13T06:30:00+00:00,2021-11-13T07:30:00+01:00,DE-LU,155.31,53886.88
2021-11-13T06:30:00+00:00,2021-11-13T07:30:00+01:00,FR,155.31,51009
2021-11-13T06:30:00+00:00,2021-11-13T07:30:00+01:00,NL,155.31,11973.15
2021-11-13T06:45:00+00:00,2021-11-13T07:45:00+01:00,AT,155.31,
2021-11-13T06:45:00+00:00,2021-11-13T07:45:00+01:00,BE,155.31,
2021-11-13T06:45:00+00:00,2021-11-13T07:45:00+01:00,CH,193.64,
2021-11-13T06:45:00+00:00,2021-11-13T07:45:00+01:00,DE-LU,155.31,54762.51
2021-11-13T06:45:00+00:00,2021-11-13T07:45:00+01:00,FR,155.31,51009
2021-11-13T06:45:00+00:00,2021-11-13T07:45:00+01:00,NL,155.31,12139.43
2021-11-13T07:00:00+00:00,2021-11-13T08:00:00+01:00,AT,151.2,
2021-11-13T07:00:00+00:00,2021-11-13T08:00:00+01:00,BE,151.2,
2021-11-13T07:00:00+00:00,2021-11-13T08:00:00+01:00,CH,196.62,
2021-11-13T07:00:00+00:00,2021-11-13T08:00:00+01:00,DE-LU,151.2,55904.81
2021-11-13T07:00:00+00:00,2021-11-13T08:00:00+01:00,FR,151.2,52927
2021-11-13T07:00:00+00:00,2021-11-13T08:00:00+01:00,NL,151.2,12321.67
2021-11-13T07:15:00+00:00,2021-11-13T08:15:00+01:00,AT,151.2,
2021-11-13T07:15:00+00:00,2021-11-13T08:15:00+01:00,BE,151.2,
2021-11-13T07:15:00+00:00,2021-11-13T08:15:00+01:00,CH,196.62,
2021-11-13T07:15:00+00:00,2021-11-13T08:15:00+01:00,DE-LU,151.2,56573.96
2021-11-13T07:15:00+00:00,2021-11-13T08:15:00+01:00,FR,151.2,52927
2021-11-13T07:15:00+00:00,2021-11-13T08:15:00+01:00,NL,151.2,12547.02
2021-11-13T07:30:00+00:00,2021-11-13T08:30:00+01:00,AT,151.2,
2021-11-13T07:30:00+00:00,2021-11-13T08:30:00+01:00,BE,151.2,
2021-11-13T07:30:00+00:00,2021-11-13T08:30:00+01:00,CH,196.62,
2021-11-13T07:30:00+00:00,2021-11-13T08:30:00+01:00,DE-LU,151.2,57310.59
2021-11-13T07:30:00+00:00,2021-11-13T08:30:00+01:00,FR,151.2,52927
2021-11-13T07:30:00+00:00,2021-11-13T08:30:00+01:00,NL,151.2,12798.55
2021-11-13T07:45:00+00:00,2021-11-13T08:45:00+01:00,AT,151.2,
2021-11-13T07:45:00+00:00,2021-11-13T08:45:00+01:00,BE,151.2,
2021-11-13T07:45:00+00:00,2021-11-13T08:45:00+01:00,CH,196.62,
2021-11-13T07:45:00+00:00,2021-11-13T08:45:00+01:00,DE-LU,151.2,57801.58
2021-11-13T07:45:00+00:00,2021-11-13T08:45:00+01:00,FR,151.2,52927
2021-11-13T07:45:00+00:00,2021-11-13T08:45:00+01:00,NL,151.2,12930.63
2021-11-13T08:00:00+00:00,2021-11-13T09:00:00+01:00,AT,161.75,
2021-11-13T08:00:00+00:00,2021-11-13T09:00:00+01:00,BE,161.75,
2021-11-13T08:00:00+00:00,2021-11-13T09:00:00+01:00,CH,198.03,
2021-11-13T08:00:00+00:00,2021-11-13T09:00:00+01:00,DE-LU,161.75,59121.8
2021-11-13T08:00:00+00:00,2021-11-13T09:00:00+01:00,FR,161.75,55267
2021-11-13T08:00:00+00:00,2021-11-13T09:00:00+01:00,NL,161.75,13049.95
2021-11-13T08:15:00+00:00,2021-11-13T09:15:00+01:00,AT,161.75,
2021-11-13T08:15:00+00:00,2021-11-13T09:15:00+01:00,BE,161.75,
2021-11-13T08:15:00+00:00,2021-11-13T09:15:00+01:00,CH,198.03,
2021-11-13T08:15:00+00:00,2021-11-13T09:15:00+01:00,DE-LU,161.75,59908.6
2021-11-13T08:15:00+00:00,2021-11-13T09:15:00+01:00,FR,161.75,55267
2021-11-13T08:15:00+00:00,2021-11-13T09:15:00+01:00,NL,161.75,13112.23
2021-11-13T08:30:00+00:00,2021-11-13T09:30:00+01:00,AT,161.75,
2021-11-13T08:30:00+00:00,2021-11-13T09:30:00+01:00,BE,161.75,
2021-11-13T08:30:00+00:00,2021-11-13T09:30:00+01:00,CH,198.03,
2021-11-13T08:30:00+00:00,2021-11-13T09:30:00+01:00,DE-LU,161.75,60234.86
2021-11-13T08:30:00+00:00,2021-11-13T09:30:00+01:00,FR,161.75,55267
2021-11-13T08:30:00+00:00,2021-11-13T09:30:00+01:00,NL,161.75,13164.63
2021-11-13T08:45:00+00:00,2021-11-13T09:45:00+01:00,AT,161.75,
2021-11-13T08:45:00+00:00,2021-11-13T09:45:00+01:00,BE,161.75,
2021-11-13T08:45:00+00:00,2021-11-13T09:45:00+01:00,CH,198.03,
2021-11-13T08:45:00+00:00,2021-11-13T09:45:00+01:00,DE-LU,161.75,60582.85
2021-11-13T08:45:00+00:00,2021-11-13T09:45:00+01:00,FR,161.75,55267
2021-11-13T08:45:00+00:00,2021-11-13T09:45:00+01:00,NL,161.75,13171.81
2021-11-13T09:00:00+00:00,2021-11-13T10:00:00+01:00,AT,173.89,
2021-11-13T09:00:00+00:00,2021-11-13T10:00:00+01:00,BE,173.89,
2021-11-13T09:00:00+00:00,2021-11-13T10:00:00+01:00,CH,195.51,
2021-11-13T09:00:00+00:00,2021-11-13T10:00:00+01:00,DE-LU,173.89,61029.41
2021-11-13T09:00:00+00:00,2021-11-13T10:00:00+01:00,FR,173.89,55743
2021-11-13T09:00:00+00:00,2021-11-13T10:00:00+01:00,NL,173.89,13096.71
2021-11-13T09:15:00+00:00,2021-11-13T10:15:00+01:00,AT,173.89,
2021-11-13T09:15:00+00:00,2021-11-13T10:15:00+01:00,BE,173.89,
2021-11-13T09:15:00+00:00,2021-11-13T10:15:00+01:00,CH,195.51,
2021-11-13T09:15:00+00:00,2021-11-13T10:15:00+01:00,DE-LU,173.89,61417.72
2021-11-13T09:15:00+00:00,2021-11-13T10:15:00+01:00,FR,173.89,55743
2021-11-13T09:15:00+00:00,2021-11-13T10:15:00+01:00,NL,173.89,13066.34
2021-11-13T09:30:00+00:00,2021-11-13T10:30:00+01:00,AT,173.89,
2021-11-13T09:30:00+00:00,2021-11-13T10:30:00+01:00,BE,173.89,
2021-11-13T09:30:00+00:00,2021-11-13T10:30:00+01:00,CH,195.51,
2021-11-13T09:30:00+00:00,2021-11-13T10:30:00+01:00,DE-LU,173.89,61793.06
2021-11-13T09:30:00+00:00,2021-11-13T10:30:00+01:00,FR,173.89,55743
2021-11-13T09:30:00+00:00,2021-11-13T10:30:00+01:00,NL,173.89,12977.63
2021-11-13T09:45:00+00:00,2021-11-13T10:45:00+01:00,AT,173.89,
2021-11-13T09:45:00+00:00,2021-11-13T10:45:00+01:00,BE,173.89,
2021-11-13T09:45:00+00:00,2021-11-13T10:45:00+01:00,CH,195.51,
2021-11-13T09:45:00+00:00,2021-11-13T10:45:00+01:00,DE-LU,173.89,61864.4
2021-11-13T09:45:00+00:00,2021-11-13T10:45:00+01:00,FR,173.89,55743
2021-11-13T09:45:00+00:00,2021-11-13T10:45:00+01:00,NL,173.89,12893.65
2021-11-13T10:00:00+00:00,2021-11-13T11:00:00+01:00,AT,177.47,
2021-11-13T10:00:00+00:00,2021-11-13T11:00:00+01:00,BE,177.47,
2021-11-13T10:00:00+00:00,2021-11-13T11:00:00+01:00,CH,190.16,
2021-11-13T10:00:00+00:00,2021-11-13T11:00:00+01:00,DE-LU,177.47,61799.59
2021-11-13T10:00:00+00:00,2021-11-13T11:00:00+01:00,FR,177.47,56289
2021-11-13T10:00:00+00:00,2021-11-13T11:00:00+01:00,NL,177.47,12831.59
2021-11-13T10:15:00+00:00,2021-11-13T11:15:00+01:00,AT,177.47,
2021-11-13T10:15:00+00:00,2021-11-13T11:15:00+01:00,BE,177.47,
2021-11-13T10:15:00+00:00,2021-11-13T11:15:00+01:00,CH,190.16,
2021-11-13T10:15:00+00:00,2021-11-13T11:15:00+01:00,DE-LU,177.47,62421.62
2021-11-13T10:15:00+00:00,2021-11-13T11:15:00+01:00,FR,177.47,56289
2021-11-13T10:15:00+00:00,2021-11-13T11:15:00+01:00,NL,177.47,12809.61
2021-11-13T10:30:00+00:00,2021-11-13T11:30:00+01:00,AT,177.47,
2021-11-13T10:30:00+00:00,2021-11-13T11:30:00+01:00,BE,177.47,
2021-11-13T10:30:00+00:00,2021-11-13T11:30:00+01:00,CH,190.16,
2021-11-13T10:30:00+00:00,2021-11-13T11:30:00+01:00,DE-LU,177.47,62802.64
2021-11-13T10:30:00+00:00,2021-11-13T11:30:00+01:00,FR,177.47,56289
2021-11-13T10:30:00+00:00,2021-11-13T11:30:00+01:00,NL,177.47,12770.13
2021-11-13T10:45:00+00:00,2021-11-13T11:45:00+01:00,AT,177.47,
2021-11-13T10:45:00+00:00,2021-11-13T11:45:00+01:00,BE,177.47,
2021-11-13T10:45:00+00:00,2021-11-13T11:45:00+01:00,CH,190.16,
2021-11-13T10:45:00+00:00,2021-11-13T11:45:00+01:00,DE-LU,177.47,62564.22
2021-11-13T10:45:00+00:00,2021-11-13T11:45:00+01:00,FR,177.47,56289
2021-11-13T10:45:00+00:00,2021-11-13T11:45:00+01:00,NL,177.47,12777.12
2021-11-13T11:00:00+00:00,2021-11-13T12:00:00+01:00,AT,177.5,
2021-11-13T11:00:00+00:00,2021-11-13T12:00:00+01:00,BE,177.5,
2021-11-13T11:00:00+00:00,2021-11-13T12:00:00+01:00,CH,184.58,
2021-11-13T11:00:00+00:00,2021-11-13T12:00:00+01:00,DE-LU,177.5,62286.83
2021-11-13T11:00:00+00:00,2021-11-13T12:00:00+01:00,FR,177.5,58202
2021-11-13T11:00:00+00:00,2021-11-13T12:00:00+01:00,NL,177.5,12751.2
2021-11-13T11:15:00+00:00,2021-11-13T12:15:00+01:00,AT,177.5,
2021-11-13T11:15:00+00:00,2021-11-13T12:15:00+01:00,BE,177.5,
2021-11-13T11:15:00+00:00,2021-11-13T12:15:00+01:00,CH,184.58,
2021-11-13T11:15:00+00:00,2021-11-13T12:15:00+01:00,DE-LU,177.5,62060.36
2021-11-13T11:15:00+00:00,2021-11-13T12:15:00+01:00,FR,177.5,58202
2021-11-13T11:15:00+00:00,2021-11-13T12:15:00+01:00,NL,177.5,12742.76
2021-11-13T11:30:00+00:00,2021-11-13T12:30:00+01:00,AT,177.5,
2021-11-13T11:30:00+00:00,2021-11-13T12:30:00+01:00,BE,177.5,
2021-11-13T11:30:00+00:00,2021-11-13T12:30:00+01:00,CH,184.58,
2021-11-13T11:30:00+00:00,2021-11-13T12:30:00+01:00,DE-LU,177.5,61969.75
2021-11-13T11:30:00+00:00,2021-11-13T12:30:00+01:00,FR,177.5,58202
2021-11-13T11:30:00+00:00,2021-11-13T12:30:00+01:00,NL,177.5,12678.86
2021-11-13T11:45:00+00:00,2021-11-13T12:45:00+01:00,AT,177.5,
2021-11-13T11:45:00+00:00,2021-11-13T12:45:00+01:00,BE,177.5,
2021-11-13T11:45:00+00:00,2021-11-13T12:45:00+01:00,CH,184.58,
2021-11-13T11:45:00+00:00,2021-11-13T12:45:00+01:00,DE-LU,177.5,61497.46
2021-11-13T11:45:00+00:00,2021-11-13T12:45:00+01:00,FR,177.5,58202
2021-11-13T11:45:00+00:00,2021-11-13T12:45:00+01:00,NL,177.5,12612.2
2021-11-13T12:00:00+00:00,2021-11-13T13:00:00+01:00,AT,176.52,
2021-11-13T12:00:00+00:00,2021-11-13T13:00:00+01:00,BE,176.52,
2021-11-13T12:00:00+00:00,2021-11-13T13:00:00+01:00,CH,182.87,
2021-11-13T12:00:00+00:00,2021-11-13T13:00:00+01:00,DE-LU,176.52,60770.55
2021-11-13T12:00:00+00:00,2021-11-13T13:00:00+01:00,FR,176.52,56659
2021-11-13T12:00:00+00:00,2021-11-13T13:00:00+01:00,NL,176.52,12586.07
2021-11-13T12:15:00+00:00,2021-11-13T13:15:00+01:00,AT,176.52,
2021-11-13T12:15:00+00:00,2021-11-13T13:15:00+01:00,BE,176.52,
2021-11-13T12:15:00+00:00,2021-11-13T13:15:00+01:00,CH,182.87,
2021-11-13T12:15:00+00:00,2021-11-13T13:15:00+01:00,DE-LU,176.52,60009.24
2021-11-13T12:15:00+00:00,2021-11-13T13:15:00+01:00,FR,176.52,56659
2021-11-13T12:15:00+00:00,2021-11-13T13:15:00+01:00,NL,176.52,12526.15
2021-11-13T12:30:00+00:00,2021-11-13T13:30:00+01:00,AT,176.52,
2021-11-13T12:30:00+00:00,2021-11-13T13:30:00+01:00,BE,176.52,
2021-11-13T12:30:00+00:00,2021-11-13T13:30:00+01:00,CH,182.87,
2021-11-13T12:30:00+00:00,2021-11-13T13:30:00+01:00,DE-LU,176.52,59636.25
2021-11-13T12:30:00+00:00,2021-11-13T13:30:00+01:00,FR,176.52,56659
2021-11-13T12:30:00+00:00,2021-11-13T13:30:00+01:00,NL,176.52,12601.01
2021-11-13T12:45:00+00:00,2021-11-13T13:45:00+01:00,AT,176.52,
2021-11-13T12:45:00+00:00,2021-11-13T13:45:00+01:00,BE,176.52,
2021-11-13T12:45:00+00:00,2021-11-13T13:45:00+01:00,CH,182.87,
2021-11-13T12:45:00+00:00,2021-11-13T13:45:00+01:00,DE-LU,176.52,59059.58
2021-11-13T12:45:00+00:00,2021-11-13T13:45:00+01:00,FR,176.52,56659
2021-11-13T12:45:00+00:00,2021-11-13T13:45:00+01:00,NL,176.52,12668.32
2021-11-13T13:00:00+00:00,2021-11-13T14:00:00+01:00,AT,176.52,
2021-11-13T13:00:00+00:00,2021-11-13T14:00:00+01:00,BE,176.52,
2021-11-13T13:00:00+00:00,2021-11-13T14:00:00+01:00,CH,183.16,
2021-11-13T13:00:00+00:00,2021-11-13T14:00:00+01:00,DE-LU,176.52,58880.84
2021-11-13T13:00:00+00:00,2021-11-13T14:00:00+01:00,FR,176.52,54434
2021-11-13T13:00:00+00:00,2021-11-13T14:00:00+01:00,NL,176.52,12739.26
2021-11-13T13:15:00+00:00,2021-11-13T14:15:00+01:00,AT,176.52,
2021-11-13T13:15:00+00:00,2021-11-13T14:15:00+01:00,BE,176.52,
2021-11-13T13:15:00+00:00,2021-11-13T14:15:00+01:00,CH,183.16,
2021-11-13T13:15:00+00:00,2021-11-13T14:15:00+01:00,DE-LU,176.52,58471.81
2021-11-13T13:15:00+00:00,2021-11-13T14:15:00+01:00,FR,176.52,54434
2021-11-13T13:15:00+00:00,2021-11-13T14:15:00+01:00,NL,176.52,12811.19
2021-11-13T13:30:00+00:00,2021-11-13T14:30:00+01:00,AT,176.52,
2021-11-13T13:30:00+00:00,2021-11-13T14:30:00+01:00,BE,176.52,
2021-11-13T13:30:00+00:00,2021-11-13T14:30:00+01:00,CH,183.16,
2021-11-13T13:30:00+00:00,2021-11-13T14:30:00+01:00,DE-LU,176.52,58291.5
2021-11-13T13:30:00+00:00,2021-11-13T14:30:00+01:00,FR,176.52,54434
2021-11-13T13:30:00+00:00,2021-11-13T14:30:00+01:00,NL,176.52,12936.61
2021-11-13T13:45:00+00:00,2021-11-13T14:45:00+01:00,AT,176.52,
2021-11-13T13:45:00+00:00,2021-11-13T14:45:00+01:00,BE,176.52,
2021-11-13T13:45:00+00:00,2021-11-13T14:45:00+01:00,CH,183.16,
2021-11-13T13:45:00+00:00,2021-11-13T14:45:00+01:00,DE-LU,176.52,58180.15
2021-11-13T13:45:00+00:00,2021-11-13T14:45:00+01:00,FR,176.52,54434
2021-11-13T13:45:00+00:00,2021-11-13T14:45:00+01:00,NL,176.52,13060.56
2021-11-13T14:00:00+00:00,2021-11-13T15:00:00+01:00,AT,176.52,
2021-11-13T14:00:00+00:00,2021-11-13T15:00:00+01:00,BE,176.52,
2021-11-13T14:00:00+00:00,2021-11-13T15:00:00+01:00,CH,187.62,
2021-11-13T14:00:00+00:00,2021-11-13T15:00:00+01:00,DE-LU,176.52,58059.92
2021-11-13T14:00:00+00:00,2021-11-13T15:00:00+01:00,FR,176.52,52942
2021-11-13T14:00:00+00:00,2021-11-13T15:00:00+01:00,NL,176.52,13155.36
2021-11-13T14:15:00+00:00,2021-11-13T15:15:00+01:00,AT,176.52,
2021-11-13T14:15:00+00:00,2021-11-13T15:15:00+01:00,BE,176.52,
2021-11-13T14:15:00+00:00,2021-11-13T15:15:00+01:00,CH,187.62,
2021-11-13T14:15:00+00:00,2021-11-13T15:15:00+01:00,DE-LU,176.52,58197.48
2021-11-13T14:15:00+00:00,2021-11-13T15:15:00+01:00,FR,176.52,52942
2021-11-13T14:15:00+00:00,2021-11-13T15:15:00+01:00,NL,176.52,13258.07
2021-11-13T14:30:00+00:00,2021-11-13T15:30:00+01:00,AT,176.52,
2021-11-13T14:30:00+00:00,2021-11-13T15:30:00+01:00,BE,176.52,
2021-11-13T14:30:00+00:00,2021-11-13T15:30:00+01:00,CH,187.62,
2021-11-13T14:30:00+00:00,2021-11-13T15:30:00+01:00,DE-LU,176.52,58274.55
2021-11-13T14:30:00+00:00,2021-11-13T15:30:00+01:00,FR,176.52,52942
2021-11-13T14:30:00+00:00,2021-11-13T15:30:00+01:00,NL,176.52,13353.85
2021-11-13T14:45:00+00:00,2021-11-13T15:45:00+01:00,AT,176.52,
2021-11-13T14:45:00+00:00,2021-11-13T15:45:00+01:00,BE,176.52,
2021-11-13T14:45:00+00:00,2021-11-13T15:45:00+01:00,CH,187.62,
2021-11-13T14:45:00+00:00,2021-11-13T15:45:00+01:00,DE-LU,176.52,58083.48
2021-11-13T14:45:00+00:00,2021-11-13T15:45:00+01:00,FR,176.52,52942
2021-11-13T14:45:00+00:00,2021-11-13T15:45:00+01:00,NL,176.52,13453.58
2021-11-13T15:00:00+00:00,2021-11-13T16:00:00+01:00,AT,180.6,
2021-11-13T15:00:00+00:00,2021-11-13T16:00:00+01:00,BE,180.6,
2021-11-13T15:00:00+00:00,2021-11-13T16:00:00+01:00,CH,199.92,
2021-11-13T15:00:00+00:00,2021-11-13T16:00:00+01:00,DE-LU,180.6,58771.42
2021-11-13T15:00:00+00:00,2021-11-13T16:00:00+01:00,FR,180.6,52231
2021-11-13T15:00:00+00:00,2021-11-13T16:00:00+01:00,NL,180.6,13497.98
2021-11-13T15:15:00+00:00,2021-11-13T16:15:00+01:00,AT,180.6,
2021-11-13T15:15:00+00:00,2021-11-13T16:15:00+01:00,BE,180.6,
2021-11-13T15:15:00+00:00,2021-11-13T16:15:00+01:00,CH,199.92,
2021-11-13T15:15:00+00:00,2021-11-13T16:15:00+01:00,DE-LU,180.6,59043.53
2021-11-13T15:15:00+00:00,2021-11-13T16:15:00+01:00,FR,180.6,52231
2021-11-13T15:15:00+00:00,2021-11-13T16:15:00+01:00,NL,180.6,13628.75
2021-11-13T15:30:00+00:00,2021-11-13T16:30:00+01:00,AT,180.6,
2021-11-13T15:30:00+00:00,2021-11-13T16:30:00+01:00,BE,180.6,
2021-11-13T15:30:00+00:00,2021-11-13T16:30:00+01:00,CH,199.92,
2021-11-13T15:30:00+00:00,2021-11-13T16:30:00+01:00,DE-LU,180.6,59459.14
2021-11-13T15:30:00+00:00,2021-11-13T16:30:00+01:00,FR,180.6,52231
2021-11-13T15:30:00+00:00,2021-11-13T16:30:00+01:00,NL,180.6,13819.35
2021-11-13T15:45:00+00:00,2021-11-13T16:45:00+01:00,AT,180.6,
2021-11-13T15:45:00+00:00,2021-11-13T16:45:00+01:00,BE,180.6,
2021-11-13T15:45:00+00:00,2021-11-13T16:45:00+01:00,CH,199.92,
2021-11-13T15:45:00+00:00,2021-11-13T16:45:00+01:00,DE-LU,180.6,60239.16
2021-11-13T15:45:00+00:00,2021-11-13T16:45:00+01:00,FR,180.6,52231
2021-11-13T15:45:00+00:00,2021-11-13T16:45:00+01:00,NL,180.6,14016.01
2021-11-13T16:00:00+00:00,2021-11-13T17:00:00+01:00,AT,210,
2021-11-13T16:00:00+00:00,2021-11-13T17:00:00+01:00,BE,210,
2021-11-13T16:00:00+00:00,2021-11-13T17:00:00+01:00,CH,216.01,
2021-11-13T16:00:00+00:00,2021-11-13T17:00:00+01:00,DE-LU,210,61425.06
2021-11-13T16:00:00+00:00,2021-11-13T17:00:00+01:00,FR,210,54669
2021-11-13T16:00:00+00:00,2021-11-13T17:00:00+01:00,NL,210,14168.15
2021-11-13T16:15:00+00:00,2021-11-13T17:15:00+01:00,AT,210,
2021-11-13T16:15:00+00:00,2021-11-13T17:15:00+01:00,BE,210,
2021-11-13T16:15:00+00:00,2021-11-13T17:15:00+01:00,CH,216.01,
2021-11-13T16:15:00+00:00,2021-11-13T17:15:00+01:00,DE-LU,210,62060.9
2021-11-13T16:15:00+00:00,2021-11-13T17:15:00+01:00,FR,210,54669
2021-11-13T16:15:00+00:00,2021-11-13T17:15:00+01:00,NL,210,14504.31
2021-11-13T16:30:00+00:00,2021-11-13T17:30:00+01:00,AT,210,
2021-11-13T16:30:00+00:00,2021-11-13T17:30:00+01:00,BE,210,
2021-11-13T16:30:00+00:00,2021-11-13T17:30:00+01:00,CH,216.01,
2021-11-13T16:30:00+00:00,2021-11-13T17:30:00+01:00,DE-LU,210,62205.85
2021-11-13T16:30:00+00:00,2021-11-13T17:30:00+01:00,FR,210,54669
2021-11-13T16:30:00+00:00,2021-11-13T17:30:00+01:00,NL,210,14675.06
2021-11-13T16:45:00+00:00,2021-11-13T17:45:00+01:00,AT,210,
2021-11-13T16:45:00+00:00,2021-11-13T17:45:00+01:00,BE,210,
2021-11-13T16:45:00+00:00,2021-11-13T17:45:00+01:00,CH,216.01,
2021-11-13T16:45:00+00:00,2021-11-13T17:45:00+01:00,DE-LU,210,62068.02
2021-11-13T16:45:00+00:00,2021-11-13T17:45:00+01:00,FR,210,54669
2021-11-13T16:45:00+00:00,2021-11-13T17:45:00+01:00,NL,210,14671.21
2021-11-13T17:00:00+00:00,2021-11-13T18:00:00+01:00,AT,220,
2021-11-13T17:00:00+00:00,2021-11-13T18:00:00+01:00,BE,220,
2021-11-13T17:00:00+00:00,2021-11-13T18:00:00+01:00,CH,222.64,
2021-11-13T17:00:00+00:00,2021-11-13T18:00:00+01:00,DE-LU,220,62083.48
2021-11-13T17:00:00+00:00,2021-11-13T18:00:00+01:00,FR,220,57845
2021-11-13T17:00:00+00:00,2021-11-13T18:00:00+01:00,NL,220,14509.82
2021-11-13T17:15:00+00:00,2021-11-13T18:15:00+01:00,AT,220,
2021-11-13T17:15:00+00:00,2021-11-13T18:15:00+01:00,BE,220,
2021-11-13T17:15:00+00:00,2021-11-13T18:15:00+01:00,CH,222.64,
2021-11-13T17:15:00+00:00,2021-11-13T18:15:00+01:00,DE-LU,220,61978.33
2021-11-13T17:15:00+00:00,2021-11-13T18:15:00+01:00,FR,220,57845
2021-11-13T17:15:00+00:00,2021-11-13T18:15:00+01:00,NL,220,14369.05
2021-11-13T17:30:00+00:00,2021-11-13T18:30:00+01:00,AT,220,
2021-11-13T17:30:00+00:00,2021-11-13T18:30:00+01:00,BE,220,
2021-11-13T17:30:00+00:00,2021-11-13T18:30:00+01:00,CH,222.64,
2021-11-13T17:30:00+00:00,2021-11-13T18:30:00+01:00,DE-LU,220,61545.01
2021-11-13T17:30:00+00:00,2021-11-13T18:30:00+01:00,FR,220,57845
2021-11-13T17:30:00+00:00,2021-11-13T18:30:00+01:00,NL,220,14149.16
2021-11-13T17:45:00+00:00,2021-11-13T18:45:00+01:00,AT,220,
2021-11-13T17:45:00+00:00,2021-11-13T18:45:00+01:00,BE,220,
2021-11-13T17:45:00+00:00,2021-11-13T18:45:00+01:00,CH,222.64,
2021-11-13T17:45:00+00:00,2021-11-13T18:45:00+01:00,DE-LU,220,61011.5
2021-11-13T17:45:00+00:00,2021-11-13T18:45:00+01:00,FR,220,57845
2021-11-13T17:45:00+00:00,2021-11-13T18:45:00+01:00,NL,220,14075.45
2021-11-13T18:00:00+00:00,2021-11-13T19:00:00+01:00,AT,213.91,
2021-11-13T18:00:00+00:00,2021-11-13T19:00:00+01:00,BE,213.93,
2021-11-13T18:00:00+00:00,2021-11-13T19:00:00+01:00,CH,217.59,
2021-11-13T18:00:00+00:00,2021-11-13T19:00:00+01:00,DE-LU,213.89,60443.35
2021-11-13T18:00:00+00:00,2021-11-13T19:00:00+01:00,FR,214,58049
2021-11-13T18:00:00+00:00,2021-11-13T19:00:00+01:00,NL,213.75,13955.69
2021-11-13T18:15:00+00:00,2021-11-13T19:15:00+01:00,AT,213.91,
2021-11-13T18:15:00+00:00,2021-11-13T19:15:00+01:00,BE,213.93,
2021-11-13T18:15:00+00:00,2021-11-13T19:15:00+01:00,CH,217.59,
2021-11-13T18:15:00+00:00,2021-11-13T19:15:00+01:00,DE-LU,213.89,59722.9
2021-11-13T18:15:00+00:00,2021-11-13T19:15:00+01:00,FR,214,58049
2021-11-13T18:15:00+00:00,2021-11-13T19:15:00+01:00,NL,213.75,13829.83
2021-11-13T18:30:00+00:00,2021-11-13T19:30:00+01:00,AT,213.91,
2021-11-13T18:30:00+00:00,2021-11-13T19:30:00+01:00,BE,213.93,
2021-11-13T18:30:00+00:00,2021-11-13T19:30:00+01:00,CH,217.59,
2021-11-13T18:30:00+00:00,2021-11-13T19:30:00+01:00,DE-LU,213.89,59168.82
2021-11-13T18:30:00+00:00,2021-11-13T19:30:00+01:00,FR,214,58049
2021-11-13T18:30:00+00:00,2021-11-13T19:30:00+01:00,NL,213.75,13655.58
2021-11-13T18:45:00+00:00,2021-11-13T19:45:00+01:00,AT,213.91,
2021-11-13T18:45:00+00:00,2021-11-13T19:45:00+01:00,BE,213.93,
2021-11-13T18:45:00+00:00,2021-11-13T19:45:00+01:00,CH,217.59,
2021-11-13T18:45:00+00:00,2021-11-13T19:45:00+01:00,DE-LU,213.89,58373.31
2021-11-13T18:45:00+00:00,2021-11-13T19:45:00+01:00,FR,214,58049
2021-11-13T18:45:00+00:00,2021-11-13T19:45:00+01:00,NL,213.75,13582.62
2021-11-13T19:00:00+00:00,2021-11-13T20:00:00+01:00,AT,186.83,
2021-11-13T19:00:00+00:00,2021-11-13T20:00:00+01:00,BE,184.96,
2021-11-13T19:00:00+00:00,2021-11-13T20:00:00+01:00,CH,210.07,
2021-11-13T19:00:00+00:00,2021-11-13T20:00:00+01:00,DE-LU,184,57028.42
2021-11-13T19:00:00+00:00,2021-11-13T20:00:00+01:00,FR,186.83,55384
2021-11-13T19:00:00+00:00,2021-11-13T20:00:00+01:00,NL,180.1,13437.49
2021-11-13T19:15:00+00:00,2021-11-13T20:15:00+01:00,AT,186.83,
2021-11-13T19:15:00+00:00,2021-11-13T20:15:00+01:00,BE,184.96,
2021-11-13T19:15:00+00:00,2021-11-13T20:15:00+01:00,CH,210.07,
2021-11-13T19:15:00+00:00,2021-11-13T20:15:00+01:00,DE-LU,184,56191.04
2021-11-13T19:15:00+00:00,2021-11-13T20:15:00+01:00,FR,186.83,55384
2021-11-13T19:15:00+00:00,2021-11-13T20:15:00+01:00,NL,180.1,13316.17
2021-11-13T19:30:00+00:00,2021-11-13T20:30:00+01:00,AT,186.83,
2021-11-13T19:30:00+00:00,2021-11-13T20:30:00+01:00,BE,184.96,
2021-11-13T19:30:00+00:00,2021-11-13T20:30:00+01:00,CH,210.07,
2021-11-13T19:30:00+00:00,2021-11-13T20:30:00+01:00,DE-LU,184,55495.69
2021-11-13T19:30:00+00:00,2021-11-13T20:30:00+01:00,FR,186.83,55384
2021-11-13T19:30:00+00:00,2021-11-13T20:30:00+01:00,NL,180.1,13137.05
2021-11-13T19:45:00+00:00,2021-11-13T20:45:00+01:00,AT,186.83,
2021-11-13T19:45:00+00:00,2021-11-13T20:45:00+01:00,BE,184.96,
2021-11-13T19:45:00+00:00,2021-11-13T20:45:00+01:00,CH,210.07,
2021-11-13T19:45:00+00:00,2021-11-13T20:45:00+01:00,DE-LU,184,54641.87
2021-11-13T19:45:00+00:00,2021-11-13T20:45:00+01:00,FR,186.83,55384
2021-11-13T19:45:00+00:00,2021-11-13T20:45:00+01:00,NL,180.1,12912.87
2021-11-13T20:00:00+00:00,2021-11-13T21:00:00+01:00,AT,169.08,
2021-11-13T20:00:00+00:00,2021-11-13T21:00:00+01:00,BE,169.49,
2021-11-13T20:00:00+00:00,2021-11-13T21:00:00+01:00,CH,187.8,
2021-11-13T20:00:00+00:00,2021-11-13T21:00:00+01:00,DE-LU,168.49,53830.03
2021-11-13T20:00:00+00:00,2021-11-13T21:00:00+01:00,FR,171.12,53131
2021-11-13T20:00:00+00:00,2021-11-13T21:00:00+01:00,NL,164.83,12770
2021-11-13T20:15:00+00:00,2021-11-13T21:15:00+01:00,AT,169.08,
2021-11-13T20:15:00+00:00,2021-11-13T21:15:00+01:00,BE,169.49,
2021-11-13T20:15:00+00:00,2021-11-13T21:15:00+01:00,CH,187.8,
2021-11-13T20:15:00+00:00,2021-11-13T21:15:00+01:00,DE-LU,168.49,53315.27
2021-11-13T20:15:00+00:00,2021-11-13T21:15:00+01:00,FR,171.12,53131
2021-11-13T20:15:00+00:00,2021-11-13T21:15:00+01:00,NL,164.83,12665.25
2021-11-13T20:30:00+00:00,2021-11-13T21:30:00+01:00,AT,169.08,
2021-11-13T20:30:00+00:00,2021-11-13T21:30:00+01:00,BE,169.49,
2021-11-13T20:30:00+00:00,2021-11-13T21:30:00+01:00,CH,187.8,
2021-11-13T20:30:00+00:00,2021-11-13T21:30:00+01:00,DE-LU,168.49,52931.82
2021-11-13T20:30:00+00:00,2021-11-13T21:30:00+01:00,FR,171.12,53131
2021-11-13T20:30:00+00:00,2021-11-13T21:30:00+01:00,NL,164.83,12558.01
2021-11-13T20:45:00+00:00,2021-11-13T21:45:00+01:00,AT,169.08,
2021-11-13T20:45:00+00:00,2021-11-13T21:45:00+01:00,BE,169.49,
2021-11-13T20:45:00+00:00,2021-11-13T21:45:00+01:00,CH,187.8,
2021-11-13T20:45:00+00:00,2021-11-13T21:45:00+01:00,DE-LU,168.49,52377.81
2021-11-13T20:45:00+00:00,2021-11-13T21:45:00+01:00,FR,171.12,53131
2021-11-13T20:45:00+00:00,2021-11-13T21:45:00+01:00,NL,164.83,12420.58
2021-11-13T21:00:00+00:00,2021-11-13T22:00:00+01:00,AT,174.35,
2021-11-13T21:00:00+00:00,2021-11-13T22:00:00+01:00,BE,170.75,
2021-11-13T21:00:00+00:00,2021-11-13T22:00:00+01:00,CH,182.94,
2021-11-13T21:00:00+00:00,2021-11-13T22:00:00+01:00,DE-LU,168.82,52480.08
2021-11-13T21:00:00+00:00,2021-11-13T22:00:00+01:00,FR,174.35,53608
2021-11-13T21:00:00+00:00,2021-11-13T22:00:00+01:00,NL,161.43,12279.35
2021-11-13T21:15:00+00:00,2021-11-13T22:15:00+01:00,AT,174.35,
2021-11-13T21:15:00+00:00,2021-11-13T22:15:00+01:00,BE,170.75,
2021-11-13T21:15:00+00:00,2021-11-13T22:15:00+01:00,CH,182.94,
2021-11-13T21:15:00+00:00,2021-11-13T22:15:00+01:00,DE-LU,168.82,52045.13
2021-11-13T21:15:00+00:00,2021-11-13T22:15:00+01:00,FR,174.35,53608
2021-11-13T21:15:00+00:00,2021-11-13T22:15:00+01:00,NL,161.43,12162.99
2021-11-13T21:30:00+00:00,2021-11-13T22:30:00+01:00,AT,174.35,
2021-11-13T21:30:00+00:00,2021-11-13T22:30:00+01:00,BE,170.75,
2021-11-13T21:30:00+00:00,2021-11-13T22:30:00+01:00,CH,182.94,
2021-11-13T21:30:00+00:00,2021-11-13T22:30:00+01:00,DE-LU,168.82,51239.72
2021-11-13T21:30:00+00:00,2021-11-13T22:30:00+01:00,FR,174.35,53608
2021-11-13T21:30:00+00:00,2021-11-13T22:30:00+01:00,NL,161.43,12018.5
2021-11-13T21:45:00+00:00,2021-11-13T22:45:00+01:00,AT,174.35,
2021-11-13T21:45:00+00:00,2021-11-13T22:45:00+01:00,BE,170.75,
2021-11-13T21:45:00+00:00,2021-11-13T22:45:00+01:00,CH,182.94,
2021-11-13T21:45:00+00:00,2021-11-13T22:45:00+01:00,DE-LU,168.82,50455.89
2021-11-13T21:45:00+00:00,2021-11-13T22:45:00+01:00,FR,174.35,53608
2021-11-13T21:45:00+00:00,2021-11-13T22:45:00+01:00,NL,161.43,11856.74
2021-11-13T22:00:00+00:00,2021-11-13T23:00:00+01:00,AT,164.47,
2021-11-13T22:00:00+00:00,2021-11-13T23:00:00+01:00,BE,165.77,
2021-11-13T22:00:00+00:00,2021-11-13T23:00:00+01:00,CH,177.74,
2021-11-13T22:00:00+00:00,2021-11-13T23:00:00+01:00,DE-LU,162.79,49426.56
2021-11-13T22:00:00+00:00,2021-11-13T23:00:00+01:00,FR,171.14,54611
2021-11-13T22:00:00+00:00,2021-11-13T23:00:00+01:00,NL,151.4,11736.58
2021-11-13T22:15:00+00:00,2021-11-13T23:15:00+01:00,AT,164.47,
2021-11-13T22:15:00+00:00,2021-11-13T23:15:00+01:00,BE,165.77,
2021-11-13T22:15:00+00:00,2021-11-13T23:15:00+01:00,CH,177.74,
2021-11-13T22:15:00+00:00,2021-11-13T23:15:00+01:00,DE-LU,162.79,48925.89
2021-11-13T22:15:00+00:00,2021-11-13T23:15:00+01:00,FR,171.14,54611
2021-11-13T22:15:00+00:00,2021-11-13T23:15:00+01:00,NL,151.4,11604.9
2021-11-13T22:30:00+00:00,2021-11-13T23:30:00+01:00,AT,164.47,
2021-11-13T22:30:00+00:00,2021-11-13T23:30:00+01:00,BE,165.77,
2021-11-13T22:30:00+00:00,2021-11-13T23:30:00+01:00,CH,177.74,
2021-11-13T22:30:00+00:00,2021-11-13T23:30:00+01:00,DE-LU,162.79,48245.07
2021-11-13T22:30:00+00:00,2021-11-13T23:30:00+01:00,FR,171.14,54611
2021-11-13T22:30:00+00:00,2021-11-13T23:30:00+01:00,NL,151.4,11442.42
2021-11-13T22:45:00+00:00,2021-11-13T23:45:00+01:00,AT,164.47,
2021-11-13T22:45:00+00:00,2021-11-13T23:45:00+01:00,BE,165.77,
2021-11-13T22:45:00+00:00,2021-11-13T23:45:00+01:00,CH,177.74,
2021-11-13T22:45:00+00:00,2021-11-13T23:45:00+01:00,DE-LU,162.79,47236.16
2021-11-13T22:45:00+00:00,2021-11-13T23:45:00+01:00,FR,171.14,54611
2021-11-13T22:45:00+00:00,2021-11-13T23:45:00+01:00,NL,151.4,11269.75
2021-11-13T23:00:00+00:00,2021-11-14T00:00:00+01:00,AT,184.73,
2021-11-13T23:00:00+00:00,2021-11-14T00:00:00+01:00,BE,184.73,
2021-11-13T23:00:00+00:00,2021-11-14T00:00:00+01:00,CH,180.14,
2021-11-13T23:00:00+00:00,2021-11-14T00:00:00+01:00,DE-LU,184.73,44475.49
2021-11-13T23:00:00+00:00,2021-11-14T00:00:00+01:00,FR,184.73,52000
2021-11-13T23:00:00+00:00,2021-11-14T00:00:00+01:00,NL,184.73,11227.81
2021-11-13T23:15:00+00:00,2021-11-14T00:15:00+01:00,AT,184.73,
2021-11-13T23:15:00+00:00,2021-11-14T00:15:00+01:00,BE,184.73,
2021-11-13T23:15:00+00:00,2021-11-14T00:15:00+01:00,CH,180.14,
2021-11-13T23:15:00+00:00,2021-11-14T00:15:00+01:00,DE-LU,184.73,43909.4
2021-11-13T23:15:00+00:00,2021-11-14T00:15:00+01:00,FR,184.73,52000
2021-11-13T23:15:00+00:00,2021-11-14T00:15:00+01:00,NL,184.73,11206.25
2021-11-13T23:30:00+00:00,2021-11-14T00:30:00+01:00,AT,184.73,
2021-11-13T23:30:00+00:00,2021-11-14T00:30:00+01:00,BE,184.73,
2021-11-13T23:30:00+00:00,2021-11-14T00:30:00+01:00,CH,180.14,
2021-11-13T23:30:00+00:00,2021-11-14T00:30:00+01:00,DE-LU,184.73,43461.88
2021-11-13T23:30:00+00:00,2021-11-14T00:30:00+01:00,FR,184.73,52000
2021-11-13T23:30:00+00:00,2021-11-14T00:30:00+01:00,NL,184.73,11056.17
2021-11-13T23:45:00+00:00,2021-11-14T00:45:00+01:00,AT,184.73,
2021-11-13T23:45:00+00:00,2021-11-14T00:45:00+01:00,BE,184.73,
2021-11-13T23:45:00+00:00,2021-11-14T00:45:00+01:00,CH,180.14,
2021-11-13T23:45:00+00:00,2021-11-14T00:45:00+01:00,DE-LU,184.73,43125.65
2021-11-13T23:45:00+00:00,2021-11-14T00:45:00+01:00,FR,184.73,52000
2021-11-13T23:45:00+00:00,2021-11-14T00:45:00+01:00,NL,184.73,10923.71
2021-11-14T00:00:00+00:00,2021-11-14T01:00:00+01:00,AT,170.03,
2021-11-14T00:00:00+00:00,2021-11-14T01:00:00+01:00,BE,170.03,
2021-11-14T00:00:00+00:00,2021-11-14T01:00:00+01:00,CH,170.4,
2021-11-14T00:00:00+00:00,2021-11-14T01:00:00+01:00,DE-LU,170.03,42672.34
2021-11-14T00:00:00+00:00,2021-11-14T01:00:00+01:00,FR,170.03,49772
2021-11-14T00:00:00+00:00,2021-11-14T01:00:00+01:00,NL,170.03,10843.89
2021-11-14T00:15:00+00:00,2021-11-14T01:15:00+01:00,AT,170.03,
2021-11-14T00:15:00+00:00,2021-11-14T01:15:00+01:00,BE,170.03,
2021-11-14T00:15:00+00:00,2021-11-14T01:15:00+01:00,CH,170.4,
2021-11-14T00:15:00+00:00,2021-11-14T01:15:00+01:00,DE-LU,170.03,42453.37
2021-11-14T00:15:00+00:00,2021-11-14T01:15:00+01:00,FR,170.03,49772
2021-11-14T00:15:00+00:00,2021-11-14T01:15:00+01:00,NL,170.03,10682.95
2021-11-14T00:30:00+00:00,2021-11-14T01:30:00+01:00,AT,170.03,
2021-11-14T00:30:00+00:00,2021-11-14T01:30:00+01:00,BE,170.03,
2021-11-14T00:30:00+00:00,2021-11-14T01:30:00+01:00,CH,170.4,
2021-11-14T00:30:00+00:00,2021-11-14T01:30:00+01:00,DE-LU,170.03,41942.42
2021-11-14T00:30:00+00:00,2021-11-14T01:30:00+01:00,FR,170.03,49772
2021-11-14T00:30:00+00:00,2021-11-14T01:30:00+01:00,NL,170.03,10534.41
2021-11-14T00:45:00+00:00,2021-11-14T01:45:00+01:00,AT,170.03,
2021-11-14T00:45:00+00:00,2021-11-14T01:45:00+01:00,BE,170.03,
2021-11-14T00:45:00+00:00,2021-11-14T01:45:00+01:00,CH,170.4,
2021-11-14T00:45:00+00:00,2021-11-14T01:45:00+01:00,DE-LU,170.03,42066.89
2021-11-14T00:45:00+00:00,2021-11-14T01:45:00+01:00,FR,170.03,49772
2021-11-14T00:45:00+00:00,2021-11-14T01:45:00+01:00,NL,170.03,10416.12
2021-11-14T01:00:00+00:00,2021-11-14T02:00:00+01:00,AT,167.24,
2021-11-14T01:00:00+00:00,2021-11-14T02:00:00+01:00,BE,167.24,
2021-11-14T01:00:00+00:00,2021-11-14T02:00:00+01:00,CH,167.51,
2021-11-14T01:00:00+00:00,2021-11-14T02:00:00+01:00,DE-LU,167.24,41750.82
2021-11-14T01:00:00+00:00,2021-11-14T02:00:00+01:00,FR,167.24,48062
2021-11-14T01:00:00+00:00,2021-11-14T02:00:00+01:00,NL,167.24,10343.6
2021-11-14T01:15:00+00:00,2021-11-14T02:15:00+01:00,AT,167.24,
2021-11-14T01:15:00+00:00,2021-11-14T02:15:00+01:00,BE,167.24,
2021-11-14T01:15:00+00:00,2021-11-14T02:15:00+01:00,CH,167.51,
2021-11-14T01:15:00+00:00,2021-11-14T02:15:00+01:00,DE-LU,167.24,41433.07
2021-11-14T01:15:00+00:00,2021-11-14T02:15:00+01:00,FR,167.24,48062
2021-11-14T01:15:00+00:00,2021-11-14T02:15:00+01:00,NL,167.24,10299.63
2021-11-14T01:30:00+00:00,2021-11-14T02:30:00+01:00,AT,167.24,
2021-11-14T01:30:00+00:00,2021-11-14T02:30:00+01:00,BE,167.24,
2021-11-14T01:30:00+00:00,2021-11-14T02:30:00+01:00,CH,167.51,
2021-11-14T01:30:00+00:00,2021-11-14T02:30:00+01:00,DE-LU,167.24,41030.22
2021-11-14T01:30:00+00:00,2021-11-14T02:30:00+01:00,FR,167.24,48062
2021-11-14T01:30:00+00:00,2021-11-14T02:30:00+01:00,NL,167.24,10243.25
2021-11-14T01:45:00+00:00,2021-11-14T02:45:00+01:00,AT,167.24,
2021-11-14T01:45:00+00:00,2021-11-14T02:45:00+01:00,BE,167.24,
2021-11-14T01:45:00+00:00,2021-11-14T02:45:00+01:00,CH,167.51,
2021-11-14T01:45:00+00:00,2021-11-14T02:45:00+01:00,DE-LU,167.24,41130.01
2021-11-14T01:45:00+00:00,2021-11-14T02:45:00+01:00,FR,167.24,48062
2021-11-14T01:45:00+00:00,2021-11-14T02:45:00+01:00,NL,167.24,10222.2
2021-11-14T02:00:00+00:00,2021-11-14T03:00:00+01:00,AT,156.97,
2021-11-14T02:00:00+00:00,2021-11-14T03:00:00+01:00,BE,155.7,
2021-11-14T02:00:00+00:00,2021-11-14T03:00:00+01:00,CH,162.39,
2021-11-14T02:00:00+00:00,2021-11-14T03:00:00+01:00,DE-LU,155.51,40797.52
2021-11-14T02:00:00+00:00,2021-11-14T03:00:00+01:00,FR,155.81,45390
2021-11-14T02:00:00+00:00,2021-11-14T03:00:00+01:00,NL,155.63,10223.15
2021-11-14T02:15:00+00:00,2021-11-14T03:15:00+01:00,AT,156.97,
2021-11-14T02:15:00+00:00,2021-11-14T03:15:00+01:00,BE,155.7,
2021-11-14T02:15:00+00:00,2021-11-14T03:15:00+01:00,CH,162.39,
2021-11-14T02:15:00+00:00,2021-11-14T03:15:00+01:00,DE-LU,155.51,40527.46
2021-11-14T02:15:00+00:00,2021-11-14T03:15:00+01:00,FR,155.81,45390
2021-11-14T02:15:00+00:00,2021-11-14T03:15:00+01:00,NL,155.63,10313.33
2021-11-14T02:30:00+00:00,2021-11-14T03:30:00+01:00,AT,156.97,
2021-11-14T02:30:00+00:00,2021-11-14T03:30:00+01:00,BE,155.7,
2021-11-14T02:30:00+00:00,2021-11-14T03:30:00+01:00,CH,162.39,
2021-11-14T02:30:00+00:00,2021-11-14T03:30:00+01:00,DE-LU,155.51,40775.2
2021-11-14T02:30:00+00:00,2021-11-14T03:30:00+01:00,FR,155.81,45390
2021-11-14T02:30:00+00:00,2021-11-14T03:30:00+01:00,NL,155.63,10244.56
2021-11-14T02:45:00+00:00,2021-11-14T03:45:00+01:00,AT,156.97,
2021-11-14T02:45:00+00:00,2021-11-14T03:45:00+01:00,BE,155.7,
2021-11-14T02:45:00+00:00,2021-11-14T03:45:00+01:00,CH,162.39,
2021-11-14T02:45:00+00:00,2021-11-14T03:45:00+01:00,DE-LU,155.51,40782.17
2021-11-14T02:45:00+00:00,2021-11-14T03:45:00+01:00,FR,155.81,45390
2021-11-14T02:45:00+00:00,2021-11-14T03:45:00+01:00,NL,155.63,10198.98
2021-11-14T03:00:00+00:00,2021-11-14T04:00:00+01:00,AT,156.97,
2021-11-14T03:00:00+00:00,2021-11-14T04:00:00+01:00,BE,146.06,
2021-11-14T03:00:00+00:00,2021-11-14T04:00:00+01:00,CH,161.74,
2021-11-14T03:00:00+00:00,2021-11-14T04:00:00+01:00,DE-LU,144.22,40973.53
2021-11-14T03:00:00+00:00,2021-11-14T04:00:00+01:00,FR,146.88,44068
2021-11-14T03:00:00+00:00,2021-11-14T04:00:00+01:00,NL,145.1,10208.41
2021-11-14T03:15:00+00:00,2021-11-14T04:15:00+01:00,AT,156.97,
2021-11-14T03:15:00+00:00,2021-11-14T04:15:00+01:00,BE,146.06,
2021-11-14T03:15:00+00:00,2021-11-14T04:15:00+01:00,CH,161.74,
2021-11-14T03:15:00+00:00,2021-11-14T04:15:00+01:00,DE-LU,144.22,40879.93
2021-11-14T03:15:00+00:00,2021-11-14T04:15:00+01:00,FR,146.88,44068
2021-11-14T03:15:00+00:00,2021-11-14T04:15:00+01:00,NL,145.1,10206.18
2021-11-14T03:30:00+00:00,2021-11-14T04:30:00+01:00,AT,156.97,
2021-11-14T03:30:00+00:00,2021-11-14T04:30:00+01:00,BE,146.06,
2021-11-14T03:30:00+00:00,2021-11-14T04:30:00+01:00,CH,161.74,
2021-11-14T03:30:00+00:00,2021-11-14T04:30:00+01:00,DE-LU,144.22,40922.78
2021-11-14T03:30:00+00:00,2021-11-14T04:30:00+01:00,FR,146.88,44068
2021-11-14T03:30:00+00:00,2021-11-14T04:30:00+01:00,NL,145.1,10182.96
2021-11-14T03:45:00+00:00,2021-11-14T04:45:00+01:00,AT,156.97,
2021-11-14T03:45:00+00:00,2021-11-14T04:45:00+01:00,BE,146.06,
2021-11-14T03:45:00+00:00,2021-11-14T04:45:00+01:00,CH,161.74,
2021-11-14T03:45:00+00:00,2021-11-14T04:45:00+01:00,DE-LU,144.22,41178.33
2021-11-14T03:45:00+00:00,2021-11-14T04:45:00+01:00,FR,146.88,44068
2021-11-14T03:45:00+00:00,2021-11-14T04:45:00+01:00,NL,145.1,10192.58
2021-11-14T04:00:00+00:00,2021-11-14T05:00:00+01:00,AT,158.56,
2021-11-14T04:00:00+00:00,2021-11-14T05:00:00+01:00,BE,142.05,
2021-11-14T04:00:00+00:00,2021-11-14T05:00:00+01:00,CH,162.87,
2021-11-14T04:00:00+00:00,2021-11-14T05:00:00+01:00,DE-LU,141.35,41461.61
2021-11-14T04:00:00+00:00,2021-11-14T05:00:00+01:00,FR,145,44347
2021-11-14T04:00:00+00:00,2021-11-14T05:00:00+01:00,NL,141.35,10248.91
2021-11-14T04:15:00+00:00,2021-11-14T05:15:00+01:00,AT,158.56,
2021-11-14T04:15:00+00:00,2021-11-14T05:15:00+01:00,BE,142.05,
2021-11-14T04:15:00+00:00,2021-11-14T05:15:00+01:00,CH,162.87,
2021-11-14T04:15:00+00:00,2021-11-14T05:15:00+01:00,DE-LU,141.35,41190.81
2021-11-14T04:15:00+00:00,2021-11-14T05:15:00+01:00,FR,145,44347
2021-11-14T04:15:00+00:00,2021-11-14T05:15:00+01:00,NL,141.35,10333.8
2021-11-14T04:30:00+00:00,2021-11-14T05:30:00+01:00,AT,158.56,
2021-11-14T04:30:00+00:00,2021-11-14T05:30:00+01:00,BE,142.05,
2021-11-14T04:30:00+00:00,2021-11-14T05:30:00+01:00,CH,162.87,
2021-11-14T04:30:00+00:00,2021-11-14T05:30:00+01:00,DE-LU,141.35,41333.02
2021-11-14T04:30:00+00:00,2021-11-14T05:30:00+01:00,FR,145,44347
2021-11-14T04:30:00+00:00,2021-11-14T05:30:00+01:00,NL,141.35,10356.43
2021-11-14T04:45:00+00:00,2021-11-14T05:45:00+01:00,AT,158.56,
2021-11-14T04:45:00+00:00,2021-11-14T05:45:00+01:00,BE,142.05,
2021-11-14T04:45:00+00:00,2021-11-14T05:45:00+01:00,CH,162.87,
2021-11-14T04:45:00+00:00,2021-11-14T05:45:00+01:00,DE-LU,141.35,41052.41
2021-11-14T04:45:00+00:00,2021-11-14T05:45:00+01:00,FR,145,44347
2021-11-14T04:45:00+00:00,2021-11-14T05:45:00+01:00,NL,141.35,10385.21
2021-11-14T05:00:00+00:00,2021-11-14T06:00:00+01:00,AT,168.53,
2021-11-14T05:00:00+00:00,2021-11-14T06:00:00+01:00,BE,155.41,
2021-11-14T05:00:00+00:00,2021-11-14T06:00:00+01:00,CH,169.74,
2021-11-14T05:00:00+00:00,2021-11-14T06:00:00+01:00,DE-LU,117.2,41236.94
2021-11-14T05:00:00+00:00,2021-11-14T06:00:00+01:00,FR,155.41,45307
2021-11-14T05:00:00+00:00,2021-11-14T06:00:00+01:00,NL,195,10405.19
2021-11-14T05:15:00+00:00,2021-11-14T06:15:00+01:00,AT,168.53,
2021-11-14T05:15:00+00:00,2021-11-14T06:15:00+01:00,BE,155.41,
2021-11-14T05:15:00+00:00,2021-11-14T06:15:00+01:00,CH,169.74,
2021-11-14T05:15:00+00:00,2021-11-14T06:15:00+01:00,DE-LU,117.2,41511.12
2021-11-14T05:15:00+00:00,2021-11-14T06:15:00+01:00,FR,155.41,45307
2021-11-14T05:15:00+00:00,2021-11-14T06:15:00+01:00,NL,195,10392.15
2021-11-14T05:30:00+00:00,2021-11-14T06:30:00+01:00,AT,168.53,
2021-11-14T05:30:00+00:00,2021-11-14T06:30:00+01:00,BE,155.41,
2021-11-14T05:30:00+00:00,2021-11-14T06:30:00+01:00,CH,169.74,
2021-11-14T05:30:00+00:00,2021-11-14T06:30:00+01:00,DE-LU,117.2,42194.43
2021-11-14T05:30:00+00:00,2021-11-14T06:30:00+01:00,FR,155.41,45307
2021-11-14T05:30:00+00:00,2021-11-14T06:30:00+01:00,NL,195,10475.65
2021-11-14T05:45:00+00:00,2021-11-14T06:45:00+01:00,AT,168.53,
2021-11-14T05:45:00+00:00,2021-11-14T06:45:00+01:00,BE,155.41,
2021-11-14T05:45:00+00:00,2021-11-14T06:45:00+01:00,CH,169.74,
2021-11-14T05:45:00+00:00,2021-11-14T06:45:00+01:00,DE-LU,117.2,42585.5
2021-11-14T05:45:00+00:00,2021-11-14T06:45:00+01:00,FR,155.41,45307
2021-11-14T05:45:00+00:00,2021-11-14T06:45:00+01:00,NL,195,10552.35
2021-11-14T06:00:00+00:00,2021-11-14T07:00:00+01:00,AT,164.93,
2021-11-14T06:00:00+00:00,2021-11-14T07:00:00+01:00,BE,167.67,
2021-11-14T06:00:00+00:00,2021-11-14T07:00:00+01:00,CH,174.83,
2021-11-14T06:00:00+00:00,2021-11-14T07:00:00+01:00,DE-LU,159.92,43547.05
2021-11-14T06:00:00+00:00,2021-11-14T07:00:00+01:00,FR,164.93,46314
2021-11-14T06:00:00+00:00,2021-11-14T07:00:00+01:00,NL,176.87,10710.05
2021-11-14T06:15:00+00:00,2021-11-14T07:15:00+01:00,AT,164.93,
2021-11-14T06:15:00+00:00,2021-11-14T07:15:00+01:00,BE,167.67,
2021-11-14T06:15:00+00:00,2021-11-14T07:15:00+01:00,CH,174.83,
2021-11-14T06:15:00+00:00,2021-11-14T07:15:00+01:00,DE-LU,159.92,43897.58
2021-11-14T06:15:00+00:00,2021-11-14T07:15:00+01:00,FR,164.93,46314
2021-11-14T06:15:00+00:00,2021-11-14T07:15:00+01:00,NL,176.87,10902.13
2021-11-14T06:30:00+00:00,2021-11-14T07:30:00+01:00,AT,164.93,
2021-11-14T06:30:00+00:00,2021-11-14T07:30:00+01:00,BE,167.67,
2021-11-14T06:30:00+00:00,2021-11-14T07:30:00+01:00,CH,174.83,
2021-11-14T06:30:00+00:00,2021-11-14T07:30:00+01:00,DE-LU,159.92,44437.4
2021-11-14T06:30:00+00:00,2021-11-14T07:30:00+01:00,FR,164.93,46314
2021-11-14T06:30:00+00:00,2021-11-14T07:30:00+01:00,NL,176.87,11021.45
2021-11-14T06:45:00+00:00,2021-11-14T07:45:00+01:00,AT,164.93,
2021-11-14T06:45:00+00:00,2021-11-14T07:45:00+01:00,BE,167.67,
2021-11-14T06:45:00+00:00,2021-11-14T07:45:00+01:00,CH,174.83,
2021-11-14T06:45:00+00:00,2021-11-14T07:45:00+01:00,DE-LU,159.92,44921.02
2021-11-14T06:45:00+00:00,2021-11-14T07:45:00+01:00,FR,164.93,46314
2021-11-14T06:45:00+00:00,2021-11-14T07:45:00+01:00,NL,176.87,11075.58
2021-11-14T07:00:00+00:00,2021-11-14T08:00:00+01:00,AT,170.04,
2021-11-14T07:00:00+00:00,2021-11-14T08:00:00+01:00,BE,160.54,
2021-11-14T07:00:00+00:00,2021-11-14T08:00:00+01:00,CH,180.08,
2021-11-14T07:00:00+00:00,2021-11-14T08:00:00+01:00,DE-LU,159.04,45890.06
2021-11-14T07:00:00+00:00,2021-11-14T08:00:00+01:00,FR,160.54,47663
2021-11-14T07:00:00+00:00,2021-11-14T08:00:00+01:00,NL,160.54,11251.21
2021-11-14T07:15:00+00:00,2021-11-14T08:15:00+01:00,AT,170.04,
2021-11-14T07:15:00+00:00,2021-11-14T08:15:00+01:00,BE,160.54,
2021-11-14T07:15:00+00:00,2021-11-14T08:15:00+01:00,CH,180.08,
2021-11-14T07:15:00+00:00,2021-11-14T08:15:00+01:00,DE-LU,159.04,46678.3
2021-11-14T07:15:00+00:00,2021-11-14T08:15:00+01:00,FR,160.54,47663
2021-11-14T07:15:00+00:00,2021-11-14T08:15:00+01:00,NL,160.54,11464.93
2021-11-14T07:30:00+00:00,2021-11-14T08:30:00+01:00,AT,170.04,
2021-11-14T07:30:00+00:00,2021-11-14T08:30:00+01:00,BE,160.54,
2021-11-14T07:30:00+00:00,2021-11-14T08:30:00+01:00,CH,180.08,
2021-11-14T07:30:00+00:00,2021-11-14T08:30:00+01:00,DE-LU,159.04,47431.04
2021-11-14T07:30:00+00:00,2021-11-14T08:30:00+01:00,FR,160.54,47663
2021-11-14T07:30:00+00:00,2021-11-14T08:30:00+01:00,NL,160.54,11599.6
2021-11-14T07:45:00+00:00,2021-11-14T08:45:00+01:00,AT,170.04,
2021-11-14T07:45:00+00:00,2021-11-14T08:45:00+01:00,BE,160.54,
2021-11-14T07:45:00+00:00,2021-11-14T08:45:00+01:00,CH,180.08,
2021-11-14T07:45:00+00:00,2021-11-14T08:45:00+01:00,DE-LU,159.04,48238.65
2021-11-14T07:45:00+00:00,2021-11-14T08:45:00+01:00,FR,160.54,47663
2021-11-14T07:45:00+00:00,2021-11-14T08:45:00+01:00,NL,160.54,11765.13
2021-11-14T08:00:00+00:00,2021-11-14T09:00:00+01:00,AT,170.07,
2021-11-14T08:00:00+00:00,2021-11-14T09:00:00+01:00,BE,170.07,
2021-11-14T08:00:00+00:00,2021-11-14T09:00:00+01:00,CH,180.57,
2021-11-14T08:00:00+00:00,2021-11-14T09:00:00+01:00,DE-LU,170.07,49162.72
2021-11-14T08:00:00+00:00,2021-11-14T09:00:00+01:00,FR,170.07,50339
2021-11-14T08:00:00+00:00,2021-11-14T09:00:00+01:00,NL,170.07,11956.98
2021-11-14T08:15:00+00:00,2021-11-14T09:15:00+01:00,AT,170.07,
2021-11-14T08:15:00+00:00,2021-11-14T09:15:00+01:00,BE,170.07,
2021-11-14T08:15:00+00:00,2021-11-14T09:15:00+01:00,CH,180.57,
2021-11-14T08:15:00+00:00,2021-11-14T09:15:00+01:00,DE-LU,170.07,49865.83
2021-11-14T08:15:00+00:00,2021-11-14T09:15:00+01:00,FR,170.07,50339
2021-11-14T08:15:00+00:00,2021-11-14T09:15:00+01:00,NL,170.07,12047.06
2021-11-14T08:30:00+00:00,2021-11-14T09:30:00+01:00,AT,170.07,
2021-11-14T08:30:00+00:00,2021-11-14T09:30:00+01:00,BE,170.07,
2021-11-14T08:30:00+00:00,2021-11-14T09:30:00+01:00,CH,180.57,
2021-11-14T08:30:00+00:00,2021-11-14T09:30:00+01:00,DE-LU,170.07,50584.11
2021-11-14T08:30:00+00:00,2021-11-14T09:30:00+01:00,FR,170.07,50339
2021-11-14T08:30:00+00:00,2021-11-14T09:30:00+01:00,NL,170.07,12079.07
2021-11-14T08:45:00+00:00,2021-11-14T09:45:00+01:00,AT,170.07,
2021-11-14T08:45:00+00:00,2021-11-14T09:45:00+01:00,BE,170.07,
2021-11-14T08:45:00+00:00,2021-11-14T09:45:00+01:00,CH,180.57,
2021-11-14T08:45:00+00:00,2021-11-14T09:45:00+01:00,DE-LU,170.07,51045.69
2021-11-14T08:45:00+00:00,2021-11-14T09:45:00+01:00,FR,170.07,50339
2021-11-14T08:45:00+00:00,2021-11-14T09:45:00+01:00,NL,170.07,12189.29
2021-11-14T09:00:00+00:00,2021-11-14T10:00:00+01:00,AT,177.2,
2021-11-14T09:00:00+00:00,2021-11-14T10:00:00+01:00,BE,177.2,
2021-11-14T09:00:00+00:00,2021-11-14T10:00:00+01:00,CH,182.56,
2021-11-14T09:00:00+00:00,2021-11-14T10:00:00+01:00,DE-LU,177.2,51648.35
2021-11-14T09:00:00+00:00,2021-11-14T10:00:00+01:00,FR,177.2,52215
2021-11-14T09:00:00+00:00,2021-11-14T10:00:00+01:00,NL,177.2,12139.5
2021-11-14T09:15:00+00:00,2021-11-14T10:15:00+01:00,AT,177.2,
2021-11-14T09:15:00+00:00,2021-11-14T10:15:00+01:00,BE,177.2,
2021-11-14T09:15:00+00:00,2021-11-14T10:15:00+01:00,CH,182.56,
2021-11-14T09:15:00+00:00,2021-11-14T10:15:00+01:00,DE-LU,177.2,52151.23
2021-11-14T09:15:00+00:00,2021-11-14T10:15:00+01:00,FR,177.2,52215
2021-11-14T09:15:00+00:00,2021-11-14T10:15:00+01:00,NL,177.2,12198.13
2021-11-14T09:30:00+00:00,2021-11-14T10:30:00+01:00,AT,177.2,
2021-11-14T09:30:00+00:00,2021-11-14T10:30:00+01:00,BE,177.2,
2021-11-14T09:30:00+00:00,2021-11-14T10:30:00+01:00,CH,182.56,
2021-11-14T09:30:00+00:00,2021-11-14T10:30:00+01:00,DE-LU,177.2,52697.4
2021-11-14T09:30:00+00:00,2021-11-14T10:30:00+01:00,FR,177.2,52215
2021-11-14T09:30:00+00:00,2021-11-14T10:30:00+01:00,NL,177.2,12332.89
2021-11-14T09:45:00+00:00,2021-11-14T10:45:00+01:00,AT,177.2,
2021-11-14T09:45:00+00:00,2021-11-14T10:45:00+01:00,BE,177.2,
2021-11-14T09:45:00+00:00,2021-11-14T10:45:00+01:00,CH,182.56,
2021-11-14T09:45:00+00:00,2021-11-14T10:45:00+01:00,DE-LU,177.2,53309.68
2021-11-14T09:45:00+00:00,2021-11-14T10:45:00+01:00,FR,177.2,52215
2021-11-14T09:45:00+00:00,2021-11-14T10:45:00+01:00,NL,177.2,12351.72
2021-11-14T10:00:00+00:00,2021-11-14T11:00:00+01:00,AT,178.93,
2021-11-14T10:00:00+00:00,2021-11-14T11:00:00+01:00,BE,178.93,
2021-11-14T10:00:00+00:00,2021-11-14T11:00:00+01:00,CH,182.18,
2021-11-14T10:00:00+00:00,2021-11-14T11:00:00+01:00,DE-LU,178.93,53764.75
2021-11-14T10:00:00+00:00,2021-11-14T11:00:00+01:00,FR,178.93,53707
2021-11-14T10:00:00+00:00,2021-11-14T11:00:00+01:00,NL,178.93,12420.73
2021-11-14T10:15:00+00:00,2021-11-14T11:15:00+01:00,AT,178.93,
2021-11-14T10:15:00+00:00,2021-11-14T11:15:00+01:00,BE,178.93,
2021-11-14T10:15:00+00:00,2021-11-14T11:15:00+01:00,CH,182.18,
2021-11-14T10:15:00+00:00,2021-11-14T11:15:00+01:00,DE-LU,178.93,54499.03
2021-11-14T10:15:00+00:00,2021-11-14T11:15:00+01:00,FR,178.93,53707
2021-11-14T10:15:00+00:00,2021-11-14T11:15:00+01:00,NL,178.93,12389.72
2021-11-14T10:30:00+00:00,2021-11-14T11:30:00+01:00,AT,178.93,
2021-11-14T10:30:00+00:00,2021-11-14T11:30:00+01:00,BE,178.93,
2021-11-14T10:30:00+00:00,2021-11-14T11:30:00+01:00,CH,182.18,
2021-11-14T10:30:00+00:00,2021-11-14T11:30:00+01:00,DE-LU,178.93,54967.55
2021-11-14T10:30:00+00:00,2021-11-14T11:30:00+01:00,FR,178.93,53707
2021-11-14T10:30:00+00:00,2021-11-14T11:30:00+01:00,NL,178.93,12382.03
2021-11-14T10:45:00+00:00,2021-11-14T11:45:00+01:00,AT,178.93,
2021-11-14T10:45:00+00:00,2021-11-14T11:45:00+01:00,BE,178.93,
2021-11-14T10:45:00+00:00,2021-11-14T11:45:00+01:00,CH,182.18,
2021-11-14T10:45:00+00:00,2021-11-14T11:45:00+01:00,DE-LU,178.93,54952.18
2021-11-14T10:45:00+00:00,2021-11-14T11:45:00+01:00,FR,178.93,53707
2021-11-14T10:45:00+00:00,2021-11-14T11:45:00+01:00,NL,178.93,12474.57
2021-11-14T11:00:00+00:00,2021-11-14T12:00:00+01:00,AT,184.58,
2021-11-14T11:00:00+00:00,2021-11-14T12:00:00+01:00,BE,184.58,
2021-11-14T11:00:00+00:00,2021-11-14T12:00:00+01:00,CH,179.63,
2021-11-14T11:00:00+00:00,2021-11-14T12:00:00+01:00,DE-LU,184.58,55106.48
2021-11-14T11:00:00+00:00,2021-11-14T12:00:00+01:00,FR,184.58,56317
2021-11-14T11:00:00+00:00,2021-11-14T12:00:00+01:00,NL,184.58,12444.65
2021-11-14T11:15:00+00:00,2021-11-14T12:15:00+01:00,AT,184.58,
2021-11-14T11:15:00+00:00,2021-11-14T12:15:00+01:00,BE,184.58,
2021-11-14T11:15:00+00:00,2021-11-14T12:15:00+01:00,CH,179.63,
2021-11-14T11:15:00+00:00,2021-11-14T12:15:00+01:00,DE-LU,184.58,55022.48
2021-11-14T11:15:00+00:00,2021-11-14T12:15:00+01:00,FR,184.58,56317
2021-11-14T11:15:00+00:00,2021-11-14T12:15:00+01:00,NL,184.58,12439.48
2021-11-14T11:30:00+00:00,2021-11-14T12:30:00+01:00,AT,184.58,
2021-11-14T11:30:00+00:00,2021-11-14T12:30:00+01:00,BE,184.58,
2021-11-14T11:30:00+00:00,2021-11-14T12:30:00+01:00,CH,179.63,
2021-11-14T11:30:00+00:00,2021-11-14T12:30:00+01:00,DE-LU,184.58,54735.46
2021-11-14T11:30:00+00:00,2021-11-14T12:30:00+01:00,FR,184.58,56317
2021-11-14T11:30:00+00:00,2021-11-14T12:30:00+01:00,NL,184.58,12489.63
2021-11-14T11:45:00+00:00,2021-11-14T12:45:00+01:00,AT,184.58,
2021-11-14T11:45:00+00:00,2021-11-14T12:45:00+01:00,BE,184.58,
2021-11-14T11:45:00+00:00,2021-11-14T12:45:00+01:00,CH,179.63,
2021-11-14T11:45:00+00:00,2021-11-14T12:45:00+01:00,DE-LU,184.58,54258.69
2021-11-14T11:45:00+00:00,2021-11-14T12:45:00+01:00,FR,184.58,56317
2021-11-14T11:45:00+00:00,2021-11-14T12:45:00+01:00,NL,184.58,12512.01
2021-11-14T12:00:00+00:00,2021-11-14T13:00:00+01:00,AT,170.02,
2021-11-14T12:00:00+00:00,2021-11-14T13:00:00+01:00,BE,170.02,
2021-11-14T12:00:00+00:00,2021-11-14T13:00:00+01:00,CH,176.13,
2021-11-14T12:00:00+00:00,2021-11-14T13:00:00+01:00,DE-LU,170.02,54238.41
2021-11-14T12:00:00+00:00,2021-11-14T13:00:00+01:00,FR,170.02,54316
2021-11-14T12:00:00+00:00,2021-11-14T13:00:00+01:00,NL,170.02,12423.65
2021-11-14T12:15:00+00:00,2021-11-14T13:15:00+01:00,AT,170.02,
2021-11-14T12:15:00+00:00,2021-11-14T13:15:00+01:00,BE,170.02,
2021-11-14T12:15:00+00:00,2021-11-14T13:15:00+01:00,CH,176.13,
2021-11-14T12:15:00+00:00,2021-11-14T13:15:00+01:00,DE-LU,170.02,53575.42
2021-11-14T12:15:00+00:00,2021-11-14T13:15:00+01:00,FR,170.02,54316
2021-11-14T12:15:00+00:00,2021-11-14T13:15:00+01:00,NL,170.02,12537.78
2021-11-14T12:30:00+00:00,2021-11-14T13:30:00+01:00,AT,170.02,
2021-11-14T12:30:00+00:00,2021-11-14T13:30:00+01:00,BE,170.02,
2021-11-14T12:30:00+00:00,2021-11-14T13:30:00+01:00,CH,176.13,
2021-11-14T12:30:00+00:00,2021-11-14T13:30:00+01:00,DE-LU,170.02,53325.61
2021-11-14T12:30:00+00:00,2021-11-14T13:30:00+01:00,FR,170.02,54316
2021-11-14T12:30:00+00:00,2021-11-14T13:30:00+01:00,NL,170.02,12452.76
2021-11-14T12:45:00+00:00,2021-11-14T13:45:00+01:00,AT,170.02,
2021-11-14T12:45:00+00:00,2021-11-14T13:45:00+01:00,BE,170.02,
2021-11-14T12:45:00+00:00,2021-11-14T13:45:00+01:00,CH,176.13,
2021-11-14T12:45:00+00:00,2021-11-14T13:45:00+01:00,DE-LU,170.02,53174.39
2021-11-14T12:45:00+00:00,2021-11-14T13:45:00+01:00,FR,170.02,54316
2021-11-14T12:45:00+00:00,2021-11-14T13:45:00+01:00,NL,170.02,12417.39
2021-11-14T13:00:00+00:00,2021-11-14T14:00:00+01:00,AT,170,
2021-11-14T13:00:00+00:00,2021-11-14T14:00:00+01:00,BE,158,
2021-11-14T13:00:00+00:00,2021-11-14T14:00:00+01:00,CH,179.12,
2021-11-14T13:00:00+00:00,2021-11-14T14:00:00+01:00,DE-LU,156.12,52442.25
2021-11-14T13:00:00+00:00,2021-11-14T14:00:00+01:00,FR,158,51528
2021-11-14T13:00:00+00:00,2021-11-14T14:00:00+01:00,NL,158,12451.87
2021-11-14T13:15:00+00:00,2021-11-14T14:15:00+01:00,AT,170,
2021-11-14T13:15:00+00:00,2021-11-14T14:15:00+01:00,BE,158,
2021-11-14T13:15:00+00:00,2021-11-14T14:15:00+01:00,CH,179.12,
2021-11-14T13:15:00+00:00,2021-11-14T14:15:00+01:00,DE-LU,156.12,52073.28
2021-11-14T13:15:00+00:00,2021-11-14T14:15:00+01:00,FR,158,51528
2021-11-14T13:15:00+00:00,2021-11-14T14:15:00+01:00,NL,158,12479.66
2021-11-14T13:30:00+00:00,2021-11-14T14:30:00+01:00,AT,170,
2021-11-14T13:30:00+00:00,2021-11-14T14:30:00+01:00,BE,158,
2021-11-14T13:30:00+00:00,2021-11-14T14:30:00+01:00,CH,179.12,
2021-11-14T13:30:00+00:00,2021-11-14T14:30:00+01:00,DE-LU,156.12,51904.83
2021-11-14T13:30:00+00:00,2021-11-14T14:30:00+01:00,FR,158,51528
2021-11-14T13:30:00+00:00,2021-11-14T14:30:00+01:00,NL,158,12532.37
2021-11-14T13:45:00+00:00,2021-11-14T14:45:00+01:00,AT,170,
2021-11-14T13:45:00+00:00,2021-11-14T14:45:00+01:00,BE,158,
2021-11-14T13:45:00+00:00,2021-11-14T14:45:00+01:00,CH,179.12,
2021-11-14T13:45:00+00:00,2021-11-14T14:45:00+01:00,DE-LU,156.12,51810.22
2021-11-14T13:45:00+00:00,2021-11-14T14:45:00+01:00,FR,158,51528
2021-11-14T13:45:00+00:00,2021-11-14T14:45:00+01:00,NL,158,12629.44
2021-11-14T14:00:00+00:00,2021-11-14T15:00:00+01:00,AT,160,
2021-11-14T14:00:00+00:00,2021-11-14T15:00:00+01:00,BE,160,
2021-11-14T14:00:00+00:00,2021-11-14T15:00:00+01:00,CH,183.91,
2021-11-14T14:00:00+00:00,2021-11-14T15:00:00+01:00,DE-LU,160,52166.53
2021-11-14T14:00:00+00:00,2021-11-14T15:00:00+01:00,FR,160,49917
2021-11-14T14:00:00+00:00,2021-11-14T15:00:00+01:00,NL,160,12553.77
2021-11-14T14:15:00+00:00,2021-11-14T15:15:00+01:00,AT,160,
2021-11-14T14:15:00+00:00,2021-11-14T15:15:00+01:00,BE,160,
2021-11-14T14:15:00+00:00,2021-11-14T15:15:00+01:00,CH,183.91,
2021-11-14T14:15:00+00:00,2021-11-14T15:15:00+01:00,DE-LU,160,52102.97
2021-11-14T14:15:00+00:00,2021-11-14T15:15:00+01:00,FR,160,49917
2021-11-14T14:15:00+00:00,2021-11-14T15:15:00+01:00,NL,160,12663.56
2021-11-14T14:30:00+00:00,2021-11-14T15:30:00+01:00,AT,160,
2021-11-14T14:30:00+00:00,2021-11-14T15:30:00+01:00,BE,160,
2021-11-14T14:30:00+00:00,2021-11-14T15:30:00+01:00,CH,183.91,
2021-11-14T14:30:00+00:00,2021-11-14T15:30:00+01:00,DE-LU,160,52438.07
2021-11-14T14:30:00+00:00,2021-11-14T15:30:00+01:00,FR,160,49917
2021-11-14T14:30:00+00:00,2021-11-14T15:30:00+01:00,NL,160,12729.96
2021-11-14T14:45:00+00:00,2021-11-14T15:45:00+01:00,AT,160,
2021-11-14T14:45:00+00:00,2021-11-14T15:45:00+01:00,BE,160,
2021-11-14T14:45:00+00:00,2021-11-14T15:45:00+01:00,CH,183.91,
2021-11-14T14:45:00+00:00,2021-11-14T15:45:00+01:00,DE-LU,160,52467.42
2021-11-14T14:45:00+00:00,2021-11-14T15:45:00+01:00,FR,160,49917
2021-11-14T14:45:00+00:00,2021-11-14T15:45:00+01:00,NL,160,12848.91
2021-11-14T15:00:00+00:00,2021-11-14T16:00:00+01:00,AT,170,
2021-11-14T15:00:00+00:00,2021-11-14T16:00:00+01:00,BE,166.66,
2021-11-14T15:00:00+00:00,2021-11-14T16:00:00+01:00,CH,190,
2021-11-14T15:00:00+00:00,2021-11-14T16:00:00+01:00,DE-LU,166.68,53006.45
2021-11-14T15:00:00+00:00,2021-11-14T16:00:00+01:00,FR,166.8,49538
2021-11-14T15:00:00+00:00,2021-11-14T16:00:00+01:00,NL,166.6,12967.42
2021-11-14T15:15:00+00:00,2021-11-14T16:15:00+01:00,AT,170,
2021-11-14T15:15:00+00:00,2021-11-14T16:15:00+01:00,BE,166.66,
2021-11-14T15:15:00+00:00,2021-11-14T16:15:00+01:00,CH,190,
2021-11-14T15:15:00+00:00,2021-11-14T16:15:00+01:00,DE-LU,166.68,53452.34
2021-11-14T15:15:00+00:00,2021-11-14T16:15:00+01:00,FR,166.8,49538
2021-11-14T15:15:00+00:00,2021-11-14T16:15:00+01:00,NL,166.6,13232.75
2021-11-14T15:30:00+00:00,2021-11-14T16:30:00+01:00,AT,170,
2021-11-14T15:30:00+00:00,2021-11-14T16:30:00+01:00,BE,166.66,
2021-11-14T15:30:00+00:00,2021-11-14T16:30:00+01:00,CH,190,
2021-11-14T15:30:00+00:00,2021-11-14T16:30:00+01:00,DE-LU,166.68,54485.09
2021-11-14T15:30:00+00:00,2021-11-14T16:30:00+01:00,FR,166.8,49538
2021-11-14T15:30:00+00:00,2021-11-14T16:30:00+01:00,NL,166.6,13493.4
2021-11-14T15:45:00+00:00,2021-11-14T16:45:00+01:00,AT,170,
2021-11-14T15:45:00+00:00,2021-11-14T16:45:00+01:00,BE,166.66,
2021-11-14T15:45:00+00:00,2021-11-14T16:45:00+01:00,CH,190,
2021-11-14T15:45:00+00:00,2021-11-14T16:45:00+01:00,DE-LU,166.68,55754.68
2021-11-14T15:45:00+00:00,2021-11-14T16:45:00+01:00,FR,166.8,49538
2021-11-14T15:45:00+00:00,2021-11-14T16:45:00+01:00,NL,166.6,13805.19
2021-11-14T16:00:00+00:00,2021-11-14T17:00:00+01:00,AT,197.94,
2021-11-14T16:00:00+00:00,2021-11-14T17:00:00+01:00,BE,197.94,
2021-11-14T16:00:00+00:00,2021-11-14T17:00:00+01:00,CH,201.87,
2021-11-14T16:00:00+00:00,2021-11-14T17:00:00+01:00,DE-LU,197.94,57076.07
2021-11-14T16:00:00+00:00,2021-11-14T17:00:00+01:00,FR,197.94,52525
2021-11-14T16:00:00+00:00,2021-11-14T17:00:00+01:00,NL,197.94,14140.5
2021-11-14T16:15:00+00:00,2021-11-14T17:15:00+01:00,AT,197.94,
2021-11-14T16:15:00+00:00,2021-11-14T17:15:00+01:00,BE,197.94,
2021-11-14T16:15:00+00:00,2021-11-14T17:15:00+01:00,CH,201.87,
2021-11-14T16:15:00+00:00,2021-11-14T17:15:00+01:00,DE-LU,197.94,57709.86
2021-11-14T16:15:00+00:00,2021-11-14T17:15:00+01:00,FR,197.94,52525
2021-11-14T16:15:00+00:00,2021-11-14T17:15:00+01:00,NL,197.94,14456.33
2021-11-14T16:30:00+00:00,2021-11-14T17:30:00+01:00,AT,197.94,
2021-11-14T16:30:00+00:00,2021-11-14T17:30:00+01:00,BE,197.94,
2021-11-14T16:30:00+00:00,2021-11-14T17:30:00+01:00,CH,201.87,
2021-11-14T16:30:00+00:00,2021-11-14T17:30:00+01:00,DE-LU,197.94,58293.54
2021-11-14T16:30:00+00:00,2021-11-14T17:30:00+01:00,FR,197.94,52525
2021-11-14T16:30:00+00:00,2021-11-14T17:30:00+01:00,NL,197.94,14610.74
2021-11-14T16:45:00+00:00,2021-11-14T17:45:00+01:00,AT,197.94,
2021-11-14T16:45:00+00:00,2021-11-14T17:45:00+01:00,BE,197.94,
2021-11-14T16:45:00+00:00,2021-11-14T17:45:00+01:00,CH,201.87,
2021-11-14T16:45:00+00:00,2021-11-14T17:45:00+01:00,DE-LU,197.94,58613.93
2021-11-14T16:45:00+00:00,2021-11-14T17:45:00+01:00,FR,197.94,52525
2021-11-14T16:45:00+00:00,2021-11-14T17:45:00+01:00,NL,197.94,14629.34
2021-11-14T17:00:00+00:00,2021-11-14T18:00:00+01:00,AT,204.47,
2021-11-14T17:00:00+00:00,2021-11-14T18:00:00+01:00,BE,204.47,
2021-11-14T17:00:00+00:00,2021-11-14T18:00:00+01:00,CH,200.06,
2021-11-14T17:00:00+00:00,2021-11-14T18:00:00+01:00,DE-LU,204.47,58832.15
2021-11-14T17:00:00+00:00,2021-11-14T18:00:00+01:00,FR,204.47,56518
2021-11-14T17:00:00+00:00,2021-11-14T18:00:00+01:00,NL,204.47,14408.99
2021-11-14T17:15:00+00:00,2021-11-14T18:15:00+01:00,AT,204.47,
2021-11-14T17:15:00+00:00,2021-11-14T18:15:00+01:00,BE,204.47,
2021-11-14T17:15:00+00:00,2021-11-14T18:15:00+01:00,CH,200.06,
2021-11-14T17:15:00+00:00,2021-11-14T18:15:00+01:00,DE-LU,204.47,58465.58
2021-11-14T17:15:00+00:00,2021-11-14T18:15:00+01:00,FR,204.47,56518
2021-11-14T17:15:00+00:00,2021-11-14T18:15:00+01:00,NL,204.47,14217.14
2021-11-14T17:30:00+00:00,2021-11-14T18:30:00+01:00,AT,204.47,
2021-11-14T17:30:00+00:00,2021-11-14T18:30:00+01:00,BE,204.47,
2021-11-14T17:30:00+00:00,2021-11-14T18:30:00+01:00,CH,200.06,
2021-11-14T17:30:00+00:00,2021-11-14T18:30:00+01:00,DE-LU,204.47,58105.65
2021-11-14T17:30:00+00:00,2021-11-14T18:30:00+01:00,FR,204.47,56518
2021-11-14T17:30:00+00:00,2021-11-14T18:30:00+01:00,NL,204.47,13987.18
2021-11-14T17:45:00+00:00,2021-11-14T18:45:00+01:00,AT,204.47,
2021-11-14T17:45:00+00:00,2021-11-14T18:45:00+01:00,BE,204.47,
2021-11-14T17:45:00+00:00,2021-11-14T18:45:00+01:00,CH,200.06,
2021-11-14T17:45:00+00:00,2021-11-14T18:45:00+01:00,DE-LU,204.47,57751.49
2021-11-14T17:45:00+00:00,2021-11-14T18:45:00+01:00,FR,204.47,56518
2021-11-14T17:45:00+00:00,2021-11-14T18:45:00+01:00,NL,204.47,13866.47
2021-11-14T18:00:00+00:00,2021-11-14T19:00:00+01:00,AT,206.21,
2021-11-14T18:00:00+00:00,2021-11-14T19:00:00+01:00,BE,206.21,
2021-11-14T18:00:00+00:00,2021-11-14T19:00:00+01:00,CH,201.55,
2021-11-14T18:00:00+00:00,2021-11-14T19:00:00+01:00,DE-LU,206.21,57495.51
2021-11-14T18:00:00+00:00,2021-11-14T19:00:00+01:00,FR,206.21,57519
2021-11-14T18:00:00+00:00,2021-11-14T19:00:00+01:00,NL,206.21,13735.83
2021-11-14T18:15:00+00:00,2021-11-14T19:15:00+01:00,AT,206.21,
2021-11-14T18:15:00+00:00,2021-11-14T19:15:00+01:00,BE,206.21,
2021-11-14T18:15:00+00:00,2021-11-14T19:15:00+01:00,CH,201.55,
2021-11-14T18:15:00+00:00,2021-11-14T19:15:00+01:00,DE-LU,206.21,56741.52
2021-11-14T18:15:00+00:00,2021-11-14T19:15:00+01:00,FR,206.21,57519
2021-11-14T18:15:00+00:00,2021-11-14T19:15:00+01:00,NL,206.21,13629.11
2021-11-14T18:30:00+00:00,2021-11-14T19:30:00+01:00,AT,206.21,
2021-11-14T18:30:00+00:00,2021-11-14T19:30:00+01:00,BE,206.21,
2021-11-14T18:30:00+00:00,2021-11-14T19:30:00+01:00,CH,201.55,
2021-11-14T18:30:00+00:00,2021-11-14T19:30:00+01:00,DE-LU,206.21,56276.47
2021-11-14T18:30:00+00:00,2021-11-14T19:30:00+01:00,FR,206.21,57519
2021-11-14T18:30:00+00:00,2021-11-14T19:30:00+01:00,NL,206.21,13478.36
2021-11-14T18:45:00+00:00,2021-11-14T19:45:00+01:00,AT,206.21,
2021-11-14T18:45:00+00:00,2021-11-14T19:45:00+01:00,BE,206.21,
2021-11-14T18:45:00+00:00,2021-11-14T19:45:00+01:00,CH,201.55,
2021-11-14T18:45:00+00:00,2021-11-14T19:45:00+01:00,DE-LU,206.21,55951.51
2021-11-14T18:45:00+00:00,2021-11-14T19:45:00+01:00,FR,206.21,57519
2021-11-14T18:45:00+00:00,2021-11-14T19:45:00+01:00,NL,206.21,13450.73
2021-11-14T19:00:00+00:00,2021-11-14T20:00:00+01:00,AT,191.53,
2021-11-14T19:00:00+00:00,2021-11-14T20:00:00+01:00,BE,196.52,
2021-11-14T19:00:00+00:00,2021-11-14T20:00:00+01:00,CH,191.27,
2021-11-14T19:00:00+00:00,2021-11-14T20:00:00+01:00,DE-LU,190.61,55504.57
2021-11-14T19:00:00+00:00,2021-11-14T20:00:00+01:00,FR,194.08,55535
2021-11-14T19:00:00+00:00,2021-11-14T20:00:00+01:00,NL,195,13375.2
2021-11-14T19:15:00+00:00,2021-11-14T20:15:00+01:00,AT,191.53,
2021-11-14T19:15:00+00:00,2021-11-14T20:15:00+01:00,BE,196.52,
2021-11-14T19:15:00+00:00,2021-11-14T20:15:00+01:00,CH,191.27,
2021-11-14T19:15:00+00:00,2021-11-14T20:15:00+01:00,DE-LU,190.61,54808.83
2021-11-14T19:15:00+00:00,2021-11-14T20:15:00+01:00,FR,194.08,55535
2021-11-14T19:15:00+00:00,2021-11-14T20:15:00+01:00,NL,195,13268.73
2021-11-14T19:30:00+00:00,2021-11-14T20:30:00+01:00,AT,191.53,
2021-11-14T19:30:00+00:00,2021-11-14T20:30:00+01:00,BE,196.52,
2021-11-14T19:30:00+00:00,2021-11-14T20:30:00+01:00,CH,191.27,
2021-11-14T19:30:00+00:00,2021-11-14T20:30:00+01:00,DE-LU,190.61,54093.76
2021-11-14T19:30:00+00:00,2021-11-14T20:30:00+01:00,FR,194.08,55535
2021-11-14T19:30:00+00:00,2021-11-14T20:30:00+01:00,NL,195,13080.9
2021-11-14T19:45:00+00:00,2021-11-14T20:45:00+01:00,AT,191.53,
2021-11-14T19:45:00+00:00,2021-11-14T20:45:00+01:00,BE,196.52,
2021-11-14T19:45:00+00:00,2021-11-14T20:45:00+01:00,CH,191.27,
2021-11-14T19:45:00+00:00,2021-11-14T20:45:00+01:00,DE-LU,190.61,53405.6
2021-11-14T19:45:00+00:00,2021-11-14T20:45:00+01:00,FR,194.08,55535
2021-11-14T19:45:00+00:00,2021-11-14T20:45:00+01:00,NL,195,12951.38
2021-11-14T20:00:00+00:00,2021-11-14T21:00:00+01:00,AT,170.05,
2021-11-14T20:00:00+00:00,2021-11-14T21:00:00+01:00,BE,179.34,
2021-11-14T20:00:00+00:00,2021-11-14T21:00:00+01:00,CH,179.8,
2021-11-14T20:00:00+00:00,2021-11-14T21:00:00+01:00,DE-LU,168.68,52753.11
2021-11-14T20:00:00+00:00,2021-11-14T21:00:00+01:00,FR,175.26,53458
2021-11-14T20:00:00+00:00,2021-11-14T21:00:00+01:00,NL,167.61,12827.87
2021-11-14T20:15:00+00:00,2021-11-14T21:15:00+01:00,AT,170.05,
2021-11-14T20:15:00+00:00,2021-11-14T21:15:00+01:00,BE,179.34,
2021-11-14T20:15:00+00:00,2021-11-14T21:15:00+01:00,CH,179.8,
2021-11-14T20:15:00+00:00,2021-11-14T21:15:00+01:00,DE-LU,168.68,52527.76
2021-11-14T20:15:00+00:00,2021-11-14T21:15:00+01:00,FR,175.26,53458
2021-11-14T20:15:00+00:00,2021-11-14T21:15:00+01:00,NL,167.61,12727.89
2021-11-14T20:30:00+00:00,2021-11-14T21:30:00+01:00,AT,170.05,
2021-11-14T20:30:00+00:00,2021-11-14T21:30:00+01:00,BE,179.34,
2021-11-14T20:30:00+00:00,2021-11-14T21:30:00+01:00,CH,179.8,
2021-11-14T20:30:00+00:00,2021-11-14T21:30:00+01:00,DE-LU,168.68,52006.17
2021-11-14T20:30:00+00:00,2021-11-14T21:30:00+01:00,FR,175.26,53458
2021-11-14T20:30:00+00:00,2021-11-14T21:30:00+01:00,NL,167.61,12539.6
2021-11-14T20:45:00+00:00,2021-11-14T21:45:00+01:00,AT,170.05,
2021-11-14T20:45:00+00:00,2021-11-14T21:45:00+01:00,BE,179.34,
2021-11-14T20:45:00+00:00,2021-11-14T21:45:00+01:00,CH,179.8,
2021-11-14T20:45:00+00:00,2021-11-14T21:45:00+01:00,DE-LU,168.68,51999.06
2021-11-14T20:45:00+00:00,2021-11-14T21:45:00+01:00,FR,175.26,53458
2021-11-14T20:45:00+00:00,2021-11-14T21:45:00+01:00,NL,167.61,12428.75
2021-11-14T21:00:00+00:00,2021-11-14T22:00:00+01:00,AT,173.18,
2021-11-14T21:00:00+00:00,2021-11-14T22:00:00+01:00,BE,173.18,
2021-11-14T21:00:00+00:00,2021-11-14T22:00:00+01:00,CH,177.26,
2021-11-14T21:00:00+00:00,2021-11-14T22:00:00+01:00,DE-LU,173.18,51723.3
2021-11-14T21:00:00+00:00,2021-11-14T22:00:00+01:00,FR,173.18,53770
2021-11-14T21:00:00+00:00,2021-11-14T22:00:00+01:00,NL,173.18,12306.24
2021-11-14T21:15:00+00:00,2021-11-14T22:15:00+01:00,AT,173.18,
2021-11-14T21:15:00+00:00,2021-11-14T22:15:00+01:00,BE,173.18,
2021-11-14T21:15:00+00:00,2021-11-14T22:15:00+01:00,CH,177.26,
2021-11-14T21:15:00+00:00,2021-11-14T22:15:00+01:00,DE-LU,173.18,51524.35
2021-11-14T21:15:00+00:00,2021-11-14T22:15:00+01:00,FR,173.18,53770
2021-11-14T21:15:00+00:00,2021-11-14T22:15:00+01:00,NL,173.18,12153.45
2021-11-14T21:30:00+00:00,2021-11-14T22:30:00+01:00,AT,173.18,
2021-11-14T21:30:00+00:00,2021-11-14T22:30:00+01:00,BE,173.18,
2021-11-14T21:30:00+00:00,2021-11-14T22:30:00+01:00,CH,177.26,
2021-11-14T21:30:00+00:00,2021-11-14T22:30:00+01:00,DE-LU,173.18,51082.3
2021-11-14T21:30:00+00:00,2021-11-14T22:30:00+01:00,FR,173.18,53770
2021-11-14T21:30:00+00:00,2021-11-14T22:30:00+01:00,NL,173.18,12000.06
2021-11-14T21:45:00+00:00,2021-11-14T22:45:00+01:00,AT,173.18,
2021-11-14T21:45:00+00:00,2021-11-14T22:45:00+01:00,BE,173.18,
2021-11-14T21:45:00+00:00,2021-11-14T22:45:00+01:00,CH,177.26,
2021-11-14T21:45:00+00:00,2021-11-14T22:45:00+01:00,DE-LU,173.18,50194.38
2021-11-14T21:45:00+00:00,2021-11-14T22:45:00+01:00,FR,173.18,53770
2021-11-14T21:45:00+00:00,2021-11-14T22:45:00+01:00,NL,173.18,11799.5
2021-11-14T22:00:00+00:00,2021-11-14T23:00:00+01:00,AT,162,
2021-11-14T22:00:00+00:00,2021-11-14T23:00:00+01:00,BE,163.73,
2021-11-14T22:00:00+00:00,2021-11-14T23:00:00+01:00,CH,172.2,
2021-11-14T22:00:00+00:00,2021-11-14T23:00:00+01:00,DE-LU,159.16,49640.01
2021-11-14T22:00:00+00:00,2021-11-14T23:00:00+01:00,FR,162,54357
2021-11-14T22:00:00+00:00,2021-11-14T23:00:00+01:00,NL,158.5,11671.28
2021-11-14T22:15:00+00:00,2021-11-14T23:15:00+01:00,AT,162,
2021-11-14T22:15:00+00:00,2021-11-14T23:15:00+01:00,BE,163.73,
2021-11-14T22:15:00+00:00,2021-11-14T23:15:00+01:00,CH,172.2,
2021-11-14T22:15:00+00:00,2021-11-14T23:15:00+01:00,DE-LU,159.16,49006.12
2021-11-14T22:15:00+00:00,2021-11-14T23:15:00+01:00,FR,162,54357
2021-11-14T22:15:00+00:00,2021-11-14T23:15:00+01:00,NL,158.5,11454.37
2021-11-14T22:30:00+00:00,2021-11-14T23:30:00+01:00,AT,162,
2021-11-14T22:30:00+00:00,2021-11-14T23:30:00+01:00,BE,163.73,
2021-11-14T22:30:00+00:00,2021-11-14T23:30:00+01:00,CH,172.2,
2021-11-14T22:30:00+00:00,2021-11-14T23:30:00+01:00,DE-LU,159.16,48216.31
2021-11-14T22:30:00+00:00,2021-11-14T23:30:00+01:00,FR,162,54357
2021-11-14T22:30:00+00:00,2021-11-14T23:30:00+01:00,NL,158.5,11306.86
2021-11-14T22:45:00+00:00,2021-11-14T23:45:00+01:00,AT,162,
2021-11-14T22:45:00+00:00,2021-11-14T23:45:00+01:00,BE,163.73,
2021-11-14T22:45:00+00:00,2021-11-14T23:45:00+01:00,CH,172.2,
2021-11-14T22:45:00+00:00,2021-11-14T23:45:00+01:00,DE-LU,159.16,47342.61
2021-11-14T22:45:00+00:00,2021-11-14T23:45:00+01:00,FR,162,54357
2021-11-14T22:45:00+00:00,2021-11-14T23:45:00+01:00,NL,158.5,11173.65
